Genome ID,Resistant Phenotype,Genome Status,Genome Quality,MLST,BioProject Accession,Isolation Country,Geographic Location,Collection Year,gyrA_BUGGY,gyrA_STRICT,gyrA_fq_mut,parC_fq_mut,qnrA,qnrB,qnrS,oqxA,oqxB,aac6_Ib_cr
562.99237,Resistant,WGS,Good,MLST.ecoli_achtman_4.69,,Norway,,2011.0,1,1,1,1,0,0,0,0,0,0
562.98343,Susceptible,WGS,Good,MLST.ecoli_achtman_4.95,,Norway,,2007.0,1,0,0,0,0,0,0,0,0,0
562.58634,Resistant,WGS,Good,MLST.ecoli_achtman_4.101,,Pakistan,,,1,1,1,1,0,0,0,0,0,1
562.97335,Resistant,WGS,Good,MLST.ecoli_achtman_4.69,,United Kingdom,,,1,1,1,1,0,0,0,0,0,0
562.100706,Susceptible,WGS,Good,MLST.ecoli_achtman_4.350,,Norway,,2017.0,1,0,0,0,0,0,0,0,0,0
562.98005,Susceptible,WGS,Good,MLST.ecoli_achtman_4.73,,Norway,,2004.0,1,0,0,0,0,0,0,0,0,0
562.42810,Resistant,WGS,Good,MLST.ecoli_achtman_4.131,PRJNA278886,USA,USA:Boston,2014.0,1,1,1,1,0,0,0,0,0,1
562.42864,Resistant,WGS,Good,MLST.ecoli_achtman_4.38,PRJNA288601,USA,United States,2014.0,1,1,1,1,0,0,0,0,0,0
562.100715,Resistant,WGS,Good,MLST.ecoli_achtman_4.1193,,Norway,,2017.0,1,1,1,1,0,0,0,0,0,0
562.22448,Susceptible,WGS,Good,MLST.ecoli_achtman_4.12,PRJEB4681,United Kingdom,,2007.0,0,0,0,0,0,0,0,0,0,0
562.100944,Susceptible,WGS,Good,MLST.ecoli_achtman_4.2425,,Norway,,2017.0,1,0,0,0,0,0,0,0,0,0
562.100761,Resistant,WGS,Good,MLST.ecoli_achtman_4.131,,Norway,,2017.0,1,1,1,1,0,0,0,0,0,0
562.100929,Susceptible,WGS,Good,MLST.ecoli_achtman_4.69,,Norway,,2017.0,1,0,0,0,0,0,0,0,0,0
562.100284,Susceptible,WGS,Good,MLST.ecoli_achtman_4.95,,Norway,,2015.0,1,0,0,0,0,0,0,0,0,0
562.99063,Susceptible,WGS,Good,MLST.ecoli_achtman_4.69,,Norway,,2011.0,1,1,1,0,0,0,0,0,0,0
562.97510,Resistant,WGS,Good,MLST.ecoli_achtman_4.1193,,United Kingdom,,,1,1,1,1,0,0,0,0,0,0
562.100840,Susceptible,WGS,Good,MLST.ecoli_achtman_4.69,,Norway,,2017.0,1,0,0,0,0,0,0,0,0,0
562.100763,Susceptible,WGS,Good,MLST.ecoli_achtman_4.10281,,Norway,,2017.0,1,0,0,0,0,0,0,0,0,0
562.100268,Susceptible,WGS,Good,MLST.ecoli_achtman_4.372,,Norway,,2015.0,1,0,0,0,0,0,0,0,0,0
562.97429,Resistant,WGS,Good,MLST.ecoli_achtman_4.69,,United Kingdom,,,1,1,1,1,0,0,0,0,0,0
562.99643,Susceptible,WGS,Good,MLST.ecoli_achtman_4.73,,Norway,,2013.0,1,0,0,0,0,0,0,0,0,0
562.100324,Susceptible,WGS,Good,MLST.ecoli_achtman_4.685,,Norway,,2016.0,1,0,0,0,0,0,0,0,0,0
562.100660,Resistant,WGS,Good,MLST.ecoli_achtman_4.95,,Norway,,2017.0,1,1,1,0,0,0,0,0,0,0
562.65813,Resistant,WGS,Good,MLST.ecoli_achtman_4.410,,Germany,Bavaria,,1,1,1,1,0,0,0,0,0,0
562.96897,Resistant,WGS,Good,MLST.ecoli_achtman_4.131,,United Kingdom,,,1,1,1,1,0,0,0,0,0,1
562.100034,Susceptible,WGS,Good,MLST.ecoli_achtman_4.69,,Norway,,2015.0,1,0,0,0,0,0,0,0,0,0
562.96466,Susceptible,WGS,Good,MLST.ecoli_achtman_4.127,,United Kingdom,,,1,0,0,0,0,0,0,0,0,0
562.97275,Resistant,WGS,Good,MLST.ecoli_achtman_4.443,,United Kingdom,,,1,1,1,1,0,0,0,0,0,0
562.65811,Resistant,WGS,Good,MLST.ecoli_achtman_4.410,,Germany,Berlin,,1,1,1,1,0,0,0,0,0,1
562.97245,Resistant,WGS,Good,MLST.ecoli_achtman_4.1723,,United Kingdom,,,1,1,1,1,0,0,0,0,0,0
562.99275,Susceptible,WGS,Good,MLST.ecoli_achtman_4.550,,Norway,,2012.0,1,0,0,0,0,0,0,0,0,0
562.100483,Susceptible,WGS,Good,MLST.ecoli_achtman_4.131,,Norway,,2016.0,1,0,0,0,0,0,0,0,0,0
562.57304,Susceptible,WGS,Good,MLST.ecoli_achtman_4.136,,,,2017.0,1,0,0,0,0,0,0,0,0,0
562.57215,Susceptible,WGS,Good,MLST.ecoli_achtman_4.12,,,,2017.0,1,0,0,0,0,0,0,0,0,0
562.145079,Susceptible,WGS,Good,MLST.ecoli_achtman_4.300,PRJEB54735,Portugal,,2020.0,1,0,0,0,0,0,0,0,0,0
562.144992,Susceptible,WGS,Good,MLST.ecoli_achtman_4.10,PRJEB54735,Portugal,,2019.0,1,0,0,0,0,0,0,0,0,0
562.99177,Susceptible,WGS,Good,MLST.ecoli_achtman_4.23,,Norway,,2011.0,1,0,0,0,0,0,0,0,0,0
562.96789,Resistant,WGS,Good,MLST.ecoli_achtman_4.443,,United Kingdom,,,1,1,1,1,0,0,0,0,0,0
562.98900,Susceptible,WGS,Good,MLST.ecoli_achtman_4.95,,Norway,,2010.0,1,0,0,0,0,0,0,0,0,0
562.98618,Susceptible,WGS,Good,MLST.ecoli_achtman_4.449,,Norway,,2008.0,1,1,1,1,0,0,0,0,0,0
562.100934,Susceptible,WGS,Good,MLST.ecoli_achtman_4.14,,Norway,,2017.0,1,0,0,0,0,0,0,0,0,0
562.100004,Susceptible,WGS,Good,MLST.ecoli_achtman_4.58,,Norway,,2014.0,1,0,0,0,0,0,0,0,0,0
562.100005,Susceptible,WGS,Good,MLST.ecoli_achtman_4.101,,Norway,,2014.0,1,0,0,0,0,0,0,0,0,0
562.100588,Susceptible,WGS,Good,MLST.ecoli_achtman_4.12,,Norway,,2016.0,1,0,0,0,0,0,0,0,0,0
562.100064,Susceptible,WGS,Good,MLST.ecoli_achtman_4.73,,Norway,,2015.0,1,0,0,0,0,0,0,0,0,0
562.98217,Susceptible,WGS,Good,MLST.ecoli_achtman_4.127,,Norway,,2005.0,1,0,0,0,0,0,0,0,0,0
562.97899,Susceptible,WGS,Good,MLST.ecoli_achtman_4.73,,Norway,,2003.0,1,0,0,0,0,0,0,0,0,0
562.22567,Susceptible,WGS,Good,MLST.ecoli_achtman_4.5606,PRJEB4681,United Kingdom,,2009.0,1,1,1,0,0,0,0,0,0,0
562.97277,Resistant,WGS,Good,MLST.ecoli_achtman_4.443,,United Kingdom,,,1,1,1,1,0,0,0,0,0,0
562.99654,Susceptible,WGS,Good,MLST.ecoli_achtman_4.10,,Norway,,2013.0,1,0,0,0,0,0,0,0,0,0
562.98628,Susceptible,WGS,Good,MLST.ecoli_achtman_4.404,,Norway,,2008.0,1,0,0,0,0,0,0,0,0,0
562.99311,Susceptible,WGS,Good,MLST.ecoli_achtman_4.69,,Norway,,2012.0,1,0,0,0,0,0,0,0,0,0
562.98678,Susceptible,WGS,Good,MLST.ecoli_achtman_4.73,,Norway,,2009.0,1,0,0,0,0,0,0,0,0,0
562.22746,Resistant,WGS,Good,MLST.ecoli_achtman_4.773,PRJEB4681,United Kingdom,,2012.0,1,1,1,1,0,0,0,0,0,0
562.100113,Susceptible,WGS,Good,MLST.ecoli_achtman_4.929,,Norway,,2015.0,1,0,0,0,0,0,0,0,0,0
562.96710,Resistant,WGS,Good,MLST.ecoli_achtman_4.1193,,United Kingdom,,,1,1,1,1,0,0,0,0,0,0
562.99133,Susceptible,WGS,Good,MLST.ecoli_achtman_4.95,,Norway,,2011.0,1,0,0,0,0,0,0,0,0,0
562.98701,Susceptible,WGS,Good,MLST.ecoli_achtman_4.38,,Norway,,2009.0,1,0,0,0,0,0,0,0,0,0
562.98097,Susceptible,WGS,Good,MLST.ecoli_achtman_4.73,,Norway,,2005.0,1,0,0,0,0,0,0,0,0,0
562.98729,Susceptible,WGS,Good,MLST.ecoli_achtman_4.62,,Norway,,2009.0,1,0,0,0,0,0,0,0,0,0
562.98665,Susceptible,WGS,Good,MLST.ecoli_achtman_4.12,,Norway,,2009.0,1,0,0,0,0,0,0,0,0,0
562.140869,Resistant,WGS,Good,MLST.ecoli_achtman_4.131,PRJNA530794,USA,"St. Louis, Missouri",2017.0,1,1,1,1,0,0,0,0,0,1
562.100144,Susceptible,WGS,Good,MLST.ecoli_achtman_4.58,,Norway,,2015.0,1,0,0,0,0,0,0,0,0,0
562.100096,Susceptible,WGS,Good,MLST.ecoli_achtman_4.1331,,Norway,,2015.0,1,0,0,0,0,0,0,0,0,0
562.57228,Susceptible,WGS,Good,MLST.ecoli_achtman_4.73,,,,2017.0,1,0,0,0,0,0,0,0,0,0
562.97905,Susceptible,WGS,Good,MLST.ecoli_achtman_4.95,,Norway,,2003.0,1,0,0,0,0,0,0,0,0,0
562.22546,Susceptible,WGS,Good,MLST.ecoli_achtman_4.69,PRJEB4681,United Kingdom,,2009.0,0,0,0,0,0,0,0,0,0,0
562.100232,Resistant,WGS,Good,MLST.ecoli_achtman_4.405,,Norway,,2015.0,1,1,1,1,0,0,1,0,0,0
562.99216,Susceptible,WGS,Good,MLST.ecoli_achtman_4.127,,Norway,,2011.0,1,1,1,0,0,0,0,0,0,0
562.98991,Susceptible,WGS,Good,MLST.ecoli_achtman_4.95,,Norway,,2010.0,1,0,0,0,0,0,0,0,0,0
562.96418,Resistant,WGS,Good,MLST.ecoli_achtman_4.443,,United Kingdom,,,1,1,1,1,0,0,0,0,0,0
562.57417,Resistant,WGS,Good,MLST.ecoli_achtman_4.5944,,Thailand,,2015.0,1,1,1,0,0,0,1,0,0,0
562.57183,Resistant,WGS,Good,MLST.ecoli_achtman_4.131,,,,2007.0,1,1,1,1,0,0,0,0,0,1
562.98474,Susceptible,WGS,Good,MLST.ecoli_achtman_4.2619,,Norway,,2007.0,1,0,0,0,0,0,0,0,0,0
562.98184,Susceptible,WGS,Good,MLST.ecoli_achtman_4.73,,Norway,,2005.0,1,0,0,0,0,0,0,0,0,0
562.96916,Susceptible,WGS,Good,MLST.ecoli_achtman_4.155,,United Kingdom,,,1,0,0,0,0,0,0,0,0,0
562.98239,Susceptible,WGS,Good,MLST.ecoli_achtman_4.404,,Norway,,2006.0,1,0,0,0,0,0,0,0,0,0
562.100137,Susceptible,WGS,Good,MLST.ecoli_achtman_4.73,,Norway,,2015.0,1,0,0,0,0,0,0,0,0,0
562.97253,Resistant,WGS,Good,MLST.ecoli_achtman_4.1723,,United Kingdom,,,1,1,1,1,0,0,0,0,0,0
562.135565,Resistant,WGS,Good,MLST.ecoli_achtman_4.167,,India,Chattisgarh (Jan Swasthya Sahyog),2020.0,1,1,1,1,0,0,1,0,0,0
562.145427,Susceptible,WGS,Good,MLST.ecoli_achtman_4.117,PRJNA273513,Canada,British Columbia,2006.0,1,1,1,0,0,0,0,0,0,0
562.98934,Susceptible,WGS,Good,MLST.ecoli_achtman_4.117,,Norway,,2010.0,1,0,0,0,0,0,0,0,0,0
562.57194,Susceptible,WGS,Good,MLST.ecoli_achtman_4.70,,,,1998.0,1,0,0,0,0,0,0,0,0,0
562.45598,Resistant,WGS,Good,MLST.ecoli_achtman_4.2847,PRJNA522294,Pakistan,Pakistan:Islamabad,2016.0,1,1,1,1,0,0,0,0,0,0
562.100939,Susceptible,WGS,Good,MLST.ecoli_achtman_4.95,,Norway,,2017.0,1,0,0,0,0,0,0,0,0,0
562.97150,Susceptible,WGS,Good,MLST.ecoli_achtman_4.141,,United Kingdom,,,1,0,0,0,0,0,0,0,0,0
562.97487,Resistant,WGS,Good,MLST.ecoli_achtman_4.617,,United Kingdom,,,1,1,1,1,0,0,0,0,0,0
562.23102,Susceptible,WGS,Good,MLST.ecoli_achtman_4.127,PRJEB4681,United Kingdom,,2004.0,0,0,0,0,0,0,0,0,0,0
562.97323,Resistant,WGS,Good,MLST.ecoli_achtman_4.59,,United Kingdom,,,1,1,1,1,0,0,0,0,0,0
562.22466,Susceptible,WGS,Good,MLST.ecoli_achtman_4.69,PRJEB4681,United Kingdom,,2007.0,0,0,0,0,0,0,0,0,0,0
562.97492,Resistant,WGS,Good,MLST.ecoli_achtman_4.131,,United Kingdom,,,1,1,1,1,0,0,0,0,0,0
562.98887,Susceptible,WGS,Good,MLST.ecoli_achtman_4.538,,Norway,,2010.0,1,0,0,0,0,0,0,0,0,0
562.57269,Susceptible,WGS,Good,MLST.ecoli_achtman_4.73,,,,2008.0,1,0,0,0,0,0,0,0,0,0
562.96882,Susceptible,WGS,Good,MLST.ecoli_achtman_4.3877,,United Kingdom,,,1,0,0,0,0,0,0,0,0,0
562.97354,Susceptible,WGS,Good,MLST.ecoli_achtman_4.5430,,United Kingdom,,,1,0,0,0,0,0,0,0,0,0
562.97903,Susceptible,WGS,Good,MLST.ecoli_achtman_4.10,,Norway,,2003.0,1,0,0,0,0,0,0,0,0,0
562.97174,Resistant,WGS,Good,MLST.ecoli_achtman_4.443,,United Kingdom,,,1,1,1,1,0,0,0,0,0,0
562.22773,Susceptible,WGS,Good,MLST.ecoli_achtman_4.131,PRJEB4681,United Kingdom,,2012.0,0,0,0,0,0,0,0,0,0,0
562.99784,Susceptible,WGS,Good,MLST.ecoli_achtman_4.73,,Norway,,2014.0,1,0,0,0,0,0,0,0,0,0
562.97924,Susceptible,WGS,Good,MLST.ecoli_achtman_4.12,,Norway,,2003.0,1,0,0,0,0,0,0,0,0,0
562.145020,Susceptible,WGS,Good,MLST.ecoli_achtman_4.86,PRJEB54735,Portugal,,2020.0,1,0,0,0,0,0,0,0,0,0
562.98336,Susceptible,WGS,Good,MLST.ecoli_achtman_4.405,,Norway,,2006.0,1,0,0,0,0,0,0,0,0,0
562.98256,Susceptible,WGS,Good,MLST.ecoli_achtman_4.127,,Norway,,2006.0,1,0,0,0,0,0,0,0,0,0
562.100242,Susceptible,WGS,Good,MLST.ecoli_achtman_4.62,,Norway,,2015.0,1,0,0,0,0,0,0,0,0,0
562.98601,Susceptible,WGS,Good,MLST.ecoli_achtman_4.95,,Norway,,2008.0,1,0,0,0,0,0,0,0,0,0
562.145078,Susceptible,WGS,Good,MLST.Escherichia_coli_1.2538,PRJEB54735,Portugal,,2020.0,1,0,0,0,0,0,0,0,0,0
562.97319,Susceptible,WGS,Good,MLST.ecoli_achtman_4.569,,United Kingdom,,,1,0,0,0,0,0,0,0,0,0
562.96960,Resistant,WGS,Good,MLST.ecoli_achtman_4.131,,United Kingdom,,,1,1,1,1,0,0,0,0,0,0
562.100238,Susceptible,WGS,Good,MLST.ecoli_achtman_4.355,,Norway,,2015.0,1,0,0,0,0,0,0,0,0,0
562.97280,Susceptible,WGS,Good,MLST.ecoli_achtman_4.69,,United Kingdom,,,1,0,0,0,0,0,0,0,0,0
562.99789,Susceptible,WGS,Good,MLST.ecoli_achtman_4.421,,Norway,,2014.0,1,0,0,0,0,0,0,0,0,0
562.97752,Susceptible,WGS,Good,MLST.ecoli_achtman_4.73,,Norway,,2002.0,1,0,0,0,0,0,0,0,0,0
562.96636,Susceptible,WGS,Good,MLST.ecoli_achtman_4.62,,United Kingdom,,,1,0,0,0,0,0,0,0,0,0
562.98016,Susceptible,WGS,Good,MLST.ecoli_achtman_4.127,,Norway,,2004.0,1,0,0,0,0,0,0,0,0,0
562.96486,Susceptible,WGS,Good,MLST.ecoli_achtman_4.131,,United Kingdom,,,1,1,1,0,0,0,0,0,0,0
562.96697,Susceptible,WGS,Good,MLST.ecoli_achtman_4.648,,United Kingdom,,,1,0,0,0,0,0,0,0,0,0
562.98280,Susceptible,WGS,Good,MLST.ecoli_achtman_4.73,,Norway,,2006.0,1,0,0,0,0,0,0,0,0,0
562.98879,Susceptible,WGS,Good,MLST.ecoli_achtman_4.95,,Norway,,2010.0,1,0,0,0,0,0,0,0,0,0
562.22443,Susceptible,WGS,Good,MLST.ecoli_achtman_4.73,PRJEB4681,United Kingdom,,2007.0,0,0,0,0,0,0,0,0,0,0
562.98168,Susceptible,WGS,Good,MLST.ecoli_achtman_4.95,,Norway,,2005.0,1,0,0,0,0,0,0,0,0,0
562.57394,Resistant,WGS,Good,MLST.ecoli_achtman_4.641,,Thailand,,2015.0,1,1,1,1,0,0,0,0,0,0
562.57302,Susceptible,WGS,Good,MLST.ecoli_achtman_4.8855,,,,2017.0,1,0,0,0,0,0,0,0,0,0
562.97886,Susceptible,WGS,Good,MLST.ecoli_achtman_4.144,,Norway,,2003.0,1,0,0,0,0,0,0,0,0,0
562.98938,Susceptible,WGS,Good,MLST.ecoli_achtman_4.357,,Norway,,2010.0,1,0,0,0,0,0,0,0,0,0
562.42754,Susceptible,WGS,Good,MLST.ecoli_achtman_4.38,PRJNA278886,USA,USA:Boston,2015.0,1,0,0,0,0,0,0,0,0,0
562.97445,Susceptible,WGS,Good,MLST.ecoli_achtman_4.155,,United Kingdom,,,1,1,1,0,0,0,0,0,0,0
562.99371,Susceptible,WGS,Good,MLST.ecoli_achtman_4.10233,,Norway,,2012.0,1,0,0,0,0,0,0,0,0,0
562.99938,Resistant,WGS,Good,MLST.ecoli_achtman_4.131,,Norway,,2014.0,1,1,1,1,0,0,0,0,0,0
562.100364,Susceptible,WGS,Good,MLST.ecoli_achtman_4.69,,Norway,,2016.0,1,0,0,0,0,0,0,0,0,0
562.22704,Susceptible,WGS,Good,MLST.ecoli_achtman_4.73,PRJEB4681,United Kingdom,,2011.0,0,0,0,0,0,0,0,0,0,0
562.98966,Susceptible,WGS,Good,MLST.ecoli_achtman_4.95,,Norway,,2010.0,1,0,0,0,0,0,0,0,0,0
562.99895,Susceptible,WGS,Good,MLST.ecoli_achtman_4.95,,Norway,,2014.0,1,0,0,0,0,0,0,0,0,0
562.100658,Susceptible,WGS,Good,MLST.ecoli_achtman_4.95,,Norway,,2017.0,1,0,0,0,0,0,0,0,0,0
562.97813,Susceptible,WGS,Good,MLST.ecoli_achtman_4.73,,Norway,,2003.0,1,0,0,0,0,0,0,0,0,0
562.73374,Resistant,WGS,Good,MLST.ecoli_achtman_4.1196,PRJEB34557,Spain,Barcelona,2013.0,1,1,1,1,0,0,0,0,0,0
562.100786,Resistant,WGS,Good,MLST.ecoli_achtman_4.117,,Norway,,2017.0,1,0,0,0,0,0,1,0,0,0
562.100710,Susceptible,WGS,Good,MLST.ecoli_achtman_4.998,,Norway,,2017.0,1,0,0,0,0,0,0,0,0,0
562.96775,Susceptible,WGS,Good,MLST.ecoli_achtman_4.88,,United Kingdom,,,1,0,0,0,0,0,0,0,0,0
562.99302,Susceptible,WGS,Good,MLST.ecoli_achtman_4.141,,Norway,,2012.0,1,0,0,0,0,0,0,0,0,0
562.97787,Susceptible,WGS,Good,MLST.ecoli_achtman_4.405,,Norway,,2002.0,1,0,0,0,0,0,0,0,0,0
562.98318,Susceptible,WGS,Good,MLST.ecoli_achtman_4.131,,Norway,,2006.0,1,0,0,0,0,0,0,0,0,0
562.97884,Susceptible,WGS,Good,MLST.ecoli_achtman_4.69,,Norway,,2003.0,1,0,0,0,0,0,0,0,0,0
562.99425,Susceptible,WGS,Good,MLST.ecoli_achtman_4.73,,Norway,,2012.0,1,0,0,0,0,0,0,0,0,0
562.99035,Susceptible,WGS,Good,MLST.ecoli_achtman_4.12,,Norway,,2011.0,1,0,0,0,0,0,0,0,0,0
562.98664,Susceptible,WGS,Good,MLST.ecoli_achtman_4.73,,Norway,,2009.0,1,0,0,0,0,0,0,0,0,0
562.28841,Susceptible,WGS,Good,MLST.ecoli_achtman_4.10,PRJEB23541,Tanzania,Moshi,2014.0,0,0,0,0,0,0,0,0,0,0
562.96612,Resistant,WGS,Good,MLST.ecoli_achtman_4.1196,,United Kingdom,,,1,1,1,1,0,0,0,0,0,0
562.99732,Susceptible,WGS,Good,MLST.ecoli_achtman_4.1882,,Norway,,2013.0,1,0,0,0,0,0,0,0,0,0
562.45671,Resistant,WGS,Good,MLST.ecoli_achtman_4.6743,PRJNA522294,Pakistan,Pakistan:Islamabad,2015.0,1,1,1,1,0,0,0,0,0,0
562.99422,Susceptible,WGS,Good,MLST.ecoli_achtman_4.73,,Norway,,2012.0,1,0,0,0,0,0,0,0,0,0
562.99876,Susceptible,WGS,Good,MLST.ecoli_achtman_4.405,,Norway,,2014.0,1,0,0,0,0,0,0,0,0,0
562.98043,Susceptible,WGS,Good,MLST.ecoli_achtman_4.10,,Norway,,2004.0,1,0,0,0,0,0,0,0,0,0
562.42837,Resistant,WGS,Good,MLST.ecoli_achtman_4.131,PRJNA288601,USA,United States,2014.0,1,1,1,1,0,0,0,0,0,0
562.98671,Susceptible,WGS,Good,MLST.ecoli_achtman_4.73,,Norway,,2009.0,1,0,0,0,0,0,0,0,0,0
562.97467,Resistant,WGS,Good,MLST.ecoli_achtman_4.131,,United Kingdom,,,1,1,1,1,0,0,0,0,0,0
562.100404,Susceptible,WGS,Good,MLST.ecoli_achtman_4.73,,Norway,,2016.0,1,0,0,0,0,0,0,0,0,0
562.97435,Susceptible,WGS,Good,MLST.ecoli_achtman_4.540,,United Kingdom,,,1,0,0,0,0,0,0,0,0,0
562.100942,Susceptible,WGS,Good,MLST.ecoli_achtman_4.12,,Norway,,2017.0,1,0,0,0,0,0,0,0,0,0
562.100261,Susceptible,WGS,Good,MLST.ecoli_achtman_4.12,,Norway,,2015.0,1,0,0,0,0,0,0,0,0,0
562.98749,Susceptible,WGS,Good,MLST.ecoli_achtman_4.550,,Norway,,2009.0,1,0,0,0,0,0,0,0,0,0
562.100099,Susceptible,WGS,Good,MLST.ecoli_achtman_4.28,,Norway,,2015.0,1,0,0,0,0,0,0,0,0,0
562.31460,Resistant,WGS,Good,MLST.ecoli_achtman_4.224,PRJEB23541,Tanzania,Moshi,2014.0,1,1,1,1,0,0,0,0,0,1
562.99775,Susceptible,WGS,Good,MLST.ecoli_achtman_4.95,,Norway,,2014.0,1,0,0,0,0,0,0,0,0,0
562.100549,Susceptible,WGS,Good,MLST.ecoli_achtman_4.131,,Norway,,2016.0,1,1,1,0,0,0,0,0,0,0
562.97139,Susceptible,WGS,Good,MLST.ecoli_achtman_4.117,,United Kingdom,,,1,1,1,0,0,0,0,0,0,0
562.144924,Resistant,WGS,Good,MLST.ecoli_achtman_4.167,PRJNA925003,India,Chattisgarh,,1,1,1,1,0,0,1,0,0,0
562.45630,Resistant,WGS,Good,MLST.ecoli_achtman_4.2847,PRJNA522294,Pakistan,Pakistan:Balochistan,2016.0,1,1,1,1,0,0,0,0,0,0
562.99532,Susceptible,WGS,Good,MLST.ecoli_achtman_4.73,,Norway,,2013.0,1,0,0,0,0,0,0,0,0,0
562.98113,Susceptible,WGS,Good,MLST.ecoli_achtman_4.73,,Norway,,2005.0,1,0,0,0,0,0,0,0,0,0
562.97803,Susceptible,WGS,Good,MLST.ecoli_achtman_4.80,,Norway,,2002.0,1,0,0,0,0,0,0,0,0,0
562.96745,Resistant,WGS,Good,MLST.ecoli_achtman_4.10,,United Kingdom,,,1,1,1,0,0,1,0,0,0,0
562.42712,Resistant,WGS,Good,MLST.ecoli_achtman_4.131,PRJNA278886,USA,USA:Boston,2016.0,1,1,1,1,0,0,0,0,0,0
562.57278,Resistant,WGS,Good,MLST.ecoli_achtman_4.131,,,,2009.0,1,1,1,1,0,0,0,0,0,0
562.96856,Resistant,WGS,Good,MLST.ecoli_achtman_4.1723,,United Kingdom,,,1,1,1,1,0,0,0,0,0,0
562.58711,Resistant,WGS,Good,MLST.ecoli_achtman_4.101,,Italy,,2014.0,1,1,1,1,0,0,0,0,0,0
562.98236,Susceptible,WGS,Good,MLST.ecoli_achtman_4.372,,Norway,,2006.0,1,0,0,0,0,0,0,0,0,0
562.100698,Susceptible,WGS,Good,MLST.ecoli_achtman_4.10,,Norway,,2017.0,1,0,0,0,0,0,0,0,0,0
562.100215,Susceptible,WGS,Good,MLST.ecoli_achtman_4.73,,Norway,,2015.0,1,0,0,0,0,0,0,0,0,0
562.98288,Susceptible,WGS,Good,MLST.ecoli_achtman_4.95,,Norway,,2006.0,1,0,0,0,0,0,0,0,0,0
562.100835,Susceptible,WGS,Good,MLST.ecoli_achtman_4.73,,Norway,,2017.0,1,0,0,0,0,0,0,0,0,0
562.97126,Susceptible,WGS,Good,MLST.ecoli_achtman_4.635,,United Kingdom,,,1,0,0,0,0,0,0,0,0,0
562.22725,Susceptible,WGS,Good,MLST.ecoli_achtman_4.12,PRJEB4681,United Kingdom,,2011.0,0,0,0,0,0,0,0,0,0,0
562.98471,Susceptible,WGS,Good,MLST.ecoli_achtman_4.59,,Norway,,2007.0,1,0,0,0,0,0,0,0,0,0
562.37112,Resistant,WGS,Good,MLST.ecoli_achtman_4.156,PRJEB23541,Tanzania,Moshi,2013.0,1,1,1,1,0,0,0,0,0,0
562.100526,Resistant,WGS,Good,MLST.ecoli_achtman_4.131,,Norway,,2016.0,1,1,1,1,0,0,0,0,0,1
562.57372,Resistant,WGS,Good,MLST.ecoli_achtman_4.648,,Thailand,,2015.0,1,1,1,1,0,0,0,0,0,1
562.98609,Susceptible,WGS,Good,MLST.ecoli_achtman_4.10,,Norway,,2008.0,1,0,0,0,0,0,0,0,0,0
562.99316,Susceptible,WGS,Good,MLST.ecoli_achtman_4.73,,Norway,,2012.0,1,0,0,0,0,0,0,0,0,0
562.100804,Susceptible,WGS,Good,MLST.ecoli_achtman_4.73,,Norway,,2017.0,1,0,0,0,0,0,0,0,0,0
562.96681,Susceptible,WGS,Good,MLST.ecoli_achtman_4.428,,United Kingdom,,,1,1,1,0,0,0,0,0,0,0
562.99298,Susceptible,WGS,Good,MLST.ecoli_achtman_4.144,,Norway,,2012.0,1,0,0,0,0,0,0,0,0,0
562.96777,Susceptible,WGS,Good,MLST.ecoli_achtman_4.88,,United Kingdom,,,1,0,0,0,0,0,0,0,0,0
562.97396,Susceptible,WGS,Good,MLST.ecoli_achtman_4.131,,United Kingdom,,,1,0,0,0,0,0,0,0,0,0
562.98429,Susceptible,WGS,Good,MLST.ecoli_achtman_4.144,,Norway,,2007.0,1,0,0,0,0,0,0,0,0,0
562.45404,Resistant,Complete,Good,MLST.ecoli_achtman_4.131,PRJNA511007,Brazil,"Brazil: Botucatu, Sao Paulo State",2015.0,1,1,1,1,0,0,0,0,0,0
562.98573,Susceptible,WGS,Good,MLST.ecoli_achtman_4.73,,Norway,,2008.0,1,0,0,0,0,0,0,0,0,0
562.144999,Susceptible,WGS,Good,MLST.ecoli_achtman_4.540,PRJEB54735,Portugal,,2021.0,1,0,0,0,0,0,0,0,0,0
562.97082,Susceptible,WGS,Good,MLST.ecoli_achtman_4.2598,,United Kingdom,,,1,0,0,0,0,0,0,0,0,0
562.100202,Susceptible,WGS,Good,MLST.ecoli_achtman_4.59,,Norway,,2015.0,1,0,0,0,0,0,0,0,0,0
562.98727,Resistant,WGS,Good,MLST.ecoli_achtman_4.648,,Norway,,2009.0,1,1,1,1,0,0,0,0,0,0
562.97994,Resistant,WGS,Good,MLST.ecoli_achtman_4.131,,Norway,,2004.0,1,1,1,1,0,0,0,0,0,0
562.57497,Resistant,WGS,Good,MLST.ecoli_achtman_4.131,,Thailand,,2015.0,1,1,1,1,0,0,0,0,0,0
562.22670,Susceptible,WGS,Good,MLST.ecoli_achtman_4.131,PRJEB4681,United Kingdom,,2011.0,0,0,0,0,0,0,0,0,0,0
562.96819,Susceptible,WGS,Good,MLST.ecoli_achtman_4.398,,United Kingdom,,,1,0,0,0,0,0,0,0,0,0
562.22558,Susceptible,WGS,Good,MLST.ecoli_achtman_4.5484,PRJEB4681,United Kingdom,,2009.0,0,0,0,0,0,0,0,0,0,0
562.96550,Susceptible,WGS,Good,MLST.ecoli_achtman_4.101,,United Kingdom,,,1,0,0,0,0,0,0,0,0,0
562.100047,Susceptible,WGS,Good,MLST.ecoli_achtman_4.131,,Norway,,2015.0,1,0,0,0,0,0,0,0,0,0
562.144969,Susceptible,WGS,Good,MLST.ecoli_achtman_4.677,PRJEB54735,Portugal,,2017.0,1,0,0,0,0,0,0,0,0,0
562.23404,Susceptible,WGS,Good,MLST.ecoli_achtman_4.10,PRJEB4681,United Kingdom,,2008.0,0,0,0,0,0,0,0,0,0,0
562.99169,Resistant,WGS,Good,MLST.ecoli_achtman_4.131,,Norway,,2011.0,1,1,1,1,0,0,0,0,0,0
562.57275,Resistant,WGS,Good,MLST.ecoli_achtman_4.617,,,,2009.0,1,1,1,1,0,0,0,0,0,1
562.34086,Susceptible,Complete,Good,MLST.ecoli_achtman_4.62,PRJNA292901,,,,1,1,1,0,0,0,0,0,0,0
562.96852,Resistant,WGS,Good,MLST.ecoli_achtman_4.1723,,United Kingdom,,,1,1,1,1,0,0,0,0,0,0
562.99205,Susceptible,WGS,Good,MLST.ecoli_achtman_4.12,,Norway,,2011.0,1,0,0,0,0,0,0,0,0,0
562.99485,Susceptible,WGS,Good,MLST.ecoli_achtman_4.73,,Norway,,2012.0,1,0,0,0,0,0,0,0,0,0
562.97915,Susceptible,WGS,Good,MLST.ecoli_achtman_4.141,,Norway,,2003.0,1,0,0,0,0,0,0,0,0,0
562.98468,Susceptible,WGS,Good,MLST.ecoli_achtman_4.127,,Norway,,2007.0,1,0,0,0,0,0,0,0,0,0
562.45590,Susceptible,WGS,Good,MLST.ecoli_achtman_4.533,PRJNA522294,Pakistan,Pakistan:Khyber Pakhtunkhwa,2016.0,1,0,0,0,0,0,0,0,0,0
562.100648,Susceptible,WGS,Good,MLST.ecoli_achtman_4.95,,Norway,,2017.0,1,0,0,0,0,0,0,0,0,0
562.99680,Resistant,WGS,Good,MLST.ecoli_achtman_4.95,,Norway,,2013.0,1,0,0,0,0,0,0,0,0,0
562.97325,Resistant,WGS,Good,MLST.ecoli_achtman_4.69,,United Kingdom,,,1,1,1,1,0,0,0,0,0,0
562.99671,Susceptible,WGS,Good,MLST.ecoli_achtman_4.12,,Norway,,2013.0,1,0,0,0,0,0,0,0,0,0
562.100696,Susceptible,WGS,Good,MLST.ecoli_achtman_4.95,,Norway,,2017.0,1,0,0,0,0,0,0,0,0,0
562.97158,Susceptible,WGS,Good,MLST.ecoli_achtman_4.69,,United Kingdom,,,1,0,0,0,0,0,0,0,0,0
562.97136,Susceptible,WGS,Good,MLST.ecoli_achtman_4.117,,United Kingdom,,,1,1,1,0,0,0,0,0,0,0
562.98781,Susceptible,WGS,Good,MLST.ecoli_achtman_4.95,,Norway,,2009.0,1,0,0,0,0,0,0,0,0,0
562.98011,Susceptible,WGS,Good,MLST.ecoli_achtman_4.69,,Norway,,2004.0,1,0,0,0,0,0,0,0,0,0
562.96791,Resistant,WGS,Good,MLST.ecoli_achtman_4.443,,United Kingdom,,,1,1,1,1,0,0,0,0,0,0
562.22819,Susceptible,WGS,Good,MLST.ecoli_achtman_4.73,PRJEB4681,United Kingdom,,2012.0,0,0,0,0,0,0,0,0,0,0
562.98987,Susceptible,WGS,Good,MLST.ecoli_achtman_4.141,,Norway,,2010.0,1,0,0,0,0,0,0,0,0,0
562.73363,Resistant,WGS,Good,MLST.ecoli_achtman_4.1196,PRJEB34557,Spain,Barcelona,2013.0,1,1,1,1,0,0,0,0,0,0
562.100959,Susceptible,WGS,Good,MLST.ecoli_achtman_4.155,,Norway,,2017.0,1,0,0,0,0,0,0,0,0,0
562.98214,Susceptible,WGS,Good,MLST.ecoli_achtman_4.12,,Norway,,2005.0,1,0,0,0,0,0,0,0,0,0
562.99682,Susceptible,WGS,Good,MLST.ecoli_achtman_4.2522,,Norway,,2013.0,1,0,0,0,0,0,0,0,0,0
562.99547,Susceptible,WGS,Good,MLST.ecoli_achtman_4.404,,Norway,,2013.0,1,0,0,0,0,0,0,0,0,0
562.97832,Susceptible,WGS,Good,MLST.ecoli_achtman_4.95,,Norway,,2002.0,1,0,0,0,0,0,0,0,0,0
562.97296,Resistant,WGS,Good,MLST.ecoli_achtman_4.131,,United Kingdom,,,1,1,1,1,0,0,0,0,0,1
562.100335,Susceptible,WGS,Good,MLST.ecoli_achtman_4.69,,Norway,,2016.0,1,0,0,0,0,0,0,0,0,0
562.100630,Susceptible,WGS,Good,MLST.ecoli_achtman_4.10268,,Norway,,2017.0,1,0,0,0,0,0,0,0,0,0
562.100921,Susceptible,WGS,Good,MLST.ecoli_achtman_4.131,,Norway,,2017.0,1,0,0,0,0,0,0,0,0,0
562.42867,Resistant,WGS,Good,MLST.ecoli_achtman_4.131,PRJNA288601,USA,United States,2013.0,1,1,1,1,0,0,0,0,0,0
562.56893,Resistant,WGS,Good,MLST.ecoli_achtman_4.1463,,Germany,Bavaria,2012.0,1,1,1,1,0,0,0,0,0,0
562.99727,Resistant,WGS,Good,MLST.ecoli_achtman_4.131,,Norway,,2013.0,1,1,1,1,0,0,0,0,0,0
562.100052,Susceptible,WGS,Good,MLST.ecoli_achtman_4.10,,Norway,,2015.0,1,0,0,0,0,0,0,0,0,0
562.22681,Susceptible,WGS,Good,MLST.ecoli_achtman_4.550,PRJEB4681,United Kingdom,,2011.0,0,0,0,0,0,0,0,0,0,0
562.97073,Resistant,WGS,Good,MLST.ecoli_achtman_4.648,,United Kingdom,,,1,1,1,1,0,0,0,0,0,1
562.96901,Resistant,WGS,Good,MLST.ecoli_achtman_4.131,,United Kingdom,,,1,1,1,1,0,0,0,0,0,1
562.97092,Susceptible,WGS,Good,MLST.ecoli_achtman_4.2598,,United Kingdom,,,1,0,0,0,0,0,0,0,0,0
562.97906,Susceptible,WGS,Good,MLST.ecoli_achtman_4.73,,Norway,,2003.0,1,0,0,0,0,0,0,0,0,0
562.97289,Resistant,WGS,Good,MLST.ecoli_achtman_4.131,,United Kingdom,,,1,1,1,1,0,0,0,0,0,1
562.57422,Susceptible,WGS,Good,MLST.ecoli_achtman_4.1642,,Thailand,,2015.0,1,0,0,0,0,0,0,0,0,0
562.45670,Susceptible,WGS,Good,MLST.ecoli_achtman_4.13234,PRJNA522294,Pakistan,Pakistan:Punjab,2016.0,1,1,1,1,0,0,0,0,0,0
562.99395,Susceptible,WGS,Good,MLST.ecoli_achtman_4.357,,Norway,,2012.0,1,0,0,0,0,0,0,0,0,0
562.22454,Susceptible,WGS,Good,MLST.ecoli_achtman_4.95,PRJEB4681,United Kingdom,,2007.0,0,0,0,0,0,0,0,0,0,0
562.99167,Susceptible,WGS,Good,MLST.ecoli_achtman_4.91,,Norway,,2011.0,1,0,0,0,0,0,0,0,0,0
562.99924,Susceptible,WGS,Good,MLST.ecoli_achtman_4.10411,,Norway,,2014.0,1,0,0,0,0,0,0,0,0,0
562.57131,Resistant,WGS,Good,MLST.ecoli_achtman_4.354,,,,2008.0,1,1,1,1,0,0,0,0,0,0
562.99287,Susceptible,WGS,Good,MLST.ecoli_achtman_4.345,,Norway,,2012.0,1,0,0,0,0,0,0,0,0,0
562.100479,Susceptible,WGS,Good,MLST.ecoli_achtman_4.69,,Norway,,2016.0,1,0,0,0,0,0,0,0,0,0
562.100499,Susceptible,WGS,Good,MLST.ecoli_achtman_4.73,,Norway,,2016.0,1,0,0,0,0,0,0,0,0,0
562.96861,Susceptible,WGS,Good,MLST.ecoli_achtman_4.336,,United Kingdom,,,1,0,0,0,0,0,0,0,0,0
562.99581,Susceptible,WGS,Good,MLST.ecoli_achtman_4.847,,Norway,,2013.0,1,0,0,0,0,0,0,0,0,0
562.98565,Susceptible,WGS,Good,MLST.ecoli_achtman_4.1656,,Norway,,2008.0,1,0,0,0,0,0,0,0,0,0
562.144929,Resistant,WGS,Good,MLST.ecoli_achtman_4.167,PRJNA925003,India,Chattisgarh,,1,1,1,1,0,0,1,0,0,1
562.99016,Susceptible,WGS,Good,MLST.ecoli_achtman_4.73,,Norway,,2010.0,1,0,0,0,0,0,0,0,0,0
562.42824,Resistant,WGS,Good,MLST.ecoli_achtman_4.361,PRJNA288601,USA,United States,2014.0,1,1,1,1,0,0,0,0,0,0
562.98986,Susceptible,WGS,Good,MLST.ecoli_achtman_4.95,,Norway,,2010.0,1,0,0,0,0,0,0,0,0,0
562.96495,Resistant,WGS,Good,MLST.ecoli_achtman_4.131,,United Kingdom,,,1,1,1,1,0,0,0,0,0,0
562.22779,Susceptible,WGS,Good,MLST.ecoli_achtman_4.69,PRJEB4681,United Kingdom,,2011.0,0,0,0,0,0,0,0,0,0,0
562.22755,Susceptible,WGS,Good,MLST.ecoli_achtman_4.5494,PRJEB4681,United Kingdom,,2012.0,1,1,1,0,0,0,0,0,0,0
562.99593,Susceptible,WGS,Good,MLST.ecoli_achtman_4.127,,Norway,,2013.0,1,0,0,0,0,0,0,0,0,0
562.99608,Susceptible,WGS,Good,MLST.ecoli_achtman_4.73,,Norway,,2013.0,1,0,0,0,0,0,0,0,0,0
562.22479,Resistant,WGS,Good,MLST.ecoli_achtman_4.131,PRJEB4681,United Kingdom,,2007.0,1,1,1,1,0,0,0,0,0,1
562.45403,Resistant,Complete,Good,MLST.ecoli_achtman_4.224,PRJNA511007,Brazil,"Brazil: Botucatu, Sao Paulo State",2015.0,1,1,1,1,0,0,0,0,0,0
562.45653,Resistant,WGS,Good,MLST.ecoli_achtman_4.4516,PRJNA522294,Pakistan,Pakistan:Khyber Pakhtunkhwa,2017.0,1,1,1,1,0,0,0,0,0,0
562.100953,Susceptible,WGS,Good,MLST.ecoli_achtman_4.181,,Norway,,2017.0,1,0,0,0,0,0,0,0,0,0
562.97811,Susceptible,WGS,Good,MLST.ecoli_achtman_4.12,,Norway,,2002.0,1,0,0,0,0,0,0,0,0,0
562.97770,Susceptible,WGS,Good,MLST.ecoli_achtman_4.59,,Norway,,2002.0,1,0,0,0,0,0,0,0,0,0
562.97290,Resistant,WGS,Good,MLST.ecoli_achtman_4.131,,United Kingdom,,,1,1,1,1,0,0,0,0,0,1
562.98875,Susceptible,WGS,Good,MLST.ecoli_achtman_4.69,,Norway,,2010.0,1,0,0,0,0,0,0,0,0,0
562.56770,Resistant,WGS,Good,MLST.ecoli_achtman_4.453,,Germany,North Rhine-Westphalia,2014.0,1,1,1,1,0,0,0,0,0,0
562.97953,Susceptible,WGS,Good,MLST.ecoli_achtman_4.73,,Norway,,2004.0,1,0,0,0,0,0,0,0,0,0
562.98314,Susceptible,WGS,Good,MLST.ecoli_achtman_4.12,,Norway,,2006.0,1,0,0,0,0,0,0,0,0,0
562.22798,Susceptible,WGS,Good,MLST.ecoli_achtman_4.550,PRJEB4681,United Kingdom,,2012.0,0,0,0,0,0,0,0,0,0,0
562.98126,Susceptible,WGS,Good,MLST.ecoli_achtman_4.703,,Norway,,2004.0,1,0,0,0,0,0,0,0,0,0
562.99149,Susceptible,WGS,Good,MLST.ecoli_achtman_4.73,,Norway,,2011.0,1,0,0,0,0,0,0,0,0,0
562.99490,Susceptible,WGS,Good,MLST.ecoli_achtman_4.69,,Norway,,2013.0,1,0,0,0,0,0,0,0,0,0
562.98024,Susceptible,WGS,Good,MLST.ecoli_achtman_4.73,,Norway,,2004.0,1,0,0,0,0,0,0,0,0,0
562.98570,Susceptible,WGS,Good,MLST.ecoli_achtman_4.10259,,Norway,,2008.0,1,0,0,0,0,0,0,0,0,0
562.98643,Susceptible,WGS,Good,MLST.ecoli_achtman_4.416,,Norway,,2009.0,1,0,0,0,0,0,0,0,0,0
562.96757,Susceptible,WGS,Good,MLST.ecoli_achtman_4.405,,United Kingdom,,,1,0,0,0,0,0,0,0,0,0
562.100797,Susceptible,WGS,Good,MLST.ecoli_achtman_4.372,,Norway,,2017.0,1,0,0,0,0,0,0,0,0,0
562.97951,Susceptible,WGS,Good,MLST.ecoli_achtman_4.95,,Norway,,2004.0,1,0,0,0,0,0,0,0,0,0
562.99514,Susceptible,WGS,Good,MLST.ecoli_achtman_4.69,,Norway,,2013.0,1,0,0,0,0,0,0,0,0,0
562.135581,Resistant,WGS,Good,MLST.ecoli_achtman_4.2083,,India,Chattisgarh (Jan Swasthya Sahyog),2019.0,1,1,1,1,0,0,0,0,0,1
562.99235,Susceptible,WGS,Good,MLST.ecoli_achtman_4.73,,Norway,,2011.0,1,0,0,0,0,0,0,0,0,0
562.57493,Resistant,WGS,Good,MLST.ecoli_achtman_4.131,,Thailand,,2015.0,1,1,1,1,0,0,0,0,0,0
562.57257,Susceptible,WGS,Good,MLST.ecoli_achtman_4.1444,,,,2008.0,1,0,0,0,0,0,0,0,0,0
562.97143,Susceptible,WGS,Good,MLST.ecoli_achtman_4.69,,United Kingdom,,,1,0,0,0,0,0,0,0,0,0
562.96979,Resistant,WGS,Good,MLST.ecoli_achtman_4.131,,United Kingdom,,,1,1,1,1,0,0,0,0,0,1
562.100699,Susceptible,WGS,Good,MLST.ecoli_achtman_4.127,,Norway,,2017.0,1,0,0,0,0,0,0,0,0,0
562.57370,Resistant,WGS,Good,MLST.ecoli_achtman_4.2179,,Thailand,,2015.0,1,1,1,1,0,0,1,0,0,0
562.98777,Susceptible,WGS,Good,MLST.ecoli_achtman_4.372,,Norway,,2009.0,1,0,0,0,0,0,0,0,0,0
562.97166,Resistant,WGS,Good,MLST.ecoli_achtman_4.443,,United Kingdom,,,1,1,1,1,0,0,0,0,0,0
562.22794,Resistant,WGS,Good,MLST.ecoli_achtman_4.1193,PRJEB4681,United Kingdom,,2012.0,1,1,1,1,0,0,0,0,0,0
562.73350,Susceptible,WGS,Good,MLST.ecoli_achtman_4.607,PRJEB34557,Spain,Barcelona,2013.0,1,0,0,0,1,0,0,0,0,0
562.42728,Susceptible,WGS,Good,MLST.ecoli_achtman_4.6178,PRJNA278886,USA,USA:Boston,2016.0,1,0,0,0,0,0,0,0,0,0
562.99003,Susceptible,WGS,Good,MLST.ecoli_achtman_4.88,,Norway,,2010.0,1,0,0,0,0,0,0,0,0,0
562.140847,Resistant,WGS,Good,MLST.ecoli_achtman_4.131,PRJNA530794,USA,"St. Louis, Missouri",2017.0,1,1,1,1,0,0,0,0,0,0
562.99730,Susceptible,WGS,Good,MLST.ecoli_achtman_4.1086,,Norway,,2013.0,1,0,0,0,0,0,0,0,0,0
562.144980,Susceptible,WGS,Good,MLST.ecoli_achtman_4.328,PRJEB54735,Portugal,,2020.0,1,0,0,0,0,0,0,0,0,0
562.28845,Resistant,WGS,Good,MLST.ecoli_achtman_4.131,PRJEB23541,Tanzania,Moshi,2013.0,1,1,1,1,0,0,0,0,0,1
562.96690,Susceptible,WGS,Good,MLST.ecoli_achtman_4.428,,United Kingdom,,,1,1,1,0,0,0,0,0,0,0
562.22876,Susceptible,WGS,Good,MLST.ecoli_achtman_4.5432,PRJEB4681,United Kingdom,,2012.0,0,0,0,0,0,0,0,0,0,0
562.99646,Resistant,WGS,Good,MLST.ecoli_achtman_4.155,,Norway,,2013.0,1,1,1,1,0,0,0,0,0,0
562.22458,Susceptible,WGS,Good,MLST.ecoli_achtman_4.88,PRJEB4681,United Kingdom,,2007.0,0,0,0,0,0,0,0,0,0,0
562.99291,Susceptible,WGS,Good,MLST.ecoli_achtman_4.95,,Norway,,2012.0,1,0,0,0,0,0,0,0,0,0
562.98051,Susceptible,WGS,Good,MLST.ecoli_achtman_4.69,,Norway,,2004.0,1,0,0,0,0,0,0,0,0,0
562.99509,Susceptible,WGS,Good,MLST.ecoli_achtman_4.95,,Norway,,2013.0,1,0,0,0,0,0,0,0,0,0
562.98898,Susceptible,WGS,Good,MLST.ecoli_achtman_4.127,,Norway,,2010.0,1,0,0,0,0,0,0,0,0,0
562.100556,Susceptible,WGS,Good,MLST.ecoli_achtman_4.2178,,Norway,,2016.0,1,0,0,0,0,0,0,0,0,0
562.140918,Resistant,WGS,Good,MLST.ecoli_achtman_4.131,PRJNA530794,USA,"St. Louis, Missouri",2017.0,1,1,1,1,0,0,0,0,0,0
562.145037,Susceptible,WGS,Good,MLST.ecoli_achtman_4.793,PRJEB54735,Portugal,,2021.0,1,0,0,1,0,1,0,0,0,0
562.140885,Resistant,WGS,Good,MLST.ecoli_achtman_4.131,PRJNA530794,USA,"St. Louis, Missouri",2017.0,1,1,1,1,0,0,0,0,0,1
562.98768,Susceptible,WGS,Good,MLST.ecoli_achtman_4.646,,Norway,,2009.0,1,0,0,0,0,0,0,0,0,0
562.100171,Susceptible,WGS,Good,MLST.ecoli_achtman_4.141,,Norway,,2015.0,1,0,0,0,0,0,0,0,0,0
562.57263,Resistant,WGS,Good,MLST.ecoli_achtman_4.5024,,,,2009.0,1,1,1,1,0,0,0,0,0,0
562.100018,Resistant,WGS,Good,MLST.ecoli_achtman_4.131,,Norway,,2015.0,1,1,1,1,0,0,0,0,0,0
562.99309,Susceptible,WGS,Good,MLST.ecoli_achtman_4.676,,Norway,,2012.0,1,0,0,0,0,0,0,0,0,0
562.42714,Resistant,WGS,Good,MLST.ecoli_achtman_4.38,PRJNA278886,USA,USA:Boston,2016.0,1,1,1,1,0,0,0,0,0,1
562.98971,Susceptible,WGS,Good,MLST.ecoli_achtman_4.73,,Norway,,2010.0,1,0,0,0,0,0,0,0,0,0
562.22804,Susceptible,WGS,Good,MLST.ecoli_achtman_4.95,PRJEB4681,United Kingdom,,2012.0,0,0,0,0,0,0,0,0,0,0
562.100924,Susceptible,WGS,Good,MLST.ecoli_achtman_4.69,,Norway,,2017.0,1,0,0,0,0,0,0,0,0,0
562.98175,Susceptible,WGS,Good,MLST.ecoli_achtman_4.95,,Norway,,2005.0,1,0,0,0,0,0,0,0,0,0
562.98369,Susceptible,WGS,Good,MLST.ecoli_achtman_4.73,,Norway,,2007.0,1,0,0,0,0,0,0,0,0,0
562.100188,Susceptible,WGS,Good,MLST.ecoli_achtman_4.1159,,Norway,,2015.0,1,0,0,0,0,0,0,0,0,0
562.144972,Susceptible,WGS,Good,MLST.ecoli_achtman_4.13587,PRJEB54735,Portugal,,2021.0,1,1,1,0,0,0,0,0,0,0
562.97859,Susceptible,WGS,Good,MLST.ecoli_achtman_4.405,,Norway,,2003.0,1,0,0,0,0,0,0,0,0,0
562.57436,Resistant,WGS,Good,MLST.ecoli_achtman_4.1196,,Thailand,,2015.0,1,1,1,1,0,0,1,0,0,0
562.57380,Resistant,WGS,Good,MLST.ecoli_achtman_4.131,,Thailand,,2015.0,1,1,1,1,0,0,0,0,0,0
562.57251,Susceptible,WGS,Good,MLST.ecoli_achtman_4.62,,,,2017.0,1,1,1,0,0,0,0,0,0,0
562.97328,Resistant,WGS,Good,MLST.ecoli_achtman_4.69,,United Kingdom,,,1,1,1,1,0,0,0,0,0,0
562.100150,Susceptible,WGS,Good,MLST.ecoli_achtman_4.73,,Norway,,2015.0,1,0,0,0,0,0,0,0,0,0
562.57317,Susceptible,WGS,Good,MLST.ecoli_achtman_4.10,,,,2017.0,1,1,1,0,0,0,0,0,0,0
562.98045,Susceptible,WGS,Good,MLST.ecoli_achtman_4.453,,Norway,,2004.0,1,0,0,0,0,0,0,0,0,0
562.98413,Susceptible,WGS,Good,MLST.ecoli_achtman_4.144,,Norway,,2007.0,1,0,0,0,0,0,0,0,0,0
562.99638,Resistant,WGS,Good,MLST.ecoli_achtman_4.69,,Norway,,2013.0,1,1,1,1,0,0,0,0,0,0
562.99234,Susceptible,WGS,Good,MLST.ecoli_achtman_4.144,,Norway,,2011.0,1,0,0,0,0,0,0,0,0,0
562.45645,Resistant,WGS,Good,MLST.ecoli_achtman_4.11404,PRJNA522294,Pakistan,Pakistan:Punjab,2016.0,1,1,1,1,0,0,0,0,0,0
562.96841,Susceptible,WGS,Good,MLST.ecoli_achtman_4.635,,United Kingdom,,,1,0,0,0,0,0,0,0,0,0
562.100896,Susceptible,WGS,Good,MLST.ecoli_achtman_4.73,,Norway,,2017.0,1,0,0,0,0,0,0,0,0,0
562.96929,Susceptible,WGS,Good,MLST.ecoli_achtman_4.216,,United Kingdom,,,1,0,0,0,0,0,0,0,0,0
562.97079,Resistant,WGS,Good,MLST.ecoli_achtman_4.648,,United Kingdom,,,1,1,1,1,0,0,0,0,0,1
562.96767,Resistant,WGS,Good,MLST.ecoli_achtman_4.354,,United Kingdom,,,1,1,1,1,0,0,0,0,0,0
562.97776,Susceptible,WGS,Good,MLST.ecoli_achtman_4.131,,Norway,,2002.0,1,0,0,0,0,0,0,0,0,0
562.45589,Resistant,WGS,Good,MLST.ecoli_achtman_4.155,PRJNA522294,Pakistan,Pakistan:Punjab,2016.0,1,1,1,1,0,0,0,0,0,0
562.99663,Susceptible,WGS,Good,MLST.ecoli_achtman_4.69,,Norway,,2013.0,1,1,1,0,0,0,0,0,0,0
562.100550,Susceptible,WGS,Good,MLST.ecoli_achtman_4.73,,Norway,,2016.0,1,0,0,0,0,0,0,0,0,0
562.99305,Susceptible,WGS,Good,MLST.ecoli_achtman_4.141,,Norway,,2012.0,1,0,0,0,0,0,0,0,0,0
562.100701,Susceptible,WGS,Good,MLST.ecoli_achtman_4.73,,Norway,,2017.0,1,0,0,0,0,0,0,0,0,0
562.99711,Susceptible,WGS,Good,MLST.ecoli_achtman_4.95,,Norway,,2013.0,1,0,0,0,0,0,0,0,0,0
562.98533,Susceptible,WGS,Good,MLST.ecoli_achtman_4.428,,Norway,,2008.0,1,0,0,0,0,0,0,0,0,0
562.98386,Susceptible,WGS,Good,MLST.ecoli_achtman_4.73,,Norway,,2007.0,1,0,0,0,0,0,0,0,0,0
562.98552,Susceptible,WGS,Good,MLST.ecoli_achtman_4.73,,Norway,,2008.0,1,0,0,0,0,0,0,0,0,0
562.96761,Susceptible,WGS,Good,MLST.ecoli_achtman_4.428,,United Kingdom,,,1,1,1,0,0,0,0,0,0,0
562.96702,Susceptible,WGS,Good,MLST.ecoli_achtman_4.648,,United Kingdom,,,1,0,0,0,0,0,0,0,0,0
562.57481,Resistant,WGS,Good,MLST.ecoli_achtman_4.131,,Thailand,,2015.0,1,1,1,1,0,0,0,0,0,0
562.99670,Susceptible,WGS,Good,MLST.ecoli_achtman_4.117,,Norway,,2013.0,1,1,1,0,0,0,0,0,0,0
562.73366,Resistant,WGS,Good,MLST.ecoli_achtman_4.1196,PRJEB34557,Spain,Barcelona,2013.0,1,1,1,1,0,0,0,0,0,0
562.145024,Resistant,WGS,Good,MLST.ecoli_achtman_4.1011,PRJEB54735,Portugal,,2019.0,1,1,1,1,0,0,0,0,0,0
562.99386,Susceptible,WGS,Good,MLST.ecoli_achtman_4.59,,Norway,,2012.0,1,0,0,0,0,0,0,0,0,0
562.22594,Susceptible,WGS,Good,MLST.ecoli_achtman_4.73,PRJEB4681,United Kingdom,,2009.0,0,0,0,0,0,0,0,0,0,0
562.99796,Resistant,WGS,Good,MLST.ecoli_achtman_4.38,,Norway,,2014.0,1,1,1,1,0,0,0,0,0,0
562.99144,Resistant,WGS,Good,MLST.ecoli_achtman_4.393,,Norway,,2011.0,1,1,1,1,0,0,0,0,0,0
562.22501,Resistant,WGS,Good,MLST.ecoli_achtman_4.88,PRJEB4681,United Kingdom,,2008.0,1,1,1,1,0,0,0,0,0,0
562.96822,Susceptible,WGS,Good,MLST.ecoli_achtman_4.1079,,United Kingdom,,,1,0,0,0,0,0,0,0,0,0
562.98972,Susceptible,WGS,Good,MLST.ecoli_achtman_4.127,,Norway,,2010.0,1,0,0,0,0,0,0,0,0,0
562.100460,Susceptible,WGS,Good,MLST.ecoli_achtman_4.12,,Norway,,2016.0,1,0,0,0,0,0,0,0,0,0
562.97137,Susceptible,WGS,Good,MLST.ecoli_achtman_4.117,,United Kingdom,,,1,1,1,0,0,0,0,0,0,0
562.22785,Susceptible,WGS,Good,MLST.ecoli_achtman_4.69,PRJEB4681,United Kingdom,,2012.0,0,0,0,0,0,0,0,0,0,0
562.99261,Susceptible,WGS,Good,MLST.ecoli_achtman_4.73,,Norway,,2012.0,1,0,0,0,0,0,0,0,0,0
562.99118,Susceptible,WGS,Good,MLST.ecoli_achtman_4.58,,Norway,,2011.0,1,0,0,0,0,0,0,0,0,0
562.98377,Susceptible,WGS,Good,MLST.ecoli_achtman_4.131,,Norway,,2007.0,1,1,1,0,0,0,0,0,0,0
562.99909,Susceptible,WGS,Good,MLST.ecoli_achtman_4.14,,Norway,,2014.0,1,0,0,0,0,0,0,0,0,0
562.100486,Resistant,WGS,Good,MLST.ecoli_achtman_4.1193,,Norway,,2016.0,1,1,1,1,0,0,0,0,0,0
562.99640,Susceptible,WGS,Good,MLST.ecoli_achtman_4.1643,,Norway,,2013.0,1,0,0,0,0,0,0,0,0,0
562.98681,Susceptible,WGS,Good,MLST.ecoli_achtman_4.73,,Norway,,2009.0,1,0,0,0,0,0,0,0,0,0
562.135569,Resistant,WGS,Good,MLST.ecoli_achtman_4.2083,,India,Chattisgarh (Jan Swasthya Sahyog),2019.0,1,1,1,1,0,0,0,0,0,1
562.97102,Susceptible,WGS,Good,MLST.ecoli_achtman_4.648,,United Kingdom,,,1,0,0,0,0,0,0,0,0,0
562.99100,Susceptible,WGS,Good,MLST.ecoli_achtman_4.127,,Norway,,2011.0,1,0,0,0,0,0,0,0,0,0
562.99541,Susceptible,WGS,Good,MLST.ecoli_achtman_4.73,,Norway,,2013.0,1,0,0,0,0,0,0,0,0,0
562.34085,Resistant,Complete,Good,MLST.ecoli_achtman_4.131,PRJNA292904,,,,1,1,1,1,0,0,0,0,0,0
562.98279,Resistant,WGS,Good,MLST.ecoli_achtman_4.393,,Norway,,2006.0,1,1,1,1,0,0,0,0,0,0
562.57092,Susceptible,WGS,Good,MLST.ecoli_achtman_4.135,,,,2017.0,1,0,0,0,0,0,0,0,0,0
562.100951,Susceptible,WGS,Good,MLST.ecoli_achtman_4.3057,,Norway,,2017.0,1,0,0,0,0,0,0,0,0,0
562.96571,Susceptible,WGS,Good,MLST.ecoli_achtman_4.635,,United Kingdom,,,1,0,0,0,0,0,0,0,0,0
562.96754,Susceptible,WGS,Good,MLST.ecoli_achtman_4.156,,United Kingdom,,,1,0,0,0,0,0,0,0,0,0
562.22545,Susceptible,WGS,Good,MLST.ecoli_achtman_4.73,PRJEB4681,United Kingdom,,2009.0,0,0,0,0,0,0,0,0,0,0
562.97865,Susceptible,WGS,Good,MLST.ecoli_achtman_4.131,,Norway,,2003.0,1,0,0,0,0,0,0,0,0,0
562.22484,Resistant,WGS,Good,MLST.ecoli_achtman_4.69,PRJEB4681,United Kingdom,,2008.0,1,1,1,1,0,0,0,0,0,0
562.98970,Susceptible,WGS,Good,MLST.ecoli_achtman_4.141,,Norway,,2010.0,1,1,1,0,0,0,0,0,0,0
562.42735,Resistant,WGS,Good,MLST.ecoli_achtman_4.131,PRJNA278886,USA,USA:Boston,2017.0,1,1,1,1,0,0,0,0,0,0
562.42835,Susceptible,WGS,Good,MLST.ecoli_achtman_4.297,PRJNA288601,USA,United States,2013.0,1,0,0,0,0,0,0,0,0,0
562.22510,Susceptible,WGS,Good,MLST.ecoli_achtman_4.14,PRJEB4681,United Kingdom,,2008.0,0,0,0,0,0,0,0,0,0,0
562.100272,Susceptible,WGS,Good,MLST.ecoli_achtman_4.73,,Norway,,2015.0,1,0,0,0,0,0,0,0,0,0
562.97872,Susceptible,WGS,Good,MLST.ecoli_achtman_4.69,,Norway,,2003.0,1,0,0,0,0,0,0,0,0,0
562.99523,Susceptible,WGS,Good,MLST.ecoli_achtman_4.131,,Norway,,2013.0,1,0,0,0,0,0,0,0,0,0
562.97000,Resistant,WGS,Good,MLST.ecoli_achtman_4.648,,United Kingdom,,,1,1,1,1,0,0,0,0,0,1
562.96983,Resistant,WGS,Good,MLST.ecoli_achtman_4.354,,United Kingdom,,,1,1,1,1,0,0,0,0,0,0
562.100385,Susceptible,WGS,Good,MLST.ecoli_achtman_4.69,,Norway,,2016.0,1,1,1,0,0,0,0,0,0,0
562.22614,Susceptible,WGS,Good,MLST.ecoli_achtman_4.223,PRJEB4681,United Kingdom,,2010.0,0,0,0,0,0,0,0,0,0,0
562.22506,Susceptible,WGS,Good,MLST.ecoli_achtman_4.73,PRJEB4681,United Kingdom,,2008.0,1,0,0,0,0,0,0,0,0,0
562.96969,Susceptible,WGS,Good,MLST.ecoli_achtman_4.10,,United Kingdom,,,1,1,1,0,0,0,0,0,0,0
562.98264,Susceptible,WGS,Good,MLST.ecoli_achtman_4.127,,Norway,,2006.0,1,0,0,0,0,0,0,0,0,0
562.99941,Susceptible,WGS,Good,MLST.ecoli_achtman_4.69,,Norway,,2014.0,1,0,0,0,0,0,0,0,0,0
562.140903,Resistant,WGS,Good,MLST.ecoli_achtman_4.131,PRJNA530794,USA,"St. Louis, Missouri",2017.0,1,1,1,1,0,0,0,0,0,0
562.99815,Susceptible,WGS,Good,MLST.ecoli_achtman_4.69,,Norway,,2014.0,1,0,0,0,0,0,0,0,0,0
562.100925,Susceptible,WGS,Good,MLST.ecoli_achtman_4.2279,,Norway,,2017.0,1,0,0,0,0,0,0,0,0,0
562.100229,Susceptible,WGS,Good,MLST.ecoli_achtman_4.7303,,Norway,,2015.0,1,0,0,0,0,0,0,0,0,0
562.57227,Susceptible,WGS,Good,MLST.ecoli_achtman_4.8853,,,,2017.0,1,0,0,0,0,0,0,0,0,0
562.57416,Susceptible,WGS,Good,MLST.ecoli_achtman_4.10,,Thailand,,2015.0,1,0,0,0,0,0,1,0,0,0
562.99368,Susceptible,WGS,Good,MLST.ecoli_achtman_4.73,,Norway,,2012.0,1,0,0,0,0,0,0,0,0,0
562.100652,Susceptible,WGS,Good,MLST.ecoli_achtman_4.73,,Norway,,2017.0,1,0,0,0,0,0,0,0,0,0
562.98635,Susceptible,WGS,Good,MLST.ecoli_achtman_4.73,,Norway,,2008.0,1,0,0,0,0,0,0,0,0,0
562.22488,Resistant,WGS,Good,MLST.ecoli_achtman_4.131,PRJEB4681,United Kingdom,,2008.0,1,1,1,1,0,0,0,0,0,0
562.98717,Resistant,WGS,Good,MLST.ecoli_achtman_4.38,,Norway,,2009.0,1,1,1,1,0,0,0,0,0,1
562.97976,Susceptible,WGS,Good,MLST.ecoli_achtman_4.12,,Norway,,2004.0,1,0,0,0,0,0,0,0,0,0
562.100572,Susceptible,WGS,Good,MLST.ecoli_achtman_4.355,,Norway,,2016.0,1,0,0,0,0,0,0,0,0,0
562.98658,Susceptible,WGS,Good,MLST.ecoli_achtman_4.5644,,Norway,,2009.0,1,0,0,0,0,0,0,0,0,0
562.100305,Resistant,WGS,Good,MLST.ecoli_achtman_4.14,,Norway,,2015.0,1,0,0,0,0,0,0,0,0,0
562.56849,Resistant,WGS,Good,MLST.ecoli_achtman_4.1196,,Germany,North Rhine-Westphalia,2011.0,1,1,1,1,0,0,0,0,0,0
562.98100,Susceptible,WGS,Good,MLST.ecoli_achtman_4.141,,Norway,,2005.0,1,0,0,0,0,0,0,0,0,0
562.99127,Resistant,WGS,Good,MLST.ecoli_achtman_4.131,,Norway,,2011.0,1,1,1,1,0,0,0,0,0,0
562.45595,Resistant,WGS,Good,MLST.ecoli_achtman_4.1324,PRJNA522294,Pakistan,Pakistan:Khyber Pakhtunkhwa,2016.0,1,1,1,1,0,0,0,0,0,0
562.100349,Susceptible,WGS,Good,MLST.ecoli_achtman_4.362,,Norway,,2016.0,1,0,0,0,0,0,0,0,0,0
562.99577,Susceptible,WGS,Good,MLST.ecoli_achtman_4.80,,Norway,,2013.0,1,0,0,0,0,0,0,0,0,0
562.100875,Susceptible,WGS,Good,MLST.ecoli_achtman_4.127,,Norway,,2017.0,1,0,0,0,0,0,0,0,0,0
562.135570,Resistant,WGS,Good,MLST.ecoli_achtman_4.405,,India,Chattisgarh (Jan Swasthya Sahyog),2019.0,1,1,1,1,0,0,0,0,0,0
562.57114,Resistant,WGS,Good,MLST.ecoli_achtman_4.10,,,,2017.0,1,1,1,1,0,0,0,0,0,0
562.58723,Resistant,WGS,Good,MLST.ecoli_achtman_4.156,,Italy,,2014.0,1,1,1,1,0,0,0,0,0,0
562.96428,Resistant,WGS,Good,MLST.ecoli_achtman_4.443,,United Kingdom,,,1,1,1,1,0,0,0,0,0,0
562.97823,Susceptible,WGS,Good,MLST.ecoli_achtman_4.127,,Norway,,2003.0,1,0,0,0,0,0,0,0,0,0
562.98969,Susceptible,WGS,Good,MLST.ecoli_achtman_4.58,,Norway,,2010.0,1,0,0,0,0,0,0,0,0,0
562.100497,Resistant,WGS,Good,MLST.ecoli_achtman_4.131,,Norway,,2016.0,1,1,1,1,0,0,0,0,0,0
562.96471,Susceptible,WGS,Good,MLST.ecoli_achtman_4.3202,,United Kingdom,,,1,0,0,0,0,0,0,0,0,0
562.45650,Resistant,WGS,Good,MLST.ecoli_achtman_4.155,PRJNA522294,Pakistan,Pakistan:Punjab,2016.0,1,1,1,1,0,0,0,0,0,0
562.145429,Susceptible,WGS,Good,MLST.ecoli_achtman_4.155,PRJNA273513,Canada,British Columbia,2006.0,1,0,0,0,0,0,0,0,0,0
562.96666,Resistant,WGS,Good,MLST.ecoli_achtman_4.1193,,United Kingdom,,,1,1,1,1,0,0,0,0,0,0
562.22640,Susceptible,WGS,Good,MLST.ecoli_achtman_4.10,PRJEB4681,United Kingdom,,2010.0,0,0,0,0,0,0,0,0,0,0
562.22577,Susceptible,WGS,Good,MLST.ecoli_achtman_4.127,PRJEB4681,United Kingdom,,2009.0,0,0,0,0,0,0,0,0,0,0
562.31459,Susceptible,WGS,Good,MLST.ecoli_achtman_4.504,PRJEB23541,Tanzania,Moshi,2014.0,1,1,1,0,0,0,0,0,0,0
562.100313,Susceptible,WGS,Good,MLST.ecoli_achtman_4.69,,Norway,,2016.0,1,0,0,0,0,0,0,0,0,0
562.99583,Susceptible,WGS,Good,MLST.ecoli_achtman_4.69,,Norway,,2013.0,1,0,0,0,0,0,0,0,0,0
562.22822,Resistant,WGS,Good,MLST.ecoli_achtman_4.131,PRJEB4681,United Kingdom,,2012.0,1,1,1,1,0,0,0,0,0,0
562.57280,Susceptible,WGS,Good,MLST.ecoli_achtman_4.38,,,,2009.0,1,1,1,0,0,0,0,0,0,0
562.99355,Susceptible,WGS,Good,MLST.ecoli_achtman_4.91,,Norway,,2012.0,1,0,0,0,0,0,0,0,0,0
562.73378,Resistant,WGS,Good,MLST.ecoli_achtman_4.1196,PRJEB34557,Spain,Barcelona,2013.0,1,1,1,1,0,0,0,0,0,0
562.99538,Susceptible,WGS,Good,MLST.ecoli_achtman_4.131,,Norway,,2013.0,1,0,0,0,0,0,0,0,0,0
562.98154,Susceptible,WGS,Good,MLST.ecoli_achtman_4.95,,Norway,,2005.0,1,0,0,0,0,0,0,0,0,0
562.97855,Susceptible,WGS,Good,MLST.ecoli_achtman_4.625,,Norway,,2003.0,1,0,0,0,0,0,0,0,0,0
562.100035,Susceptible,WGS,Good,MLST.ecoli_achtman_4.357,,Norway,,2015.0,1,0,0,0,0,0,0,0,0,0
562.22676,Susceptible,WGS,Good,MLST.ecoli_achtman_4.69,PRJEB4681,United Kingdom,,2011.0,1,1,1,0,0,0,0,0,0,0
562.97912,Susceptible,WGS,Good,MLST.ecoli_achtman_4.69,,Norway,,2003.0,1,0,0,0,0,0,0,0,0,0
562.98177,Susceptible,WGS,Good,MLST.ecoli_achtman_4.73,,Norway,,2005.0,1,0,0,0,0,0,0,0,0,0
562.65819,Resistant,WGS,Good,MLST.ecoli_achtman_4.6332,,Germany,Hesse,,1,1,1,1,0,0,0,0,0,1
562.99725,Susceptible,WGS,Good,MLST.ecoli_achtman_4.648,,Norway,,2013.0,1,1,1,1,0,0,0,0,0,0
562.98197,Susceptible,WGS,Good,MLST.ecoli_achtman_4.421,,Norway,,2005.0,1,0,0,0,0,0,0,0,0,0
562.99069,Susceptible,WGS,Good,MLST.ecoli_achtman_4.48,,Norway,,2011.0,1,0,0,0,0,0,0,0,0,0
562.98397,Resistant,WGS,Good,MLST.ecoli_achtman_4.131,,Norway,,2007.0,1,1,1,1,0,0,0,0,0,0
562.97015,Susceptible,WGS,Good,MLST.ecoli_achtman_4.2598,,United Kingdom,,,1,0,0,0,0,0,0,0,0,0
562.100390,Susceptible,WGS,Good,MLST.ecoli_achtman_4.3203,,Norway,,2016.0,1,0,0,0,0,0,0,0,0,0
562.99659,Susceptible,WGS,Good,MLST.ecoli_achtman_4.429,,Norway,,2013.0,1,0,0,0,0,0,0,0,0,0
562.57161,Susceptible,WGS,Good,MLST.ecoli_achtman_4.10,,,,,1,0,0,0,0,0,0,0,0,0
562.57115,Susceptible,WGS,Good,MLST.ecoli_achtman_4.399,,,,2017.0,1,0,0,0,0,0,0,0,0,0
562.100519,Susceptible,WGS,Good,MLST.ecoli_achtman_4.537,,Norway,,2016.0,1,0,0,0,0,0,0,0,0,0
562.100374,Susceptible,WGS,Good,MLST.ecoli_achtman_4.1684,,Norway,,2016.0,1,0,0,0,0,0,1,0,0,0
562.96521,Resistant,WGS,Good,MLST.ecoli_achtman_4.131,,United Kingdom,,,1,1,1,1,0,0,0,0,0,0
562.96751,Susceptible,WGS,Good,MLST.ecoli_achtman_4.156,,United Kingdom,,,1,0,0,0,0,0,0,0,0,0
562.98763,Susceptible,WGS,Good,MLST.ecoli_achtman_4.428,,Norway,,2009.0,1,0,0,0,0,0,0,0,0,0
562.22650,Resistant,WGS,Good,MLST.ecoli_achtman_4.131,PRJEB4681,United Kingdom,,2010.0,1,1,1,1,0,0,0,0,0,0
562.22690,Susceptible,WGS,Good,MLST.ecoli_achtman_4.976,PRJEB4681,United Kingdom,,2011.0,0,0,0,0,0,0,0,0,0,0
562.96597,Resistant,WGS,Good,MLST.ecoli_achtman_4.226,,United Kingdom,,,1,1,1,1,0,0,0,0,0,0
562.144961,Susceptible,WGS,Good,MLST.ecoli_achtman_4.655,PRJEB54735,Portugal,,2020.0,1,0,0,0,0,0,0,0,0,0
562.99206,Resistant,WGS,Good,MLST.ecoli_achtman_4.6086,,Norway,,2011.0,1,1,1,1,0,0,0,0,0,0
562.42752,Susceptible,WGS,Good,MLST.ecoli_achtman_4.69,PRJNA278886,USA,USA:Boston,2015.0,1,1,1,0,0,0,0,0,0,0
562.22696,Susceptible,WGS,Good,MLST.ecoli_achtman_4.4702,PRJEB4681,United Kingdom,,2011.0,0,0,0,0,0,0,0,0,0,0
562.99488,Susceptible,WGS,Good,MLST.ecoli_achtman_4.537,,Norway,,2013.0,1,0,0,0,0,0,0,0,0,0
562.22504,Susceptible,WGS,Good,MLST.ecoli_achtman_4.73,PRJEB4681,United Kingdom,,2008.0,0,0,0,0,0,0,0,0,0,0
562.57260,Susceptible,WGS,Good,MLST.ecoli_achtman_4.12,,,,2008.0,1,0,0,0,0,0,0,0,0,0
562.99587,Susceptible,WGS,Good,MLST.ecoli_achtman_4.1850,,Norway,,2013.0,1,0,0,0,0,0,0,0,0,0
562.98922,Susceptible,WGS,Good,MLST.ecoli_achtman_4.12,,Norway,,2010.0,1,0,0,0,0,0,0,0,0,0
562.57322,Susceptible,WGS,Good,MLST.ecoli_achtman_4.550,,,,2017.0,1,0,0,0,0,0,0,0,0,0
562.98473,Susceptible,WGS,Good,MLST.ecoli_achtman_4.357,,Norway,,2007.0,1,0,0,0,0,0,0,0,0,0
562.99099,Susceptible,WGS,Good,MLST.ecoli_achtman_4.550,,Norway,,2011.0,1,1,1,0,0,0,0,0,0,0
562.97844,Susceptible,WGS,Good,MLST.ecoli_achtman_4.372,,Norway,,2002.0,1,0,0,0,0,0,0,0,0,0
562.99362,Susceptible,WGS,Good,MLST.ecoli_achtman_4.69,,Norway,,2012.0,1,0,0,0,0,0,0,0,0,0
562.96871,Susceptible,WGS,Good,MLST.ecoli_achtman_4.3877,,United Kingdom,,,1,0,0,0,0,0,0,0,0,0
562.98341,Susceptible,WGS,Good,MLST.ecoli_achtman_4.409,,Norway,,2007.0,1,0,0,0,0,0,0,0,0,0
562.98884,Susceptible,WGS,Good,MLST.ecoli_achtman_4.357,,Norway,,2010.0,1,0,0,0,0,0,0,0,0,0
562.98101,Susceptible,WGS,Good,MLST.ecoli_achtman_4.155,,Norway,,2005.0,1,0,0,0,0,0,0,0,0,0
562.99434,Susceptible,WGS,Good,MLST.ecoli_achtman_4.135,,Norway,,2012.0,1,0,0,0,0,0,0,0,0,0
562.45396,Resistant,Complete,Good,MLST.ecoli_achtman_4.2509,PRJNA511007,Brazil,"Brazil: Botucatu, Sao Paulo State",2015.0,1,1,1,1,0,0,0,0,0,0
562.145396,Susceptible,WGS,Good,MLST.ecoli_achtman_4.38,PRJNA273513,Canada,British Columbia,2006.0,1,0,0,0,0,0,0,0,0,0
562.99762,Susceptible,WGS,Good,MLST.ecoli_achtman_4.73,,Norway,,2014.0,1,0,0,0,0,0,0,0,0,0
562.99239,Susceptible,WGS,Good,MLST.ecoli_achtman_4.69,,Norway,,2012.0,1,0,0,0,0,0,0,0,0,0
562.97507,Resistant,WGS,Good,MLST.ecoli_achtman_4.1193,,United Kingdom,,,1,1,1,1,0,0,0,0,0,0
562.99994,Susceptible,WGS,Good,MLST.ecoli_achtman_4.136,,Norway,,2014.0,1,0,0,0,0,0,0,0,0,0
562.45606,Resistant,WGS,Good,MLST.ecoli_achtman_4.10,PRJNA522294,Pakistan,Pakistan:Punjab,2016.0,1,1,1,1,0,0,0,0,0,0
562.144920,Resistant,WGS,Good,MLST.ecoli_achtman_4.2083,PRJNA925003,India,Chattisgarh,,1,1,1,1,0,0,0,0,0,1
562.42820,Resistant,WGS,Good,MLST.ecoli_achtman_4.131,PRJNA288601,USA,United States,2014.0,1,1,1,1,0,0,0,0,0,0
562.96709,Resistant,WGS,Good,MLST.ecoli_achtman_4.1193,,United Kingdom,,,1,1,1,1,0,0,0,0,0,0
562.97223,Resistant,WGS,Good,MLST.ecoli_achtman_4.443,,United Kingdom,,,1,1,1,1,0,0,0,0,0,0
562.22487,Susceptible,WGS,Good,MLST.ecoli_achtman_4.357,PRJEB4681,United Kingdom,,2008.0,0,0,0,0,0,0,0,0,0,0
562.57165,Susceptible,WGS,Good,MLST.ecoli_achtman_4.3,,,,,1,0,0,0,0,0,0,0,0,0
562.100676,Susceptible,WGS,Good,MLST.ecoli_achtman_4.131,,Norway,,2017.0,1,0,0,0,0,0,0,0,0,0
562.57293,Susceptible,WGS,Good,MLST.ecoli_achtman_4.372,,,,2009.0,1,1,1,0,0,0,0,0,0,0
562.96982,Resistant,WGS,Good,MLST.ecoli_achtman_4.354,,United Kingdom,,,1,1,1,1,0,0,0,0,0,0
562.99292,Susceptible,WGS,Good,MLST.ecoli_achtman_4.297,,Norway,,2012.0,1,0,0,0,0,0,0,0,0,0
562.100790,Susceptible,WGS,Good,MLST.ecoli_achtman_4.59,,Norway,,2017.0,1,0,0,0,0,0,0,0,0,0
562.73355,Resistant,WGS,Good,MLST.ecoli_achtman_4.224,PRJEB34557,Spain,Barcelona,2013.0,1,1,1,1,0,0,0,0,0,0
562.99066,Susceptible,WGS,Good,MLST.ecoli_achtman_4.69,,Norway,,2011.0,1,0,0,0,0,0,0,0,0,0
562.99618,Susceptible,WGS,Good,MLST.ecoli_achtman_4.95,,Norway,,2013.0,1,0,0,0,0,0,0,0,0,0
562.97010,Susceptible,WGS,Good,MLST.ecoli_achtman_4.88,,United Kingdom,,,1,0,0,0,0,0,0,0,0,0
562.99774,Susceptible,WGS,Good,MLST.ecoli_achtman_4.95,,Norway,,2014.0,1,0,0,0,0,0,0,0,0,0
562.99430,Susceptible,WGS,Good,MLST.ecoli_achtman_4.80,,Norway,,2012.0,1,0,0,0,0,0,0,0,0,0
562.98138,Susceptible,WGS,Good,MLST.ecoli_achtman_4.5363,,Norway,,2005.0,1,0,0,0,0,0,0,0,0,0
562.99080,Susceptible,WGS,Good,MLST.ecoli_achtman_4.1441,,Norway,,2011.0,1,0,0,0,0,0,0,0,0,0
562.96964,Susceptible,WGS,Good,MLST.ecoli_achtman_4.10,,United Kingdom,,,1,1,1,0,0,0,0,0,0,0
562.96506,Susceptible,WGS,Good,MLST.ecoli_achtman_4.10,,United Kingdom,,,1,0,0,0,0,0,0,0,0,0
562.98497,Susceptible,WGS,Good,MLST.ecoli_achtman_4.73,,Norway,,2008.0,1,0,0,0,0,0,0,0,0,0
562.99081,Susceptible,WGS,Good,MLST.ecoli_achtman_4.73,,Norway,,2011.0,1,0,0,0,0,0,0,0,0,0
562.73387,Resistant,WGS,Good,MLST.ecoli_achtman_4.1196,PRJEB34557,Spain,Barcelona,2013.0,1,1,1,1,0,0,0,0,0,0
562.97312,Susceptible,WGS,Good,MLST.ecoli_achtman_4.59,,United Kingdom,,,1,0,0,0,0,0,0,0,0,0
562.99937,Susceptible,WGS,Good,MLST.ecoli_achtman_4.104,,Norway,,2014.0,1,0,0,0,0,0,0,0,0,0
562.135590,Resistant,WGS,Good,MLST.Escherichia_coli_2.2,,India,Chattisgarh (Jan Swasthya Sahyog),2019.0,1,1,1,1,0,0,0,0,0,0
562.96738,Resistant,WGS,Good,MLST.ecoli_achtman_4.448,,United Kingdom,,,1,1,1,1,0,0,0,0,0,0
562.96741,Resistant,WGS,Good,MLST.ecoli_achtman_4.448,,United Kingdom,,,1,1,1,1,0,0,0,0,0,0
562.100020,Susceptible,WGS,Good,MLST.ecoli_achtman_4.95,,Norway,,2015.0,1,0,0,0,0,0,0,0,0,0
562.100537,Susceptible,WGS,Good,MLST.ecoli_achtman_4.136,,Norway,,2016.0,1,0,0,0,0,0,0,0,0,0
562.97885,Susceptible,WGS,Good,MLST.ecoli_achtman_4.95,,Norway,,2003.0,1,0,0,0,0,0,0,0,0,0
562.100538,Susceptible,WGS,Good,MLST.ecoli_achtman_4.538,,Norway,,2016.0,1,0,0,0,0,0,0,0,0,0
562.96614,Resistant,WGS,Good,MLST.ecoli_achtman_4.226,,United Kingdom,,,1,1,1,1,0,0,0,0,0,0
562.98637,Susceptible,WGS,Good,MLST.ecoli_achtman_4.12,,Norway,,2008.0,1,0,0,0,0,0,0,0,0,0
562.97428,Susceptible,WGS,Good,MLST.ecoli_achtman_4.7095,,United Kingdom,,,1,1,1,0,0,0,0,0,0,0
562.96903,Resistant,WGS,Good,MLST.ecoli_achtman_4.131,,United Kingdom,,,1,1,1,1,0,0,0,0,0,1
562.100427,Resistant,WGS,Good,MLST.ecoli_achtman_4.131,,Norway,,2016.0,1,1,1,1,0,0,0,0,0,1
562.22503,Resistant,WGS,Good,MLST.ecoli_achtman_4.648,PRJEB4681,United Kingdom,,2008.0,1,1,1,1,0,0,0,0,0,1
562.97939,Susceptible,WGS,Good,MLST.ecoli_achtman_4.362,,Norway,,2004.0,1,0,0,0,0,0,0,0,0,0
562.145075,Susceptible,WGS,Good,MLST.ecoli_achtman_4.1114,PRJEB54735,Portugal,,2020.0,1,0,0,0,0,0,0,0,0,0
562.98788,Susceptible,WGS,Good,MLST.ecoli_achtman_4.73,,Norway,,2009.0,1,0,0,0,0,0,0,0,0,0
562.98724,Susceptible,WGS,Good,MLST.ecoli_achtman_4.73,,Norway,,2009.0,1,0,0,0,0,0,0,0,0,0
562.100304,Susceptible,WGS,Good,MLST.ecoli_achtman_4.38,,Norway,,2015.0,1,0,0,0,0,0,0,0,0,0
562.100724,Susceptible,WGS,Good,MLST.ecoli_achtman_4.3765,,Norway,,2017.0,1,0,0,0,0,0,1,0,0,0
562.57198,Susceptible,WGS,Good,MLST.ecoli_achtman_4.443,,,,,1,0,0,0,0,0,0,0,0,0
562.97498,Resistant,WGS,Good,MLST.ecoli_achtman_4.131,,United Kingdom,,,1,1,1,1,0,0,0,0,0,0
562.98031,Susceptible,WGS,Good,MLST.ecoli_achtman_4.73,,Norway,,2004.0,1,0,0,0,0,0,0,0,0,0
562.98765,Susceptible,WGS,Good,MLST.ecoli_achtman_4.93,,Norway,,2009.0,1,0,0,0,0,0,0,0,0,0
562.100505,Susceptible,WGS,Good,MLST.ecoli_achtman_4.95,,Norway,,2016.0,1,0,0,0,0,0,0,0,0,0
562.22625,Susceptible,WGS,Good,MLST.ecoli_achtman_4.357,PRJEB4681,United Kingdom,,2010.0,0,0,0,0,0,0,0,0,0,0
562.100622,Resistant,WGS,Good,MLST.ecoli_achtman_4.131,,Norway,,2017.0,1,1,1,1,0,0,0,0,0,0
562.145818,Susceptible,WGS,Good,MLST.ecoli_achtman_4.10754,PRJNA273513,Canada,,2007.0,1,1,1,0,0,0,0,0,0,0
562.98874,Susceptible,WGS,Good,MLST.ecoli_achtman_4.80,,Norway,,2010.0,1,0,0,0,0,0,0,0,0,0
562.97967,Susceptible,WGS,Good,MLST.ecoli_achtman_4.79,,Norway,,2003.0,1,0,0,0,0,0,0,0,0,0
562.100853,Susceptible,WGS,Good,MLST.ecoli_achtman_4.372,,Norway,,2017.0,1,0,0,0,0,0,0,0,0,0
562.96836,Resistant,WGS,Good,MLST.ecoli_achtman_4.1193,,United Kingdom,,,1,1,1,1,0,0,0,0,0,0
562.144911,Resistant,WGS,Good,MLST.ecoli_achtman_4.2689,PRJNA925003,India,Chattisgarh,,1,0,0,0,0,0,1,0,0,0
562.97438,Susceptible,WGS,Good,MLST.ecoli_achtman_4.7095,,United Kingdom,,,1,1,1,0,0,0,0,0,0,0
562.98392,Susceptible,WGS,Good,MLST.ecoli_achtman_4.141,,Norway,,2007.0,1,0,0,0,0,0,0,0,0,0
562.96683,Susceptible,WGS,Good,MLST.ecoli_achtman_4.428,,United Kingdom,,,1,1,1,0,0,0,0,0,0,0
562.98575,Resistant,WGS,Good,MLST.ecoli_achtman_4.393,,Norway,,2008.0,1,1,1,1,0,0,0,0,0,0
562.57407,Susceptible,WGS,Good,MLST.ecoli_achtman_4.10,,Thailand,,2015.0,1,0,0,0,0,0,0,0,0,0
562.22486,Susceptible,WGS,Good,MLST.ecoli_achtman_4.1485,PRJEB4681,United Kingdom,,2008.0,0,0,0,0,0,0,0,0,0,0
562.42849,Resistant,WGS,Good,MLST.ecoli_achtman_4.131,PRJNA288601,USA,United States,2014.0,1,1,1,1,0,0,0,0,0,1
562.98748,Susceptible,WGS,Good,MLST.ecoli_achtman_4.2619,,Norway,,2009.0,1,0,0,0,0,0,0,0,0,0
562.145006,Susceptible,WGS,Good,MLST.ecoli_achtman_4.10,PRJEB54735,Portugal,,2021.0,1,1,1,0,0,0,0,0,0,0
562.97426,Susceptible,WGS,Good,MLST.ecoli_achtman_4.95,,United Kingdom,,,1,0,0,0,0,0,0,0,0,0
562.96860,Resistant,WGS,Good,MLST.ecoli_achtman_4.1723,,United Kingdom,,,1,1,1,1,0,0,0,0,0,0
562.98170,Susceptible,WGS,Good,MLST.ecoli_achtman_4.73,,Norway,,2005.0,1,0,0,0,0,0,0,0,0,0
562.96850,Susceptible,WGS,Good,MLST.ecoli_achtman_4.95,,United Kingdom,,,1,0,0,0,0,0,0,0,0,0
562.100135,Susceptible,WGS,Good,MLST.ecoli_achtman_4.73,,Norway,,2015.0,1,0,0,0,0,0,0,0,0,0
562.97452,Susceptible,WGS,Good,MLST.ecoli_achtman_4.131,,United Kingdom,,,1,0,0,0,0,0,0,0,0,0
562.98706,Susceptible,WGS,Good,MLST.ecoli_achtman_4.59,,Norway,,2009.0,1,0,0,0,0,0,0,0,0,0
562.99166,Susceptible,WGS,Good,,,Norway,,2011.0,1,0,0,0,0,0,0,0,0,0
562.145074,Susceptible,WGS,Good,MLST.ecoli_achtman_4.641,PRJEB54735,Portugal,,2020.0,1,0,0,0,0,0,0,0,0,0
562.99449,Susceptible,WGS,Good,MLST.ecoli_achtman_4.69,,Norway,,2012.0,1,0,0,0,0,0,0,0,0,0
562.100007,Susceptible,WGS,Good,MLST.ecoli_achtman_4.69,,Norway,,2015.0,1,0,0,0,0,0,0,0,0,0
562.45642,Resistant,WGS,Good,MLST.ecoli_achtman_4.48,PRJNA522294,Pakistan,Pakistan:Balochistan,2016.0,1,1,1,1,0,0,0,0,0,0
562.99888,Susceptible,WGS,Good,MLST.ecoli_achtman_4.59,,Norway,,2014.0,1,0,0,0,0,0,0,0,0,0
562.42822,Resistant,WGS,Good,MLST.ecoli_achtman_4.410,PRJNA288601,USA,United States,2012.0,1,1,1,1,0,0,0,0,0,1
562.98806,Susceptible,WGS,Good,MLST.ecoli_achtman_4.69,,Norway,,2009.0,1,0,0,0,0,0,0,0,0,0
562.97084,Susceptible,WGS,Good,MLST.ecoli_achtman_4.404,,United Kingdom,,,1,0,0,0,0,0,0,0,0,0
562.45663,Resistant,WGS,Good,MLST.ecoli_achtman_4.93,PRJNA522294,Pakistan,Pakistan:Punjab,2016.0,1,1,1,1,0,0,0,0,0,0
562.97910,Susceptible,WGS,Good,MLST.ecoli_achtman_4.101,,Norway,,2003.0,1,0,0,0,0,0,0,0,0,0
562.97916,Susceptible,WGS,Good,MLST.ecoli_achtman_4.390,,Norway,,2003.0,1,0,0,0,0,0,0,0,0,0
562.99535,Susceptible,WGS,Good,MLST.ecoli_achtman_4.95,,Norway,,2013.0,1,0,0,0,0,0,0,0,0,0
562.57469,Resistant,WGS,Good,MLST.ecoli_achtman_4.69,,Thailand,,2015.0,1,1,1,0,0,0,1,0,0,0
562.99862,Resistant,WGS,Good,MLST.ecoli_achtman_4.131,,Norway,,2014.0,1,1,1,1,0,0,0,0,0,1
562.98930,Susceptible,WGS,Good,MLST.ecoli_achtman_4.73,,Norway,,2010.0,1,0,0,0,0,0,0,0,0,0
562.100878,Susceptible,WGS,Good,MLST.ecoli_achtman_4.95,,Norway,,2017.0,1,0,0,0,0,0,0,0,0,0
562.100714,Resistant,WGS,Good,MLST.ecoli_achtman_4.117,,Norway,,2017.0,1,1,1,0,0,0,0,0,0,0
562.100863,Resistant,WGS,Good,MLST.ecoli_achtman_4.131,,Norway,,2017.0,1,1,1,1,0,0,0,0,0,0
562.100174,Susceptible,WGS,Good,MLST.ecoli_achtman_4.69,,Norway,,2015.0,1,0,0,0,0,0,0,0,0,0
562.100278,Resistant,WGS,Good,MLST.ecoli_achtman_4.131,,Norway,,2015.0,1,1,1,1,0,0,0,0,0,1
562.98593,Susceptible,WGS,Good,MLST.ecoli_achtman_4.4456,,Norway,,2008.0,1,1,1,0,0,0,0,0,0,0
562.96667,Susceptible,WGS,Good,MLST.ecoli_achtman_4.155,,United Kingdom,,,1,0,0,0,0,0,0,0,0,0
562.45845,Resistant,Complete,Good,MLST.ecoli_achtman_4.405,PRJNA278886,USA,USA:Boston,2015.0,1,1,1,1,0,0,0,0,0,1
562.57076,Resistant,WGS,Good,MLST.ecoli_achtman_4.405,,,,2008.0,1,1,1,1,0,0,0,0,0,1
562.98322,Susceptible,WGS,Good,MLST.ecoli_achtman_4.59,,Norway,,2006.0,1,0,0,0,0,0,0,0,0,0
562.22478,Resistant,WGS,Good,MLST.ecoli_achtman_4.131,PRJEB4681,United Kingdom,,2007.0,1,1,1,1,0,0,0,0,0,0
562.96988,Resistant,WGS,Good,MLST.ecoli_achtman_4.648,,United Kingdom,,,1,1,1,1,0,0,0,0,0,1
562.22694,Resistant,WGS,Good,MLST.ecoli_achtman_4.131,PRJEB4681,United Kingdom,,2011.0,1,1,1,1,0,0,0,0,0,0
562.96769,Susceptible,WGS,Good,MLST.ecoli_achtman_4.428,,United Kingdom,,,1,1,1,0,0,0,0,0,0,0
562.98716,Susceptible,WGS,Good,MLST.ecoli_achtman_4.405,,Norway,,2009.0,1,0,0,0,0,0,0,0,0,0
562.100108,Susceptible,WGS,Good,MLST.ecoli_achtman_4.348,,Norway,,2015.0,1,0,0,0,0,0,0,0,0,0
562.97389,Susceptible,WGS,Good,MLST.ecoli_achtman_4.7099,,United Kingdom,,,1,0,0,0,0,0,0,0,0,0
562.99014,Susceptible,WGS,Good,MLST.ecoli_achtman_4.127,,Norway,,2010.0,1,0,0,0,0,0,0,0,0,0
562.96463,Susceptible,WGS,Good,MLST.ecoli_achtman_4.131,,United Kingdom,,,1,1,1,0,0,0,0,0,0,0
562.100956,Susceptible,WGS,Good,MLST.ecoli_achtman_4.14,,Norway,,2017.0,1,0,0,0,0,0,0,0,0,0
562.99119,Susceptible,WGS,Good,MLST.ecoli_achtman_4.393,,Norway,,2011.0,1,0,0,1,0,0,0,0,0,0
562.97415,Resistant,WGS,Good,MLST.ecoli_achtman_4.69,,United Kingdom,,,1,1,1,1,0,0,0,0,0,0
562.57289,Susceptible,WGS,Good,MLST.ecoli_achtman_4.38,,,,2009.0,1,1,1,0,0,0,0,0,0,0
562.42637,Resistant,WGS,Good,MLST.ecoli_achtman_4.131,PRJNA278886,USA,USA:Boston,2015.0,1,1,1,1,0,0,0,0,0,0
562.98596,Susceptible,WGS,Good,MLST.ecoli_achtman_4.131,,Norway,,2008.0,1,0,0,0,0,0,0,0,0,0
562.42757,Susceptible,WGS,Good,MLST.ecoli_achtman_4.297,PRJNA278886,USA,USA:Boston,2015.0,1,0,0,0,0,0,1,0,0,0
562.97066,Susceptible,WGS,Good,MLST.ecoli_achtman_4.6150,,United Kingdom,,,1,0,0,0,0,0,0,0,0,0
562.100573,Susceptible,WGS,Good,MLST.ecoli_achtman_4.73,,Norway,,2016.0,1,0,0,0,0,0,0,0,0,0
562.97868,Susceptible,WGS,Good,MLST.ecoli_achtman_4.59,,Norway,,2003.0,1,0,0,0,0,0,0,0,0,0
562.97122,Susceptible,WGS,Good,MLST.ecoli_achtman_4.648,,United Kingdom,,,1,0,0,0,0,0,0,0,0,0
562.57310,Susceptible,WGS,Good,MLST.ecoli_achtman_4.405,,,,2017.0,1,0,0,0,0,0,0,0,0,0
562.100031,Susceptible,WGS,Good,MLST.ecoli_achtman_4.69,,Norway,,2015.0,1,0,0,0,0,0,0,0,0,0
562.100192,Resistant,WGS,Good,MLST.ecoli_achtman_4.131,,Norway,,2015.0,1,1,1,1,0,0,0,0,0,1
562.97267,Susceptible,WGS,Good,MLST.ecoli_achtman_4.131,,United Kingdom,,,1,0,0,0,0,0,0,0,0,0
562.135584,Resistant,WGS,Good,MLST.ecoli_achtman_4.405,,India,Chattisgarh (Jan Swasthya Sahyog),2019.0,1,1,1,1,0,0,0,0,0,0
562.97433,Resistant,WGS,Good,MLST.ecoli_achtman_4.69,,United Kingdom,,,1,1,1,1,0,0,0,0,0,0
562.45846,Susceptible,WGS,Good,MLST.ecoli_achtman_4.7522,PRJNA510429,USA,"USA: Rochester, NY",2018.0,1,0,0,0,0,0,0,0,0,0
562.57382,Resistant,WGS,Good,MLST.ecoli_achtman_4.1193,,Thailand,,2015.0,1,1,1,1,0,0,0,0,0,0
562.96513,Resistant,WGS,Good,MLST.ecoli_achtman_4.131,,United Kingdom,,,1,1,1,1,0,0,0,0,0,0
562.97999,Susceptible,WGS,Good,MLST.ecoli_achtman_4.416,,Norway,,2004.0,1,0,0,0,0,0,0,0,0,0
562.100544,Susceptible,WGS,Good,MLST.ecoli_achtman_4.69,,Norway,,2016.0,1,0,0,0,0,0,0,0,0,0
562.97409,Susceptible,WGS,Good,MLST.ecoli_achtman_4.131,,United Kingdom,,,1,0,0,0,0,0,0,0,0,0
562.100091,Susceptible,WGS,Good,MLST.ecoli_achtman_4.135,,Norway,,2015.0,1,0,0,0,0,0,0,0,0,0
562.97761,Susceptible,WGS,Good,MLST.ecoli_achtman_4.141,,Norway,,2002.0,1,0,0,0,0,0,0,0,0,0
562.100387,Susceptible,WGS,Good,MLST.ecoli_achtman_4.73,,Norway,,2016.0,1,0,0,0,0,0,0,0,0,0
562.99662,Susceptible,WGS,Good,MLST.ecoli_achtman_4.73,,Norway,,2013.0,1,0,0,0,0,0,0,0,0,0
562.57297,Susceptible,WGS,Good,MLST.ecoli_achtman_4.12,,,,2017.0,1,0,0,0,0,0,0,0,0,0
562.98613,Susceptible,WGS,Good,MLST.ecoli_achtman_4.95,,Norway,,2008.0,1,0,0,0,0,0,0,0,0,0
562.97988,Susceptible,WGS,Good,MLST.ecoli_achtman_4.394,,Norway,,2004.0,1,0,0,0,0,0,0,0,0,0
562.100548,Susceptible,WGS,Good,MLST.ecoli_achtman_4.95,,Norway,,2016.0,1,0,0,0,0,0,0,0,0,0
562.100960,Susceptible,WGS,Good,MLST.ecoli_achtman_4.404,,Norway,,2017.0,1,0,0,0,0,0,0,0,0,0
562.16326,Susceptible,Complete,Good,MLST.ecoli_achtman_4.1809,PRJNA292904,,,,0,0,0,0,0,0,0,0,0,0
562.98826,Resistant,WGS,Good,MLST.ecoli_achtman_4.131,,Norway,,2009.0,1,1,1,1,0,0,0,0,0,0
562.22762,Susceptible,WGS,Good,MLST.ecoli_achtman_4.131,PRJEB4681,United Kingdom,,2012.0,0,0,0,0,0,0,0,0,0,0
562.57121,Susceptible,WGS,Good,MLST.ecoli_achtman_4.362,,,,,1,0,0,0,0,0,0,0,0,0
562.97974,Susceptible,WGS,Good,MLST.ecoli_achtman_4.994,,Norway,,2004.0,1,0,0,0,0,0,0,0,0,0
562.22786,Susceptible,WGS,Good,MLST.ecoli_achtman_4.69,PRJEB4681,United Kingdom,,2012.0,0,0,0,0,0,0,0,0,0,0
562.57475,Resistant,WGS,Good,MLST.ecoli_achtman_4.131,,Thailand,,2015.0,1,1,1,1,0,0,0,0,0,0
562.100879,Susceptible,WGS,Good,MLST.ecoli_achtman_4.127,,Norway,,2017.0,1,0,0,0,0,0,0,0,0,0
562.96834,Resistant,WGS,Good,MLST.ecoli_achtman_4.1193,,United Kingdom,,,1,1,1,1,0,0,0,0,0,0
562.42815,Susceptible,WGS,Good,MLST.ecoli_achtman_4.485,PRJNA278886,USA,USA:Boston,2014.0,1,1,1,0,0,0,0,0,0,0
562.98444,Susceptible,WGS,Good,MLST.ecoli_achtman_4.550,,Norway,,2007.0,1,0,0,0,0,0,0,0,0,0
562.99082,Susceptible,WGS,Good,MLST.ecoli_achtman_4.73,,Norway,,2011.0,1,0,0,0,0,0,0,0,0,0
562.100133,Susceptible,WGS,Good,MLST.ecoli_achtman_4.127,,Norway,,2015.0,1,0,0,0,0,0,0,0,0,0
562.97009,Susceptible,WGS,Good,MLST.ecoli_achtman_4.131,,United Kingdom,,,1,0,0,0,0,0,0,0,0,0
562.140905,Resistant,WGS,Good,MLST.ecoli_achtman_4.131,PRJNA530794,USA,"St. Louis, Missouri",2017.0,1,1,1,1,0,0,0,0,0,0
562.100585,Susceptible,WGS,Good,MLST.ecoli_achtman_4.14,,Norway,,2016.0,1,0,0,0,0,0,0,0,0,0
562.58647,Susceptible,WGS,Good,MLST.ecoli_achtman_4.73,,USA,,,1,0,0,0,0,0,0,0,0,0
562.96748,Susceptible,WGS,Good,MLST.ecoli_achtman_4.388,,United Kingdom,,,1,0,0,0,0,0,0,0,0,0
562.99889,Susceptible,WGS,Good,MLST.ecoli_achtman_4.12,,Norway,,2014.0,1,0,0,0,0,0,0,0,0,0
562.100599,Susceptible,WGS,Good,MLST.ecoli_achtman_4.127,,Norway,,2016.0,1,0,0,0,0,0,0,0,0,0
562.100471,Susceptible,WGS,Good,MLST.ecoli_achtman_4.141,,Norway,,2016.0,1,0,0,0,0,0,0,0,0,0
562.96981,Resistant,WGS,Good,MLST.ecoli_achtman_4.131,,United Kingdom,,,1,1,1,1,0,0,0,0,0,1
562.99742,Resistant,WGS,Good,MLST.ecoli_achtman_4.131,,Norway,,2014.0,1,1,1,1,0,0,0,0,0,0
562.57483,Resistant,WGS,Good,MLST.ecoli_achtman_4.405,,Thailand,,2015.0,1,1,1,1,0,0,0,0,0,0
562.22438,Susceptible,WGS,Good,MLST.ecoli_achtman_4.127,PRJEB4681,United Kingdom,,2007.0,0,0,0,0,0,0,0,0,0,0
562.97403,Susceptible,WGS,Good,MLST.ecoli_achtman_4.131,,United Kingdom,,,1,0,0,0,0,0,0,0,0,0
562.96672,Resistant,WGS,Good,MLST.ecoli_achtman_4.131,,United Kingdom,,,1,1,1,1,0,0,0,0,0,0
562.42788,Resistant,WGS,Good,MLST.ecoli_achtman_4.131,PRJNA278886,USA,USA:Boston,2014.0,1,1,1,1,0,0,0,0,0,1
562.100412,Susceptible,WGS,Good,MLST.ecoli_achtman_4.10,,Norway,,2016.0,1,0,0,0,0,0,0,0,0,0
562.96994,Resistant,WGS,Good,MLST.ecoli_achtman_4.648,,United Kingdom,,,1,1,1,1,0,0,0,0,0,1
562.42708,Susceptible,WGS,Good,MLST.ecoli_achtman_4.73,PRJNA278886,USA,USA:Boston,2016.0,1,1,1,0,0,0,0,0,0,0
562.99498,Susceptible,WGS,Good,MLST.ecoli_achtman_4.421,,Norway,,2012.0,1,0,0,0,0,0,0,0,0,0
562.100281,Susceptible,WGS,Good,MLST.ecoli_achtman_4.131,,Norway,,2015.0,1,1,1,1,0,0,0,0,0,0
562.96478,Susceptible,WGS,Good,MLST.ecoli_achtman_4.69,,United Kingdom,,,1,0,0,0,0,0,0,0,0,0
562.100803,Resistant,WGS,Good,MLST.ecoli_achtman_4.131,,Norway,,2017.0,1,1,1,1,0,0,0,0,0,0
562.42710,Resistant,WGS,Good,MLST.ecoli_achtman_4.410,PRJNA278886,USA,USA:Boston,2016.0,1,1,1,1,0,0,0,0,0,0
562.99957,Susceptible,WGS,Good,MLST.ecoli_achtman_4.95,,Norway,,2014.0,1,1,1,0,0,0,0,0,0,0
562.99803,Susceptible,WGS,Good,MLST.ecoli_achtman_4.73,,Norway,,2014.0,1,0,0,0,0,0,0,0,0,0
562.97392,Resistant,WGS,Good,MLST.ecoli_achtman_4.1193,,United Kingdom,,,1,1,1,1,0,0,0,0,0,0
562.98300,Susceptible,WGS,Good,MLST.ecoli_achtman_4.131,,Norway,,2006.0,1,0,0,0,0,0,0,0,0,0
562.99336,Resistant,WGS,Good,MLST.ecoli_achtman_4.393,,Norway,,2012.0,1,1,1,1,0,0,0,0,0,0
562.99558,Susceptible,WGS,Good,MLST.ecoli_achtman_4.69,,Norway,,2013.0,1,0,0,0,0,0,0,0,0,0
562.100625,Susceptible,WGS,Good,MLST.ecoli_achtman_4.69,,Norway,,2017.0,1,1,1,0,0,0,0,0,0,0
562.98180,Susceptible,WGS,Good,MLST.ecoli_achtman_4.349,,Norway,,2005.0,1,0,0,0,0,0,0,0,0,0
562.100753,Susceptible,WGS,Good,MLST.ecoli_achtman_4.95,,Norway,,2017.0,1,0,0,0,0,0,0,0,0,0
562.98858,Susceptible,WGS,Good,MLST.ecoli_achtman_4.73,,Norway,,2010.0,1,0,0,0,0,0,0,0,0,0
562.98116,Susceptible,WGS,Good,MLST.ecoli_achtman_4.929,,Norway,,2005.0,1,0,0,0,0,0,0,0,0,0
562.145408,Susceptible,WGS,Good,MLST.ecoli_achtman_4.57,PRJNA273513,Canada,British Columbia,2006.0,1,1,1,0,0,0,0,0,0,0
562.100800,Resistant,WGS,Good,MLST.ecoli_achtman_4.624,,Norway,,2017.0,1,1,1,1,0,0,0,0,0,0
562.97311,Susceptible,WGS,Good,MLST.ecoli_achtman_4.59,,United Kingdom,,,1,0,0,0,0,0,0,0,0,0
562.57330,Susceptible,WGS,Good,MLST.ecoli_achtman_4.10,,,,2017.0,1,0,0,0,0,0,0,0,0,0
562.98697,Susceptible,WGS,Good,MLST.ecoli_achtman_4.95,,Norway,,2009.0,1,0,0,0,0,0,0,0,0,0
562.140827,Resistant,WGS,Good,MLST.ecoli_achtman_4.131,PRJNA530794,USA,"St. Louis, Missouri",2017.0,1,1,1,1,0,0,0,0,0,0
562.97181,Susceptible,WGS,Good,MLST.ecoli_achtman_4.95,,United Kingdom,,,1,0,0,0,0,0,0,0,0,0
562.42649,Resistant,WGS,Good,MLST.ecoli_achtman_4.44,PRJNA278886,USA,USA:Boston,2015.0,1,1,1,1,0,0,1,0,0,1
562.99863,Susceptible,WGS,Good,MLST.ecoli_achtman_4.10,,Norway,,2014.0,1,0,0,0,0,0,0,0,0,0
562.97218,Susceptible,WGS,Good,MLST.ecoli_achtman_4.7095,,United Kingdom,,,1,1,1,0,0,0,0,0,0,0
562.57319,Susceptible,WGS,Good,MLST.ecoli_achtman_4.1823,,,,2017.0,1,0,0,0,0,0,0,0,0,0
562.22441,Susceptible,WGS,Good,MLST.ecoli_achtman_4.73,PRJEB4681,United Kingdom,,2007.0,0,0,0,0,0,0,0,0,0,0
562.99808,Susceptible,WGS,Good,MLST.ecoli_achtman_4.404,,Norway,,2014.0,1,0,0,0,0,0,0,0,0,0
562.99586,Susceptible,WGS,Good,MLST.ecoli_achtman_4.117,,Norway,,2013.0,1,0,0,0,0,0,0,0,0,0
562.98888,Susceptible,WGS,Good,MLST.ecoli_achtman_4.73,,Norway,,2010.0,1,0,0,0,0,0,0,0,0,0
562.100945,Susceptible,WGS,Good,MLST.ecoli_achtman_4.73,,Norway,,2017.0,1,0,0,0,0,0,0,0,0,0
562.98128,Susceptible,WGS,Good,MLST.ecoli_achtman_4.95,,Norway,,2005.0,1,0,0,0,0,0,0,0,0,0
562.100582,Susceptible,WGS,Good,MLST.ecoli_achtman_4.421,,Norway,,2016.0,1,0,0,0,0,0,0,0,0,0
562.96538,Susceptible,WGS,Good,MLST.ecoli_achtman_4.10,,United Kingdom,,,1,0,0,0,0,0,0,0,0,0
562.42718,Resistant,WGS,Good,MLST.ecoli_achtman_4.131,PRJNA278886,USA,USA:Boston,2016.0,1,1,1,1,0,0,0,0,0,1
562.22760,Susceptible,WGS,Good,MLST.ecoli_achtman_4.2526,PRJEB4681,United Kingdom,,2012.0,0,0,0,0,0,0,0,0,0,0
562.11557,Resistant,WGS,Good,MLST.ecoli_achtman_4.602,PRJEB13470,Germany,,2012.0,1,1,1,1,0,0,0,0,0,0
562.144950,Susceptible,WGS,Good,MLST.ecoli_achtman_4.40,PRJEB54735,Portugal,,2020.0,1,0,0,0,0,0,0,0,0,0
562.100191,Susceptible,WGS,Good,MLST.ecoli_achtman_4.12,,Norway,,2015.0,1,0,0,0,0,0,0,0,0,0
562.98566,Susceptible,WGS,Good,MLST.ecoli_achtman_4.405,,Norway,,2008.0,1,0,0,0,0,0,0,0,0,0
562.100484,Susceptible,WGS,Good,MLST.ecoli_achtman_4.3057,,Norway,,2016.0,1,0,0,0,0,0,0,0,0,0
562.96887,Susceptible,WGS,Good,MLST.ecoli_achtman_4.7102,,United Kingdom,,,1,0,0,0,0,0,0,0,0,0
562.100185,Susceptible,WGS,Good,MLST.ecoli_achtman_4.69,,Norway,,2015.0,1,0,0,0,0,0,0,0,0,0
562.145015,Susceptible,WGS,Good,MLST.ecoli_achtman_4.20,PRJEB54735,Portugal,,2020.0,1,0,0,0,0,0,0,0,0,0
562.22570,Susceptible,WGS,Good,MLST.ecoli_achtman_4.144,PRJEB4681,United Kingdom,,2009.0,0,0,0,0,0,0,0,0,0,0
562.97406,Susceptible,WGS,Good,MLST.ecoli_achtman_4.131,,United Kingdom,,,1,0,0,0,0,0,0,0,0,0
562.100496,Susceptible,WGS,Good,MLST.ecoli_achtman_4.73,,Norway,,2016.0,1,0,0,0,0,0,0,0,0,0
562.97378,Susceptible,WGS,Good,MLST.ecoli_achtman_4.421,,United Kingdom,,,1,0,0,0,0,0,0,0,0,0
562.97350,Resistant,WGS,Good,MLST.ecoli_achtman_4.59,,United Kingdom,,,1,1,1,1,0,0,0,0,0,0
562.45622,Resistant,WGS,Good,MLST.ecoli_achtman_4.350,PRJNA522294,Pakistan,Pakistan:Islamabad,2016.0,1,1,1,1,0,0,0,0,0,0
562.99354,Susceptible,WGS,Good,MLST.ecoli_achtman_4.69,,Norway,,2012.0,1,0,0,0,0,0,0,0,0,0
562.42785,Susceptible,WGS,Good,MLST.ecoli_achtman_4.131,PRJNA278886,USA,USA:Boston,2014.0,1,0,0,0,0,0,0,0,0,0
562.98291,Susceptible,WGS,Good,MLST.ecoli_achtman_4.372,,Norway,,2006.0,1,0,0,0,0,0,0,0,0,0
562.22557,Susceptible,WGS,Good,MLST.ecoli_achtman_4.95,PRJEB4681,United Kingdom,,2009.0,0,0,0,0,0,0,0,0,0,0
562.100590,Susceptible,WGS,Good,MLST.ecoli_achtman_4.12,,Norway,,2016.0,1,0,0,0,0,0,0,0,0,0
562.98519,Susceptible,WGS,Good,MLST.ecoli_achtman_4.550,,Norway,,2008.0,1,0,0,0,0,0,0,0,0,0
562.97434,Resistant,WGS,Good,MLST.ecoli_achtman_4.69,,United Kingdom,,,1,1,1,1,0,0,0,0,0,0
562.99254,Susceptible,WGS,Good,MLST.ecoli_achtman_4.69,,Norway,,2012.0,1,1,1,0,0,0,0,0,0,0
562.99126,Resistant,WGS,Good,MLST.ecoli_achtman_4.69,,Norway,,2011.0,1,1,1,1,0,0,0,0,0,0
562.100767,Susceptible,WGS,Good,MLST.ecoli_achtman_4.73,,Norway,,2017.0,1,0,0,0,0,0,0,0,0,0
562.42743,Susceptible,WGS,Good,MLST.ecoli_achtman_4.38,PRJNA278886,USA,USA:Boston,2017.0,1,0,0,0,0,0,0,0,0,0
562.100578,Susceptible,WGS,Good,MLST.ecoli_achtman_4.421,,Norway,,2016.0,1,0,0,0,0,0,0,0,0,0
562.22452,Susceptible,WGS,Good,MLST.ecoli_achtman_4.62,PRJEB4681,United Kingdom,,2007.0,0,0,0,0,0,0,0,0,0,0
562.98332,Susceptible,WGS,Good,MLST.ecoli_achtman_4.62,,Norway,,2006.0,1,0,0,0,0,0,0,0,0,0
562.99873,Susceptible,WGS,Good,MLST.ecoli_achtman_4.109,,Norway,,2014.0,1,0,0,0,0,0,0,0,0,0
562.100950,Susceptible,WGS,Good,MLST.ecoli_achtman_4.73,,Norway,,2017.0,1,0,0,0,0,0,0,0,0,0
562.96606,Susceptible,WGS,Good,MLST.ecoli_achtman_4.7095,,United Kingdom,,,1,1,1,0,0,0,0,0,0,0
562.100821,Susceptible,WGS,Good,MLST.ecoli_achtman_4.59,,Norway,,2017.0,1,0,0,0,0,0,0,0,0,0
562.99266,Susceptible,WGS,Good,MLST.ecoli_achtman_4.205,,Norway,,2012.0,1,0,0,0,0,0,0,0,0,0
562.100814,Susceptible,WGS,Good,MLST.ecoli_achtman_4.144,,Norway,,2017.0,1,0,0,0,0,0,0,0,0,0
562.100885,Susceptible,WGS,Good,MLST.ecoli_achtman_4.95,,Norway,,2017.0,1,0,0,0,0,0,0,0,0,0
562.96639,Resistant,WGS,Good,MLST.ecoli_achtman_4.131,,United Kingdom,,,1,1,1,1,0,0,0,0,0,0
562.98305,Susceptible,WGS,Good,MLST.ecoli_achtman_4.141,,Norway,,2006.0,1,0,0,0,0,0,0,0,0,0
562.42681,Susceptible,WGS,Good,MLST.ecoli_achtman_4.131,PRJNA278886,USA,USA:Boston,2016.0,1,1,1,0,0,0,0,0,0,0
562.100328,Susceptible,WGS,Good,MLST.ecoli_achtman_4.117,,Norway,,2016.0,1,0,0,0,0,0,0,0,0,0
562.145391,Susceptible,WGS,Good,MLST.ecoli_achtman_4.155,PRJNA273513,Canada,British Columbia,2006.0,1,0,0,0,0,0,0,0,0,0
562.145386,Susceptible,WGS,Good,MLST.ecoli_achtman_4.38,PRJNA273513,Canada,British Columbia,2006.0,1,0,0,0,0,0,0,0,0,0
562.98911,Susceptible,WGS,Good,MLST.ecoli_achtman_4.73,,Norway,,2010.0,1,0,0,0,0,0,0,0,0,0
562.100905,Susceptible,WGS,Good,MLST.ecoli_achtman_4.141,,Norway,,2017.0,1,0,0,0,0,0,0,0,0,0
562.97954,Susceptible,WGS,Good,MLST.ecoli_achtman_4.73,,Norway,,2003.0,1,0,0,0,0,0,0,0,0,0
562.99910,Susceptible,WGS,Good,MLST.ecoli_achtman_4.73,,Norway,,2014.0,1,0,0,0,0,0,0,0,0,0
562.100542,Susceptible,WGS,Good,MLST.ecoli_achtman_4.12,,Norway,,2016.0,1,0,0,0,0,0,0,0,0,0
562.140841,Resistant,WGS,Good,MLST.ecoli_achtman_4.131,PRJNA530794,USA,"St. Louis, Missouri",2017.0,1,1,1,1,0,0,0,0,0,0
562.100280,Susceptible,WGS,Good,MLST.ecoli_achtman_4.126,,Norway,,2015.0,1,0,0,0,0,0,0,0,0,0
562.57250,Resistant,WGS,Good,MLST.ecoli_achtman_4.131,,,,2017.0,1,1,1,1,0,0,0,0,0,0
562.98667,Susceptible,WGS,Good,MLST.ecoli_achtman_4.80,,Norway,,2009.0,1,0,0,0,0,0,0,0,0,0
562.98149,Susceptible,WGS,Good,MLST.ecoli_achtman_4.550,,Norway,,2005.0,1,0,0,0,0,0,0,0,0,0
562.97138,Susceptible,WGS,Good,MLST.ecoli_achtman_4.117,,United Kingdom,,,1,1,1,0,0,0,0,0,0,0
1438684.3,Resistant,WGS,Good,MLST.ecoli_achtman_4.131,PRJNA234237,USA,"North Carolina, USA",,1,1,1,1,0,0,0,0,0,0
562.98107,Susceptible,WGS,Good,MLST.ecoli_achtman_4.10,,Norway,,2005.0,1,0,0,0,0,0,0,0,0,0
562.99319,Susceptible,WGS,Good,MLST.ecoli_achtman_4.405,,Norway,,2012.0,1,0,0,0,0,0,0,0,0,0
562.98105,Susceptible,WGS,Good,MLST.ecoli_achtman_4.95,,Norway,,2005.0,1,0,0,0,0,0,0,0,0,0
562.19631,Resistant,Complete,Good,MLST.ecoli_achtman_4.167,PRJNA292902,,,,1,0,0,0,0,0,0,0,0,0
562.45626,Resistant,WGS,Good,MLST.ecoli_achtman_4.2847,PRJNA522294,Pakistan,Pakistan:Punjab,2016.0,1,1,1,1,0,0,0,0,0,0
562.98821,Susceptible,WGS,Good,MLST.ecoli_achtman_4.73,,Norway,,2009.0,1,0,0,0,0,0,0,0,0,0
562.145056,Susceptible,WGS,Good,MLST.ecoli_achtman_4.13538,PRJEB54735,Portugal,,2021.0,1,0,0,0,0,0,0,0,0,0
562.140859,Resistant,WGS,Good,MLST.ecoli_achtman_4.131,PRJNA530794,USA,"St. Louis, Missouri",2017.0,1,1,1,1,0,0,0,0,0,0
562.99551,Susceptible,WGS,Good,MLST.ecoli_achtman_4.10265,,Norway,,2013.0,1,0,0,0,0,0,0,0,0,0
562.56813,Resistant,WGS,Good,ST127,,Germany,Berlin,2013.0,1,1,1,0,0,0,0,0,0,0
562.99606,Susceptible,WGS,Good,MLST.ecoli_achtman_4.2619,,Norway,,2013.0,1,0,0,0,0,0,0,0,0,0
562.99886,Susceptible,WGS,Good,MLST.ecoli_achtman_4.136,,Norway,,2014.0,1,0,0,0,0,0,0,0,0,0
562.100780,Susceptible,WGS,Good,MLST.ecoli_achtman_4.10240,,Norway,,2017.0,1,0,0,0,0,0,0,0,0,0
562.99779,Susceptible,WGS,Good,MLST.ecoli_achtman_4.69,,Norway,,2014.0,1,0,0,0,0,0,0,0,0,0
562.42845,Susceptible,WGS,Good,MLST.ecoli_achtman_4.12,PRJNA288601,USA,United States,2014.0,1,0,0,0,0,0,0,0,0,0
562.99308,Susceptible,WGS,Good,MLST.ecoli_achtman_4.10246,,Norway,,2012.0,1,0,0,0,0,0,0,0,0,0
562.96615,Resistant,WGS,Good,MLST.ecoli_achtman_4.6151,,United Kingdom,,,1,1,1,1,0,0,0,0,0,0
562.98941,Susceptible,WGS,Good,MLST.ecoli_achtman_4.59,,Norway,,2010.0,1,0,0,0,0,0,0,0,0,0
562.140887,Resistant,WGS,Good,MLST.ecoli_achtman_4.131,PRJNA530794,USA,"St. Louis, Missouri",2017.0,1,1,1,1,0,0,0,0,0,1
562.99660,Susceptible,WGS,Good,MLST.ecoli_achtman_4.404,,Norway,,2013.0,1,0,0,0,0,0,0,0,0,0
562.98750,Susceptible,WGS,Good,MLST.ecoli_achtman_4.14,,Norway,,2009.0,1,0,0,0,0,0,0,0,0,0
562.99854,Susceptible,WGS,Good,MLST.ecoli_achtman_4.73,,Norway,,2014.0,1,0,0,0,0,0,0,0,0,0
562.98527,Susceptible,WGS,Good,MLST.ecoli_achtman_4.127,,Norway,,2008.0,1,0,0,0,0,0,0,0,0,0
562.99955,Susceptible,WGS,Good,MLST.ecoli_achtman_4.131,,Norway,,2014.0,1,0,0,0,0,0,0,0,0,0
562.97890,Susceptible,WGS,Good,MLST.ecoli_achtman_4.127,,Norway,,2003.0,1,0,0,0,0,0,0,0,0,0
562.97774,Susceptible,WGS,Good,MLST.ecoli_achtman_4.73,,Norway,,2002.0,1,0,0,0,0,0,0,0,0,0
562.99294,Susceptible,WGS,Good,MLST.ecoli_achtman_4.10213,,Norway,,2012.0,1,0,0,0,0,0,0,0,0,0
562.22718,Resistant,WGS,Good,MLST.ecoli_achtman_4.5640,PRJEB4681,United Kingdom,,2011.0,1,1,1,1,0,0,0,0,0,0
562.57379,Susceptible,WGS,Good,MLST.ecoli_achtman_4.457,,Thailand,,2015.0,1,0,0,0,0,0,1,0,0,0
562.100833,Susceptible,WGS,Good,MLST.ecoli_achtman_4.10236,,Norway,,2017.0,1,0,0,0,0,0,0,0,0,0
562.99845,Susceptible,WGS,Good,MLST.ecoli_achtman_4.80,,Norway,,2014.0,1,0,0,0,0,0,0,0,0,0
562.98391,Susceptible,WGS,Good,MLST.ecoli_achtman_4.642,,Norway,,2007.0,1,0,0,0,0,0,0,0,0,0
562.100766,Susceptible,WGS,Good,MLST.ecoli_achtman_4.131,,Norway,,2017.0,1,0,0,0,0,0,0,0,0,0
562.99280,Susceptible,WGS,Good,MLST.ecoli_achtman_4.73,,Norway,,2012.0,1,0,0,0,0,0,0,0,0,0
562.42825,Resistant,WGS,Good,MLST.ecoli_achtman_4.410,PRJNA288601,USA,United States,2014.0,1,1,1,1,0,0,0,0,0,0
562.97778,Susceptible,WGS,Good,MLST.ecoli_achtman_4.421,,Norway,,2002.0,1,0,0,0,0,0,0,0,0,0
562.57321,Susceptible,WGS,Good,MLST.ecoli_achtman_4.1727,,,,2017.0,1,0,0,0,0,0,0,0,0,0
562.98283,Susceptible,WGS,Good,MLST.ecoli_achtman_4.131,,Norway,,2006.0,1,0,0,0,0,0,0,0,0,0
562.100794,Susceptible,WGS,Good,MLST.ecoli_achtman_4.357,,Norway,,2017.0,1,0,0,0,0,0,0,0,0,0
562.97978,Susceptible,WGS,Good,MLST.ecoli_achtman_4.10282,,Norway,,2004.0,1,0,0,0,0,0,0,0,0,0
562.57500,Resistant,WGS,Good,MLST.ecoli_achtman_4.131,,Thailand,,2015.0,1,1,1,1,0,0,0,0,0,0
562.97117,Susceptible,WGS,Good,MLST.ecoli_achtman_4.399,,United Kingdom,,,1,0,0,0,0,0,0,0,0,0
562.97374,Susceptible,WGS,Good,MLST.ecoli_achtman_4.58,,United Kingdom,,,1,0,0,0,0,0,0,0,0,0
562.99893,Susceptible,WGS,Good,MLST.ecoli_achtman_4.95,,Norway,,2014.0,1,0,0,0,0,0,0,0,0,0
562.96454,Resistant,WGS,Good,MLST.ecoli_achtman_4.131,,United Kingdom,,,1,1,1,1,0,0,0,0,0,1
562.59222,Resistant,WGS,Good,MLST.ecoli_achtman_4.5474,PRJEB36565,Rwanda,Rwanda,2014.0,1,0,0,0,0,1,0,0,0,1
562.99037,Resistant,WGS,Good,MLST.ecoli_achtman_4.410,,Norway,,2011.0,1,1,1,1,0,0,0,1,1,0
562.100848,Susceptible,WGS,Good,MLST.ecoli_achtman_4.10,,Norway,,2017.0,1,0,0,0,0,0,0,0,0,0
562.100787,Susceptible,WGS,Good,MLST.ecoli_achtman_4.73,,Norway,,2017.0,1,0,0,0,0,0,0,0,0,0
562.97293,Resistant,WGS,Good,MLST.ecoli_achtman_4.131,,United Kingdom,,,1,1,1,1,0,0,0,0,0,1
562.99303,Susceptible,WGS,Good,MLST.ecoli_achtman_4.420,,Norway,,2012.0,1,0,0,0,0,0,0,0,0,0
562.100616,Susceptible,WGS,Good,MLST.ecoli_achtman_4.59,,Norway,,2017.0,1,0,0,0,0,0,0,0,0,0
562.98410,Susceptible,WGS,Good,MLST.ecoli_achtman_4.69,,Norway,,2007.0,1,0,0,0,0,0,0,0,0,0
562.99184,Susceptible,WGS,Good,MLST.ecoli_achtman_4.95,,Norway,,2011.0,1,0,0,0,0,0,0,0,0,0
562.96990,Resistant,WGS,Good,MLST.ecoli_achtman_4.648,,United Kingdom,,,1,1,1,1,0,0,0,0,0,1
562.144974,Susceptible,WGS,Good,MLST.ecoli_achtman_4.738,PRJEB54735,Portugal,,2020.0,1,0,0,0,0,0,0,0,0,0
562.98742,Susceptible,WGS,Good,MLST.ecoli_achtman_4.69,,Norway,,2009.0,1,0,0,0,0,0,0,0,0,0
562.97873,Susceptible,WGS,Good,MLST.ecoli_achtman_4.69,,Norway,,2003.0,1,0,0,0,0,0,0,0,0,0
562.100203,Susceptible,WGS,Good,MLST.ecoli_achtman_4.372,,Norway,,2015.0,1,0,0,0,0,0,0,0,0,0
562.98932,Resistant,WGS,Good,MLST.ecoli_achtman_4.131,,Norway,,2010.0,1,1,1,1,0,0,0,0,0,0
562.57495,Resistant,WGS,Good,MLST.ecoli_achtman_4.410,,Thailand,,2015.0,1,1,1,1,0,0,0,0,0,1
562.97159,Susceptible,WGS,Good,MLST.ecoli_achtman_4.69,,United Kingdom,,,1,0,0,0,0,0,0,0,0,0
562.42753,Resistant,WGS,Good,MLST.ecoli_achtman_4.131,PRJNA278886,USA,USA:Boston,2015.0,1,1,1,1,0,0,0,0,0,0
562.98479,Susceptible,WGS,Good,MLST.ecoli_achtman_4.59,,Norway,,2007.0,1,0,0,0,0,0,0,0,0,0
562.99178,Susceptible,WGS,Good,MLST.ecoli_achtman_4.73,,Norway,,2011.0,1,0,0,0,0,0,0,0,0,0
562.97078,Resistant,WGS,Good,MLST.ecoli_achtman_4.648,,United Kingdom,,,1,1,1,1,0,0,0,0,0,1
562.100711,Susceptible,WGS,Good,MLST.ecoli_achtman_4.357,,Norway,,2017.0,1,0,0,0,0,0,0,0,0,0
562.100273,Susceptible,WGS,Good,MLST.ecoli_achtman_4.58,,Norway,,2015.0,1,0,0,0,0,0,0,0,0,0
562.99689,Susceptible,WGS,Good,MLST.ecoli_achtman_4.95,,Norway,,2013.0,1,0,0,0,0,0,0,0,0,0
562.96670,Resistant,WGS,Good,MLST.ecoli_achtman_4.1193,,United Kingdom,,,1,1,1,1,0,0,0,0,0,0
562.96851,Resistant,WGS,Good,MLST.ecoli_achtman_4.1723,,United Kingdom,,,1,1,1,1,0,0,0,0,0,0
562.100455,Susceptible,WGS,Good,MLST.ecoli_achtman_4.73,,Norway,,2016.0,1,0,0,0,0,0,0,0,0,0
562.100119,Resistant,WGS,Good,MLST.ecoli_achtman_4.131,,Norway,,2015.0,1,1,1,1,0,0,0,0,0,0
562.97260,Resistant,WGS,Good,MLST.ecoli_achtman_4.443,,United Kingdom,,,1,1,1,1,0,0,0,0,0,0
562.99347,Susceptible,WGS,Good,MLST.ecoli_achtman_4.131,,Norway,,2012.0,1,0,0,0,0,0,0,0,0,0
562.19632,Resistant,Complete,Good,MLST.ecoli_achtman_4.131,PRJNA292904,,,,1,0,0,0,0,0,0,0,0,0
562.99830,Resistant,WGS,Good,MLST.ecoli_achtman_4.354,,Norway,,2014.0,1,1,1,1,0,0,0,0,0,0
562.97013,Susceptible,WGS,Good,MLST.ecoli_achtman_4.2598,,United Kingdom,,,1,0,0,0,0,0,0,0,0,0
562.144946,Susceptible,WGS,Good,MLST.ecoli_achtman_4.442,PRJEB54735,Portugal,,2020.0,1,0,0,0,0,0,0,0,0,0
562.97169,Resistant,WGS,Good,MLST.ecoli_achtman_4.443,,United Kingdom,,,1,1,1,1,0,0,0,0,0,0
562.99860,Susceptible,WGS,Good,MLST.ecoli_achtman_4.10,,Norway,,2014.0,1,0,0,0,0,0,0,0,0,0
562.145399,Susceptible,WGS,Good,MLST.ecoli_achtman_4.2171,PRJNA273513,Canada,British Columbia,2006.0,1,0,0,0,0,0,0,0,0,0
562.96975,Resistant,WGS,Good,MLST.ecoli_achtman_4.131,,United Kingdom,,,1,1,1,1,0,0,0,0,0,1
562.22437,Susceptible,WGS,Good,MLST.ecoli_achtman_4.95,PRJEB4681,United Kingdom,,2007.0,0,0,0,0,0,0,0,0,0,0
562.96770,Susceptible,WGS,Good,MLST.ecoli_achtman_4.428,,United Kingdom,,,1,1,1,0,0,0,0,0,0,0
562.31466,Susceptible,WGS,Good,MLST.ecoli_achtman_4.4959,PRJEB23541,Tanzania,Moshi,2014.0,0,0,0,0,0,0,0,0,0,0
562.57079,Susceptible,WGS,Good,MLST.ecoli_achtman_4.95,,,,2008.0,1,0,0,0,0,0,0,0,0,0
562.42685,Resistant,WGS,Good,MLST.ecoli_achtman_4.617,PRJNA278886,USA,USA:Boston,2016.0,1,1,1,1,0,0,0,0,0,1
562.140835,Resistant,WGS,Good,MLST.ecoli_achtman_4.131,PRJNA530794,USA,"St. Louis, Missouri",2017.0,1,1,1,1,0,0,0,0,0,0
562.98810,Susceptible,WGS,Good,MLST.ecoli_achtman_4.12,,Norway,,2009.0,1,0,0,0,0,0,0,0,0,0
562.98464,Susceptible,WGS,Good,MLST.ecoli_achtman_4.2389,,Norway,,2007.0,1,0,0,0,0,0,0,0,0,0
562.98273,Susceptible,WGS,Good,MLST.ecoli_achtman_4.73,,Norway,,2006.0,1,0,0,0,0,0,0,0,0,0
562.98837,Susceptible,WGS,Good,MLST.ecoli_achtman_4.127,,Norway,,2010.0,1,0,0,0,0,0,0,0,0,0
562.45664,Susceptible,WGS,Good,MLST.ecoli_achtman_4.117,PRJNA522294,Pakistan,Pakistan:Islamabad,2017.0,1,1,1,0,0,0,0,0,0,0
562.97501,Susceptible,WGS,Good,MLST.ecoli_achtman_4.69,,United Kingdom,,,1,1,1,0,0,0,0,0,0,0
562.97508,Resistant,WGS,Good,MLST.ecoli_achtman_4.1193,,United Kingdom,,,1,1,1,1,0,0,0,0,0,0
562.57326,Susceptible,WGS,Good,MLST.ecoli_achtman_4.399,,,,2017.0,1,0,0,0,0,0,0,0,0,0
562.100330,Susceptible,WGS,Good,MLST.ecoli_achtman_4.69,,Norway,,2016.0,1,1,1,0,0,0,0,0,0,0
562.98528,Susceptible,WGS,Good,MLST.ecoli_achtman_4.80,,Norway,,2008.0,1,0,0,0,0,0,0,0,0,0
562.97302,Resistant,WGS,Good,MLST.ecoli_achtman_4.131,,United Kingdom,,,1,1,1,1,0,0,0,0,0,0
562.98374,Susceptible,WGS,Good,MLST.ecoli_achtman_4.10252,,Norway,,2007.0,1,0,0,0,0,0,0,0,0,0
562.97474,Resistant,WGS,Good,MLST.ecoli_achtman_4.131,,United Kingdom,,,1,1,1,1,0,0,0,0,0,0
562.135562,Resistant,WGS,Good,MLST.Escherichia_coli_2.88,,India,Chattisgarh (Jan Swasthya Sahyog),2020.0,1,1,1,1,0,0,1,0,0,0
562.98961,Resistant,WGS,Good,MLST.ecoli_achtman_4.131,,Norway,,2010.0,1,1,1,1,0,0,0,0,0,0
562.97439,Susceptible,WGS,Good,MLST.ecoli_achtman_4.7095,,United Kingdom,,,1,1,1,0,0,0,0,0,0,0
562.96515,Resistant,WGS,Good,MLST.ecoli_achtman_4.131,,United Kingdom,,,1,1,1,1,0,0,0,0,0,0
562.57438,Susceptible,WGS,Good,MLST.ecoli_achtman_4.345,,Thailand,,2015.0,1,1,1,0,0,0,1,0,0,0
562.98261,Susceptible,WGS,Good,MLST.ecoli_achtman_4.550,,Norway,,2006.0,1,0,0,0,0,0,0,0,0,0
562.96573,Susceptible,WGS,Good,MLST.ecoli_achtman_4.10,,United Kingdom,,,1,0,0,0,0,0,0,0,0,0
562.100149,Susceptible,WGS,Good,MLST.ecoli_achtman_4.10238,,Norway,,2015.0,1,0,0,0,0,0,0,0,0,0
562.100402,Susceptible,WGS,Good,MLST.ecoli_achtman_4.7627,,Norway,,2016.0,1,0,0,0,0,0,0,0,0,0
562.98644,Susceptible,WGS,Good,MLST.ecoli_achtman_4.58,,Norway,,2009.0,1,0,0,0,0,0,0,0,0,0
562.96876,Susceptible,WGS,Good,MLST.ecoli_achtman_4.10,,United Kingdom,,,1,0,0,0,0,0,0,0,0,0
562.23548,Resistant,WGS,Good,MLST.ecoli_achtman_4.73,PRJEB4681,United Kingdom,,2008.0,1,1,1,1,0,0,0,0,0,0
562.97793,Susceptible,WGS,Good,MLST.ecoli_achtman_4.10,,Norway,,2002.0,1,0,0,0,0,0,0,0,0,0
562.97440,Susceptible,WGS,Good,MLST.ecoli_achtman_4.7095,,United Kingdom,,,1,1,1,0,0,0,0,0,0,0
562.45597,Resistant,WGS,Good,MLST.ecoli_achtman_4.1011,PRJNA522294,Pakistan,Pakistan:Islamabad,2016.0,1,1,1,1,0,0,0,0,0,0
562.98487,Susceptible,WGS,Good,MLST.ecoli_achtman_4.95,,Norway,,2008.0,1,0,0,0,0,0,0,0,0,0
562.98999,Susceptible,WGS,Good,MLST.ecoli_achtman_4.38,,Norway,,2010.0,1,1,1,0,0,0,0,0,0,0
562.100190,Susceptible,WGS,Good,MLST.ecoli_achtman_4.95,,Norway,,2015.0,1,0,0,0,0,0,0,0,0,0
562.99867,Susceptible,WGS,Good,MLST.ecoli_achtman_4.2308,,Norway,,2014.0,1,0,0,0,0,0,0,0,0,0
562.98537,Susceptible,WGS,Good,MLST.ecoli_achtman_4.73,,Norway,,2008.0,1,0,0,0,0,0,0,0,0,0
562.96823,Susceptible,WGS,Good,MLST.ecoli_achtman_4.141,,United Kingdom,,,1,0,0,0,0,0,0,0,0,0
562.98351,Susceptible,WGS,Good,MLST.ecoli_achtman_4.405,,Norway,,2007.0,1,0,0,0,0,0,0,0,0,0
562.98457,Susceptible,WGS,Good,MLST.ecoli_achtman_4.73,,Norway,,2007.0,1,0,0,0,0,0,0,0,0,0
562.98780,Susceptible,WGS,Good,MLST.ecoli_achtman_4.73,,Norway,,2009.0,1,0,0,0,0,0,0,0,0,0
562.98159,Susceptible,WGS,Good,MLST.ecoli_achtman_4.73,,Norway,,2005.0,1,0,0,0,0,0,0,0,0,0
562.98993,Susceptible,WGS,Good,MLST.ecoli_achtman_4.73,,Norway,,2010.0,1,0,0,0,0,0,0,0,0,0
562.22777,Susceptible,WGS,Good,MLST.ecoli_achtman_4.127,PRJEB4681,United Kingdom,,2012.0,0,0,0,0,0,0,0,0,0,0
562.96700,Resistant,WGS,Good,MLST.ecoli_achtman_4.1193,,United Kingdom,,,1,1,1,1,0,0,0,0,0,0
562.99731,Susceptible,WGS,Good,MLST.ecoli_achtman_4.69,,Norway,,2013.0,1,0,0,0,0,0,0,0,0,0
562.22712,Susceptible,WGS,Good,MLST.ecoli_achtman_4.73,PRJEB4681,United Kingdom,,2010.0,0,0,0,0,0,0,0,0,0,0
562.97399,Susceptible,WGS,Good,MLST.ecoli_achtman_4.131,,United Kingdom,,,1,0,0,0,0,0,0,0,0,0
562.145820,Susceptible,WGS,Good,MLST.ecoli_achtman_4.69,PRJNA273513,Canada,,2001.0,1,0,0,0,0,0,0,0,0,0
562.99971,Susceptible,WGS,Good,MLST.ecoli_achtman_4.69,,Norway,,2014.0,1,1,1,1,0,0,0,0,0,0
562.42780,Resistant,WGS,Good,MLST.ecoli_achtman_4.131,PRJNA278886,USA,USA:Boston,2015.0,1,1,1,1,0,0,0,0,0,0
562.98269,Susceptible,WGS,Good,MLST.ecoli_achtman_4.2619,,Norway,,2006.0,1,0,0,0,0,0,0,0,0,0
562.97825,Susceptible,WGS,Good,MLST.ecoli_achtman_4.73,,Norway,,2003.0,1,0,0,0,0,0,0,0,0,0
562.31452,Resistant,WGS,Good,MLST.ecoli_achtman_4.167,PRJEB23541,Tanzania,Moshi,2013.0,1,1,1,1,0,0,1,0,0,0
562.98289,Resistant,WGS,Good,MLST.ecoli_achtman_4.393,,Norway,,2006.0,1,1,1,1,0,0,0,0,0,0
562.96464,Resistant,WGS,Good,MLST.ecoli_achtman_4.1196,,United Kingdom,,,1,1,1,1,0,0,0,0,0,0
562.100287,Susceptible,WGS,Good,MLST.ecoli_achtman_4.12,,Norway,,2015.0,1,0,0,0,0,0,0,0,0,0
562.98003,Susceptible,WGS,Good,MLST.ecoli_achtman_4.12,,Norway,,2004.0,1,0,0,0,0,0,0,0,0,0
562.145817,Susceptible,WGS,Good,MLST.ecoli_achtman_4.963,PRJNA273513,Canada,,2006.0,1,0,0,0,0,0,0,0,0,0
562.45667,Resistant,WGS,Good,MLST.ecoli_achtman_4.93,PRJNA522294,Pakistan,Pakistan:Punjab,2017.0,1,1,1,1,0,0,0,0,0,0
562.99773,Susceptible,WGS,Good,MLST.ecoli_achtman_4.80,,Norway,,2014.0,1,0,0,0,0,0,0,0,0,0
562.97973,Susceptible,WGS,Good,MLST.ecoli_achtman_4.12,,Norway,,2004.0,1,0,0,0,0,0,0,0,0,0
562.98615,Susceptible,WGS,Good,MLST.ecoli_achtman_4.409,,Norway,,2008.0,1,0,0,0,0,0,0,0,0,0
562.57366,Susceptible,WGS,Good,MLST.ecoli_achtman_4.38,,Thailand,,2015.0,1,0,0,0,0,0,0,0,0,0
562.100210,Susceptible,WGS,Good,MLST.ecoli_achtman_4.73,,Norway,,2015.0,1,0,0,0,0,0,0,0,0,0
562.96648,Resistant,WGS,Good,MLST.ecoli_achtman_4.648,,United Kingdom,,,1,1,1,1,0,0,0,0,0,0
562.97093,Resistant,WGS,Good,MLST.ecoli_achtman_4.354,,United Kingdom,,,1,1,1,1,0,0,0,0,0,0
562.96796,Resistant,WGS,Good,MLST.ecoli_achtman_4.443,,United Kingdom,,,1,1,1,1,0,0,0,0,0,0
562.65802,Resistant,WGS,Good,MLST.ecoli_achtman_4.410,,Germany,North Rhine-Westphalia,,1,1,1,1,0,0,0,0,0,0
562.98311,Resistant,WGS,Good,MLST.ecoli_achtman_4.393,,Norway,,2006.0,1,1,1,1,0,0,0,0,0,0
562.42729,Resistant,WGS,Good,MLST.ecoli_achtman_4.10,PRJNA278886,USA,USA:Boston,2016.0,1,1,1,1,0,0,0,0,0,1
562.97225,Resistant,WGS,Good,MLST.ecoli_achtman_4.443,,United Kingdom,,,1,1,1,1,0,0,0,0,0,0
562.98554,Susceptible,WGS,Good,MLST.ecoli_achtman_4.127,,Norway,,2008.0,1,0,0,0,0,0,0,0,0,0
562.23221,Susceptible,WGS,Good,MLST.ecoli_achtman_4.5597,PRJEB4681,United Kingdom,,2005.0,0,0,0,0,0,0,0,0,0,0
562.99134,Susceptible,WGS,Good,MLST.ecoli_achtman_4.1155,,Norway,,2011.0,1,0,0,0,0,0,0,0,0,0
562.98960,Susceptible,WGS,Good,MLST.ecoli_achtman_4.544,,Norway,,2010.0,1,0,0,0,0,0,0,0,0,0
562.22637,Susceptible,WGS,Good,MLST.ecoli_achtman_4.131,PRJEB4681,United Kingdom,,2010.0,0,0,0,0,0,0,0,0,0,0
562.99713,Susceptible,WGS,Good,MLST.ecoli_achtman_4.131,,Norway,,2013.0,1,0,0,0,0,0,0,0,0,0
562.56764,Resistant,WGS,Good,MLST.ecoli_achtman_4.453,,Germany,North Rhine-Westphalia,2014.0,1,1,1,1,0,0,0,0,0,0
562.22769,Susceptible,WGS,Good,MLST.ecoli_achtman_4.73,PRJEB4681,United Kingdom,,2012.0,0,0,0,0,0,0,0,0,0,0
562.97204,Susceptible,WGS,Good,MLST.ecoli_achtman_4.7100,,United Kingdom,,,1,0,0,0,0,0,0,0,0,0
562.100360,Resistant,WGS,Good,MLST.ecoli_achtman_4.1193,,Norway,,2016.0,1,1,1,1,0,0,0,0,0,0
562.100401,Resistant,WGS,Good,MLST.ecoli_achtman_4.131,,Norway,,2016.0,1,1,1,1,0,0,0,0,0,0
562.97857,Susceptible,WGS,Good,MLST.ecoli_achtman_4.95,,Norway,,2003.0,1,0,0,0,0,0,0,0,0,0
562.99011,Susceptible,WGS,Good,MLST.ecoli_achtman_4.3564,,Norway,,2010.0,1,0,0,0,0,0,0,0,0,0
562.96723,Susceptible,WGS,Good,MLST.ecoli_achtman_4.69,,United Kingdom,,,1,0,0,0,0,0,0,0,0,0
562.97965,Susceptible,WGS,Good,MLST.ecoli_achtman_4.95,,Norway,,2003.0,1,1,1,0,0,0,0,0,0,0
562.57487,Resistant,WGS,Good,MLST.ecoli_achtman_4.410,,Thailand,,2015.0,1,1,1,1,0,0,0,0,0,0
562.97269,Susceptible,WGS,Good,MLST.ecoli_achtman_4.2521,,United Kingdom,,,1,0,0,0,0,0,0,0,0,0
562.100722,Susceptible,WGS,Good,MLST.ecoli_achtman_4.73,,Norway,,2017.0,1,0,0,0,0,0,0,0,0,0
562.100482,Susceptible,WGS,Good,MLST.ecoli_achtman_4.101,,Norway,,2016.0,1,0,0,0,0,0,0,0,0,0
562.99687,Susceptible,WGS,Good,MLST.ecoli_achtman_4.131,,Norway,,2013.0,1,0,0,0,0,0,0,0,0,0
562.96631,Resistant,WGS,Good,MLST.ecoli_achtman_4.6151,,United Kingdom,,,1,1,1,1,0,0,0,0,0,0
562.97443,Susceptible,WGS,Good,MLST.ecoli_achtman_4.7095,,United Kingdom,,,1,1,1,0,0,0,0,0,0,0
562.99467,Susceptible,WGS,Good,MLST.ecoli_achtman_4.95,,Norway,,2012.0,1,0,0,0,0,0,0,0,0,0
562.22584,Susceptible,WGS,Good,MLST.ecoli_achtman_4.625,PRJEB4681,United Kingdom,,2009.0,0,0,0,0,0,0,0,0,0,0
562.145425,Susceptible,WGS,Good,MLST.ecoli_achtman_4.38,PRJNA273513,Canada,British Columbia,2006.0,1,0,0,0,0,0,0,0,0,0
562.100782,Susceptible,WGS,Good,MLST.ecoli_achtman_4.1159,,Norway,,2017.0,1,0,0,0,0,0,0,0,0,0
562.42756,Resistant,WGS,Good,MLST.ecoli_achtman_4.131,PRJNA278886,USA,USA:Boston,2015.0,1,1,1,1,0,0,0,0,0,0
562.97457,Susceptible,WGS,Good,MLST.ecoli_achtman_4.3006,,United Kingdom,,,1,0,0,0,0,0,0,0,0,0
562.45635,Resistant,WGS,Good,MLST.ecoli_achtman_4.93,PRJNA522294,Pakistan,Pakistan:Balochistan,2016.0,1,1,1,1,0,0,0,0,0,0
562.96455,Susceptible,WGS,Good,MLST.ecoli_achtman_4.212,,United Kingdom,,,1,0,0,0,0,0,0,0,0,0
562.73356,Resistant,WGS,Good,MLST.ecoli_achtman_4.1196,PRJEB34557,Spain,Barcelona,2013.0,1,1,1,1,0,0,0,0,0,0
562.97006,Susceptible,WGS,Good,MLST.ecoli_achtman_4.131,,United Kingdom,,,1,0,0,0,0,0,0,0,0,0
562.58631,Resistant,WGS,Good,MLST.ecoli_achtman_4.131,,Pakistan,,,1,1,1,1,0,0,0,0,0,1
562.99559,Resistant,WGS,Good,MLST.ecoli_achtman_4.453,,Norway,,2013.0,1,1,1,1,0,0,0,0,0,0
562.99902,Susceptible,WGS,Good,MLST.ecoli_achtman_4.127,,Norway,,2014.0,1,0,0,0,0,0,0,0,0,0
562.96905,Resistant,WGS,Good,MLST.ecoli_achtman_4.131,,United Kingdom,,,1,1,1,1,0,0,0,0,0,1
562.22502,Susceptible,WGS,Good,MLST.ecoli_achtman_4.73,PRJEB4681,United Kingdom,,2008.0,0,0,0,0,0,0,0,0,0,0
562.98242,Susceptible,WGS,Good,MLST.ecoli_achtman_4.10,,Norway,,2006.0,1,0,0,0,0,0,0,0,0,0
562.99991,Susceptible,WGS,Good,MLST.ecoli_achtman_4.73,,Norway,,2014.0,1,0,0,0,0,0,0,0,0,0
562.99563,Susceptible,WGS,Good,MLST.ecoli_achtman_4.10,,Norway,,2013.0,1,0,0,0,0,0,0,0,0,0
562.97860,Susceptible,WGS,Good,MLST.ecoli_achtman_4.8579,,Norway,,2003.0,1,0,0,0,0,0,0,0,0,0
562.100721,Susceptible,WGS,Good,MLST.ecoli_achtman_4.648,,Norway,,2017.0,1,0,0,0,0,0,0,0,0,0
562.99751,Resistant,WGS,Good,MLST.ecoli_achtman_4.131,,Norway,,2014.0,1,1,1,1,0,0,0,0,0,0
562.100152,Susceptible,WGS,Good,MLST.ecoli_achtman_4.372,,Norway,,2015.0,1,0,0,0,0,0,0,0,0,0
562.98275,Susceptible,WGS,Good,MLST.ecoli_achtman_4.537,,Norway,,2006.0,1,0,0,0,0,0,0,0,0,0
562.96448,Susceptible,WGS,Good,MLST.ecoli_achtman_4.212,,United Kingdom,,,1,0,0,0,0,0,0,0,0,0
562.99676,Susceptible,WGS,Good,MLST.ecoli_achtman_4.117,,Norway,,2013.0,1,0,0,0,0,0,0,0,0,0
562.97810,Susceptible,WGS,Good,MLST.ecoli_achtman_4.12,,Norway,,2003.0,1,0,0,0,0,0,0,0,0,0
562.96535,Susceptible,WGS,Good,MLST.ecoli_achtman_4.93,,United Kingdom,,,1,0,0,0,0,0,0,0,0,0
562.100870,Susceptible,WGS,Good,MLST.ecoli_achtman_4.83,,Norway,,2017.0,1,0,0,0,0,0,0,0,0,0
562.42842,Susceptible,WGS,Good,MLST.ecoli_achtman_4.1844,PRJNA288601,USA,United States,2014.0,1,0,0,0,0,0,0,0,0,0
562.99504,Resistant,WGS,Good,MLST.ecoli_achtman_4.1193,,Norway,,2013.0,1,1,1,1,0,0,0,0,0,0
562.96510,Resistant,WGS,Good,MLST.ecoli_achtman_4.131,,United Kingdom,,,1,1,1,1,0,0,0,0,0,0
562.22576,Susceptible,WGS,Good,MLST.ecoli_achtman_4.390,PRJEB4681,United Kingdom,,2009.0,0,0,0,0,0,0,0,0,0,0
562.98308,Susceptible,WGS,Good,MLST.ecoli_achtman_4.73,,Norway,,2006.0,1,0,0,0,0,0,0,0,0,0
562.97020,Susceptible,WGS,Good,MLST.ecoli_achtman_4.58,,United Kingdom,,,1,0,0,0,0,0,1,0,0,0
562.42721,Susceptible,WGS,Good,MLST.ecoli_achtman_4.68,PRJNA278886,USA,USA:Boston,2016.0,1,0,0,0,0,0,0,0,0,0
562.58728,Resistant,WGS,Good,MLST.ecoli_achtman_4.359,,Italy,,2014.0,1,1,1,1,0,0,0,0,0,0
562.22638,Susceptible,WGS,Good,MLST.ecoli_achtman_4.73,PRJEB4681,United Kingdom,,2010.0,0,0,0,0,0,0,0,0,0,0
562.57465,Resistant,WGS,Good,MLST.ecoli_achtman_4.410,,Thailand,,2015.0,1,1,1,1,0,0,1,0,0,1
562.97358,Susceptible,WGS,Good,MLST.ecoli_achtman_4.59,,United Kingdom,,,1,0,0,0,0,0,0,0,0,0
562.56870,Resistant,WGS,Good,MLST.ecoli_achtman_4.744,,Germany,North Rhine-Westphalia,2016.0,1,1,1,1,0,0,0,0,0,0
562.98204,Susceptible,WGS,Good,MLST.ecoli_achtman_4.14,,Norway,,2006.0,1,0,0,0,0,0,0,0,0,0
562.99350,Susceptible,WGS,Good,MLST.ecoli_achtman_4.95,,Norway,,2012.0,1,0,0,0,0,0,0,0,0,0
562.99204,Susceptible,WGS,Good,MLST.ecoli_achtman_4.2086,,Norway,,2011.0,1,0,0,0,0,0,0,0,0,0
562.57093,Susceptible,WGS,Good,MLST.ecoli_achtman_4.1973,,,,2017.0,1,0,0,0,0,0,0,0,0,0
562.99208,Susceptible,WGS,Good,MLST.ecoli_achtman_4.978,,Norway,,2011.0,1,0,0,0,0,0,0,0,0,0
562.99270,Susceptible,WGS,Good,MLST.ecoli_achtman_4.95,,Norway,,2012.0,1,0,0,0,0,0,0,0,0,0
562.99958,Susceptible,WGS,Good,MLST.ecoli_achtman_4.10283,,Norway,,2014.0,1,0,0,0,0,0,0,0,0,0
562.98135,Susceptible,WGS,Good,MLST.ecoli_achtman_4.95,,Norway,,2005.0,1,0,0,0,0,0,0,0,0,0
562.99390,Susceptible,WGS,Good,MLST.ecoli_achtman_4.1057,,Norway,,2012.0,1,1,1,0,0,0,0,0,0,0
562.42692,Susceptible,WGS,Good,MLST.ecoli_achtman_4.38,PRJNA278886,USA,USA:Boston,2016.0,1,0,0,0,0,1,0,0,0,0
562.97001,Susceptible,WGS,Good,MLST.ecoli_achtman_4.88,,United Kingdom,,,1,0,0,0,0,0,0,0,0,0
562.42778,Susceptible,WGS,Good,MLST.ecoli_achtman_4.131,PRJNA278886,USA,USA:Boston,2015.0,1,1,1,1,0,0,0,0,0,0
562.57088,Resistant,WGS,Good,MLST.ecoli_achtman_4.131,,,,2008.0,1,1,1,1,0,0,0,0,0,0
562.97985,Susceptible,WGS,Good,MLST.ecoli_achtman_4.131,,Norway,,2004.0,1,0,0,0,0,0,0,0,0,0
562.22471,Resistant,WGS,Good,MLST.ecoli_achtman_4.69,PRJEB4681,United Kingdom,,2007.0,1,1,1,1,0,0,0,0,0,0
562.98709,Susceptible,WGS,Good,MLST.ecoli_achtman_4.73,,Norway,,2009.0,1,0,0,0,0,0,0,0,0,0
562.145822,Susceptible,WGS,Good,MLST.ecoli_achtman_4.69,PRJNA273513,Canada,,2000.0,1,0,0,0,0,0,0,0,0,0
562.57292,Resistant,WGS,Good,MLST.ecoli_achtman_4.1284,,,,2009.0,1,1,1,1,0,0,0,0,0,1
562.22671,Susceptible,WGS,Good,MLST.ecoli_achtman_4.95,PRJEB4681,United Kingdom,,2011.0,1,1,1,0,0,0,0,0,0,0
562.98475,Susceptible,WGS,Good,MLST.ecoli_achtman_4.129,,Norway,,2007.0,1,0,0,0,0,0,0,0,0,0
562.96720,Susceptible,WGS,Good,MLST.ecoli_achtman_4.69,,United Kingdom,,,1,0,0,0,0,0,0,0,0,0
562.100010,Susceptible,WGS,Good,MLST.ecoli_achtman_4.127,,Norway,,2015.0,1,0,0,0,0,0,0,0,0,0
562.97863,Susceptible,WGS,Good,MLST.ecoli_achtman_4.95,,Norway,,2003.0,1,0,0,0,0,0,0,0,0,0
562.98660,Susceptible,WGS,Good,MLST.ecoli_achtman_4.681,,Norway,,2009.0,1,0,0,0,0,0,0,0,0,0
562.57145,Susceptible,WGS,Good,MLST.ecoli_achtman_4.409,,,,,1,0,0,0,0,0,0,0,0,0
562.100294,Susceptible,WGS,Good,MLST.ecoli_achtman_4.73,,Norway,,2015.0,1,0,0,0,0,0,0,0,0,0
562.96501,Susceptible,WGS,Good,MLST.ecoli_achtman_4.3202,,United Kingdom,,,1,0,0,0,0,0,0,0,0,0
562.99590,Susceptible,WGS,Good,MLST.ecoli_achtman_4.10294,,Norway,,2013.0,1,0,0,0,0,0,0,0,0,0
562.57130,Susceptible,WGS,Good,MLST.ecoli_achtman_4.678,,,,2008.0,1,1,1,0,0,0,0,0,0,0
562.140850,Resistant,WGS,Good,MLST.ecoli_achtman_4.131,PRJNA530794,USA,"St. Louis, Missouri",2017.0,1,1,1,1,0,0,0,0,0,0
562.144957,Susceptible,WGS,Good,MLST.ecoli_achtman_4.738,PRJEB54735,Portugal,,2020.0,1,0,0,0,0,0,0,0,0,0
562.144958,Susceptible,WGS,Good,MLST.ecoli_achtman_4.1819,PRJEB54735,Portugal,,2019.0,1,0,0,0,0,0,0,0,0,0
562.98050,Susceptible,WGS,Good,MLST.ecoli_achtman_4.95,,Norway,,2004.0,1,0,0,0,0,0,0,0,0,0
562.100104,Susceptible,WGS,Good,MLST.ecoli_achtman_4.38,,Norway,,2015.0,1,0,0,0,0,0,0,0,0,0
562.100869,Susceptible,WGS,Good,MLST.ecoli_achtman_4.95,,Norway,,2017.0,1,1,1,0,0,0,0,0,0,0
562.99783,Susceptible,WGS,Good,MLST.ecoli_achtman_4.73,,Norway,,2014.0,1,0,0,0,0,0,0,0,0,0
562.99574,Susceptible,WGS,Good,MLST.ecoli_achtman_4.569,,Norway,,2013.0,1,0,0,0,0,0,0,0,0,0
562.30349,Resistant,Complete,Good,MLST.ecoli_achtman_4.648,PRJNA401330,Sweden,Sweden: Gothenburg,2013.0,1,0,0,0,0,0,0,0,0,1
562.96586,Susceptible,WGS,Good,MLST.ecoli_achtman_4.4959,,United Kingdom,,,1,0,0,0,0,0,0,0,0,0
562.42638,Resistant,WGS,Good,MLST.ecoli_achtman_4.131,PRJNA278886,USA,USA:Boston,2015.0,1,1,1,1,0,0,0,0,0,0
562.135583,Resistant,WGS,Good,MLST.ecoli_achtman_4.405,,India,Chattisgarh (Jan Swasthya Sahyog),2020.0,1,1,1,1,0,0,0,0,0,1
562.100577,Susceptible,WGS,Good,MLST.ecoli_achtman_4.144,,Norway,,2016.0,1,0,0,0,0,0,0,0,0,0
562.99408,Susceptible,WGS,Good,MLST.ecoli_achtman_4.127,,Norway,,2012.0,1,0,0,0,0,0,0,0,0,0
562.100122,Susceptible,WGS,Good,MLST.ecoli_achtman_4.8915,,Norway,,2015.0,1,0,0,0,0,0,0,0,0,0
562.22772,Susceptible,WGS,Good,MLST.ecoli_achtman_4.69,PRJEB4681,United Kingdom,,2012.0,0,0,0,0,0,0,0,0,0,0
562.100561,Susceptible,WGS,Good,MLST.ecoli_achtman_4.69,,Norway,,2016.0,1,0,0,0,0,0,0,0,0,0
562.100636,Susceptible,WGS,Good,"MLST.Escherichia_coli_1.14,MLST.Escherichia_coli_2.6",,Norway,,2017.0,1,0,0,0,0,0,0,0,0,0
562.97239,Resistant,WGS,Good,MLST.ecoli_achtman_4.443,,United Kingdom,,,1,1,1,1,0,0,0,0,0,0
562.99825,Resistant,WGS,Good,MLST.ecoli_achtman_4.1193,,Norway,,2014.0,1,1,1,1,0,0,0,0,0,0
562.97407,Susceptible,WGS,Good,MLST.ecoli_achtman_4.4087,,United Kingdom,,,1,0,0,0,0,0,0,0,0,0
562.99780,Resistant,WGS,Good,MLST.ecoli_achtman_4.69,,Norway,,2014.0,1,1,1,1,0,0,0,0,0,0
562.17620,Resistant,Complete,Good,MLST.ecoli_achtman_4.617,PRJNA292902,,,,1,0,0,0,0,0,0,0,0,0
562.96891,Susceptible,WGS,Good,MLST.ecoli_achtman_4.88,,United Kingdom,,,1,0,0,0,0,0,0,0,0,0
562.100105,Susceptible,WGS,Good,MLST.ecoli_achtman_4.95,,Norway,,2015.0,1,0,0,0,0,0,0,0,0,0
562.98379,Susceptible,WGS,Good,MLST.ecoli_achtman_4.4623,,Norway,,2007.0,1,0,0,0,0,0,0,0,0,0
562.22641,Susceptible,WGS,Good,MLST.ecoli_achtman_4.127,PRJEB4681,United Kingdom,,2010.0,0,0,0,0,0,0,0,0,0,0
562.100118,Susceptible,WGS,Good,MLST.ecoli_achtman_4.746,,Norway,,2015.0,1,0,0,0,0,0,0,0,0,0
562.98850,Susceptible,WGS,Good,MLST.ecoli_achtman_4.95,,Norway,,2010.0,1,0,0,0,0,0,0,0,0,0
562.98878,Susceptible,WGS,Good,MLST.ecoli_achtman_4.73,,Norway,,2010.0,1,0,0,0,0,0,0,0,0,0
562.145437,Susceptible,WGS,Good,MLST.ecoli_achtman_4.117,PRJNA273513,Canada,British Columbia,2006.0,1,0,0,0,0,0,0,0,0,0
562.42767,Resistant,WGS,Good,MLST.ecoli_achtman_4.131,PRJNA278886,USA,USA:Boston,2015.0,1,1,1,1,0,0,0,0,0,1
562.57290,Resistant,WGS,Good,MLST.ecoli_achtman_4.617,,,,2009.0,1,1,1,1,0,0,0,0,0,1
562.99223,Susceptible,WGS,Good,MLST.ecoli_achtman_4.404,,Norway,,2011.0,1,0,0,0,0,0,0,0,0,0
562.98586,Susceptible,WGS,Good,MLST.ecoli_achtman_4.141,,Norway,,2008.0,1,0,0,0,0,0,0,0,0,0
562.100781,Susceptible,WGS,Good,MLST.ecoli_achtman_4.127,,Norway,,2017.0,1,0,0,0,0,0,0,0,0,0
562.98915,Susceptible,WGS,Good,MLST.ecoli_achtman_4.640,,Norway,,2010.0,1,0,0,0,0,0,0,0,0,0
562.99281,Susceptible,WGS,Good,MLST.ecoli_achtman_4.10,,Norway,,2012.0,1,0,0,0,0,0,0,0,0,0
562.97043,Susceptible,WGS,Good,MLST.ecoli_achtman_4.164,,United Kingdom,,,1,0,0,0,0,0,0,0,0,0
562.140858,Resistant,WGS,Good,MLST.ecoli_achtman_4.131,PRJNA530794,USA,"St. Louis, Missouri",2017.0,1,1,1,1,0,0,0,0,0,0
562.57283,Resistant,WGS,Good,MLST.ecoli_achtman_4.131,,,,2009.0,1,1,1,1,0,0,0,0,0,1
562.100384,Susceptible,WGS,Good,MLST.ecoli_achtman_4.69,,Norway,,2016.0,1,0,0,0,0,0,0,0,0,0
562.100059,Susceptible,WGS,Good,MLST.ecoli_achtman_4.69,,Norway,,2015.0,1,1,1,0,0,0,0,0,0,0
562.98722,Susceptible,WGS,Good,MLST.ecoli_achtman_4.73,,Norway,,2009.0,1,0,0,0,0,0,0,0,0,0
562.42862,Resistant,WGS,Good,MLST.ecoli_achtman_4.131,PRJNA288601,USA,United States,2013.0,1,1,1,1,0,0,0,0,0,0
562.100090,Susceptible,WGS,Good,MLST.ecoli_achtman_4.10269,,Norway,,2015.0,1,0,0,0,0,0,0,0,0,0
562.98304,Susceptible,WGS,Good,MLST.ecoli_achtman_4.95,,Norway,,2006.0,1,0,0,0,0,0,0,0,0,0
562.96825,Susceptible,WGS,Good,MLST.ecoli_achtman_4.58,,United Kingdom,,,1,0,0,0,0,0,0,0,0,0
562.99674,Susceptible,WGS,Good,MLST.ecoli_achtman_4.14,,Norway,,2013.0,1,0,0,0,0,0,0,0,0,0
562.99728,Susceptible,WGS,Good,MLST.ecoli_achtman_4.5644,,Norway,,2013.0,1,0,0,0,0,0,0,0,0,0
562.57151,Susceptible,WGS,Good,MLST.ecoli_achtman_4.127,,,,,1,0,0,0,0,0,0,0,0,0
562.97037,Susceptible,WGS,Good,MLST.ecoli_achtman_4.164,,United Kingdom,,,1,0,0,0,0,0,0,0,0,0
562.98226,Susceptible,WGS,Good,MLST.ecoli_achtman_4.646,,Norway,,2006.0,1,0,0,0,0,0,0,0,0,0
562.100219,Susceptible,WGS,Good,MLST.ecoli_achtman_4.131,,Norway,,2015.0,1,0,0,0,0,0,0,0,0,0
562.57367,Resistant,WGS,Good,MLST.ecoli_achtman_4.2003,,Thailand,,2015.0,1,1,1,1,0,0,0,0,0,0
562.98017,Susceptible,WGS,Good,MLST.ecoli_achtman_4.131,,Norway,,2004.0,1,0,0,0,0,0,0,0,0,0
562.99486,Susceptible,WGS,Good,MLST.ecoli_achtman_4.538,,Norway,,2013.0,1,0,0,0,0,0,0,0,0,0
562.57401,Susceptible,WGS,Good,MLST.ecoli_achtman_4.3268,,Thailand,,2015.0,1,0,0,0,0,0,1,0,0,0
562.98063,Susceptible,WGS,Good,MLST.ecoli_achtman_4.683,,Norway,,2004.0,1,0,0,0,0,0,0,0,0,0
562.22477,Susceptible,WGS,Good,MLST.ecoli_achtman_4.2015,PRJEB4681,United Kingdom,,2007.0,0,0,0,0,0,0,0,0,0,0
562.99024,Susceptible,WGS,Good,MLST.ecoli_achtman_4.73,,Norway,,2010.0,1,0,0,0,0,0,0,0,0,0
562.99966,Susceptible,WGS,Good,MLST.ecoli_achtman_4.136,,Norway,,2014.0,1,0,0,0,0,0,0,0,0,0
562.100961,Susceptible,WGS,Good,MLST.ecoli_achtman_4.38,,Norway,,2017.0,1,0,0,0,0,0,0,0,0,0
562.99384,Susceptible,WGS,Good,MLST.ecoli_achtman_4.10403,,Norway,,2012.0,1,0,0,0,0,0,0,0,0,0
562.99817,Susceptible,WGS,Good,MLST.ecoli_achtman_4.95,,Norway,,2014.0,1,0,0,0,0,0,0,0,0,0
562.99421,Susceptible,WGS,Good,MLST.ecoli_achtman_4.144,,Norway,,2012.0,1,0,0,0,0,0,0,0,0,0
562.22623,Susceptible,WGS,Good,MLST.ecoli_achtman_4.73,PRJEB4681,United Kingdom,,2010.0,0,0,0,0,0,0,0,0,0,0
562.98142,Susceptible,WGS,Good,MLST.ecoli_achtman_4.12,,Norway,,2005.0,1,0,0,0,0,0,0,0,0,0
562.145416,Susceptible,WGS,Good,MLST.ecoli_achtman_4.38,PRJNA273513,Canada,British Columbia,2006.0,1,0,0,0,0,0,0,0,0,0
562.100565,Resistant,WGS,Good,MLST.ecoli_achtman_4.131,,Norway,,2016.0,1,1,1,0,0,0,0,0,0,0
562.100277,Susceptible,WGS,Good,MLST.ecoli_achtman_4.10260,,Norway,,2015.0,1,0,0,0,0,0,0,0,0,0
562.144934,Resistant,WGS,Good,MLST.ecoli_achtman_4.405,PRJNA925003,India,Chattisgarh,,1,1,1,1,0,0,0,0,0,0
562.100892,Susceptible,WGS,Good,MLST.ecoli_achtman_4.4038,,Norway,,2017.0,1,0,0,0,0,0,0,0,0,0
562.99540,Susceptible,WGS,Good,MLST.ecoli_achtman_4.10,,Norway,,2013.0,1,0,0,0,0,0,0,0,0,0
562.99905,Susceptible,WGS,Good,MLST.ecoli_achtman_4.405,,Norway,,2014.0,1,0,0,0,0,0,0,0,0,0
562.98454,Susceptible,WGS,Good,MLST.ecoli_achtman_4.641,,Norway,,2007.0,1,0,0,0,0,0,0,0,0,0
562.97800,Susceptible,WGS,Good,MLST.ecoli_achtman_4.550,,Norway,,2002.0,1,1,1,0,0,0,0,0,0,0
562.144975,Susceptible,WGS,Good,MLST.Escherichia_coli_2.420,PRJEB54735,Portugal,,2020.0,1,0,0,0,0,0,0,0,0,0
562.100417,Susceptible,WGS,Good,MLST.ecoli_achtman_4.73,,Norway,,2016.0,1,0,0,0,0,0,0,0,0,0
562.22722,Susceptible,WGS,Good,MLST.ecoli_achtman_4.5593,PRJEB4681,United Kingdom,,2011.0,0,0,0,0,0,0,0,0,0,0
562.97112,Susceptible,WGS,Good,MLST.ecoli_achtman_4.10,,United Kingdom,,,1,0,0,0,0,0,0,0,0,0
562.65798,Resistant,WGS,Good,MLST.ecoli_achtman_4.410,,Germany,North Rhine-Westphalia,,1,1,1,1,0,0,0,0,0,0
562.22571,Susceptible,WGS,Good,MLST.ecoli_achtman_4.80,PRJEB4681,United Kingdom,,2009.0,0,0,0,0,0,0,0,0,0,0
562.97321,Susceptible,WGS,Good,MLST.ecoli_achtman_4.569,,United Kingdom,,,1,0,0,0,0,0,0,0,0,0
562.45611,Resistant,WGS,Good,MLST.ecoli_achtman_4.13232,PRJNA522294,Pakistan,Pakistan:Punjab,2016.0,1,1,1,1,0,0,0,0,0,0
562.99980,Susceptible,WGS,Good,MLST.ecoli_achtman_4.59,,Norway,,2014.0,1,0,0,0,0,0,0,0,0,0
562.100580,Susceptible,WGS,Good,MLST.ecoli_achtman_4.12,,Norway,,2016.0,1,0,0,0,0,0,0,0,0,0
562.99213,Susceptible,WGS,Good,MLST.ecoli_achtman_4.91,,Norway,,2011.0,1,0,0,0,0,0,0,0,0,0
562.22528,Susceptible,WGS,Good,MLST.ecoli_achtman_4.73,PRJEB4681,United Kingdom,,2008.0,0,0,0,0,0,0,0,0,0,0
562.98485,Susceptible,WGS,Good,MLST.ecoli_achtman_4.135,,Norway,,2008.0,1,0,0,0,0,0,0,0,0,0
562.97470,Susceptible,WGS,Good,MLST.ecoli_achtman_4.3006,,United Kingdom,,,1,0,0,0,0,0,0,0,0,0
562.73398,Resistant,WGS,Good,MLST.ecoli_achtman_4.1196,PRJEB34557,Spain,Barcelona,2013.0,1,1,1,1,0,0,0,0,0,0
562.98962,Susceptible,WGS,Good,MLST.ecoli_achtman_4.550,,Norway,,2010.0,1,0,0,0,0,0,0,0,0,0
562.100669,Susceptible,WGS,Good,MLST.ecoli_achtman_4.394,,Norway,,2017.0,1,1,1,0,0,0,0,0,0,0
562.100092,Susceptible,WGS,Good,MLST.ecoli_achtman_4.12,,Norway,,2015.0,1,0,0,0,0,0,0,0,0,0
1438686.3,Resistant,WGS,Good,MLST.ecoli_achtman_4.5441,PRJNA234246,USA,"North Carolina, USA",2013.0,0,0,0,0,0,0,0,0,0,0
562.145081,Susceptible,WGS,Good,MLST.ecoli_achtman_4.12514,PRJEB54735,Portugal,,2020.0,1,0,0,0,0,0,0,0,0,0
562.97384,Susceptible,WGS,Good,MLST.ecoli_achtman_4.635,,United Kingdom,,,1,0,0,0,0,0,0,0,0,0
562.58763,Resistant,WGS,Good,MLST.ecoli_achtman_4.167,,Norway,Oslo,2000.0,1,1,1,1,0,0,0,0,0,0
562.45636,Resistant,WGS,Good,MLST.ecoli_achtman_4.155,PRJNA522294,Pakistan,Pakistan:Balochistan,2016.0,1,1,1,1,0,0,0,0,0,0
562.100444,Susceptible,WGS,Good,MLST.ecoli_achtman_4.69,,Norway,,2016.0,1,0,0,0,0,0,0,0,0,0
562.145048,Susceptible,WGS,Good,MLST.ecoli_achtman_4.13,PRJEB54735,Portugal,,2020.0,1,0,0,0,0,0,0,0,0,0
562.98767,Susceptible,WGS,Good,MLST.ecoli_achtman_4.59,,Norway,,2009.0,1,0,0,0,0,0,0,0,0,0
562.98675,Susceptible,WGS,Good,MLST.ecoli_achtman_4.136,,Norway,,2009.0,1,0,0,0,0,0,0,0,0,0
562.98150,Susceptible,WGS,Good,MLST.ecoli_achtman_4.73,,Norway,,2005.0,1,0,0,0,0,0,0,0,0,0
562.45596,Resistant,WGS,Good,MLST.ecoli_achtman_4.48,PRJNA522294,Pakistan,Pakistan:Islamabad,2016.0,1,1,1,0,0,0,1,0,0,0
562.98218,Susceptible,WGS,Good,MLST.ecoli_achtman_4.10,,Norway,,2005.0,1,0,0,0,0,0,0,0,0,0
562.100116,Resistant,WGS,Good,MLST.ecoli_achtman_4.131,,Norway,,2015.0,1,1,1,1,0,0,0,0,0,0
562.96509,Resistant,WGS,Good,MLST.ecoli_achtman_4.131,,United Kingdom,,,1,1,1,1,0,0,0,0,0,0
562.97337,Susceptible,WGS,Good,MLST.ecoli_achtman_4.6286,,United Kingdom,,,1,0,0,0,0,0,0,0,0,0
562.98776,Susceptible,WGS,Good,MLST.ecoli_achtman_4.409,,Norway,,2009.0,1,0,0,0,0,0,0,0,0,0
562.29006,Resistant,Complete,Good,MLST.ecoli_achtman_4.156,PRJNA316321,,,,1,1,1,1,0,0,0,0,0,0
562.42763,Resistant,WGS,Good,MLST.ecoli_achtman_4.3856,PRJNA278886,USA,USA:Boston,2015.0,1,0,0,0,0,0,1,0,0,0
562.100759,Susceptible,WGS,Good,MLST.ecoli_achtman_4.372,,Norway,,2017.0,1,0,0,0,0,0,0,0,0,0
562.56904,Resistant,WGS,Good,MLST.ecoli_achtman_4.117,,Germany,Bavaria,2012.0,1,1,1,1,0,0,0,0,0,0
562.100468,Resistant,WGS,Good,MLST.ecoli_achtman_4.131,,Norway,,2016.0,1,1,1,1,0,0,0,0,0,0
562.99479,Susceptible,WGS,Good,MLST.ecoli_achtman_4.73,,Norway,,2012.0,1,0,0,0,0,0,0,0,0,0
562.57267,Resistant,WGS,Good,MLST.ecoli_achtman_4.648,,,,2009.0,1,1,1,1,0,0,0,0,0,0
562.100621,Susceptible,WGS,Good,MLST.ecoli_achtman_4.2619,,Norway,,2017.0,1,1,1,0,0,0,0,0,0,0
562.100223,Susceptible,WGS,Good,MLST.ecoli_achtman_4.6701,,Norway,,2015.0,1,0,0,0,0,0,0,0,0,0
562.98158,Susceptible,WGS,Good,MLST.ecoli_achtman_4.131,,Norway,,2005.0,1,0,0,0,0,0,0,0,0,0
562.100067,Susceptible,WGS,Good,MLST.ecoli_achtman_4.8867,,Norway,,2015.0,1,0,0,0,0,0,0,0,0,0
562.97394,Resistant,WGS,Good,MLST.ecoli_achtman_4.1193,,United Kingdom,,,1,1,1,1,0,0,0,0,0,0
562.98753,Susceptible,WGS,Good,MLST.ecoli_achtman_4.95,,Norway,,2009.0,1,0,0,0,0,0,0,0,0,0
562.98800,Susceptible,WGS,Good,MLST.ecoli_achtman_4.69,,Norway,,2009.0,1,0,0,0,0,0,0,0,0,0
562.98606,Susceptible,WGS,Good,MLST.ecoli_achtman_4.1057,,Norway,,2008.0,1,0,0,0,0,0,0,0,0,0
562.97442,Susceptible,WGS,Good,MLST.ecoli_achtman_4.7095,,United Kingdom,,,1,1,1,0,0,0,0,0,0,0
562.97170,Resistant,WGS,Good,MLST.ecoli_achtman_4.443,,United Kingdom,,,1,1,1,1,0,0,0,0,0,0
562.100568,Susceptible,WGS,Good,MLST.ecoli_achtman_4.117,,Norway,,2016.0,1,0,0,0,0,0,0,0,0,0
562.16325,Susceptible,Complete,Good,MLST.ecoli_achtman_4.1408,PRJNA292904,,,,0,0,0,0,0,0,0,0,0,0
562.98522,Susceptible,WGS,Good,MLST.ecoli_achtman_4.95,,Norway,,2008.0,1,0,0,0,0,0,0,0,0,0
562.99816,Susceptible,WGS,Good,MLST.ecoli_achtman_4.83,,Norway,,2014.0,1,0,0,0,0,0,0,0,0,0
562.100723,Susceptible,WGS,Good,MLST.ecoli_achtman_4.141,,Norway,,2017.0,1,0,0,0,0,0,0,0,0,0
562.100531,Susceptible,WGS,Good,MLST.ecoli_achtman_4.69,,Norway,,2016.0,1,0,0,0,0,0,0,0,0,0
562.96462,Resistant,WGS,Good,MLST.ecoli_achtman_4.1196,,United Kingdom,,,1,1,1,1,0,0,0,0,0,0
562.97947,Susceptible,WGS,Good,MLST.ecoli_achtman_4.550,,Norway,,2004.0,1,0,0,0,0,0,0,0,0,0
562.22665,Susceptible,WGS,Good,MLST.ecoli_achtman_4.550,PRJEB4681,United Kingdom,,2011.0,0,0,0,0,0,0,0,0,0,0
562.99139,Susceptible,WGS,Good,MLST.ecoli_achtman_4.10288,,Norway,,2011.0,1,0,0,0,0,0,0,0,0,0
562.58710,Resistant,WGS,Good,MLST.ecoli_achtman_4.410,,Italy,,2014.0,1,1,1,1,0,0,0,0,0,0
562.96772,Susceptible,WGS,Good,MLST.ecoli_achtman_4.428,,United Kingdom,,,1,1,1,0,0,0,0,0,0,0
562.22442,Resistant,WGS,Good,MLST.ecoli_achtman_4.131,PRJEB4681,United Kingdom,,2007.0,1,1,1,1,0,0,0,0,0,1
562.99015,Susceptible,WGS,Good,MLST.ecoli_achtman_4.73,,Norway,,2010.0,1,0,0,0,0,0,0,0,0,0
562.145071,Susceptible,WGS,Good,MLST.ecoli_achtman_4.10,PRJEB54735,Portugal,,2020.0,1,0,0,0,0,0,0,0,0,0
562.96496,Resistant,WGS,Good,MLST.ecoli_achtman_4.131,,United Kingdom,,,1,1,1,1,0,0,0,0,0,0
562.100168,Susceptible,WGS,Good,MLST.ecoli_achtman_4.106,,Norway,,2015.0,1,0,0,1,0,0,0,0,0,0
562.100635,Susceptible,WGS,Good,MLST.ecoli_achtman_4.12,,Norway,,2017.0,1,0,0,0,0,0,0,0,0,0
562.97074,Resistant,WGS,Good,MLST.ecoli_achtman_4.131,,United Kingdom,,,1,1,1,1,0,0,0,0,0,1
562.96952,Resistant,WGS,Good,MLST.ecoli_achtman_4.131,,United Kingdom,,,1,1,1,1,0,0,0,0,0,1
562.99855,Susceptible,WGS,Good,MLST.ecoli_achtman_4.136,,Norway,,2014.0,1,0,0,0,0,0,0,0,0,0
562.22787,Resistant,WGS,Good,MLST.ecoli_achtman_4.73,PRJEB4681,United Kingdom,,2012.0,0,0,0,0,0,0,0,0,0,0
562.97193,Susceptible,WGS,Good,MLST.ecoli_achtman_4.14,,United Kingdom,,,1,0,0,0,0,0,0,0,0,0
562.98346,Susceptible,WGS,Good,MLST.ecoli_achtman_4.131,,Norway,,2007.0,1,1,1,0,0,0,0,0,0,0
562.99542,Resistant,WGS,Good,MLST.ecoli_achtman_4.131,,Norway,,2013.0,1,1,1,1,0,0,0,0,0,0
562.58626,Resistant,WGS,Good,,,Pakistan,,,1,1,1,1,0,0,1,0,0,1
562.99195,Susceptible,WGS,Good,MLST.ecoli_achtman_4.73,,Norway,,2011.0,1,0,0,0,0,0,0,0,0,0
562.98737,Susceptible,WGS,Good,MLST.ecoli_achtman_4.69,,Norway,,2009.0,1,0,0,0,0,0,0,0,0,0
562.97497,Resistant,WGS,Good,MLST.ecoli_achtman_4.10,,United Kingdom,,,1,1,1,1,0,0,0,0,0,0
562.99451,Resistant,WGS,Good,MLST.ecoli_achtman_4.405,,Norway,,2012.0,1,1,1,1,0,0,0,0,0,0
562.22464,Susceptible,WGS,Good,MLST.ecoli_achtman_4.405,PRJEB4681,United Kingdom,,2007.0,0,0,0,0,0,0,0,0,0,0
562.135573,Resistant,WGS,Good,MLST.ecoli_achtman_4.167,,India,Chattisgarh (Jan Swasthya Sahyog),2020.0,1,1,1,1,0,0,0,0,0,0
562.98027,Susceptible,WGS,Good,MLST.ecoli_achtman_4.144,,Norway,,2004.0,1,0,0,0,0,0,0,0,0,0
562.145026,Susceptible,WGS,Good,MLST.ecoli_achtman_4.642,PRJEB54735,Portugal,,2021.0,1,0,0,0,0,0,1,0,0,0
562.22440,Resistant,WGS,Good,MLST.ecoli_achtman_4.131,PRJEB4681,United Kingdom,,2007.0,1,1,1,1,0,0,0,0,0,0
562.99478,Susceptible,WGS,Good,MLST.ecoli_achtman_4.59,,Norway,,2013.0,1,0,0,0,0,0,0,0,0,0
562.22579,Susceptible,WGS,Good,MLST.ecoli_achtman_4.5253,PRJEB4681,United Kingdom,,2009.0,0,0,0,0,0,0,0,0,0,0
562.99600,Resistant,WGS,Good,MLST.ecoli_achtman_4.136,,Norway,,2013.0,1,1,1,0,0,0,0,0,0,1
562.98867,Susceptible,WGS,Good,MLST.ecoli_achtman_4.73,,Norway,,2010.0,1,0,0,0,0,0,0,0,0,0
562.97750,Susceptible,WGS,Good,MLST.ecoli_achtman_4.12,,Norway,,2002.0,1,0,0,0,0,0,0,0,0,0
562.99464,Susceptible,WGS,Good,MLST.ecoli_achtman_4.14,,Norway,,2012.0,1,0,0,0,0,0,0,0,0,0
562.100088,Susceptible,WGS,Good,MLST.ecoli_achtman_4.88,,Norway,,2015.0,1,0,0,0,0,0,0,0,0,0
562.98426,Susceptible,WGS,Good,MLST.ecoli_achtman_4.95,,Norway,,2007.0,1,0,0,0,0,0,0,0,0,0
562.99084,Resistant,WGS,Good,MLST.ecoli_achtman_4.131,,Norway,,2011.0,1,1,1,1,0,0,0,0,0,0
562.98545,Resistant,WGS,Good,MLST.ecoli_achtman_4.131,,Norway,,2008.0,1,1,1,1,0,0,0,0,0,0
562.99055,Susceptible,WGS,Good,MLST.ecoli_achtman_4.1727,,Norway,,2011.0,1,0,0,0,0,0,0,0,0,0
562.96551,Resistant,WGS,Good,MLST.ecoli_achtman_4.90,,United Kingdom,,,1,1,1,1,0,0,0,0,0,0
562.98783,Susceptible,WGS,Good,MLST.ecoli_achtman_4.12,,Norway,,2009.0,1,0,0,0,0,0,0,0,0,0
562.98936,Susceptible,WGS,Good,MLST.ecoli_achtman_4.95,,Norway,,2010.0,1,0,0,0,0,0,1,0,0,0
562.98937,Susceptible,WGS,Good,MLST.ecoli_achtman_4.491,,Norway,,2010.0,1,0,0,0,0,0,0,0,0,0
562.57434,Susceptible,WGS,Good,MLST.ecoli_achtman_4.3045,,Thailand,,2015.0,1,0,0,0,0,0,1,0,0,0
562.96590,Resistant,WGS,Good,MLST.ecoli_achtman_4.1196,,United Kingdom,,,1,1,1,1,0,0,0,0,0,0
562.100754,Susceptible,WGS,Good,MLST.ecoli_achtman_4.10252,,Norway,,2017.0,1,0,0,0,0,0,0,0,0,0
562.98324,Resistant,WGS,Good,MLST.ecoli_achtman_4.362,,Norway,,2006.0,1,1,1,1,0,0,0,0,0,0
562.22508,Susceptible,WGS,Good,MLST.ecoli_achtman_4.69,PRJEB4681,United Kingdom,,2008.0,0,0,0,0,0,0,0,0,0,0
562.99348,Susceptible,WGS,Good,MLST.ecoli_achtman_4.131,,Norway,,2012.0,1,0,0,0,0,0,0,0,0,0
562.97324,Susceptible,WGS,Good,MLST.ecoli_achtman_4.569,,United Kingdom,,,1,0,0,0,0,0,0,0,0,0
562.97375,Susceptible,WGS,Good,MLST.ecoli_achtman_4.421,,United Kingdom,,,1,0,0,0,0,0,0,0,0,0
562.56845,Resistant,WGS,Good,MLST.ecoli_achtman_4.1196,,Germany,Saxony-Anhalt,2011.0,1,1,1,1,0,0,0,0,0,0
562.97380,Susceptible,WGS,Good,MLST.ecoli_achtman_4.58,,United Kingdom,,,1,0,0,0,0,0,0,0,0,0
562.97773,Susceptible,WGS,Good,MLST.ecoli_achtman_4.537,,Norway,,2002.0,1,0,0,0,0,0,0,0,0,0
562.97120,Susceptible,WGS,Good,MLST.ecoli_achtman_4.7097,,United Kingdom,,,1,0,0,0,0,0,1,0,0,0
562.140898,Susceptible,WGS,Good,MLST.ecoli_achtman_4.69,PRJNA530794,USA,"St. Louis, Missouri",2017.0,1,1,1,1,0,0,0,0,0,0
562.99932,Susceptible,WGS,Good,MLST.Escherichia_coli_2.400,,Norway,,2014.0,1,0,0,0,0,0,0,0,0,0
562.100155,Susceptible,WGS,Good,MLST.ecoli_achtman_4.73,,Norway,,2015.0,1,0,0,0,0,0,0,0,0,0
562.98482,Susceptible,WGS,Good,MLST.ecoli_achtman_4.95,,Norway,,2008.0,1,0,0,0,0,0,0,0,0,0
562.99018,Susceptible,WGS,Good,MLST.ecoli_achtman_4.404,,Norway,,2010.0,1,0,0,0,0,0,0,0,0,0
562.57383,Susceptible,WGS,Good,MLST.ecoli_achtman_4.542,,Thailand,,2015.0,1,0,0,0,0,0,1,0,0,0
562.42764,Resistant,WGS,Good,MLST.ecoli_achtman_4.744,PRJNA278886,USA,USA:Boston,2015.0,1,1,1,1,0,0,0,0,0,0
562.65796,Resistant,WGS,Good,MLST.ecoli_achtman_4.410,,Germany,Bavaria,,1,1,1,1,0,0,0,0,0,0
562.97891,Susceptible,WGS,Good,MLST.ecoli_achtman_4.746,,Norway,,2003.0,1,0,0,0,0,0,0,0,0,0
562.58743,Susceptible,WGS,Good,MLST.ecoli_achtman_4.6331,,Norway,Oslo,2006.0,1,0,0,0,0,0,0,0,0,0
562.97349,Resistant,WGS,Good,MLST.ecoli_achtman_4.59,,United Kingdom,,,1,1,1,1,0,0,0,0,0,0
562.22817,Susceptible,WGS,Good,MLST.ecoli_achtman_4.73,PRJEB4681,United Kingdom,,2012.0,0,0,0,0,0,0,0,0,0,0
562.57447,Resistant,WGS,Good,MLST.ecoli_achtman_4.457,,Thailand,,2015.0,1,1,1,1,0,0,0,0,0,0
562.96626,Susceptible,WGS,Good,MLST.ecoli_achtman_4.48,,United Kingdom,,,1,0,0,0,0,0,0,0,0,0
562.100435,Susceptible,WGS,Good,MLST.ecoli_achtman_4.405,,Norway,,2016.0,1,0,0,0,0,0,0,0,0,0
562.99898,Susceptible,WGS,Good,MLST.ecoli_achtman_4.73,,Norway,,2014.0,1,0,0,0,0,0,0,0,0,0
562.99297,Susceptible,WGS,Good,MLST.ecoli_achtman_4.95,,Norway,,2012.0,1,0,0,0,0,0,0,0,0,0
562.97964,Susceptible,WGS,Good,MLST.ecoli_achtman_4.106,,Norway,,2003.0,1,0,0,1,0,0,0,0,0,0
562.96743,Resistant,WGS,Good,MLST.ecoli_achtman_4.131,,United Kingdom,,,1,1,1,1,0,0,0,0,0,1
562.65799,Resistant,WGS,Good,MLST.ecoli_achtman_4.410,,Germany,North Rhine-Westphalia,,1,1,1,1,0,0,0,0,0,0
562.98380,Susceptible,WGS,Good,MLST.ecoli_achtman_4.69,,Norway,,2007.0,1,0,0,0,0,0,0,0,0,0
562.144979,Susceptible,WGS,Good,MLST.ecoli_achtman_4.13,PRJEB54735,Portugal,,2020.0,1,0,0,0,0,0,0,0,0,0
562.96854,Resistant,WGS,Good,MLST.ecoli_achtman_4.1723,,United Kingdom,,,1,1,1,1,0,0,0,0,0,0
562.42772,Susceptible,WGS,Good,MLST.ecoli_achtman_4.131,PRJNA278886,USA,USA:Boston,2015.0,1,1,1,1,0,0,0,0,0,0
562.57211,Susceptible,WGS,Good,MLST.ecoli_achtman_4.69,,,,2017.0,1,1,1,0,0,0,0,0,0,0
562.98501,Susceptible,WGS,Good,MLST.ecoli_achtman_4.12,,Norway,,2008.0,1,0,0,0,0,0,0,0,0,0
562.99612,Susceptible,WGS,Good,MLST.ecoli_achtman_4.10,,Norway,,2013.0,1,0,0,0,0,0,0,0,0,0
562.145819,Susceptible,WGS,Good,MLST.ecoli_achtman_4.95,PRJNA273513,Canada,,2005.0,1,0,0,0,0,0,0,0,0,0
562.16466,Resistant,Complete,Good,MLST.ecoli_achtman_4.617,PRJNA384104,Taiwan,Taiwan: Tainan,2016.0,1,0,0,0,0,0,0,0,0,0
562.98791,Susceptible,WGS,Good,MLST.ecoli_achtman_4.372,,Norway,,2009.0,1,0,0,0,0,0,0,0,0,0
562.96433,Resistant,WGS,Good,MLST.ecoli_achtman_4.443,,United Kingdom,,,1,1,1,1,0,0,0,0,0,0
562.22781,Susceptible,WGS,Good,MLST.ecoli_achtman_4.127,PRJEB4681,United Kingdom,,2012.0,0,0,0,0,0,0,0,0,0,0
562.98836,Susceptible,WGS,Good,MLST.ecoli_achtman_4.95,,Norway,,2010.0,1,0,0,0,0,0,0,0,0,0
562.98354,Susceptible,WGS,Good,MLST.ecoli_achtman_4.95,,Norway,,2007.0,1,0,0,0,0,0,0,0,0,0
562.145035,Susceptible,WGS,Good,,PRJEB54735,Portugal,,2020.0,1,0,0,0,0,0,0,0,0,0
562.58724,Resistant,WGS,Good,MLST.ecoli_achtman_4.398,,Italy,,2015.0,1,1,1,1,0,0,0,0,0,0
562.97094,Resistant,WGS,Good,MLST.ecoli_achtman_4.354,,United Kingdom,,,1,1,1,1,0,0,0,0,0,0
562.98385,Susceptible,WGS,Good,MLST.ecoli_achtman_4.106,,Norway,,2007.0,1,0,0,1,0,0,0,0,0,0
562.97329,Resistant,WGS,Good,MLST.ecoli_achtman_4.69,,United Kingdom,,,1,1,1,1,0,0,0,0,0,0
562.57178,Resistant,WGS,Good,MLST.ecoli_achtman_4.127,,,,2013.0,1,0,0,0,0,0,0,0,0,0
562.100456,Susceptible,WGS,Good,MLST.ecoli_achtman_4.73,,Norway,,2016.0,1,0,0,0,0,0,0,0,0,0
562.97402,Susceptible,WGS,Good,MLST.ecoli_achtman_4.131,,United Kingdom,,,1,0,0,0,0,0,0,0,0,0
562.97871,Susceptible,WGS,Good,MLST.ecoli_achtman_4.95,,Norway,,2003.0,1,0,0,0,0,0,0,0,0,0
562.57323,Susceptible,WGS,Good,MLST.ecoli_achtman_4.69,,,,2017.0,1,0,0,1,0,0,0,0,0,0
562.140913,Resistant,WGS,Good,MLST.ecoli_achtman_4.131,PRJNA530794,USA,"St. Louis, Missouri",2017.0,1,1,1,1,0,0,0,0,0,0
562.144944,Susceptible,WGS,Good,MLST.ecoli_achtman_4.2178,PRJEB54735,Portugal,,2020.0,1,0,0,0,0,0,0,0,0,0
562.100201,Susceptible,WGS,Good,MLST.ecoli_achtman_4.69,,Norway,,2015.0,1,0,0,0,0,0,0,0,0,0
562.99820,Susceptible,WGS,Good,MLST.ecoli_achtman_4.2015,,Norway,,2014.0,1,0,0,0,0,0,0,0,0,0
562.96790,Resistant,WGS,Good,MLST.ecoli_achtman_4.443,,United Kingdom,,,1,1,1,1,0,0,0,0,0,0
562.98327,Susceptible,WGS,Good,MLST.ecoli_achtman_4.95,,Norway,,2006.0,1,0,0,0,0,0,0,0,0,0
562.98632,Susceptible,WGS,Good,MLST.ecoli_achtman_4.73,,Norway,,2008.0,1,0,0,0,0,0,0,0,0,0
562.98035,Susceptible,WGS,Good,MLST.ecoli_achtman_4.73,,Norway,,2004.0,1,0,0,0,0,0,0,0,0,0
562.97934,Susceptible,WGS,Good,MLST.ecoli_achtman_4.8184,,Norway,,2003.0,1,1,1,0,0,0,0,0,0,0
562.96540,Resistant,WGS,Good,MLST.ecoli_achtman_4.131,,United Kingdom,,,1,1,1,1,0,0,0,0,0,0
562.100448,Susceptible,WGS,Good,MLST.ecoli_achtman_4.83,,Norway,,2016.0,1,0,0,0,0,0,0,0,0,0
562.42868,Resistant,WGS,Good,MLST.ecoli_achtman_4.44,PRJNA288601,USA,United States,2013.0,1,1,1,1,0,0,0,0,0,1
562.57236,Susceptible,WGS,Good,MLST.ecoli_achtman_4.69,,,,2017.0,1,1,1,0,0,0,0,0,0,0
562.99588,Susceptible,WGS,Good,MLST.ecoli_achtman_4.28,,Norway,,2013.0,1,0,0,0,0,0,0,0,0,0
562.96719,Susceptible,WGS,Good,MLST.ecoli_achtman_4.69,,United Kingdom,,,1,0,0,0,0,0,0,0,0,0
562.96927,Susceptible,WGS,Good,MLST.ecoli_achtman_4.141,,United Kingdom,,,1,0,0,0,0,0,0,0,0,0
562.100176,Susceptible,WGS,Good,MLST.ecoli_achtman_4.73,,Norway,,2015.0,1,0,0,0,0,0,0,0,0,0
562.98631,Susceptible,WGS,Good,MLST.ecoli_achtman_4.59,,Norway,,2008.0,1,0,0,0,0,0,0,0,0,0
562.145010,Susceptible,WGS,Good,MLST.ecoli_achtman_4.10,PRJEB54735,Portugal,,2021.0,1,1,1,0,0,0,0,0,0,0
562.96691,Susceptible,WGS,Good,MLST.ecoli_achtman_4.428,,United Kingdom,,,1,1,1,0,0,0,0,0,0,0
562.22825,Susceptible,WGS,Good,MLST.ecoli_achtman_4.144,PRJEB4681,United Kingdom,,2012.0,0,0,0,0,0,0,0,0,0,0
562.97479,Resistant,WGS,Good,MLST.ecoli_achtman_4.131,,United Kingdom,,,1,1,1,1,0,0,0,0,0,0
562.98656,Susceptible,WGS,Good,MLST.ecoli_achtman_4.10272,,Norway,,2009.0,1,0,0,0,0,0,0,0,0,0
562.57474,Resistant,WGS,Good,MLST.ecoli_achtman_4.131,,Thailand,,2015.0,1,1,1,1,0,0,0,0,0,0
562.45614,Resistant,WGS,Good,MLST.ecoli_achtman_4.155,PRJNA522294,Pakistan,Pakistan:Islamabad,2016.0,1,1,1,1,0,0,0,0,0,0
562.100179,Susceptible,WGS,Good,MLST.ecoli_achtman_4.69,,Norway,,2015.0,1,1,1,0,0,0,0,0,0,0
562.45851,Resistant,WGS,Good,MLST.ecoli_achtman_4.372,PRJNA510429,USA,"USA: Rochester, NY",2018.0,1,0,0,0,0,0,0,0,0,0
562.98604,Susceptible,WGS,Good,MLST.ecoli_achtman_4.453,,Norway,,2008.0,1,0,0,0,0,0,0,0,0,0
562.57403,Resistant,WGS,Good,MLST.ecoli_achtman_4.131,,Thailand,,2015.0,1,1,1,1,0,0,0,0,0,0
562.98325,Susceptible,WGS,Good,MLST.ecoli_achtman_4.12,,Norway,,2006.0,1,0,0,0,0,0,0,0,0,0
562.97839,Susceptible,WGS,Good,MLST.ecoli_achtman_4.446,,Norway,,2002.0,1,0,0,0,0,0,0,0,0,0
562.98588,Susceptible,WGS,Good,MLST.ecoli_achtman_4.88,,Norway,,2008.0,1,0,0,0,0,0,0,0,0,0
562.99528,Susceptible,WGS,Good,MLST.ecoli_achtman_4.1324,,Norway,,2013.0,1,0,0,0,0,0,0,0,0,0
562.99631,Resistant,WGS,Good,MLST.ecoli_achtman_4.2003,,Norway,,2013.0,1,1,1,1,0,0,0,0,0,0
562.45625,Resistant,WGS,Good,MLST.ecoli_achtman_4.48,PRJNA522294,Pakistan,Pakistan:Sindh,2016.0,1,1,1,1,0,0,0,0,0,0
562.7794,Susceptible,WGS,Good,MLST.ecoli_achtman_4.121,PRJEB2226,,>=32,2010.0,1,0,0,0,0,0,0,0,0,0
562.145433,Susceptible,WGS,Good,MLST.ecoli_achtman_4.117,PRJNA273513,Canada,British Columbia,2006.0,1,1,1,0,0,0,0,0,0,0
562.45648,Susceptible,WGS,Good,MLST.ecoli_achtman_4.155,PRJNA522294,Pakistan,Pakistan:KPK,2016.0,1,0,0,0,0,0,0,0,0,0
562.98539,Susceptible,WGS,Good,MLST.ecoli_achtman_4.141,,Norway,,2008.0,1,0,0,0,0,0,0,0,0,0
562.97866,Susceptible,WGS,Good,MLST.ecoli_achtman_4.69,,Norway,,2003.0,1,0,0,0,0,0,0,0,0,0
562.100323,Susceptible,WGS,Good,MLST.ecoli_achtman_4.69,,Norway,,2016.0,1,0,0,0,0,0,0,0,0,0
562.45644,Resistant,WGS,Good,MLST.ecoli_achtman_4.156,PRJNA522294,Pakistan,Pakistan:Islamabad,2016.0,1,1,1,1,0,0,0,0,0,0
562.73369,Resistant,WGS,Good,MLST.ecoli_achtman_4.615,PRJEB34557,Spain,Barcelona,2013.0,1,1,1,1,0,0,0,0,0,0
562.99047,Susceptible,WGS,Good,MLST.ecoli_achtman_4.14,,Norway,,2011.0,1,0,0,0,0,0,0,0,0,0
562.57192,Susceptible,WGS,Good,MLST.ecoli_achtman_4.10,,,,,1,0,0,0,0,0,0,0,0,0
562.97248,Susceptible,WGS,Good,MLST.ecoli_achtman_4.2521,,United Kingdom,,,1,0,0,0,0,0,0,0,0,0
562.73368,Resistant,WGS,Good,MLST.ecoli_achtman_4.1196,PRJEB34557,Spain,Barcelona,2013.0,1,1,1,1,0,0,0,0,0,0
562.98412,Susceptible,WGS,Good,MLST.ecoli_achtman_4.372,,Norway,,2007.0,1,0,0,0,0,0,0,0,0,0
562.98720,Susceptible,WGS,Good,MLST.ecoli_achtman_4.1828,,Norway,,2009.0,1,1,1,0,0,0,0,0,0,0
562.100379,Susceptible,WGS,Good,MLST.ecoli_achtman_4.73,,Norway,,2016.0,1,0,0,0,0,0,0,0,0,0
562.99634,Susceptible,WGS,Good,MLST.ecoli_achtman_4.131,,Norway,,2013.0,1,0,0,0,0,0,0,0,0,0
562.22732,Susceptible,WGS,Good,MLST.ecoli_achtman_4.95,PRJEB4681,United Kingdom,,2011.0,0,0,0,0,0,0,0,0,0,0
562.42656,Susceptible,WGS,Good,MLST.ecoli_achtman_4.2772,PRJNA278886,USA,USA:Boston,2015.0,1,0,0,0,0,0,0,0,0,0
562.100493,Susceptible,WGS,Good,MLST.ecoli_achtman_4.2673,,Norway,,2016.0,1,0,0,0,0,0,0,0,0,0
562.96468,Susceptible,WGS,Good,MLST.ecoli_achtman_4.5351,,United Kingdom,,,1,0,0,0,0,0,0,0,0,0
562.100631,Susceptible,WGS,Good,MLST.ecoli_achtman_4.131,,Norway,,2017.0,1,0,0,0,0,0,0,0,0,0
562.96476,Susceptible,WGS,Good,MLST.ecoli_achtman_4.69,,United Kingdom,,,1,0,0,0,0,0,0,0,0,0
562.96696,Resistant,WGS,Good,MLST.ecoli_achtman_4.1193,,United Kingdom,,,1,1,1,1,0,0,0,0,0,0
562.99268,Susceptible,WGS,Good,MLST.ecoli_achtman_4.69,,Norway,,2012.0,1,0,0,0,0,0,0,0,0,0
562.145055,Susceptible,WGS,Good,MLST.ecoli_achtman_4.40,PRJEB54735,Portugal,,2020.0,1,0,0,0,0,0,0,0,0,0
562.100478,Susceptible,WGS,Good,MLST.ecoli_achtman_4.10,,Norway,,2016.0,1,0,0,0,0,0,0,0,0,0
562.97826,Susceptible,WGS,Good,MLST.ecoli_achtman_4.10299,,Norway,,2002.0,1,0,0,0,0,0,0,0,0,0
562.96635,Susceptible,WGS,Good,MLST.ecoli_achtman_4.155,,United Kingdom,,,1,0,0,0,0,0,0,0,0,0
562.99911,Susceptible,WGS,Good,MLST.ecoli_achtman_4.95,,Norway,,2014.0,1,0,0,0,0,0,0,0,0,0
562.99984,Susceptible,WGS,Good,MLST.ecoli_achtman_4.73,,Norway,,2014.0,1,0,0,0,0,0,0,0,0,0
562.100639,Susceptible,WGS,Good,MLST.ecoli_achtman_4.1057,,Norway,,2017.0,1,0,0,0,0,0,0,0,0,0
562.96663,Resistant,WGS,Good,MLST.ecoli_achtman_4.1193,,United Kingdom,,,1,1,1,1,0,0,0,0,0,0
562.97330,Resistant,WGS,Good,MLST.ecoli_achtman_4.69,,United Kingdom,,,1,1,1,1,0,0,0,0,0,0
562.100006,Susceptible,WGS,Good,MLST.ecoli_achtman_4.127,,Norway,,2015.0,1,0,0,0,0,0,0,0,0,0
562.98782,Resistant,WGS,Good,MLST.ecoli_achtman_4.131,,Norway,,2009.0,1,1,1,1,0,0,0,0,0,0
562.99111,Susceptible,WGS,Good,MLST.ecoli_achtman_4.95,,Norway,,2011.0,1,0,0,0,0,0,0,0,0,0
562.96961,Resistant,WGS,Good,MLST.ecoli_achtman_4.131,,United Kingdom,,,1,1,1,1,0,0,0,0,0,0
562.145068,Susceptible,WGS,Good,MLST.ecoli_achtman_4.442,PRJEB54735,Portugal,,2020.0,1,0,0,0,0,0,0,0,0,0
562.97242,Resistant,WGS,Good,MLST.ecoli_achtman_4.1723,,United Kingdom,,,1,1,1,1,0,0,0,0,0,0
562.99110,Susceptible,WGS,Good,MLST.ecoli_achtman_4.73,,Norway,,2011.0,1,0,0,0,0,0,0,0,0,0
562.99225,Susceptible,WGS,Good,MLST.ecoli_achtman_4.95,,Norway,,2011.0,1,0,0,0,0,0,0,0,0,0
562.45602,Resistant,WGS,Good,MLST.ecoli_achtman_4.11412,PRJNA522294,Pakistan,Pakistan:Islamabad,2016.0,1,1,1,1,0,0,0,0,0,0
562.99694,Susceptible,WGS,Good,MLST.ecoli_achtman_4.73,,Norway,,2013.0,1,0,0,0,0,0,0,0,0,0
562.100245,Susceptible,WGS,Good,MLST.ecoli_achtman_4.69,,Norway,,2015.0,1,0,0,0,0,0,0,0,0,0
562.100138,Susceptible,WGS,Good,MLST.ecoli_achtman_4.58,,Norway,,2015.0,1,0,0,0,0,0,0,0,0,0
562.98409,Susceptible,WGS,Good,MLST.ecoli_achtman_4.421,,Norway,,2007.0,1,0,0,0,0,0,0,0,0,0
562.98536,Susceptible,WGS,Good,MLST.ecoli_achtman_4.69,,Norway,,2008.0,1,0,0,0,0,0,0,0,0,0
562.99041,Susceptible,WGS,Good,MLST.ecoli_achtman_4.144,,Norway,,2011.0,1,0,0,0,0,0,0,0,0,0
562.100462,Susceptible,WGS,Good,MLST.ecoli_achtman_4.409,,Norway,,2016.0,1,0,0,0,0,0,0,0,0,0
562.98980,Susceptible,WGS,Good,MLST.ecoli_achtman_4.73,,Norway,,2010.0,1,0,0,0,0,0,0,0,0,0
562.57173,Susceptible,WGS,Good,MLST.ecoli_achtman_4.10,,,,2013.0,1,0,0,0,0,0,0,0,0,0
562.98847,Susceptible,WGS,Good,MLST.ecoli_achtman_4.91,,Norway,,2010.0,1,1,1,0,0,0,0,0,0,0
562.100673,Susceptible,WGS,Good,MLST.ecoli_achtman_4.537,,Norway,,2017.0,1,0,0,0,0,0,0,0,0,0
562.57101,Susceptible,WGS,Good,MLST.Escherichia_coli_2.27,,,,2017.0,1,0,0,0,0,0,0,0,0,0
562.97127,Susceptible,WGS,Good,MLST.ecoli_achtman_4.635,,United Kingdom,,,1,0,0,0,0,0,0,0,0,0
562.99260,Susceptible,WGS,Good,MLST.ecoli_achtman_4.144,,Norway,,2012.0,1,0,0,0,0,0,0,0,0,0
562.99317,Susceptible,WGS,Good,MLST.ecoli_achtman_4.409,,Norway,,2012.0,1,0,0,0,0,0,0,0,0,0
562.98710,Susceptible,WGS,Good,MLST.ecoli_achtman_4.95,,Norway,,2009.0,1,0,0,0,0,0,0,0,0,0
562.22727,Susceptible,WGS,Good,MLST.ecoli_achtman_4.95,PRJEB4681,United Kingdom,,2011.0,0,0,0,0,0,0,0,0,0,0
562.57242,Susceptible,WGS,Good,MLST.ecoli_achtman_4.10,,,,,1,0,0,0,0,0,0,0,0,0
562.98103,Susceptible,WGS,Good,MLST.ecoli_achtman_4.95,,Norway,,2005.0,1,1,1,0,0,0,0,0,0,0
562.97178,Susceptible,WGS,Good,MLST.ecoli_achtman_4.95,,United Kingdom,,,1,0,0,0,0,0,0,0,0,0
562.58720,Resistant,WGS,Good,ST-38,,Italy,,2014.0,1,1,1,0,0,0,1,0,0,0
562.45655,Resistant,WGS,Good,MLST.ecoli_achtman_4.155,PRJNA522294,Pakistan,Pakistan:Sindh,2016.0,1,1,1,1,0,0,0,0,0,0
562.98445,Susceptible,WGS,Good,MLST.ecoli_achtman_4.2020,,Norway,,2007.0,1,0,0,0,0,0,0,0,0,0
562.98949,Susceptible,WGS,Good,MLST.ecoli_achtman_4.131,,Norway,,2010.0,1,0,0,0,0,0,0,0,0,0
562.97418,Resistant,WGS,Good,MLST.ecoli_achtman_4.69,,United Kingdom,,,1,1,1,1,0,0,0,0,0,0
562.98144,Susceptible,WGS,Good,MLST.ecoli_achtman_4.95,,Norway,,2005.0,1,0,0,0,0,0,0,0,0,0
562.100514,Susceptible,WGS,Good,MLST.ecoli_achtman_4.117,,Norway,,2016.0,1,0,0,0,0,0,0,0,0,0
562.57377,Susceptible,WGS,Good,MLST.ecoli_achtman_4.10,,Thailand,,2015.0,1,0,0,0,0,0,1,0,0,0
562.22554,Susceptible,WGS,Good,MLST.ecoli_achtman_4.10,PRJEB4681,United Kingdom,,2009.0,0,0,0,0,0,0,0,0,0,0
562.98148,Susceptible,WGS,Good,MLST.ecoli_achtman_4.59,,Norway,,2005.0,1,0,0,0,0,0,0,0,0,0
562.98250,Susceptible,WGS,Good,MLST.ecoli_achtman_4.95,,Norway,,2006.0,1,0,0,0,0,0,0,0,0,0
562.57433,Susceptible,WGS,Good,MLST.ecoli_achtman_4.165,,Thailand,,2015.0,1,0,0,0,0,0,1,0,0,0
562.98571,Susceptible,WGS,Good,MLST.ecoli_achtman_4.12,,Norway,,2008.0,1,0,0,0,0,0,0,0,0,0
562.97451,Susceptible,WGS,Good,MLST.ecoli_achtman_4.88,,United Kingdom,,,1,0,0,0,0,0,0,0,0,0
562.140842,Resistant,WGS,Good,MLST.ecoli_achtman_4.131,PRJNA530794,USA,"St. Louis, Missouri",2017.0,1,1,1,1,0,0,0,0,0,0
562.100488,Resistant,WGS,Good,MLST.ecoli_achtman_4.131,,Norway,,2016.0,1,1,1,0,0,0,0,0,0,0
562.99897,Susceptible,WGS,Good,MLST.ecoli_achtman_4.95,,Norway,,2014.0,1,0,0,0,0,0,0,0,0,0
562.145005,Susceptible,WGS,Good,MLST.ecoli_achtman_4.10,PRJEB54735,Portugal,,2020.0,1,0,0,0,0,0,0,0,0,0
562.100013,Susceptible,WGS,Good,MLST.ecoli_achtman_4.95,,Norway,,2015.0,1,0,0,0,0,0,0,0,0,0
562.22750,Susceptible,WGS,Good,MLST.ecoli_achtman_4.38,PRJEB4681,United Kingdom,,2012.0,1,1,1,0,0,0,0,0,0,0
562.100265,Susceptible,WGS,Good,MLST.ecoli_achtman_4.224,,Norway,,2015.0,1,1,1,1,0,0,0,0,0,0
562.42683,Resistant,WGS,Good,MLST.ecoli_achtman_4.131,PRJNA278886,USA,USA:Boston,2016.0,1,1,1,1,0,0,0,0,0,0
562.98183,Resistant,WGS,Good,MLST.ecoli_achtman_4.10,,Norway,,2005.0,1,1,1,1,0,0,0,0,0,0
562.22635,Susceptible,WGS,Good,MLST.ecoli_achtman_4.131,PRJEB4681,United Kingdom,,2010.0,1,1,1,0,0,0,0,0,0,0
562.96703,Resistant,WGS,Good,MLST.ecoli_achtman_4.1193,,United Kingdom,,,1,1,1,1,0,0,0,0,0,0
562.100023,Resistant,WGS,Good,MLST.ecoli_achtman_4.131,,Norway,,2015.0,1,1,1,1,0,0,0,0,0,1
562.100449,Resistant,WGS,Good,MLST.ecoli_achtman_4.131,,Norway,,2016.0,1,1,1,1,0,0,0,0,0,0
562.100503,Susceptible,WGS,Good,MLST.ecoli_achtman_4.117,,Norway,,2016.0,1,0,0,0,0,0,0,0,0,0
562.140906,Resistant,WGS,Good,MLST.ecoli_achtman_4.131,PRJNA530794,USA,"St. Louis, Missouri",2017.0,1,1,1,1,0,0,0,0,0,0
562.100461,Susceptible,WGS,Good,MLST.ecoli_achtman_4.95,,Norway,,2016.0,1,0,0,0,0,0,0,0,0,0
562.57454,Susceptible,WGS,Good,MLST.ecoli_achtman_4.131,,Thailand,,2015.0,1,1,1,0,0,0,0,0,0,0
562.98265,Susceptible,WGS,Good,MLST.ecoli_achtman_4.141,,Norway,,2006.0,1,0,0,0,0,0,0,0,0,0
562.45398,Resistant,Complete,Good,MLST.ecoli_achtman_4.1193,PRJNA511007,Brazil,"Brazil: Botucatu, Sao Paulo State",2015.0,1,1,1,1,0,0,0,0,0,0
562.99765,Susceptible,WGS,Good,MLST.ecoli_achtman_4.69,,Norway,,2014.0,1,1,1,0,0,0,0,0,0,0
562.99764,Resistant,WGS,Good,MLST.ecoli_achtman_4.1193,,Norway,,2014.0,1,1,1,1,0,0,0,0,0,0
562.22511,Susceptible,WGS,Good,MLST.ecoli_achtman_4.10,PRJEB4681,United Kingdom,,2008.0,0,0,0,0,0,0,0,0,0,0
562.22578,Susceptible,WGS,Good,MLST.ecoli_achtman_4.62,PRJEB4681,United Kingdom,,2009.0,0,0,0,0,0,0,0,0,0,0
562.22547,Susceptible,WGS,Good,MLST.ecoli_achtman_4.117,PRJEB4681,United Kingdom,,2009.0,0,0,0,0,0,0,0,0,0,0
562.100314,Susceptible,WGS,Good,MLST.ecoli_achtman_4.95,,Norway,,2016.0,1,0,0,0,0,0,0,0,0,0
562.97414,Susceptible,WGS,Good,MLST.ecoli_achtman_4.95,,United Kingdom,,,1,0,0,0,0,0,0,0,0,0
562.57308,Susceptible,WGS,Good,MLST.ecoli_achtman_4.399,,,,2017.0,1,0,0,0,0,0,0,0,0,0
562.99357,Susceptible,WGS,Good,MLST.ecoli_achtman_4.69,,Norway,,2012.0,1,0,0,0,0,0,0,0,0,0
562.99953,Susceptible,WGS,Good,MLST.ecoli_achtman_4.73,,Norway,,2014.0,1,0,0,0,0,0,0,0,0,0
562.98257,Susceptible,WGS,Good,MLST.ecoli_achtman_4.681,,Norway,,2006.0,1,0,0,0,0,0,0,0,0,0
562.100286,Susceptible,WGS,Good,MLST.ecoli_achtman_4.69,,Norway,,2015.0,1,0,0,0,0,0,0,0,0,0
562.100003,Susceptible,WGS,Good,MLST.ecoli_achtman_4.131,,Norway,,2014.0,1,1,1,0,0,0,0,0,0,0
562.98578,Susceptible,WGS,Good,MLST.ecoli_achtman_4.117,,Norway,,2008.0,1,0,0,0,0,0,0,0,0,0
562.98793,Susceptible,WGS,Good,MLST.ecoli_achtman_4.401,,Norway,,2009.0,1,0,0,0,0,0,0,0,0,0
562.145419,Susceptible,WGS,Good,MLST.ecoli_achtman_4.38,PRJNA273513,Canada,British Columbia,2006.0,1,0,0,0,0,0,0,0,0,0
562.57305,Susceptible,WGS,Good,MLST.ecoli_achtman_4.635,,,,2017.0,1,0,0,0,0,0,0,0,0,0
562.99465,Susceptible,WGS,Good,MLST.ecoli_achtman_4.95,,Norway,,2012.0,1,0,0,0,0,0,0,0,0,0
562.100030,Susceptible,WGS,Good,MLST.ecoli_achtman_4.80,,Norway,,2015.0,1,0,0,0,0,0,0,0,0,0
562.98477,Susceptible,WGS,Good,MLST.ecoli_achtman_4.144,,Norway,,2007.0,1,0,0,0,0,0,0,0,0,0
562.98469,Susceptible,WGS,Good,MLST.ecoli_achtman_4.131,,Norway,,2007.0,1,0,0,0,0,0,0,0,0,0
562.97310,Susceptible,WGS,Good,MLST.ecoli_achtman_4.59,,United Kingdom,,,1,0,0,0,0,0,0,0,0,0
562.98574,Resistant,WGS,Good,MLST.ecoli_achtman_4.10,,Norway,,2008.0,1,1,1,1,0,0,0,0,0,0
562.98979,Susceptible,WGS,Good,MLST.ecoli_achtman_4.7842,,Norway,,2010.0,1,0,0,0,0,0,0,0,0,0
562.17722,Resistant,Complete,Good,MLST.ecoli_achtman_4.131,PRJNA292904,,,,1,0,0,0,0,0,0,0,0,0
562.99763,Susceptible,WGS,Good,MLST.ecoli_achtman_4.62,,Norway,,2014.0,1,0,0,0,0,0,0,0,0,0
562.140893,Resistant,WGS,Good,MLST.ecoli_achtman_4.131,PRJNA530794,USA,"St. Louis, Missouri",2017.0,1,1,1,1,0,0,0,0,0,1
562.96933,Resistant,WGS,Good,MLST.ecoli_achtman_4.648,,United Kingdom,,,1,1,1,1,0,0,0,0,0,0
562.96799,Susceptible,WGS,Good,MLST.ecoli_achtman_4.73,,United Kingdom,,,1,0,0,0,0,0,0,0,0,0
562.97038,Susceptible,WGS,Good,MLST.ecoli_achtman_4.164,,United Kingdom,,,1,0,0,0,0,0,0,0,0,0
562.96984,Resistant,WGS,Good,MLST.ecoli_achtman_4.354,,United Kingdom,,,1,1,1,1,0,0,0,0,0,0
562.45657,Resistant,WGS,Good,MLST.ecoli_achtman_4.1324,PRJNA522294,Pakistan,Pakistan:Punjab,2016.0,1,1,1,1,0,0,0,0,0,0
562.99794,Susceptible,WGS,Good,MLST.ecoli_achtman_4.73,,Norway,,2014.0,1,0,0,0,0,0,0,0,0,0
562.100073,Susceptible,WGS,Good,MLST.ecoli_achtman_4.23,,Norway,,2015.0,1,1,1,0,0,0,0,0,0,0
562.99236,Susceptible,WGS,Good,MLST.ecoli_achtman_4.155,,Norway,,2011.0,1,0,0,0,0,0,0,0,0,0
562.100620,Susceptible,WGS,Good,MLST.ecoli_achtman_4.91,,Norway,,2017.0,1,0,0,0,0,0,0,0,0,0
562.100086,Susceptible,WGS,Good,MLST.ecoli_achtman_4.405,,Norway,,2015.0,1,0,0,0,0,0,0,0,0,0
562.22807,Susceptible,WGS,Good,MLST.ecoli_achtman_4.457,PRJEB4681,United Kingdom,,2012.0,0,0,0,0,0,0,0,0,0,0
562.99400,Resistant,WGS,Good,MLST.ecoli_achtman_4.1193,,Norway,,2012.0,1,1,1,1,0,0,0,0,0,0
562.98181,Susceptible,WGS,Good,MLST.ecoli_achtman_4.141,,Norway,,2005.0,1,0,0,0,0,0,0,0,0,0
562.97109,Susceptible,WGS,Good,MLST.ecoli_achtman_4.7097,,United Kingdom,,,1,0,0,0,0,0,1,0,0,0
562.97385,Susceptible,WGS,Good,MLST.ecoli_achtman_4.7095,,United Kingdom,,,1,1,1,0,0,0,0,0,0,0
562.97118,Susceptible,WGS,Good,MLST.ecoli_achtman_4.7097,,United Kingdom,,,1,0,0,0,0,0,1,0,0,0
562.100946,Susceptible,WGS,Good,MLST.ecoli_achtman_4.69,,Norway,,2017.0,1,0,0,0,0,0,0,0,0,0
562.100218,Resistant,WGS,Good,MLST.ecoli_achtman_4.131,,Norway,,2015.0,1,1,1,1,0,0,0,0,0,1
562.135563,Resistant,WGS,Good,MLST.ecoli_achtman_4.131,,India,Chattisgarh (Jan Swasthya Sahyog),2020.0,1,1,1,1,0,0,0,0,0,1
562.97361,Resistant,WGS,Good,MLST.ecoli_achtman_4.1193,,United Kingdom,,,1,1,1,1,0,0,0,0,0,0
562.96812,Susceptible,WGS,Good,MLST.ecoli_achtman_4.73,,United Kingdom,,,1,0,0,0,0,0,0,0,0,0
562.57248,Resistant,WGS,Good,MLST.ecoli_achtman_4.131,,,,2008.0,1,1,1,1,0,0,0,0,0,1
562.45634,Resistant,WGS,Good,MLST.ecoli_achtman_4.1324,PRJNA522294,Pakistan,Pakistan:Khyber Pakhtunkhwa,2017.0,1,1,1,1,0,0,0,0,0,0
562.96605,Susceptible,WGS,Good,MLST.ecoli_achtman_4.7095,,United Kingdom,,,1,1,1,0,0,0,0,0,0,0
562.99858,Susceptible,WGS,Good,MLST.ecoli_achtman_4.12,,Norway,,2014.0,1,0,0,0,0,0,0,0,0,0
562.98580,Susceptible,WGS,Good,MLST.ecoli_achtman_4.127,,Norway,,2008.0,1,0,0,0,0,0,0,0,0,0
562.100309,Susceptible,WGS,Good,MLST.ecoli_achtman_4.58,,Norway,,2016.0,1,0,0,0,0,0,0,0,0,0
562.144970,Susceptible,WGS,Good,MLST.ecoli_achtman_4.13588,PRJEB54735,Portugal,,2021.0,1,0,0,0,0,0,0,0,0,0
562.98740,Susceptible,WGS,Good,MLST.ecoli_achtman_4.131,,Norway,,2009.0,1,0,0,0,0,0,0,0,0,0
562.97154,Susceptible,WGS,Good,MLST.ecoli_achtman_4.69,,United Kingdom,,,1,0,0,0,0,0,0,0,0,0
562.22527,Resistant,WGS,Good,MLST.ecoli_achtman_4.393,PRJEB4681,United Kingdom,,2008.0,1,1,1,1,0,0,0,0,0,0
562.100015,Susceptible,WGS,Good,MLST.ecoli_achtman_4.73,,Norway,,2015.0,1,0,0,0,0,0,0,0,0,0
562.28566,Resistant,WGS,Good,MLST.ecoli_achtman_4.167,PRJNA316321,,,,1,1,1,1,0,0,0,0,0,0
562.97782,Susceptible,WGS,Good,MLST.ecoli_achtman_4.58,,Norway,,2002.0,1,0,0,0,0,0,0,0,0,0
562.98786,Susceptible,WGS,Good,MLST.ecoli_achtman_4.12,,Norway,,2009.0,1,0,0,0,0,0,0,0,0,0
562.100239,Susceptible,WGS,Good,MLST.ecoli_achtman_4.10279,,Norway,,2015.0,1,0,0,0,0,0,0,0,0,0
562.97326,Susceptible,WGS,Good,MLST.ecoli_achtman_4.569,,United Kingdom,,,1,0,0,0,0,0,0,0,0,0
562.57324,Susceptible,WGS,Good,MLST.ecoli_achtman_4.5064,,,,2017.0,1,0,0,0,0,0,0,0,0,0
562.99716,Susceptible,WGS,Good,MLST.ecoli_achtman_4.73,,Norway,,2013.0,1,1,1,0,0,0,0,0,0,0
562.42859,Resistant,WGS,Good,MLST.ecoli_achtman_4.131,PRJNA288601,USA,United States,2013.0,1,1,1,1,0,0,0,0,0,0
562.97795,Susceptible,WGS,Good,MLST.ecoli_achtman_4.95,,Norway,,2002.0,1,0,0,0,0,0,0,0,0,0
562.98381,Susceptible,WGS,Good,MLST.ecoli_achtman_4.10296,,Norway,,2007.0,1,0,0,0,0,0,0,0,0,0
562.57309,Susceptible,WGS,Good,MLST.ecoli_achtman_4.636,,,,2017.0,1,0,0,0,0,0,0,0,0,0
562.100194,Susceptible,WGS,Good,MLST.ecoli_achtman_4.127,,Norway,,2015.0,1,0,0,0,0,0,0,0,0,0
562.99550,Susceptible,WGS,Good,MLST.ecoli_achtman_4.58,,Norway,,2013.0,1,0,0,0,0,0,0,0,0,0
562.98708,Susceptible,WGS,Good,MLST.ecoli_achtman_4.756,,Norway,,2009.0,1,0,0,0,0,0,0,0,0,0
562.98486,Susceptible,WGS,Good,MLST.ecoli_achtman_4.73,,Norway,,2008.0,1,0,0,0,0,0,0,0,0,0
562.97419,Susceptible,WGS,Good,MLST.ecoli_achtman_4.131,,United Kingdom,,,1,0,0,0,0,0,0,0,0,0
562.57457,Resistant,WGS,Good,MLST.ecoli_achtman_4.131,,Thailand,,2015.0,1,1,1,0,0,0,1,0,0,0
562.100377,Susceptible,WGS,Good,MLST.ecoli_achtman_4.421,,Norway,,2016.0,1,0,0,0,0,0,0,0,0,0
562.98564,Susceptible,WGS,Good,MLST.ecoli_achtman_4.1819,,Norway,,2008.0,1,0,0,0,0,0,0,0,0,0
562.22873,Susceptible,WGS,Good,MLST.ecoli_achtman_4.12,PRJEB4681,United Kingdom,,2011.0,0,0,0,0,0,0,0,0,0,0
562.100297,Susceptible,WGS,Good,MLST.ecoli_achtman_4.83,,Norway,,2015.0,1,0,0,0,0,0,0,0,0,0
562.57113,Susceptible,WGS,Good,MLST.ecoli_achtman_4.8852,,,,2017.0,1,0,0,0,0,0,0,0,0,0
562.98515,Susceptible,WGS,Good,MLST.ecoli_achtman_4.62,,Norway,,2008.0,1,0,0,0,0,0,0,0,0,0
562.99441,Susceptible,WGS,Good,MLST.ecoli_achtman_4.127,,Norway,,2012.0,1,0,0,0,0,0,0,0,0,0
562.97984,Susceptible,WGS,Good,MLST.ecoli_achtman_4.73,,Norway,,2004.0,1,0,0,0,0,0,0,0,0,0
562.96563,Susceptible,WGS,Good,MLST.ecoli_achtman_4.641,,United Kingdom,,,1,0,0,0,0,0,0,0,0,0
562.22617,Susceptible,WGS,Good,MLST.ecoli_achtman_4.95,PRJEB4681,United Kingdom,,2010.0,0,0,0,0,0,0,0,0,0,0
562.99771,Susceptible,WGS,Good,MLST.ecoli_achtman_4.58,,Norway,,2014.0,1,0,0,0,0,0,0,0,0,0
562.22444,Susceptible,WGS,Good,MLST.ecoli_achtman_4.5546,PRJEB4681,United Kingdom,,2007.0,0,0,0,0,0,0,0,0,0,0
562.22780,Susceptible,WGS,Good,MLST.ecoli_achtman_4.155,PRJEB4681,United Kingdom,,2012.0,0,0,0,0,0,0,0,0,0,0
562.97315,Susceptible,WGS,Good,MLST.ecoli_achtman_4.59,,United Kingdom,,,1,0,0,0,0,0,0,0,0,0
562.22476,Susceptible,WGS,Good,MLST.ecoli_achtman_4.453,PRJEB4681,United Kingdom,,2007.0,1,1,1,0,0,0,0,0,0,0
562.100036,Susceptible,WGS,Good,MLST.ecoli_achtman_4.390,,Norway,,2015.0,1,0,0,0,0,0,0,0,0,0
562.98205,Susceptible,WGS,Good,MLST.ecoli_achtman_4.636,,Norway,,2006.0,1,0,0,0,0,0,0,0,0,0
562.144915,Resistant,WGS,Good,MLST.Escherichia_coli_2.692,PRJNA925003,India,Chattisgarh,,1,1,1,1,0,0,0,0,0,1
562.42871,Susceptible,WGS,Good,MLST.ecoli_achtman_4.1386,PRJNA288601,USA,United States,2012.0,1,0,0,0,0,0,0,0,0,0
562.99675,Susceptible,WGS,Good,MLST.ecoli_achtman_4.95,,Norway,,2013.0,1,0,0,0,0,0,0,0,0,0
562.98408,Susceptible,WGS,Good,MLST.ecoli_achtman_4.10224,,Norway,,2007.0,1,0,0,0,0,0,0,0,0,0
562.96646,Susceptible,WGS,Good,MLST.ecoli_achtman_4.1297,,United Kingdom,,,1,0,0,0,0,0,0,0,0,0
562.99723,Susceptible,WGS,Good,MLST.ecoli_achtman_4.4038,,Norway,,2013.0,1,0,0,0,0,0,0,0,0,0
562.100221,Susceptible,WGS,Good,MLST.ecoli_achtman_4.127,,Norway,,2015.0,1,0,0,0,0,0,0,0,0,0
562.57391,Susceptible,WGS,Good,MLST.ecoli_achtman_4.101,,Thailand,,2015.0,1,0,0,0,0,0,1,0,0,0
562.96815,Susceptible,WGS,Good,MLST.ecoli_achtman_4.38,,United Kingdom,,,1,0,0,1,0,0,0,0,0,0
562.96548,Susceptible,WGS,Good,MLST.ecoli_achtman_4.10,,United Kingdom,,,1,0,0,0,0,0,0,0,0,0
562.145051,Susceptible,WGS,Good,MLST.ecoli_achtman_4.297,PRJEB54735,Portugal,,2010.0,1,0,0,0,0,0,0,0,0,0
562.97188,Susceptible,WGS,Good,MLST.ecoli_achtman_4.7098,,United Kingdom,,,1,0,0,0,0,0,0,0,0,0
562.58721,Resistant,WGS,Good,MLST.ecoli_achtman_4.156,,Italy,,2014.0,1,1,1,1,0,0,0,0,0,0
562.22489,Susceptible,WGS,Good,MLST.ecoli_achtman_4.73,PRJEB4681,United Kingdom,,2008.0,0,0,0,0,0,0,0,0,0,0
562.97279,Susceptible,WGS,Good,MLST.ecoli_achtman_4.69,,United Kingdom,,,1,0,0,0,0,0,0,0,0,0
562.100628,Susceptible,WGS,Good,MLST.ecoli_achtman_4.69,,Norway,,2017.0,1,0,0,0,0,0,0,0,0,0
562.100520,Susceptible,WGS,Good,MLST.ecoli_achtman_4.127,,Norway,,2016.0,1,0,0,0,0,0,0,0,0,0
562.98270,Susceptible,WGS,Good,MLST.ecoli_achtman_4.550,,Norway,,2006.0,1,0,0,0,0,0,0,0,0,0
562.145417,Susceptible,WGS,Good,MLST.ecoli_achtman_4.38,PRJNA273513,Canada,British Columbia,2006.0,1,0,0,0,0,0,0,0,0,0
562.99150,Susceptible,WGS,Good,MLST.ecoli_achtman_4.69,,Norway,,2011.0,1,0,0,0,0,0,0,0,0,0
562.99518,Susceptible,WGS,Good,MLST.ecoli_achtman_4.69,,Norway,,2013.0,1,1,1,0,0,0,0,0,0,0
562.98636,Susceptible,WGS,Good,MLST.ecoli_achtman_4.95,,Norway,,2008.0,1,0,0,0,0,0,0,0,0,0
562.145042,Susceptible,WGS,Good,MLST.ecoli_achtman_4.10,PRJEB54735,Portugal,,2019.0,1,0,0,0,0,0,0,0,0,0
562.42695,Resistant,WGS,Good,MLST.ecoli_achtman_4.131,PRJNA278886,USA,USA:Boston,2016.0,1,1,1,1,0,0,0,0,0,0
562.100423,Susceptible,WGS,Good,MLST.ecoli_achtman_4.404,,Norway,,2016.0,1,0,0,0,0,0,0,0,0,0
562.98772,Susceptible,WGS,Good,MLST.ecoli_achtman_4.131,,Norway,,2009.0,1,0,0,0,0,0,0,0,0,0
562.45628,Resistant,WGS,Good,MLST.ecoli_achtman_4.2852,PRJNA522294,Pakistan,Pakistan:Balochistan,2016.0,1,1,1,1,0,0,1,0,0,0
562.140891,Resistant,WGS,Good,MLST.ecoli_achtman_4.131,PRJNA530794,USA,"St. Louis, Missouri",2017.0,1,1,1,1,0,0,0,0,0,1
562.100156,Susceptible,WGS,Good,MLST.ecoli_achtman_4.201,,Norway,,2015.0,1,0,0,0,0,0,0,0,0,0
562.99979,Susceptible,WGS,Good,MLST.ecoli_achtman_4.57,,Norway,,2014.0,1,0,0,0,0,0,0,0,0,0
562.99839,Resistant,WGS,Good,MLST.ecoli_achtman_4.95,,Norway,,2014.0,1,1,1,0,0,0,0,0,0,0
562.100248,Susceptible,WGS,Good,MLST.ecoli_achtman_4.95,,Norway,,2015.0,1,0,0,0,0,0,0,0,0,0
562.97195,Susceptible,WGS,Good,MLST.ecoli_achtman_4.14,,United Kingdom,,,1,0,0,0,0,0,0,0,0,0
562.100643,Resistant,WGS,Good,MLST.ecoli_achtman_4.448,,Norway,,2017.0,1,1,1,1,0,0,0,0,0,0
562.98350,Susceptible,WGS,Good,MLST.ecoli_achtman_4.135,,Norway,,2007.0,1,0,0,0,0,0,0,0,0,0
562.42809,Resistant,WGS,Good,MLST.ecoli_achtman_4.131,PRJNA278886,USA,USA:Boston,2015.0,1,1,1,1,0,0,0,0,0,1
562.98670,Susceptible,WGS,Good,MLST.ecoli_achtman_4.2619,,Norway,,2009.0,1,0,0,0,0,0,0,0,0,0
562.99431,Susceptible,WGS,Good,MLST.ecoli_achtman_4.73,,Norway,,2012.0,1,0,0,0,0,0,0,0,0,0
562.22597,Susceptible,WGS,Good,MLST.ecoli_achtman_4.131,PRJEB4681,United Kingdom,,2009.0,0,0,0,0,0,0,0,0,0,0
562.42865,Susceptible,WGS,Good,MLST.ecoli_achtman_4.131,PRJNA288601,USA,United States,2014.0,1,1,1,0,0,0,0,0,0,0
562.42819,Resistant,WGS,Good,MLST.ecoli_achtman_4.744,PRJNA278886,USA,USA:Boston,2015.0,1,1,1,1,0,0,0,0,0,0
562.99907,Susceptible,WGS,Good,MLST.ecoli_achtman_4.69,,Norway,,2014.0,1,0,0,0,0,0,0,0,0,0
562.97025,Susceptible,WGS,Good,MLST.ecoli_achtman_4.58,,United Kingdom,,,1,0,0,0,0,0,1,0,0,0
562.73383,Resistant,WGS,Good,MLST.ecoli_achtman_4.635,PRJEB34557,Spain,Barcelona,2013.0,1,1,1,0,1,0,0,0,0,0
562.58753,Susceptible,WGS,Good,,,Norway,Oslo,2006.0,1,0,0,0,0,0,0,0,0,0
562.97936,Susceptible,WGS,Good,MLST.ecoli_achtman_4.12,,Norway,,2003.0,1,0,0,0,0,0,0,0,0,0
562.42691,Susceptible,WGS,Good,MLST.ecoli_achtman_4.69,PRJNA278886,USA,USA:Boston,2016.0,1,0,0,0,0,0,1,0,0,0
562.99585,Susceptible,WGS,Good,MLST.ecoli_achtman_4.676,,Norway,,2013.0,1,0,0,0,0,0,0,0,0,0
562.99748,Susceptible,WGS,Good,MLST.ecoli_achtman_4.73,,Norway,,2014.0,1,0,0,0,0,0,0,0,0,0
562.22526,Susceptible,WGS,Good,MLST.ecoli_achtman_4.127,PRJEB4681,United Kingdom,,2008.0,0,0,0,0,0,0,0,0,0,0
562.98188,Susceptible,WGS,Good,MLST.ecoli_achtman_4.73,,Norway,,2005.0,1,0,0,0,0,0,0,0,0,0
562.98903,Susceptible,WGS,Good,MLST.ecoli_achtman_4.685,,Norway,,2010.0,1,0,0,0,0,0,0,0,0,0
562.98353,Susceptible,WGS,Good,MLST.ecoli_achtman_4.73,,Norway,,2007.0,1,0,0,0,0,0,0,0,0,0
562.99809,Susceptible,WGS,Good,MLST.ecoli_achtman_4.141,,Norway,,2014.0,1,0,0,0,0,0,0,0,0,0
562.42770,Resistant,WGS,Good,MLST.ecoli_achtman_4.10,PRJNA278886,USA,USA:Boston,2015.0,1,1,1,1,0,0,0,0,0,1
562.100422,Susceptible,WGS,Good,MLST.ecoli_achtman_4.372,,Norway,,2016.0,1,0,0,0,0,0,0,0,0,0
562.100386,Susceptible,WGS,Good,MLST.ecoli_achtman_4.131,,Norway,,2016.0,1,1,1,0,0,0,0,0,0,0
562.98721,Susceptible,WGS,Good,MLST.ecoli_achtman_4.681,,Norway,,2009.0,1,0,0,0,0,0,0,0,0,0
562.99385,Susceptible,WGS,Good,MLST.ecoli_achtman_4.95,,Norway,,2012.0,1,0,0,0,0,0,0,0,0,0
562.97202,Susceptible,WGS,Good,MLST.ecoli_achtman_4.7100,,United Kingdom,,,1,0,0,0,0,0,0,0,0,0
562.42747,Resistant,WGS,Good,MLST.ecoli_achtman_4.131,PRJNA278886,USA,USA:Boston,2017.0,1,1,1,1,0,0,0,0,0,1
562.56783,Resistant,WGS,Good,MLST.ecoli_achtman_4.115,,Germany,Bavaria,2011.0,1,1,1,1,0,0,0,0,0,0
562.145027,Susceptible,WGS,Good,MLST.Escherichia_coli_1.753,PRJEB54735,Portugal,,2020.0,1,0,0,0,0,0,0,0,0,0
562.99107,Susceptible,WGS,Good,MLST.ecoli_achtman_4.95,,Norway,,2011.0,1,0,0,0,0,0,0,0,0,0
562.99221,Susceptible,WGS,Good,MLST.ecoli_achtman_4.73,,Norway,,2011.0,1,0,0,0,0,0,0,0,0,0
562.65809,Resistant,WGS,Good,MLST.ecoli_achtman_4.410,,Germany,Bavaria,,1,1,1,1,0,0,0,0,0,0
562.145080,Susceptible,WGS,Good,MLST.ecoli_achtman_4.11,PRJEB54735,Portugal,,2012.0,1,0,0,0,0,0,0,0,0,0
562.100403,Susceptible,WGS,Good,MLST.ecoli_achtman_4.1170,,Norway,,2016.0,1,0,0,0,0,0,0,0,0,0
562.58718,Susceptible,WGS,Good,MLST.ecoli_achtman_4.1086,,Italy,,2014.0,1,0,0,0,0,0,0,0,0,0
562.97145,Susceptible,WGS,Good,MLST.ecoli_achtman_4.69,,United Kingdom,,,1,0,0,0,0,0,0,0,0,0
562.22606,Susceptible,WGS,Good,MLST.ecoli_achtman_4.73,PRJEB4681,United Kingdom,,2009.0,0,0,0,0,0,0,0,0,0,0
562.96434,Susceptible,WGS,Good,MLST.ecoli_achtman_4.7091,,United Kingdom,,,1,0,0,0,0,0,0,0,0,0
562.100338,Susceptible,WGS,Good,MLST.ecoli_achtman_4.537,,Norway,,2016.0,1,0,0,0,0,0,0,0,0,0
562.99744,Susceptible,WGS,Good,MLST.ecoli_achtman_4.95,,Norway,,2014.0,1,0,0,0,0,0,0,0,0,0
562.145036,Susceptible,WGS,Good,MLST.ecoli_achtman_4.2559,PRJEB54735,Portugal,,2013.0,1,0,0,1,0,0,0,0,0,0
562.42818,Resistant,WGS,Good,MLST.cfreundii.583,PRJNA278886,USA,USA:Boston,2015.0,1,0,0,0,0,1,0,0,0,0
562.100690,Susceptible,WGS,Good,MLST.ecoli_achtman_4.685,,Norway,,2017.0,1,0,0,0,0,0,0,0,0,0
562.98715,Resistant,WGS,Good,MLST.ecoli_achtman_4.131,,Norway,,2009.0,1,1,1,1,0,0,0,0,0,1
562.97493,Resistant,WGS,Good,MLST.ecoli_achtman_4.226,,United Kingdom,,,1,1,1,1,0,0,0,0,0,0
562.145039,Susceptible,WGS,Good,MLST.ecoli_achtman_4.642,PRJEB54735,Portugal,,2019.0,1,0,0,0,0,1,0,0,0,0
562.99556,Susceptible,WGS,Good,MLST.ecoli_achtman_4.95,,Norway,,2013.0,1,0,0,0,0,0,0,0,0,0
562.97410,Susceptible,WGS,Good,MLST.ecoli_achtman_4.7099,,United Kingdom,,,1,0,0,0,0,0,0,0,0,0
562.145394,Susceptible,WGS,Good,MLST.ecoli_achtman_4.155,PRJNA273513,Canada,British Columbia,2006.0,1,0,0,0,0,0,0,0,0,0
562.22702,Susceptible,WGS,Good,MLST.ecoli_achtman_4.73,PRJEB4681,United Kingdom,,2011.0,0,0,0,0,0,0,0,0,0,0
562.100443,Susceptible,WGS,Good,MLST.ecoli_achtman_4.538,,Norway,,2016.0,1,0,0,0,0,0,0,0,0,0
562.99039,Susceptible,WGS,Good,MLST.ecoli_achtman_4.1125,,Norway,,2011.0,1,0,0,0,0,0,0,0,0,0
562.57373,Resistant,WGS,Good,MLST.ecoli_achtman_4.354,,Thailand,,2015.0,1,1,1,1,0,0,0,0,0,0
562.98862,Susceptible,WGS,Good,MLST.ecoli_achtman_4.38,,Norway,,2010.0,1,0,0,0,0,0,0,0,0,0
562.99883,Susceptible,WGS,Good,MLST.ecoli_achtman_4.73,,Norway,,2014.0,1,0,0,0,0,0,0,0,0,0
562.99772,Susceptible,WGS,Good,MLST.ecoli_achtman_4.959,,Norway,,2014.0,1,0,0,0,0,0,0,0,0,0
562.100058,Susceptible,WGS,Good,MLST.ecoli_achtman_4.131,,Norway,,2015.0,1,1,1,0,0,0,0,0,0,0
562.57160,Susceptible,WGS,Good,MLST.ecoli_achtman_4.93,,,,,1,0,0,0,0,0,0,0,0,0
562.98133,Susceptible,WGS,Good,MLST.ecoli_achtman_4.131,,Norway,,2005.0,1,0,0,0,0,0,0,0,0,0
562.22700,Resistant,WGS,Good,MLST.ecoli_achtman_4.44,PRJEB4681,United Kingdom,,2011.0,1,1,1,1,0,0,0,0,0,1
562.97258,Resistant,WGS,Good,MLST.ecoli_achtman_4.443,,United Kingdom,,,1,1,1,1,0,0,0,0,0,0
562.98770,Susceptible,WGS,Good,MLST.ecoli_achtman_4.95,,Norway,,2009.0,1,0,0,0,0,0,0,0,0,0
562.98417,Resistant,WGS,Good,MLST.ecoli_achtman_4.101,,Norway,,2007.0,1,1,1,1,0,0,0,0,0,0
562.99358,Susceptible,WGS,Good,MLST.ecoli_achtman_4.537,,Norway,,2012.0,1,0,0,0,0,0,0,0,0,0
562.99191,Susceptible,WGS,Good,MLST.ecoli_achtman_4.5644,,Norway,,2011.0,1,0,0,0,0,0,0,0,0,0
562.99412,Susceptible,WGS,Good,MLST.ecoli_achtman_4.95,,Norway,,2012.0,1,0,0,0,0,0,0,0,0,0
562.96473,Susceptible,WGS,Good,MLST.ecoli_achtman_4.127,,United Kingdom,,,1,0,0,0,0,0,0,0,0,0
562.100795,Susceptible,WGS,Good,MLST.ecoli_achtman_4.117,,Norway,,2017.0,1,0,0,0,0,0,0,0,0,0
562.96989,Susceptible,WGS,Good,MLST.ecoli_achtman_4.517,,United Kingdom,,,1,0,0,0,0,0,0,0,0,0
562.99847,Resistant,WGS,Good,MLST.ecoli_achtman_4.393,,Norway,,2014.0,1,1,1,1,0,0,0,0,0,0
562.96818,Susceptible,WGS,Good,MLST.ecoli_achtman_4.398,,United Kingdom,,,1,0,0,0,0,0,0,0,0,0
562.97783,Susceptible,WGS,Good,MLST.ecoli_achtman_4.95,,Norway,,2002.0,1,0,0,0,0,0,0,0,0,0
562.97341,Resistant,WGS,Good,MLST.ecoli_achtman_4.69,,United Kingdom,,,1,1,1,1,0,0,0,0,0,0
562.96675,Susceptible,WGS,Good,MLST.ecoli_achtman_4.155,,United Kingdom,,,1,0,0,0,0,0,0,0,0,0
562.96793,Susceptible,WGS,Good,MLST.ecoli_achtman_4.131,,United Kingdom,,,1,1,1,0,0,0,0,0,0,0
562.98577,Susceptible,WGS,Good,MLST.ecoli_achtman_4.550,,Norway,,2008.0,1,0,0,0,0,0,0,0,0,0
562.98465,Susceptible,WGS,Good,MLST.ecoli_achtman_4.73,,Norway,,2007.0,1,0,0,0,0,0,0,0,0,0
562.97370,Susceptible,WGS,Good,MLST.ecoli_achtman_4.59,,United Kingdom,,,1,0,0,0,0,0,0,0,0,0
562.97854,Susceptible,WGS,Good,MLST.ecoli_achtman_4.73,,Norway,,2003.0,1,0,0,0,0,0,0,0,0,0
562.97937,Susceptible,WGS,Good,MLST.ecoli_achtman_4.69,,Norway,,2003.0,1,0,0,0,0,0,0,0,0,0
562.100271,Susceptible,WGS,Good,MLST.ecoli_achtman_4.95,,Norway,,2015.0,1,0,0,0,0,0,0,0,0,0
562.97751,Susceptible,WGS,Good,MLST.ecoli_achtman_4.131,,Norway,,2002.0,1,0,0,0,0,0,0,0,0,0
562.100593,Susceptible,WGS,Good,MLST.ecoli_achtman_4.1441,,Norway,,2016.0,1,0,0,0,0,0,0,0,0,0
562.96956,Susceptible,WGS,Good,MLST.ecoli_achtman_4.3877,,United Kingdom,,,1,0,0,0,0,0,0,0,0,0
562.98504,Resistant,WGS,Good,MLST.ecoli_achtman_4.1155,,Norway,,2008.0,1,0,0,0,0,0,0,0,0,0
562.42673,Resistant,WGS,Good,MLST.ecoli_achtman_4.1488,PRJNA278886,USA,USA:Boston,2016.0,1,1,1,1,0,0,0,0,0,1
562.97943,Susceptible,WGS,Good,MLST.ecoli_achtman_4.69,,Norway,,2004.0,1,0,0,0,0,0,0,0,0,0
562.100336,Susceptible,WGS,Good,MLST.ecoli_achtman_4.12,,Norway,,2016.0,1,0,0,0,0,0,0,0,0,0
562.22539,Resistant,WGS,Good,MLST.ecoli_achtman_4.131,PRJEB4681,United Kingdom,,2009.0,1,1,1,1,0,0,0,0,0,1
562.96776,Susceptible,WGS,Good,MLST.ecoli_achtman_4.405,,United Kingdom,,,1,0,0,0,0,0,0,0,0,0
562.97165,Resistant,WGS,Good,MLST.ecoli_achtman_4.443,,United Kingdom,,,1,1,1,1,0,0,0,0,0,0
562.99846,Susceptible,WGS,Good,MLST.ecoli_achtman_4.1642,,Norway,,2014.0,1,0,0,0,0,0,0,0,0,0
562.22699,Susceptible,WGS,Good,MLST.ecoli_achtman_4.428,PRJEB4681,United Kingdom,,2011.0,0,0,0,0,0,0,0,0,0,0
562.57268,Resistant,WGS,Good,MLST.ecoli_achtman_4.38,,,,2009.0,1,1,1,1,0,0,0,0,0,1
562.45910,Resistant,WGS,Good,MLST.ecoli_achtman_4.131,PRJNA510429,USA,"USA: Rochester, NY",2018.0,1,1,1,1,0,0,0,0,0,0
562.22705,Susceptible,WGS,Good,MLST.ecoli_achtman_4.95,PRJEB4681,United Kingdom,,2011.0,0,0,0,0,0,0,0,0,0,0
562.100664,Susceptible,WGS,Good,MLST.ecoli_achtman_4.117,,Norway,,2017.0,1,0,0,0,0,0,0,0,0,0
562.100778,Susceptible,WGS,Good,MLST.ecoli_achtman_4.69,,Norway,,2017.0,1,0,0,0,0,0,0,0,0,0
562.99121,Susceptible,WGS,Good,MLST.ecoli_achtman_4.69,,Norway,,2011.0,1,0,0,0,0,0,0,0,0,0
562.100410,Susceptible,WGS,Good,MLST.ecoli_achtman_4.12,,Norway,,2016.0,1,0,0,0,0,0,0,0,0,0
562.140890,Resistant,WGS,Good,MLST.ecoli_achtman_4.131,PRJNA530794,USA,"St. Louis, Missouri",2017.0,1,1,1,1,0,0,0,0,0,1
562.98965,Susceptible,WGS,Good,MLST.ecoli_achtman_4.95,,Norway,,2010.0,1,0,0,0,0,0,0,0,0,0
562.96898,Resistant,WGS,Good,MLST.ecoli_achtman_4.131,,United Kingdom,,,1,1,1,1,0,0,0,0,0,1
562.99193,Susceptible,WGS,Good,MLST.ecoli_achtman_4.73,,Norway,,2011.0,1,0,0,0,0,0,0,0,0,0
562.100331,Resistant,WGS,Good,MLST.ecoli_achtman_4.131,,Norway,,2016.0,1,1,1,1,0,0,0,0,0,1
562.58727,Resistant,WGS,Good,ST-10,,Italy,,2014.0,1,0,0,0,0,1,0,0,0,0
562.97463,Resistant,WGS,Good,MLST.ecoli_achtman_4.131,,United Kingdom,,,1,1,1,1,0,0,0,0,0,0
562.98547,Susceptible,WGS,Good,MLST.ecoli_achtman_4.978,,Norway,,2008.0,1,0,0,0,0,0,0,0,0,0
562.99158,Susceptible,WGS,Good,MLST.ecoli_achtman_4.95,,Norway,,2011.0,1,0,0,0,0,0,0,0,0,0
562.100263,Resistant,WGS,Good,MLST.ecoli_achtman_4.44,,Norway,,2015.0,1,1,1,1,0,0,0,0,0,0
562.100805,Susceptible,WGS,Good,MLST.ecoli_achtman_4.538,,Norway,,2017.0,1,0,0,0,0,0,0,0,0,0
562.96456,Susceptible,WGS,Good,MLST.ecoli_achtman_4.212,,United Kingdom,,,1,0,0,0,0,0,0,0,0,0
562.57203,Susceptible,WGS,Good,MLST.ecoli_achtman_4.131,,,,,1,1,1,0,0,0,0,0,0,0
562.96846,Susceptible,WGS,Good,MLST.ecoli_achtman_4.95,,United Kingdom,,,1,0,0,0,0,0,0,0,0,0
562.22519,Susceptible,WGS,Good,MLST.ecoli_achtman_4.73,PRJEB4681,United Kingdom,,2008.0,0,0,0,0,0,0,0,0,0,0
562.97356,Susceptible,WGS,Good,MLST.ecoli_achtman_4.7095,,United Kingdom,,,1,1,1,0,0,0,0,0,0,0
562.96528,Susceptible,WGS,Good,MLST.ecoli_achtman_4.93,,United Kingdom,,,1,0,0,0,0,0,0,0,0,0
562.100475,Resistant,WGS,Good,MLST.ecoli_achtman_4.131,,Norway,,2016.0,1,1,1,1,0,0,0,0,0,0
562.96788,Resistant,WGS,Good,MLST.ecoli_achtman_4.443,,United Kingdom,,,1,1,1,1,0,0,0,0,0,0
562.97411,Susceptible,WGS,Good,MLST.ecoli_achtman_4.131,,United Kingdom,,,1,0,0,0,0,0,0,0,0,0
562.22568,Susceptible,WGS,Good,MLST.ecoli_achtman_4.73,PRJEB4681,United Kingdom,,2009.0,0,0,0,0,0,0,0,0,0,0
562.100071,Susceptible,WGS,Good,MLST.ecoli_achtman_4.95,,Norway,,2015.0,1,0,0,0,0,0,0,0,0,0
562.100732,Susceptible,WGS,Good,MLST.ecoli_achtman_4.10253,,Norway,,2017.0,1,0,0,0,0,0,0,0,0,0
562.99313,Susceptible,WGS,Good,MLST.ecoli_achtman_4.399,,Norway,,2012.0,1,0,0,0,0,0,0,0,0,0
562.22551,Resistant,WGS,Good,MLST.ecoli_achtman_4.131,PRJEB4681,United Kingdom,,2009.0,1,1,1,1,0,0,0,0,0,0
562.22462,Susceptible,WGS,Good,MLST.ecoli_achtman_4.23,PRJEB4681,United Kingdom,,2007.0,1,1,1,0,0,0,0,0,0,0
562.96877,Susceptible,WGS,Good,MLST.ecoli_achtman_4.351,,United Kingdom,,,1,0,0,0,0,0,0,0,0,0
562.99326,Susceptible,WGS,Good,MLST.ecoli_achtman_4.1434,,Norway,,2012.0,1,0,0,0,0,0,0,0,0,0
562.99217,Susceptible,WGS,Good,MLST.ecoli_achtman_4.73,,Norway,,2011.0,1,0,0,0,0,0,0,0,0,0
562.98047,Susceptible,WGS,Good,MLST.ecoli_achtman_4.127,,Norway,,2004.0,1,0,0,0,0,0,0,0,0,0
562.100684,Susceptible,WGS,Good,MLST.ecoli_achtman_4.73,,Norway,,2017.0,1,0,0,0,0,0,0,0,0,0
562.99985,Resistant,WGS,Good,MLST.ecoli_achtman_4.69,,Norway,,2014.0,1,0,0,0,0,0,0,0,0,0
562.22680,Resistant,WGS,Good,MLST.ecoli_achtman_4.131,PRJEB4681,United Kingdom,,2011.0,1,1,1,1,0,0,0,0,0,1
562.100926,Resistant,WGS,Good,MLST.ecoli_achtman_4.162,,Norway,,2017.0,1,1,1,1,0,0,0,0,0,0
562.100602,Susceptible,WGS,Good,MLST.ecoli_achtman_4.141,,Norway,,2016.0,1,0,0,0,0,0,0,0,0,0
562.140915,Resistant,WGS,Good,MLST.ecoli_achtman_4.131,PRJNA530794,USA,"St. Louis, Missouri",2017.0,1,1,1,1,0,0,0,0,0,0
562.56776,Resistant,WGS,Good,MLST.ecoli_achtman_4.131,,Germany,Baden-Würtemberg,2010.0,1,1,1,1,0,0,0,0,0,0
562.140910,Resistant,WGS,Good,MLST.ecoli_achtman_4.131,PRJNA530794,USA,"St. Louis, Missouri",2017.0,1,1,1,1,0,0,0,0,0,1
562.58767,Susceptible,WGS,Good,MLST.ecoli_achtman_4.192,,Norway,Oslo,1999.0,1,0,0,0,0,0,0,0,0,0
562.98620,Susceptible,WGS,Good,MLST.ecoli_achtman_4.5484,,Norway,,2008.0,1,0,0,0,0,0,0,0,0,0
562.144951,Susceptible,WGS,Good,MLST.ecoli_achtman_4.738,PRJEB54735,Portugal,,2020.0,1,0,0,0,0,0,0,0,0,0
562.96937,Resistant,WGS,Good,MLST.ecoli_achtman_4.2006,,United Kingdom,,,1,1,1,1,0,0,0,0,0,1
562.59218,Resistant,WGS,Good,MLST.ecoli_achtman_4.410,PRJEB36565,Rwanda,Rwanda,2014.0,1,1,1,1,0,0,0,0,0,1
562.140881,Resistant,WGS,Good,MLST.ecoli_achtman_4.131,PRJNA530794,USA,"St. Louis, Missouri",2017.0,1,1,1,1,0,0,0,0,0,1
562.96908,Resistant,WGS,Good,MLST.ecoli_achtman_4.131,,United Kingdom,,,1,1,1,1,0,0,0,0,0,1
562.73353,Resistant,WGS,Good,MLST.ecoli_achtman_4.1196,PRJEB34557,Spain,Barcelona,2013.0,1,1,1,1,0,0,0,0,0,0
562.99500,Susceptible,WGS,Good,MLST.ecoli_achtman_4.362,,Norway,,2012.0,1,0,0,0,0,0,0,0,0,0
562.98451,Susceptible,WGS,Good,MLST.ecoli_achtman_4.88,,Norway,,2007.0,1,0,0,0,0,0,0,0,0,0
562.97509,Resistant,WGS,Good,MLST.ecoli_achtman_4.1193,,United Kingdom,,,1,1,1,1,0,0,0,0,0,0
562.98378,Susceptible,WGS,Good,MLST.ecoli_achtman_4.95,,Norway,,2007.0,1,0,0,0,0,0,0,0,0,0
562.98161,Susceptible,WGS,Good,MLST.ecoli_achtman_4.131,,Norway,,2005.0,1,0,0,0,0,0,0,0,0,0
562.100226,Susceptible,WGS,Good,MLST.ecoli_achtman_4.73,,Norway,,2015.0,1,0,0,0,0,0,0,0,0,0
562.22610,Susceptible,WGS,Good,MLST.ecoli_achtman_4.131,PRJEB4681,United Kingdom,,2010.0,1,1,1,1,0,0,0,0,0,1
562.42654,Resistant,WGS,Good,MLST.ecoli_achtman_4.167,PRJNA278886,USA,USA:Boston,2015.0,1,1,1,1,0,0,0,0,0,0
562.99715,Resistant,WGS,Good,MLST.ecoli_achtman_4.131,,Norway,,2013.0,1,1,1,1,0,0,0,0,0,0
562.97042,Susceptible,WGS,Good,MLST.ecoli_achtman_4.117,,United Kingdom,,,1,1,1,0,0,0,0,0,0,0
562.96479,Susceptible,WGS,Good,MLST.ecoli_achtman_4.73,,United Kingdom,,,1,0,0,0,0,0,0,0,0,0
562.45394,Resistant,Complete,Good,MLST.ecoli_achtman_4.2179,PRJNA511007,Brazil,"Brazil: Botucatu, Sao Paulo State",2015.0,1,1,1,1,0,0,0,0,0,0
562.100322,Susceptible,WGS,Good,MLST.ecoli_achtman_4.12,,Norway,,2016.0,1,0,0,0,0,0,0,0,0,0
562.140884,Resistant,WGS,Good,MLST.ecoli_achtman_4.131,PRJNA530794,USA,"St. Louis, Missouri",2017.0,1,1,1,1,0,0,0,0,0,1
562.100398,Susceptible,WGS,Good,MLST.ecoli_achtman_4.73,,Norway,,2016.0,1,0,0,0,0,0,0,0,0,0
562.100725,Susceptible,WGS,Good,MLST.ecoli_achtman_4.12,,Norway,,2017.0,1,0,0,0,0,0,0,0,0,0
562.96603,Resistant,WGS,Good,MLST.ecoli_achtman_4.226,,United Kingdom,,,1,1,1,1,0,0,0,0,0,0
562.99650,Susceptible,WGS,Good,MLST.ecoli_achtman_4.991,,Norway,,2013.0,1,0,0,0,0,0,0,0,0,0
562.97883,Susceptible,WGS,Good,MLST.ecoli_achtman_4.69,,Norway,,2003.0,1,0,0,0,0,0,0,0,0,0
562.98084,Susceptible,WGS,Good,MLST.ecoli_achtman_4.2678,,Norway,,2005.0,1,0,0,0,0,0,0,0,0,0
562.58640,Susceptible,WGS,Good,MLST.ecoli_achtman_4.998,,Pakistan,,,1,1,1,0,0,0,0,0,0,0
562.98795,Susceptible,WGS,Good,MLST.ecoli_achtman_4.73,,Norway,,2009.0,1,0,0,0,0,0,0,0,0,0
562.57102,Susceptible,WGS,Good,MLST.ecoli_achtman_4.1973,,,,2017.0,1,0,0,0,0,0,0,0,0,0
562.96735,Resistant,WGS,Good,MLST.ecoli_achtman_4.131,,United Kingdom,,,1,1,1,1,0,0,0,0,0,1
562.100825,Resistant,WGS,Good,MLST.ecoli_achtman_4.131,,Norway,,2017.0,1,1,1,1,0,0,0,0,0,0
562.59224,Resistant,WGS,Good,MLST.ecoli_achtman_4.410,PRJEB36565,Rwanda,Rwanda,2014.0,1,1,1,1,0,0,0,0,0,1
562.99277,Susceptible,WGS,Good,MLST.ecoli_achtman_4.73,,Norway,,2012.0,1,0,0,0,0,0,0,0,0,0
562.98544,Susceptible,WGS,Good,MLST.ecoli_achtman_4.550,,Norway,,2008.0,1,0,0,0,0,0,0,0,0,0
562.57409,Resistant,WGS,Good,MLST.ecoli_achtman_4.5950,,Thailand,,2015.0,1,1,1,1,0,0,1,0,0,0
562.96465,Susceptible,WGS,Good,MLST.ecoli_achtman_4.127,,United Kingdom,,,1,0,0,0,0,0,0,0,0,0
562.99344,Susceptible,WGS,Good,MLST.ecoli_achtman_4.457,,Norway,,2012.0,1,0,0,0,0,0,0,0,0,0
562.98272,Susceptible,WGS,Good,MLST.ecoli_achtman_4.681,,Norway,,2006.0,1,0,0,0,0,0,0,0,0,0
562.45656,Susceptible,WGS,Good,MLST.ecoli_achtman_4.117,PRJNA522294,Pakistan,Pakistan:Khyber Pakhtunkhwa,2015.0,1,1,1,0,0,0,0,0,0,0
562.22496,Resistant,WGS,Good,MLST.ecoli_achtman_4.115,PRJEB4681,United Kingdom,,2008.0,1,1,1,1,0,0,0,0,0,0
562.144976,Susceptible,WGS,Good,MLST.ecoli_achtman_4.442,PRJEB54735,Portugal,,2020.0,1,0,0,0,0,0,0,0,0,0
562.99534,Susceptible,WGS,Good,MLST.ecoli_achtman_4.409,,Norway,,2013.0,1,0,0,0,0,0,0,0,0,0
562.57282,Resistant,WGS,Good,MLST.ecoli_achtman_4.694,,,,2009.0,1,1,1,1,0,0,0,0,0,1
562.42814,Resistant,WGS,Good,MLST.ecoli_achtman_4.131,PRJNA278886,USA,USA:Boston,2014.0,1,1,1,1,0,0,0,0,0,1
562.97436,Susceptible,WGS,Good,MLST.ecoli_achtman_4.95,,United Kingdom,,,1,0,0,0,0,0,0,0,0,0
562.98393,Susceptible,WGS,Good,MLST.ecoli_achtman_4.550,,Norway,,2007.0,1,0,0,0,0,0,0,0,0,0
562.99113,Susceptible,WGS,Good,MLST.ecoli_achtman_4.1858,,Norway,,2011.0,1,0,0,0,0,0,0,0,0,0
562.97933,Susceptible,WGS,Good,MLST.ecoli_achtman_4.69,,Norway,,2003.0,1,0,0,0,0,0,0,0,0,0
562.96530,Susceptible,WGS,Good,MLST.ecoli_achtman_4.10,,United Kingdom,,,1,0,0,0,0,0,0,0,0,0
562.97032,Susceptible,WGS,Good,MLST.ecoli_achtman_4.58,,United Kingdom,,,1,0,0,0,0,0,1,0,0,0
562.99278,Susceptible,WGS,Good,MLST.ecoli_achtman_4.80,,Norway,,2012.0,1,0,0,0,0,0,0,0,0,0
562.98338,Susceptible,WGS,Good,MLST.ecoli_achtman_4.602,,Norway,,2007.0,1,0,0,0,0,0,0,0,0,0
562.99196,Susceptible,WGS,Good,MLST.ecoli_achtman_4.69,,Norway,,2011.0,1,0,0,0,0,0,0,0,0,0
562.98271,Susceptible,WGS,Good,MLST.ecoli_achtman_4.95,,Norway,,2006.0,1,0,0,0,0,0,0,0,0,0
562.97913,Susceptible,WGS,Good,MLST.ecoli_achtman_4.10250,,Norway,,2003.0,1,0,0,0,0,0,0,0,0,0
562.98684,Susceptible,WGS,Good,MLST.ecoli_achtman_4.453,,Norway,,2009.0,1,1,1,0,0,0,0,0,0,0
562.58772,Susceptible,WGS,Good,MLST.ecoli_achtman_4.3998,,Singapore,,2010.0,1,0,0,0,0,0,1,0,0,0
562.97368,Susceptible,WGS,Good,MLST.ecoli_achtman_4.59,,United Kingdom,,,1,0,0,0,0,0,0,0,0,0
562.99690,Susceptible,WGS,Good,MLST.ecoli_achtman_4.73,,Norway,,2013.0,1,0,0,0,0,0,0,0,0,0
562.99363,Susceptible,WGS,Good,MLST.ecoli_achtman_4.95,,Norway,,2012.0,1,0,0,0,0,0,0,0,0,0
562.100177,Susceptible,WGS,Good,MLST.ecoli_achtman_4.127,,Norway,,2015.0,1,0,0,0,0,0,0,0,0,0
562.97216,Susceptible,WGS,Good,MLST.ecoli_achtman_4.108,,United Kingdom,,,1,0,0,0,0,0,1,0,0,0
562.97812,Susceptible,WGS,Good,MLST.ecoli_achtman_4.550,,Norway,,2002.0,1,0,0,0,0,0,0,0,0,0
562.100153,Susceptible,WGS,Good,MLST.ecoli_achtman_4.12,,Norway,,2015.0,1,0,0,0,0,0,0,0,0,0
562.99256,Susceptible,WGS,Good,MLST.ecoli_achtman_4.95,,Norway,,2012.0,1,0,0,0,0,0,0,0,0,0
562.97140,Susceptible,WGS,Good,MLST.ecoli_achtman_4.1122,,United Kingdom,,,1,0,0,0,0,0,0,0,0,0
562.100409,Susceptible,WGS,Good,MLST.ecoli_achtman_4.162,,Norway,,2016.0,1,0,0,0,0,0,0,0,0,0
562.97917,Susceptible,WGS,Good,MLST.ecoli_achtman_4.73,,Norway,,2003.0,1,0,0,0,0,0,0,0,0,0
562.96638,Resistant,WGS,Good,MLST.ecoli_achtman_4.131,,United Kingdom,,,1,1,1,1,0,0,0,0,0,0
562.100836,Susceptible,WGS,Good,MLST.ecoli_achtman_4.69,,Norway,,2017.0,1,1,1,0,0,0,0,0,0,0
562.97062,Resistant,WGS,Good,MLST.ecoli_achtman_4.131,,United Kingdom,,,1,1,1,1,0,0,0,0,0,1
562.99128,Susceptible,WGS,Good,MLST.ecoli_achtman_4.73,,Norway,,2011.0,1,0,0,0,0,0,0,0,0,0
562.135574,Resistant,WGS,Good,MLST.ecoli_achtman_4.648,,India,Chattisgarh (Jan Swasthya Sahyog),2020.0,1,1,1,1,0,0,0,0,0,1
562.96896,Susceptible,WGS,Good,MLST.ecoli_achtman_4.88,,United Kingdom,,,1,0,0,0,0,0,0,0,0,0
562.135571,Resistant,WGS,Good,MLST.ecoli_achtman_4.8346,,India,Chattisgarh (Jan Swasthya Sahyog),2020.0,1,1,1,1,0,0,0,0,0,0
562.98974,Susceptible,WGS,Good,MLST.ecoli_achtman_4.135,,Norway,,2010.0,1,0,0,0,0,0,0,0,0,0
562.96878,Susceptible,WGS,Good,MLST.ecoli_achtman_4.3877,,United Kingdom,,,1,0,0,0,0,0,0,0,0,0
562.98192,Susceptible,WGS,Good,MLST.ecoli_achtman_4.131,,Norway,,2005.0,1,0,0,0,0,0,0,0,0,0
562.100225,Susceptible,WGS,Good,MLST.ecoli_achtman_4.10264,,Norway,,2015.0,1,0,0,0,0,0,0,0,0,0
562.97904,Susceptible,WGS,Good,MLST.ecoli_achtman_4.127,,Norway,,2003.0,1,0,0,0,0,0,0,0,0,0
562.100874,Susceptible,WGS,Good,MLST.ecoli_achtman_4.136,,Norway,,2017.0,1,0,0,0,0,0,0,0,0,0
562.99637,Resistant,WGS,Good,MLST.ecoli_achtman_4.1193,,Norway,,2013.0,1,1,1,1,0,0,0,0,0,0
562.96967,Susceptible,WGS,Good,MLST.ecoli_achtman_4.10,,United Kingdom,,,1,1,1,0,0,0,0,0,0,0
562.98145,Susceptible,WGS,Good,MLST.ecoli_achtman_4.69,,Norway,,2005.0,1,0,0,0,0,0,0,0,0,0
562.100675,Susceptible,WGS,Good,MLST.ecoli_achtman_4.10217,,Norway,,2017.0,1,0,0,0,0,0,0,0,0,0
562.99729,Susceptible,WGS,Good,MLST.ecoli_achtman_4.38,,Norway,,2013.0,1,1,1,1,0,0,0,0,0,0
562.97874,Susceptible,WGS,Good,MLST.ecoli_achtman_4.88,,Norway,,2003.0,1,0,0,0,0,0,0,0,0,0
562.98521,Resistant,WGS,Good,MLST.ecoli_achtman_4.131,,Norway,,2008.0,1,1,1,1,0,0,0,0,0,0
562.98202,Susceptible,WGS,Good,MLST.ecoli_achtman_4.127,,Norway,,2005.0,1,0,0,0,0,0,0,0,0,0
562.99420,Susceptible,WGS,Good,MLST.ecoli_achtman_4.101,,Norway,,2012.0,1,0,0,0,0,0,0,0,0,0
562.97515,Resistant,WGS,Good,MLST.ecoli_achtman_4.1193,,United Kingdom,,,1,1,1,1,0,0,0,0,0,0
562.99129,Resistant,WGS,Good,MLST.ecoli_achtman_4.393,,Norway,,2011.0,1,1,1,1,0,0,0,0,0,0
562.100952,Susceptible,WGS,Good,MLST.ecoli_achtman_4.131,,Norway,,2017.0,1,0,0,0,0,0,0,0,0,0
562.98215,Susceptible,WGS,Good,MLST.ecoli_achtman_4.73,,Norway,,2005.0,1,0,0,0,0,0,0,0,0,0
562.57119,Resistant,WGS,Good,MLST.ecoli_achtman_4.648,,,,2008.0,1,1,1,1,0,0,0,0,0,1
562.65797,Resistant,WGS,Good,MLST.ecoli_achtman_4.410,,Germany,Bavaria,,1,1,1,1,0,0,0,0,0,1
562.98247,Susceptible,WGS,Good,MLST.ecoli_achtman_4.12,,Norway,,2006.0,1,0,0,0,0,0,0,0,0,0
562.65794,Resistant,WGS,Good,MLST.ecoli_achtman_4.410,,Germany,Bavaria,2013.0,1,1,1,1,0,0,0,0,0,0
562.99450,Susceptible,WGS,Good,MLST.ecoli_achtman_4.355,,Norway,,2012.0,1,0,0,0,0,0,0,0,0,0
562.100208,Susceptible,WGS,Good,MLST.ecoli_achtman_4.69,,Norway,,2015.0,1,0,0,0,0,0,0,0,0,0
562.58713,Susceptible,WGS,Good,MLST.ecoli_achtman_4.371,,Italy,,2014.0,1,0,0,0,0,0,0,0,0,0
562.97777,Susceptible,WGS,Good,MLST.ecoli_achtman_4.405,,Norway,,2002.0,1,0,0,0,0,0,0,0,0,0
562.96529,Resistant,WGS,Good,MLST.ecoli_achtman_4.131,,United Kingdom,,,1,1,1,1,0,0,0,0,0,0
562.140836,Resistant,WGS,Good,MLST.ecoli_achtman_4.131,PRJNA530794,USA,"St. Louis, Missouri",2017.0,1,1,1,1,0,0,0,0,0,0
562.42674,Susceptible,WGS,Good,MLST.ecoli_achtman_4.2772,PRJNA278886,USA,USA:Boston,2016.0,1,0,0,0,0,0,0,0,0,0
562.58758,Susceptible,WGS,Good,MLST.ecoli_achtman_4.40,,Norway,Oslo,2006.0,1,0,0,0,0,0,0,0,0,0
562.100847,Susceptible,WGS,Good,MLST.ecoli_achtman_4.95,,Norway,,2017.0,1,0,0,0,0,0,0,0,0,0
562.98307,Susceptible,WGS,Good,MLST.ecoli_achtman_4.83,,Norway,,2006.0,1,0,0,0,0,0,0,0,0,0
562.98523,Susceptible,WGS,Good,MLST.ecoli_achtman_4.95,,Norway,,2008.0,1,0,0,0,0,0,0,0,0,0
562.22621,Susceptible,WGS,Good,MLST.ecoli_achtman_4.1618,PRJEB4681,United Kingdom,,2010.0,0,0,0,0,0,0,0,0,0,0
562.100062,Susceptible,WGS,Good,MLST.ecoli_achtman_4.12,,Norway,,2015.0,1,0,0,0,0,0,0,0,0,0
562.97101,Susceptible,WGS,Good,MLST.ecoli_achtman_4.7096,,United Kingdom,,,1,0,0,0,0,0,0,0,0,0
562.57202,Susceptible,WGS,Good,MLST.ecoli_achtman_4.59,,,,1999.0,1,0,0,0,0,0,0,0,0,0
562.100838,Resistant,WGS,Good,MLST.ecoli_achtman_4.131,,Norway,,2017.0,1,1,1,1,0,0,0,0,0,0
562.42687,Resistant,WGS,Good,MLST.ecoli_achtman_4.167,PRJNA278886,USA,USA:Boston,2016.0,1,1,1,1,0,0,1,0,0,0
562.20499,Resistant,Complete,Good,MLST.ecoli_achtman_4.167,PRJNA292902,,,,1,0,0,0,0,0,1,0,0,0
562.97287,Resistant,WGS,Good,MLST.ecoli_achtman_4.131,,United Kingdom,,,1,1,1,1,0,0,0,0,0,1
562.98220,Susceptible,WGS,Good,MLST.ecoli_achtman_4.12,,Norway,,2005.0,1,0,0,0,0,0,0,0,0,0
562.96756,Susceptible,WGS,Good,MLST.ecoli_achtman_4.428,,United Kingdom,,,1,1,1,0,0,0,0,0,0,0
562.98109,Susceptible,WGS,Good,MLST.ecoli_achtman_4.69,,Norway,,2005.0,1,0,0,0,0,0,0,0,0,0
562.144916,Resistant,WGS,Good,MLST.ecoli_achtman_4.167,PRJNA925003,India,Chattisgarh,,1,1,1,1,0,0,1,0,0,0
562.98185,Resistant,WGS,Good,MLST.ecoli_achtman_4.405,,Norway,,2005.0,1,1,1,1,0,0,0,0,0,0
562.100523,Susceptible,WGS,Good,MLST.ecoli_achtman_4.38,,Norway,,2016.0,1,0,0,0,0,0,0,0,0,0
562.98432,Susceptible,WGS,Good,MLST.ecoli_achtman_4.95,,Norway,,2007.0,1,0,0,0,0,0,0,0,0,0
562.98230,Susceptible,WGS,Good,MLST.ecoli_achtman_4.131,,Norway,,2006.0,1,0,0,0,0,0,0,0,0,0
562.99137,Susceptible,WGS,Good,MLST.ecoli_achtman_4.155,,Norway,,2011.0,1,0,0,0,0,0,0,0,0,0
562.98652,Susceptible,WGS,Good,MLST.ecoli_achtman_4.101,,Norway,,2009.0,1,0,0,0,0,0,0,0,0,0
562.96698,Susceptible,WGS,Good,MLST.ecoli_achtman_4.648,,United Kingdom,,,1,0,0,0,0,0,0,0,0,0
562.97097,Resistant,WGS,Good,MLST.ecoli_achtman_4.354,,United Kingdom,,,1,1,1,1,0,0,0,0,0,0
562.144967,Susceptible,WGS,Good,MLST.ecoli_achtman_4.738,PRJEB54735,Portugal,,2020.0,1,0,0,0,0,0,0,0,0,0
562.97301,Resistant,WGS,Good,MLST.ecoli_achtman_4.131,,United Kingdom,,,1,1,1,1,0,0,0,0,0,0
562.96625,Susceptible,WGS,Good,MLST.ecoli_achtman_4.155,,United Kingdom,,,1,0,0,0,0,0,0,0,0,0
562.100726,Susceptible,WGS,Good,MLST.ecoli_achtman_4.95,,Norway,,2017.0,1,0,0,0,0,0,0,0,0,0
562.100762,Susceptible,WGS,Good,MLST.ecoli_achtman_4.348,,Norway,,2017.0,1,0,0,0,0,0,0,0,0,0
562.57508,Resistant,WGS,Good,MLST.ecoli_achtman_4.131,,Thailand,,2015.0,1,1,1,1,0,0,0,0,0,0
562.99872,Susceptible,WGS,Good,MLST.ecoli_achtman_4.31,,Norway,,2014.0,1,0,0,1,0,0,0,0,0,0
562.99840,Susceptible,WGS,Good,MLST.ecoli_achtman_4.73,,Norway,,2014.0,1,0,0,0,0,0,0,0,0,0
562.57185,Susceptible,WGS,Good,MLST.ecoli_achtman_4.3,,,,,1,0,0,0,0,0,0,0,0,0
562.97494,Resistant,WGS,Good,MLST.ecoli_achtman_4.226,,United Kingdom,,,1,1,1,1,0,0,0,0,0,0
562.22644,Susceptible,WGS,Good,MLST.ecoli_achtman_4.73,PRJEB4681,United Kingdom,,2010.0,0,0,0,0,0,0,0,0,0,0
562.99735,Susceptible,WGS,Good,MLST.ecoli_achtman_4.1993,,Norway,,2013.0,1,0,0,0,0,0,0,0,0,0
562.97316,Resistant,WGS,Good,MLST.ecoli_achtman_4.59,,United Kingdom,,,1,1,1,1,0,0,0,0,0,0
562.98947,Susceptible,WGS,Good,MLST.ecoli_achtman_4.141,,Norway,,2010.0,1,0,0,0,0,0,0,0,0,0
562.96872,Susceptible,WGS,Good,MLST.ecoli_achtman_4.3877,,United Kingdom,,,1,0,0,0,0,0,0,0,0,0
562.99759,Susceptible,WGS,Good,MLST.ecoli_achtman_4.14,,Norway,,2014.0,1,0,0,0,0,0,1,0,0,0
562.42866,Resistant,WGS,Good,MLST.ecoli_achtman_4.405,PRJNA288601,USA,United States,2013.0,1,1,1,1,0,0,0,0,0,0
562.96938,Resistant,WGS,Good,MLST.ecoli_achtman_4.131,,United Kingdom,,,1,1,1,1,0,0,0,0,0,0
562.100563,Resistant,WGS,Good,MLST.ecoli_achtman_4.1193,,Norway,,2016.0,1,1,1,1,0,0,0,0,0,0
562.99635,Susceptible,WGS,Good,MLST.ecoli_achtman_4.69,,Norway,,2013.0,1,0,0,0,0,0,0,0,0,0
562.96508,Resistant,WGS,Good,MLST.ecoli_achtman_4.131,,United Kingdom,,,1,1,1,1,0,0,0,0,0,0
562.22521,Susceptible,WGS,Good,MLST.ecoli_achtman_4.349,PRJEB4681,United Kingdom,,2008.0,0,0,0,0,0,1,0,0,0,0
562.99625,Susceptible,WGS,Good,MLST.ecoli_achtman_4.88,,Norway,,2013.0,1,0,0,0,0,0,0,0,0,0
562.99691,Susceptible,WGS,Good,MLST.ecoli_achtman_4.388,,Norway,,2013.0,1,0,0,0,0,0,0,0,0,0
562.42761,Resistant,WGS,Good,MLST.ecoli_achtman_4.131,PRJNA292901,,,,1,1,1,1,0,0,0,0,0,0
562.99914,Susceptible,WGS,Good,MLST.ecoli_achtman_4.550,,Norway,,2014.0,1,0,0,0,0,0,0,0,0,0
562.97247,Resistant,WGS,Good,MLST.ecoli_achtman_4.1723,,United Kingdom,,,1,1,1,1,0,0,0,0,0,0
562.100510,Resistant,WGS,Good,MLST.ecoli_achtman_4.131,,Norway,,2016.0,1,1,1,1,0,0,0,0,0,0
562.140875,Resistant,WGS,Good,MLST.ecoli_achtman_4.131,PRJNA530794,USA,"St. Louis, Missouri",2017.0,1,1,1,1,0,0,0,0,0,1
562.22563,Susceptible,WGS,Good,MLST.ecoli_achtman_4.95,PRJEB4681,United Kingdom,,2009.0,0,0,0,0,0,0,0,0,0,0
562.22661,Susceptible,WGS,Good,MLST.ecoli_achtman_4.5328,PRJEB4681,United Kingdom,,2010.0,0,0,0,0,0,0,0,0,0,0
562.99766,Susceptible,WGS,Good,MLST.ecoli_achtman_4.10275,,Norway,,2014.0,1,0,0,0,0,0,0,0,0,0
562.97485,Resistant,WGS,Good,MLST.ecoli_achtman_4.131,,United Kingdom,,,1,1,1,1,0,0,0,0,0,0
562.42663,Resistant,WGS,Good,MLST.ecoli_achtman_4.131,PRJNA278886,USA,USA:Boston,2015.0,1,1,1,1,0,0,0,0,0,1
562.99758,Susceptible,WGS,Good,MLST.ecoli_achtman_4.69,,Norway,,2014.0,1,0,0,0,0,0,0,0,0,0
562.22799,Susceptible,WGS,Good,MLST.ecoli_achtman_4.550,PRJEB4681,United Kingdom,,2012.0,0,0,0,0,0,0,0,0,0,0
562.100447,Susceptible,WGS,Good,MLST.ecoli_achtman_4.127,,Norway,,2016.0,1,0,0,0,0,0,0,0,0,0
562.97116,Susceptible,WGS,Good,MLST.ecoli_achtman_4.7097,,United Kingdom,,,1,0,0,0,0,0,1,0,0,0
562.99983,Susceptible,WGS,Good,MLST.ecoli_achtman_4.73,,Norway,,2014.0,1,0,0,0,0,0,0,0,0,0
562.99074,Susceptible,WGS,Good,MLST.ecoli_achtman_4.69,,Norway,,2011.0,1,0,0,0,0,0,0,0,0,0
562.100866,Susceptible,WGS,Good,MLST.ecoli_achtman_4.73,,Norway,,2017.0,1,0,0,0,0,0,0,0,0,0
562.56847,Resistant,WGS,Good,MLST.ecoli_achtman_4.1196,,Germany,North Rhine-Westphalia,2011.0,1,1,1,1,0,0,0,0,0,0
562.96977,Resistant,WGS,Good,MLST.ecoli_achtman_4.131,,United Kingdom,,,1,1,1,1,0,0,0,0,0,0
562.96797,Susceptible,WGS,Good,MLST.ecoli_achtman_4.131,,United Kingdom,,,1,1,1,0,0,0,0,0,0,0
562.42657,Resistant,WGS,Good,MLST.ecoli_achtman_4.156,PRJNA278886,USA,USA:Boston,2015.0,1,1,1,1,0,0,0,0,0,0
562.98690,Susceptible,WGS,Good,MLST.ecoli_achtman_4.141,,Norway,,2009.0,1,0,0,0,0,0,0,0,0,0
562.98627,Susceptible,WGS,Good,MLST.ecoli_achtman_4.141,,Norway,,2008.0,1,0,0,0,0,0,0,0,0,0
562.98160,Susceptible,WGS,Good,MLST.ecoli_achtman_4.73,,Norway,,2005.0,1,0,0,0,0,0,0,0,0,0
562.100136,Susceptible,WGS,Good,MLST.ecoli_achtman_4.14,,Norway,,2015.0,1,0,0,0,0,0,0,0,0,0
562.99857,Susceptible,WGS,Good,MLST.ecoli_achtman_4.14,,Norway,,2014.0,1,0,0,0,0,0,0,0,0,0
562.98630,Susceptible,WGS,Good,MLST.ecoli_achtman_4.95,,Norway,,2008.0,1,0,0,0,0,0,0,0,0,0
562.97031,Susceptible,WGS,Good,MLST.ecoli_achtman_4.2598,,United Kingdom,,,1,0,0,0,0,0,0,0,0,0
562.98516,Susceptible,WGS,Good,MLST.ecoli_achtman_4.48,,Norway,,2008.0,1,0,0,0,0,0,0,0,0,0
562.22432,Resistant,WGS,Good,MLST.ecoli_achtman_4.131,PRJEB4681,United Kingdom,,2007.0,1,1,1,1,0,0,0,0,0,1
562.42700,Resistant,WGS,Good,MLST.ecoli_achtman_4.648,PRJNA278886,USA,USA:Boston,2016.0,1,1,1,1,0,0,0,0,0,0
562.96951,Susceptible,WGS,Good,MLST.ecoli_achtman_4.3877,,United Kingdom,,,1,0,0,0,0,0,0,0,0,0
562.98579,Susceptible,WGS,Good,MLST.ecoli_achtman_4.10262,,Norway,,2008.0,1,0,0,0,0,0,0,0,0,0
562.97794,Susceptible,WGS,Good,MLST.ecoli_achtman_4.398,,Norway,,2002.0,1,0,0,0,0,0,0,0,0,0
562.97045,Susceptible,WGS,Good,MLST.ecoli_achtman_4.164,,United Kingdom,,,1,0,0,0,0,0,0,0,0,0
562.98253,Susceptible,WGS,Good,MLST.ecoli_achtman_4.59,,Norway,,2006.0,1,0,0,0,0,0,0,0,0,0
562.97163,Susceptible,WGS,Good,MLST.ecoli_achtman_4.58,,United Kingdom,,,1,0,0,0,0,0,0,0,0,0
562.96474,Susceptible,WGS,Good,MLST.ecoli_achtman_4.69,,United Kingdom,,,1,0,0,0,0,0,0,0,0,0
562.42832,Resistant,WGS,Good,MLST.ecoli_achtman_4.131,PRJNA288601,USA,United States,2014.0,1,1,1,1,0,0,0,0,0,0
562.97845,Susceptible,WGS,Good,MLST.ecoli_achtman_4.95,,Norway,,2002.0,1,0,0,0,0,0,0,0,0,0
562.98692,Susceptible,WGS,Good,MLST.ecoli_achtman_4.69,,Norway,,2009.0,1,0,0,0,0,0,0,0,0,0
562.57249,Resistant,WGS,Good,MLST.Escherichia_coli_2.2,,,,2008.0,1,1,1,1,0,0,0,0,0,0
562.99263,Susceptible,WGS,Good,MLST.ecoli_achtman_4.73,,Norway,,2012.0,1,1,1,0,0,0,0,0,0,0
562.96889,Susceptible,WGS,Good,MLST.ecoli_achtman_4.3877,,United Kingdom,,,1,0,0,0,0,0,0,0,0,0
562.145426,Susceptible,WGS,Good,MLST.ecoli_achtman_4.38,PRJNA273513,Canada,British Columbia,2006.0,1,0,0,0,0,0,0,0,0,0
562.22531,Resistant,WGS,Good,MLST.ecoli_achtman_4.1431,PRJEB4681,United Kingdom,,2008.0,1,1,1,1,0,0,0,0,0,0
562.42827,Resistant,WGS,Good,MLST.ecoli_achtman_4.131,PRJNA288601,USA,United States,2014.0,1,1,1,1,0,0,0,0,0,0
562.98436,Susceptible,WGS,Good,MLST.ecoli_achtman_4.1057,,Norway,,2007.0,1,0,0,0,0,0,0,0,0,0
562.100115,Susceptible,WGS,Good,MLST.ecoli_achtman_4.10286,,Norway,,2015.0,1,0,0,0,0,0,0,0,0,0
562.22748,Susceptible,WGS,Good,MLST.ecoli_achtman_4.127,PRJEB4681,United Kingdom,,2012.0,0,0,0,0,0,0,0,0,0,0
562.100937,Susceptible,WGS,Good,MLST.ecoli_achtman_4.69,,Norway,,2017.0,1,1,1,1,0,0,0,0,0,0
562.57318,Susceptible,WGS,Good,MLST.ecoli_achtman_4.6237,,,,2017.0,1,0,0,0,0,0,0,0,0,0
562.100902,Susceptible,WGS,Good,MLST.ecoli_achtman_4.393,,Norway,,2017.0,1,0,0,1,0,0,0,0,0,0
562.97840,Susceptible,WGS,Good,MLST.ecoli_achtman_4.14,,Norway,,2002.0,1,0,0,0,0,0,0,0,0,0
562.42806,Resistant,WGS,Good,MLST.ecoli_achtman_4.131,PRJNA278886,USA,USA:Boston,2014.0,1,1,1,1,0,0,0,0,0,1
562.100894,Susceptible,WGS,Good,MLST.ecoli_achtman_4.1159,,Norway,,2017.0,1,0,0,0,0,0,0,0,0,0
562.98078,Susceptible,WGS,Good,MLST.ecoli_achtman_4.12,,Norway,,2005.0,1,0,0,0,0,0,0,0,0,0
562.96919,Susceptible,WGS,Good,MLST.ecoli_achtman_4.7092,,United Kingdom,,,1,0,0,0,0,0,0,0,0,0
562.98310,Susceptible,WGS,Good,MLST.ecoli_achtman_4.69,,Norway,,2006.0,1,0,0,0,0,0,0,0,0,0
562.145047,Susceptible,WGS,Good,MLST.ecoli_achtman_4.677,PRJEB54735,Portugal,,2021.0,1,0,0,0,0,0,0,0,0,0
562.97157,Susceptible,WGS,Good,MLST.ecoli_achtman_4.69,,United Kingdom,,,1,0,0,0,0,0,0,0,0,0
562.98414,Susceptible,WGS,Good,MLST.ecoli_achtman_4.95,,Norway,,2007.0,1,0,0,0,0,0,0,0,0,0
562.57182,Susceptible,WGS,Good,MLST.ecoli_achtman_4.973,,,,1999.0,1,0,0,0,0,0,0,0,0,0
562.97065,Resistant,WGS,Good,MLST.ecoli_achtman_4.1196,,United Kingdom,,,1,1,1,1,0,0,0,0,0,0
562.42730,Susceptible,WGS,Good,MLST.ecoli_achtman_4.636,PRJNA278886,USA,USA:Boston,2016.0,1,1,1,0,0,0,0,0,0,0
562.100521,Susceptible,WGS,Good,MLST.ecoli_achtman_4.58,,Norway,,2016.0,1,0,0,0,0,0,0,0,0,0
562.96771,Susceptible,WGS,Good,MLST.ecoli_achtman_4.156,,United Kingdom,,,1,0,0,0,0,0,0,0,0,0
562.98157,Susceptible,WGS,Good,MLST.ecoli_achtman_4.73,,Norway,,2005.0,1,0,0,0,0,0,0,0,0,0
562.99078,Susceptible,WGS,Good,MLST.ecoli_achtman_4.847,,Norway,,2011.0,1,0,0,0,0,0,0,0,0,0
562.96985,Resistant,WGS,Good,MLST.ecoli_achtman_4.354,,United Kingdom,,,1,1,1,1,0,0,0,0,0,0
562.100160,Susceptible,WGS,Good,MLST.ecoli_achtman_4.58,,Norway,,2015.0,1,0,0,0,0,0,1,0,0,0
562.97491,Susceptible,WGS,Good,MLST.ecoli_achtman_4.4959,,United Kingdom,,,1,0,0,0,0,0,0,0,0,0
562.99092,Susceptible,WGS,Good,MLST.ecoli_achtman_4.421,,Norway,,2011.0,1,0,0,0,0,0,0,0,0,0
562.135585,Resistant,WGS,Good,MLST.ecoli_achtman_4.405,,India,Chattisgarh (Jan Swasthya Sahyog),2019.0,1,1,1,1,0,0,0,0,0,0
562.58629,Resistant,WGS,Good,MLST.Escherichia_coli_2.44,,Pakistan,,,1,1,1,1,0,0,0,0,0,0
562.99722,Susceptible,WGS,Good,MLST.ecoli_achtman_4.80,,Norway,,2013.0,1,0,0,0,0,0,0,0,0,0
562.100085,Susceptible,WGS,Good,MLST.ecoli_achtman_4.131,,Norway,,2015.0,1,0,0,0,0,0,0,0,0,0
562.100420,Resistant,WGS,Good,MLST.ecoli_achtman_4.131,,Norway,,2016.0,1,1,1,1,0,0,0,0,0,0
562.97268,Resistant,WGS,Good,MLST.ecoli_achtman_4.443,,United Kingdom,,,1,1,1,1,0,0,0,0,0,0
562.99707,Resistant,WGS,Good,MLST.ecoli_achtman_4.648,,Norway,,2013.0,1,1,1,1,0,0,0,0,0,0
562.100393,Susceptible,WGS,Good,MLST.ecoli_achtman_4.69,,Norway,,2016.0,1,0,0,0,0,0,0,0,0,0
562.45673,Resistant,WGS,Good,MLST.ecoli_achtman_4.155,PRJNA522294,Pakistan,Pakistan:Sindh,2016.0,1,1,1,1,0,0,0,0,0,0
562.98284,Susceptible,WGS,Good,MLST.ecoli_achtman_4.73,,Norway,,2006.0,1,0,0,0,0,0,0,0,0,0
562.97831,Susceptible,WGS,Good,MLST.ecoli_achtman_4.127,,Norway,,2002.0,1,0,0,0,0,0,0,0,0,0
562.100066,Susceptible,WGS,Good,MLST.ecoli_achtman_4.12,,Norway,,2015.0,1,0,0,0,0,0,0,0,0,0
562.96721,Susceptible,WGS,Good,MLST.ecoli_achtman_4.69,,United Kingdom,,,1,0,0,0,0,0,0,0,0,0
562.100931,Susceptible,WGS,Good,MLST.ecoli_achtman_4.73,,Norway,,2017.0,1,0,0,0,0,0,0,0,0,0
562.100046,Susceptible,WGS,Good,MLST.ecoli_achtman_4.67,,Norway,,2015.0,1,0,0,0,0,0,0,0,0,0
562.96511,Resistant,WGS,Good,MLST.ecoli_achtman_4.131,,United Kingdom,,,1,1,1,1,0,0,0,0,0,0
562.22582,Resistant,WGS,Good,MLST.ecoli_achtman_4.5387,PRJEB4681,United Kingdom,,2009.0,1,1,1,1,0,0,0,0,0,0
562.98296,Susceptible,WGS,Good,MLST.ecoli_achtman_4.95,,Norway,,2006.0,1,0,0,0,0,0,0,0,0,0
562.99160,Susceptible,WGS,Good,MLST.ecoli_achtman_4.968,,Norway,,2011.0,1,0,0,0,0,0,0,0,0,0
562.98674,Resistant,WGS,Good,MLST.ecoli_achtman_4.224,,Norway,,2009.0,1,1,1,1,0,0,0,0,0,0
562.99383,Resistant,WGS,Good,MLST.ecoli_achtman_4.131,,Norway,,2012.0,1,1,1,1,0,0,0,0,0,1
562.96452,Susceptible,WGS,Good,MLST.ecoli_achtman_4.3202,,United Kingdom,,,1,0,0,0,0,0,0,0,0,0
562.57384,Resistant,WGS,Good,MLST.ecoli_achtman_4.354,,Thailand,,2015.0,1,1,1,1,0,0,0,0,0,0
562.96499,Susceptible,WGS,Good,MLST.ecoli_achtman_4.10,,United Kingdom,,,1,0,0,0,0,0,0,0,0,0
562.96966,Susceptible,WGS,Good,MLST.ecoli_achtman_4.10,,United Kingdom,,,1,1,1,0,0,0,0,0,0,0
562.98421,Susceptible,WGS,Good,MLST.ecoli_achtman_4.1057,,Norway,,2007.0,1,0,0,0,0,0,0,0,0,0
562.100196,Susceptible,WGS,Good,MLST.ecoli_achtman_4.59,,Norway,,2015.0,1,0,0,0,0,0,0,0,0,0
562.97029,Susceptible,WGS,Good,MLST.ecoli_achtman_4.58,,United Kingdom,,,1,0,0,0,0,0,1,0,0,0
562.140852,Resistant,WGS,Good,MLST.ecoli_achtman_4.131,PRJNA530794,USA,"St. Louis, Missouri",2017.0,1,1,1,1,0,0,0,0,0,0
562.58754,Susceptible,WGS,Good,MLST.ecoli_achtman_4.7842,,Norway,Oslo,2006.0,1,0,0,0,0,0,0,0,0,0
562.97340,Resistant,WGS,Good,MLST.ecoli_achtman_4.69,,United Kingdom,,,1,1,1,1,0,0,0,0,0,0
562.99356,Susceptible,WGS,Good,MLST.ecoli_achtman_4.59,,Norway,,2012.0,1,0,0,0,0,0,0,0,0,0
562.97506,Resistant,WGS,Good,MLST.ecoli_achtman_4.1193,,United Kingdom,,,1,1,1,1,0,0,0,0,0,0
562.100808,Susceptible,WGS,Good,MLST.ecoli_achtman_4.73,,Norway,,2017.0,1,0,0,0,0,0,0,0,0,0
562.100267,Susceptible,WGS,Good,MLST.ecoli_achtman_4.141,,Norway,,2015.0,1,0,0,0,0,0,0,0,0,0
562.97836,Susceptible,WGS,Good,MLST.ecoli_achtman_4.106,,Norway,,2002.0,1,0,0,1,0,0,0,0,0,0
562.99900,Susceptible,WGS,Good,MLST.ecoli_achtman_4.73,,Norway,,2014.0,1,0,0,0,0,0,0,0,0,0
562.97476,Susceptible,WGS,Good,MLST.ecoli_achtman_4.127,,United Kingdom,,,1,0,0,0,0,0,0,0,0,0
562.100579,Susceptible,WGS,Good,MLST.ecoli_achtman_4.95,,Norway,,2016.0,1,0,0,0,0,0,0,0,0,0
562.58630,Resistant,WGS,Good,MLST.ecoli_achtman_4.617,,Pakistan,,,1,1,1,1,0,0,0,0,0,1
562.22677,Resistant,WGS,Good,MLST.ecoli_achtman_4.361,PRJEB4681,United Kingdom,,2011.0,1,1,1,1,0,0,0,0,0,1
562.98978,Susceptible,WGS,Good,MLST.ecoli_achtman_4.95,,Norway,,2010.0,1,0,0,0,0,0,0,0,0,0
562.58729,Resistant,WGS,Good,MLST.ecoli_achtman_4.155,,Italy,,2014.0,1,1,1,1,0,0,0,0,0,0
562.42672,Resistant,WGS,Good,MLST.ecoli_achtman_4.131,PRJNA278886,USA,USA:Boston,2016.0,1,1,1,1,0,0,0,0,0,1
562.96976,Resistant,WGS,Good,MLST.ecoli_achtman_4.131,,United Kingdom,,,1,1,1,1,0,0,0,0,0,0
562.22662,Susceptible,WGS,Good,MLST.ecoli_achtman_4.69,PRJEB4681,United Kingdom,,2010.0,0,0,0,0,0,0,0,0,0,0
562.22770,Resistant,WGS,Good,MLST.ecoli_achtman_4.448,PRJEB4681,United Kingdom,,2012.0,1,1,1,1,0,0,0,0,0,0
562.135560,Resistant,WGS,Good,MLST.ecoli_achtman_4.2689,,India,Chattisgarh (Jan Swasthya Sahyog),2020.0,1,0,0,0,0,0,1,0,0,0
562.100084,Resistant,WGS,Good,MLST.ecoli_achtman_4.131,,Norway,,2015.0,1,1,1,1,0,0,0,0,0,0
562.96765,Resistant,WGS,Good,MLST.ecoli_achtman_4.354,,United Kingdom,,,1,1,1,1,0,0,0,0,0,0
562.140866,Resistant,WGS,Good,MLST.ecoli_achtman_4.131,PRJNA530794,USA,"St. Louis, Missouri",2017.0,1,1,1,1,0,0,0,0,0,1
562.100184,Susceptible,WGS,Good,MLST.ecoli_achtman_4.73,,Norway,,2015.0,1,0,0,0,0,0,0,0,0,0
562.96940,Resistant,WGS,Good,MLST.ecoli_achtman_4.131,,United Kingdom,,,1,1,1,1,0,0,0,0,0,1
562.96991,Susceptible,WGS,Good,MLST.ecoli_achtman_4.517,,United Kingdom,,,1,0,0,0,0,0,0,0,0,0
562.22821,Resistant,WGS,Good,MLST.ecoli_achtman_4.131,PRJEB4681,United Kingdom,,2012.0,1,1,1,1,0,0,0,0,0,1
562.145009,Susceptible,WGS,Good,MLST.ecoli_achtman_4.446,PRJEB54735,Portugal,,2021.0,1,0,0,0,0,0,0,0,0,0
562.98018,Susceptible,WGS,Good,MLST.ecoli_achtman_4.73,,Norway,,2004.0,1,0,0,0,0,0,0,0,0,0
562.57449,Resistant,WGS,Good,MLST.ecoli_achtman_4.5940,,Thailand,,2015.0,1,1,1,0,0,0,1,0,0,0
562.42863,Resistant,WGS,Good,MLST.ecoli_achtman_4.131,PRJNA288601,USA,United States,2014.0,1,1,1,1,0,0,0,0,0,1
562.100792,Susceptible,WGS,Good,MLST.ecoli_achtman_4.73,,Norway,,2017.0,1,0,0,0,0,0,0,0,0,0
562.99391,Resistant,WGS,Good,MLST.ecoli_achtman_4.393,,Norway,,2012.0,1,1,1,1,0,0,0,0,0,0
562.42664,Resistant,WGS,Good,MLST.ecoli_achtman_4.648,PRJNA278886,USA,USA:Boston,2015.0,1,1,1,1,0,0,0,0,0,1
562.100054,Susceptible,WGS,Good,MLST.ecoli_achtman_4.141,,Norway,,2015.0,1,0,0,0,0,0,0,0,0,0
562.99768,Susceptible,WGS,Good,MLST.ecoli_achtman_4.1146,,Norway,,2014.0,1,0,0,0,0,0,0,0,0,0
562.42653,Resistant,WGS,Good,MLST.ecoli_achtman_4.131,PRJNA278886,USA,USA:Boston,2015.0,1,1,1,1,0,0,0,0,0,1
562.98313,Susceptible,WGS,Good,MLST.ecoli_achtman_4.73,,Norway,,2006.0,1,0,0,0,0,0,0,0,0,0
562.96503,Susceptible,WGS,Good,MLST.ecoli_achtman_4.3202,,United Kingdom,,,1,0,0,0,0,0,0,0,0,0
562.99370,Susceptible,WGS,Good,MLST.ecoli_achtman_4.12,,Norway,,2012.0,1,0,0,0,0,0,0,0,0,0
562.96996,Resistant,WGS,Good,MLST.ecoli_achtman_4.648,,United Kingdom,,,1,1,1,1,0,0,0,0,0,1
562.98240,Susceptible,WGS,Good,MLST.ecoli_achtman_4.12,,Norway,,2006.0,1,0,0,0,0,0,0,0,0,0
562.58745,Susceptible,WGS,Good,MLST.ecoli_achtman_4.6331,,Norway,Oslo,2006.0,1,0,0,0,0,0,0,0,0,0
562.58636,Susceptible,WGS,Good,MLST.ecoli_achtman_4.10,,Pakistan,,,1,1,1,0,0,0,0,0,0,0
562.57128,Susceptible,WGS,Good,MLST.ecoli_achtman_4.58,,,,2017.0,1,0,0,0,0,0,0,0,0,0
562.97779,Susceptible,WGS,Good,MLST.ecoli_achtman_4.6161,,Norway,,2002.0,1,0,0,0,0,0,0,0,0,0
562.97417,Resistant,WGS,Good,MLST.ecoli_achtman_4.69,,United Kingdom,,,1,1,1,1,0,0,0,0,0,0
562.99435,Resistant,WGS,Good,MLST.ecoli_achtman_4.131,,Norway,,2012.0,1,1,1,1,0,0,0,0,0,0
562.98340,Susceptible,WGS,Good,MLST.ecoli_achtman_4.23,,Norway,,2007.0,1,0,0,0,0,0,0,0,0,0
562.57439,Susceptible,WGS,Good,MLST.ecoli_achtman_4.716,,Thailand,,2015.0,1,0,0,0,0,0,1,0,0,0
562.98639,Susceptible,WGS,Good,MLST.senterica_achtman_2.2998,,Norway,,2008.0,1,0,0,1,0,0,0,0,0,0
562.97068,Resistant,WGS,Good,MLST.ecoli_achtman_4.131,,United Kingdom,,,1,1,1,1,0,0,0,0,0,1
562.99572,Susceptible,WGS,Good,MLST.ecoli_achtman_4.131,,Norway,,2013.0,1,0,0,0,0,0,0,0,0,0
562.57312,Susceptible,WGS,Good,MLST.ecoli_achtman_4.1231,,,,2017.0,1,1,1,0,0,0,0,0,0,0
562.42731,Resistant,WGS,Good,MLST.ecoli_achtman_4.131,PRJNA278886,USA,USA:Boston,2016.0,1,1,1,1,0,0,0,0,0,1
562.100351,Susceptible,WGS,Good,MLST.ecoli_achtman_4.95,,Norway,,2016.0,1,0,0,0,0,0,0,0,0,0
562.98489,Susceptible,WGS,Good,MLST.ecoli_achtman_4.73,,Norway,,2008.0,1,0,0,0,0,0,0,0,0,0
562.99653,Susceptible,WGS,Good,MLST.ecoli_achtman_4.95,,Norway,,2013.0,1,0,0,0,0,0,0,0,0,0
562.59226,Resistant,WGS,Good,MLST.ecoli_achtman_4.224,PRJEB36565,Rwanda,Rwanda,2014.0,1,1,1,1,0,0,0,0,0,0
562.98954,Susceptible,WGS,Good,MLST.ecoli_achtman_4.117,,Norway,,2010.0,1,0,0,0,0,0,0,0,0,0
562.45638,Susceptible,WGS,Good,MLST.ecoli_achtman_4.23,PRJNA522294,Pakistan,Pakistan:Punjab,2016.0,1,1,1,0,0,0,0,0,0,0
562.23867,Susceptible,WGS,Good,MLST.ecoli_achtman_4.421,PRJEB4681,United Kingdom,,2011.0,0,0,0,0,0,0,0,0,0,0
562.100513,Susceptible,WGS,Good,MLST.ecoli_achtman_4.95,,Norway,,2016.0,1,0,0,0,0,0,0,0,0,0
562.96728,Resistant,WGS,Good,MLST.ecoli_achtman_4.131,,United Kingdom,,,1,1,1,1,0,0,0,0,0,1
562.97982,Susceptible,WGS,Good,MLST.ecoli_achtman_4.73,,Norway,,2004.0,1,0,0,0,0,0,0,0,0,0
562.99652,Susceptible,WGS,Good,MLST.ecoli_achtman_4.297,,Norway,,2013.0,1,0,0,0,0,0,0,0,0,0
562.45629,Resistant,WGS,Good,MLST.ecoli_achtman_4.354,PRJNA522294,Pakistan,Pakistan:Punjab,2016.0,1,1,1,1,0,0,0,0,0,0
562.22684,Susceptible,WGS,Good,MLST.ecoli_achtman_4.73,PRJEB4681,United Kingdom,,2011.0,0,0,0,0,0,0,0,0,0,0
562.99273,Susceptible,WGS,Good,MLST.ecoli_achtman_4.73,,Norway,,2012.0,1,0,0,1,0,0,0,0,0,0
562.100895,Susceptible,WGS,Good,MLST.ecoli_achtman_4.127,,Norway,,2017.0,1,0,0,0,0,0,0,0,0,0
562.97012,Susceptible,WGS,Good,MLST.ecoli_achtman_4.1973,,United Kingdom,,,1,0,0,0,0,0,0,0,0,0
562.99719,Susceptible,WGS,Good,MLST.ecoli_achtman_4.127,,Norway,,2013.0,1,0,0,0,0,0,0,0,0,0
562.73390,Resistant,WGS,Good,MLST.ecoli_achtman_4.1196,PRJEB34557,Spain,Barcelona,2013.0,1,1,1,1,0,0,0,0,0,0
562.96731,Susceptible,WGS,Good,MLST.ecoli_achtman_4.69,,United Kingdom,,,1,0,0,0,0,0,0,0,0,0
562.96806,Susceptible,WGS,Good,MLST.ecoli_achtman_4.141,,United Kingdom,,,1,0,0,0,0,0,0,0,0,0
562.57392,Susceptible,WGS,Good,MLST.ecoli_achtman_4.58,,Thailand,,2015.0,1,0,0,0,0,0,1,0,0,0
562.99224,Susceptible,WGS,Good,MLST.ecoli_achtman_4.1057,,Norway,,2011.0,1,0,0,0,0,0,0,0,0,0
562.98856,Susceptible,WGS,Good,MLST.ecoli_achtman_4.12,,Norway,,2010.0,1,0,0,0,0,0,0,0,0,0
562.98405,Resistant,WGS,Good,MLST.ecoli_achtman_4.964,,Norway,,2007.0,1,1,1,1,0,0,0,0,0,0
562.28840,Resistant,WGS,Good,MLST.ecoli_achtman_4.10,PRJEB23541,Tanzania,Moshi,2014.0,1,1,1,1,0,0,0,0,0,1
562.97196,Susceptible,WGS,Good,MLST.ecoli_achtman_4.14,,United Kingdom,,,1,0,0,0,0,0,0,0,0,0
562.98281,Susceptible,WGS,Good,MLST.ecoli_achtman_4.95,,Norway,,2006.0,1,0,0,0,0,0,0,0,0,0
562.100120,Susceptible,WGS,Good,MLST.ecoli_achtman_4.12,,Norway,,2015.0,1,0,0,0,0,0,0,0,0,0
562.98925,Susceptible,WGS,Good,MLST.ecoli_achtman_4.95,,Norway,,2010.0,1,0,0,0,0,0,0,0,0,0
562.97036,Susceptible,WGS,Good,MLST.ecoli_achtman_4.2598,,United Kingdom,,,1,0,0,0,0,0,0,0,0,0
562.99226,Susceptible,WGS,Good,MLST.ecoli_achtman_4.141,,Norway,,2011.0,1,0,0,0,0,0,0,0,0,0
562.98004,Susceptible,WGS,Good,MLST.ecoli_achtman_4.218,,Norway,,2004.0,1,0,0,0,0,0,0,0,0,0
562.97334,Susceptible,WGS,Good,MLST.ecoli_achtman_4.6286,,United Kingdom,,,1,0,0,0,0,0,0,0,0,0
562.100072,Susceptible,WGS,Good,MLST.ecoli_achtman_4.69,,Norway,,2015.0,1,0,0,0,0,0,0,0,0,0
562.98401,Susceptible,WGS,Good,MLST.ecoli_achtman_4.10225,,Norway,,2007.0,1,0,0,0,0,0,0,0,0,0
562.99077,Susceptible,WGS,Good,MLST.ecoli_achtman_4.95,,Norway,,2011.0,1,0,0,0,0,0,0,0,0,0
562.99812,Susceptible,WGS,Good,MLST.ecoli_achtman_4.73,,Norway,,2014.0,1,0,0,0,0,0,0,0,0,0
562.98538,Susceptible,WGS,Good,MLST.ecoli_achtman_4.79,,Norway,,2008.0,1,0,0,0,0,0,0,0,0,0
562.31465,Susceptible,WGS,Good,MLST.ecoli_achtman_4.372,PRJEB23541,Tanzania,Moshi,2014.0,0,0,0,0,0,0,0,0,0,0
562.97395,Resistant,WGS,Good,MLST.ecoli_achtman_4.1193,,United Kingdom,,,1,1,1,1,0,0,0,0,0,0
562.57473,Resistant,WGS,Good,MLST.ecoli_achtman_4.131,,Thailand,,2014.0,1,1,1,1,0,0,0,0,0,0
562.22598,Susceptible,WGS,Good,MLST.ecoli_achtman_4.5430,PRJEB4681,United Kingdom,,2009.0,0,0,0,0,0,0,0,0,0,0
562.100378,Susceptible,WGS,Good,MLST.ecoli_achtman_4.141,,Norway,,2016.0,1,0,0,0,0,0,0,0,0,0
562.99346,Susceptible,WGS,Good,MLST.ecoli_achtman_4.131,,Norway,,2012.0,1,1,1,0,0,0,0,0,0,0
562.99512,Susceptible,WGS,Good,MLST.ecoli_achtman_4.95,,Norway,,2013.0,1,0,0,0,0,0,0,0,0,0
562.98194,Susceptible,WGS,Good,MLST.ecoli_achtman_4.104,,Norway,,2005.0,1,0,0,0,0,0,0,0,0,0
562.56782,Resistant,WGS,Good,MLST.ecoli_achtman_4.10,,Germany,Hesse,2013.0,1,1,1,1,0,0,0,0,0,1
562.97087,Susceptible,WGS,Good,MLST.ecoli_achtman_4.404,,United Kingdom,,,1,0,0,0,0,0,0,0,0,0
562.42719,Resistant,WGS,Good,MLST.ecoli_achtman_4.131,PRJNA278886,USA,USA:Boston,2016.0,1,1,1,1,0,0,0,0,0,0
562.98038,Susceptible,WGS,Good,MLST.ecoli_achtman_4.73,,Norway,,2004.0,1,0,0,0,0,0,0,0,0,0
562.96917,Susceptible,WGS,Good,MLST.ecoli_achtman_4.155,,United Kingdom,,,1,0,0,0,0,0,0,0,0,0
562.96717,Susceptible,WGS,Good,MLST.ecoli_achtman_4.472,,United Kingdom,,,1,0,0,0,0,0,0,0,0,0
562.100545,Susceptible,WGS,Good,MLST.ecoli_achtman_4.62,,Norway,,2016.0,1,1,1,0,0,0,0,0,0,0
562.99912,Susceptible,WGS,Good,MLST.ecoli_achtman_4.12,,Norway,,2014.0,1,0,0,0,0,0,0,0,0,0
562.42851,Susceptible,WGS,Good,MLST.ecoli_achtman_4.1386,PRJNA288601,USA,United States,2013.0,1,0,0,0,0,0,0,0,0,0
562.96838,Susceptible,WGS,Good,MLST.ecoli_achtman_4.7094,,United Kingdom,,,1,0,0,0,0,0,0,0,0,0
562.45849,Resistant,WGS,Good,MLST.ecoli_achtman_4.38,PRJNA510429,USA,"USA: Rochester, NY",2017.0,1,1,1,1,0,0,0,0,0,0
562.22553,Susceptible,WGS,Good,MLST.ecoli_achtman_4.12,PRJEB4681,United Kingdom,,2009.0,0,0,0,0,0,0,0,0,0,0
562.57089,Susceptible,WGS,Good,MLST.ecoli_achtman_4.131,,,,2008.0,1,0,0,0,0,0,0,0,0,0
562.100376,Susceptible,WGS,Good,MLST.ecoli_achtman_4.646,,Norway,,2016.0,1,0,0,0,0,0,0,0,0,0
562.22737,Susceptible,WGS,Good,MLST.ecoli_achtman_4.405,PRJEB4681,United Kingdom,,2012.0,0,0,0,0,0,0,0,0,0,0
562.98248,Susceptible,WGS,Good,MLST.ecoli_achtman_4.127,,Norway,,2006.0,1,0,0,0,0,0,0,0,0,0
562.42716,Susceptible,WGS,Good,MLST.ecoli_achtman_4.636,PRJNA278886,USA,USA:Boston,2016.0,1,1,1,0,0,0,0,0,0,0
562.97881,Susceptible,WGS,Good,MLST.ecoli_achtman_4.141,,Norway,,2003.0,1,0,0,0,0,0,0,0,0,0
562.98162,Susceptible,WGS,Good,MLST.ecoli_achtman_4.5824,,Norway,,2005.0,1,0,0,0,0,0,0,0,0,0
562.22569,Susceptible,WGS,Good,MLST.ecoli_achtman_4.127,PRJEB4681,United Kingdom,,2009.0,1,1,1,0,0,0,0,0,0,0
562.45588,Resistant,WGS,Good,MLST.ecoli_achtman_4.224,PRJNA522294,Pakistan,Pakistan:Punjab,2016.0,1,1,1,1,0,0,0,0,0,0
562.98455,Susceptible,WGS,Good,MLST.ecoli_achtman_4.95,,Norway,,2007.0,1,0,0,0,0,0,0,0,0,0
562.42857,Susceptible,WGS,Good,MLST.kaerogenes.93,PRJNA288601,USA,United States,2012.0,1,0,0,0,0,0,0,1,1,0
562.100464,Susceptible,WGS,Good,MLST.ecoli_achtman_4.95,,Norway,,2016.0,1,0,0,0,0,0,0,0,0,0
562.145395,Susceptible,WGS,Good,MLST.ecoli_achtman_4.155,PRJNA273513,Canada,British Columbia,2006.0,1,0,0,0,0,0,0,0,0,0
562.98851,Susceptible,WGS,Good,MLST.ecoli_achtman_4.127,,Norway,,2010.0,1,0,0,0,0,0,0,0,0,0
562.99712,Susceptible,WGS,Good,MLST.ecoli_achtman_4.73,,Norway,,2013.0,1,0,0,0,0,0,0,0,0,0
562.144983,Susceptible,WGS,Good,MLST.Escherichia_coli_2.420,PRJEB54735,Portugal,,2020.0,1,0,0,0,0,0,0,0,0,0
562.96718,Susceptible,WGS,Good,MLST.ecoli_achtman_4.472,,United Kingdom,,,1,0,0,0,0,0,0,0,0,0
562.98838,Susceptible,WGS,Good,MLST.ecoli_achtman_4.372,,Norway,,2010.0,1,0,0,0,0,0,0,0,0,0
562.98512,Susceptible,WGS,Good,MLST.ecoli_achtman_4.127,,Norway,,2008.0,1,0,0,0,0,0,0,0,0,0
562.145053,Susceptible,WGS,Good,MLST.ecoli_achtman_4.10,PRJEB54735,Portugal,,2020.0,1,0,0,0,0,0,0,0,0,0
562.100508,Susceptible,WGS,Good,MLST.ecoli_achtman_4.362,,Norway,,2016.0,1,0,0,0,0,0,0,0,0,0
562.96669,Susceptible,WGS,Good,MLST.ecoli_achtman_4.155,,United Kingdom,,,1,0,0,0,0,0,0,0,0,0
562.98731,Susceptible,WGS,Good,MLST.ecoli_achtman_4.73,,Norway,,2009.0,1,0,0,0,0,0,0,0,0,0
562.57175,Susceptible,WGS,Good,MLST.ecoli_achtman_4.4627,,,,,1,0,0,0,0,0,0,0,0,0
562.22757,Susceptible,WGS,Good,MLST.ecoli_achtman_4.59,PRJEB4681,United Kingdom,,2012.0,0,0,0,0,0,0,0,0,0,0
562.98928,Susceptible,WGS,Good,MLST.ecoli_achtman_4.2539,,Norway,,2010.0,1,0,0,0,0,0,0,0,0,0
562.57480,Resistant,WGS,Good,MLST.ecoli_achtman_4.405,,Thailand,,2015.0,1,1,1,1,0,1,0,0,0,1
562.96845,Susceptible,WGS,Good,MLST.ecoli_achtman_4.7094,,United Kingdom,,,1,0,0,0,0,0,0,0,0,0
562.96774,Susceptible,WGS,Good,MLST.ecoli_achtman_4.394,,United Kingdom,,,1,0,0,0,0,0,0,0,0,0
562.100021,Susceptible,WGS,Good,MLST.ecoli_achtman_4.1304,,Norway,,2015.0,1,0,0,0,0,0,0,0,0,0
562.99621,Susceptible,WGS,Good,MLST.ecoli_achtman_4.38,,Norway,,2013.0,1,0,0,0,0,0,0,0,0,0
562.42720,Resistant,WGS,Good,MLST.ecoli_achtman_4.131,PRJNA278886,USA,USA:Boston,2016.0,1,1,1,1,0,0,0,0,0,1
562.22795,Susceptible,WGS,Good,MLST.ecoli_achtman_4.357,PRJEB4681,United Kingdom,,2012.0,0,0,0,0,0,0,0,0,0,0
562.100629,Susceptible,WGS,Good,MLST.ecoli_achtman_4.12,,Norway,,2017.0,1,0,0,0,0,0,0,0,0,0
562.97816,Susceptible,WGS,Good,MLST.ecoli_achtman_4.73,,Norway,,2003.0,1,0,0,0,0,0,0,0,0,0
562.100077,Susceptible,WGS,Good,MLST.ecoli_achtman_4.69,,Norway,,2015.0,1,0,0,0,0,0,0,0,0,0
562.99517,Susceptible,WGS,Good,MLST.ecoli_achtman_4.714,,Norway,,2013.0,1,0,0,0,0,0,0,0,0,0
562.96853,Resistant,WGS,Good,MLST.ecoli_achtman_4.1723,,United Kingdom,,,1,1,1,1,0,0,0,0,0,0
562.96518,Resistant,WGS,Good,MLST.ecoli_achtman_4.131,,United Kingdom,,,1,1,1,1,0,0,0,0,0,0
562.99415,Susceptible,WGS,Good,MLST.ecoli_achtman_4.550,,Norway,,2012.0,1,0,0,0,0,0,0,0,0,0
562.99892,Resistant,WGS,Good,MLST.ecoli_achtman_4.773,,Norway,,2014.0,1,1,1,1,0,0,0,0,0,0
562.100169,Susceptible,WGS,Good,MLST.ecoli_achtman_4.69,,Norway,,2015.0,1,0,0,0,0,0,0,0,0,0
562.97243,Resistant,WGS,Good,MLST.ecoli_achtman_4.443,,United Kingdom,,,1,1,1,1,0,0,0,0,0,0
562.96848,Susceptible,WGS,Good,MLST.ecoli_achtman_4.95,,United Kingdom,,,1,0,0,0,0,0,0,0,0,0
562.98167,Susceptible,WGS,Good,MLST.ecoli_achtman_4.95,,Norway,,2005.0,1,0,0,0,0,0,0,0,0,0
562.100167,Susceptible,WGS,Good,MLST.ecoli_achtman_4.155,,Norway,,2015.0,1,0,0,0,0,0,0,0,0,0
562.99164,Susceptible,WGS,Good,MLST.ecoli_achtman_4.14,,Norway,,2011.0,1,0,0,0,0,0,0,0,0,0
562.145436,Susceptible,WGS,Good,MLST.ecoli_achtman_4.155,PRJNA273513,Canada,British Columbia,2006.0,1,0,0,0,0,0,0,0,0,0
562.58627,Resistant,WGS,Good,MLST.ecoli_achtman_4.131,,Pakistan,,,1,1,1,1,0,0,0,0,0,1
562.98666,Susceptible,WGS,Good,MLST.ecoli_achtman_4.69,,Norway,,2009.0,1,0,0,0,0,0,0,0,0,0
562.45676,Resistant,WGS,Good,MLST.ecoli_achtman_4.10011,PRJNA522294,Pakistan,Pakistan:Punjab,2017.0,1,1,1,1,0,0,0,0,0,0
562.98015,Susceptible,WGS,Good,MLST.ecoli_achtman_4.144,,Norway,,2004.0,1,0,0,0,0,0,0,0,0,0
562.57386,Susceptible,WGS,Good,MLST.ecoli_achtman_4.93,,Thailand,,2015.0,1,0,0,0,0,0,1,0,1,0
562.22631,Resistant,WGS,Good,MLST.ecoli_achtman_4.131,PRJEB4681,United Kingdom,,2010.0,1,1,1,1,0,0,0,0,0,0
562.96514,Resistant,WGS,Good,MLST.ecoli_achtman_4.131,,United Kingdom,,,1,1,1,1,0,0,0,0,0,0
562.99085,Susceptible,WGS,Good,MLST.ecoli_achtman_4.69,,Norway,,2011.0,1,1,1,0,0,0,0,0,0,0
562.100955,Susceptible,WGS,Good,MLST.ecoli_achtman_4.416,,Norway,,2017.0,1,0,0,0,0,0,0,0,0,0
562.22708,Resistant,WGS,Good,MLST.ecoli_achtman_4.648,PRJEB4681,United Kingdom,,2010.0,1,1,1,1,0,0,0,0,0,0
562.97940,Susceptible,WGS,Good,MLST.ecoli_achtman_4.12,,Norway,,2004.0,1,0,0,0,0,0,0,0,0,0
562.22517,Susceptible,WGS,Good,MLST.ecoli_achtman_4.14,PRJEB4681,United Kingdom,,2008.0,0,0,0,0,0,0,0,0,0,0
562.100743,Susceptible,WGS,Good,MLST.ecoli_achtman_4.14,,Norway,,2017.0,1,0,0,0,0,0,0,0,0,0
562.97870,Susceptible,WGS,Good,MLST.ecoli_achtman_4.73,,Norway,,2003.0,1,0,0,0,0,0,0,0,0,0
562.145410,Susceptible,WGS,Good,MLST.ecoli_achtman_4.155,PRJNA273513,Canada,British Columbia,2006.0,1,0,0,0,0,0,0,0,0,0
562.100852,Susceptible,WGS,Good,MLST.ecoli_achtman_4.453,,Norway,,2017.0,1,0,0,0,0,0,0,0,0,0
562.57218,Resistant,WGS,Good,MLST.ecoli_achtman_4.131,,,,2017.0,1,1,1,1,0,0,0,0,0,0
562.140919,Resistant,WGS,Good,MLST.ecoli_achtman_4.10491,PRJNA530794,USA,"St. Louis, Missouri",2017.0,1,1,1,1,0,0,0,0,0,0
562.140832,Resistant,WGS,Good,MLST.ecoli_achtman_4.131,PRJNA530794,USA,"St. Louis, Missouri",2017.0,1,1,1,1,0,0,0,0,0,0
562.135576,Resistant,WGS,Good,MLST.ecoli_achtman_4.448,,India,Chattisgarh (Jan Swasthya Sahyog),2019.0,1,1,1,1,0,0,1,0,0,0
562.100345,Susceptible,WGS,Good,MLST.ecoli_achtman_4.59,,Norway,,2016.0,1,0,0,0,0,0,0,0,0,0
562.22724,Resistant,WGS,Good,MLST.ecoli_achtman_4.1431,PRJEB4681,United Kingdom,,2011.0,1,1,1,1,0,0,0,0,0,0
562.96656,Resistant,WGS,Good,MLST.ecoli_achtman_4.6151,,United Kingdom,,,1,1,1,1,0,0,0,0,0,0
562.100657,Susceptible,WGS,Good,MLST.ecoli_achtman_4.95,,Norway,,2017.0,1,0,0,0,0,0,0,0,0,0
562.99064,Susceptible,WGS,Good,MLST.ecoli_achtman_4.73,,Norway,,2011.0,1,0,0,0,0,0,0,0,0,0
562.98032,Susceptible,WGS,Good,MLST.ecoli_achtman_4.73,,Norway,,2004.0,1,0,0,0,0,0,0,0,0,0
562.100713,Resistant,WGS,Good,MLST.ecoli_achtman_4.162,,Norway,,2017.0,1,1,1,1,0,0,0,0,0,0
562.96435,Susceptible,WGS,Good,MLST.ecoli_achtman_4.7091,,United Kingdom,,,1,0,0,0,0,0,0,0,0,0
562.96953,Resistant,WGS,Good,MLST.ecoli_achtman_4.131,,United Kingdom,,,1,1,1,1,0,0,0,0,0,1
562.99076,Susceptible,WGS,Good,MLST.ecoli_achtman_4.357,,Norway,,2011.0,1,0,0,0,0,0,0,0,0,0
562.98654,Susceptible,WGS,Good,MLST.ecoli_achtman_4.127,,Norway,,2009.0,1,0,0,0,0,0,0,0,0,0
562.99935,Susceptible,WGS,Good,MLST.ecoli_achtman_4.141,,Norway,,2014.0,1,0,0,0,0,0,0,0,0,0
562.145064,Susceptible,WGS,Good,MLST.ecoli_achtman_4.20,PRJEB54735,Portugal,,2021.0,1,0,0,0,0,0,0,0,0,0
562.100295,Susceptible,WGS,Good,MLST.ecoli_achtman_4.80,,Norway,,2015.0,1,0,0,0,0,0,0,0,0,0
562.144936,Resistant,WGS,Good,MLST.ecoli_achtman_4.167,PRJNA925003,India,Chattisgarh,,1,1,1,1,0,0,1,0,0,0
562.99605,Resistant,WGS,Good,MLST.ecoli_achtman_4.410,,Norway,,2013.0,1,1,1,1,0,0,0,0,0,1
562.99656,Susceptible,WGS,Good,MLST.ecoli_achtman_4.10295,,Norway,,2013.0,1,0,0,0,0,0,0,0,0,0
562.145402,Susceptible,WGS,Good,MLST.ecoli_achtman_4.38,PRJNA273513,Canada,British Columbia,2006.0,1,0,0,0,0,0,0,0,0,0
562.57300,Susceptible,WGS,Good,MLST.ecoli_achtman_4.362,,,,2017.0,1,0,0,0,0,0,0,0,0,0
562.42777,Resistant,WGS,Good,MLST.ecoli_achtman_4.131,PRJNA278886,USA,USA:Boston,2015.0,1,1,1,1,0,0,0,0,0,0
562.57187,Resistant,WGS,Good,MLST.ecoli_achtman_4.131,,,,2007.0,1,1,1,1,0,0,0,0,0,1
562.97226,Resistant,WGS,Good,MLST.ecoli_achtman_4.443,,United Kingdom,,,1,1,1,1,0,0,0,0,0,0
562.58739,Resistant,WGS,Good,MLST.ecoli_achtman_4.1602,,Italy,,2015.0,1,1,1,0,0,0,0,0,0,0
562.99338,Resistant,WGS,Good,MLST.ecoli_achtman_4.393,,Norway,,2012.0,1,1,1,1,0,0,0,0,0,0
562.96561,Resistant,WGS,Good,MLST.ecoli_achtman_4.90,,United Kingdom,,,1,1,1,1,0,0,0,0,0,0
562.98730,Susceptible,WGS,Good,MLST.ecoli_achtman_4.95,,Norway,,2009.0,1,0,0,0,0,0,0,0,0,0
562.57084,Susceptible,WGS,Good,MLST.ecoli_achtman_4.38,,,,2008.0,1,1,1,0,0,0,0,0,0,0
562.144935,Resistant,WGS,Good,MLST.ecoli_achtman_4.405,PRJNA925003,India,Chattisgarh,,1,1,1,1,0,0,0,0,0,0
562.28846,Resistant,WGS,Good,MLST.ecoli_achtman_4.131,PRJEB23541,Tanzania,Moshi,2013.0,1,1,1,1,0,0,0,0,0,1
562.45665,Susceptible,WGS,Good,MLST.ecoli_achtman_4.7187,PRJNA522294,Pakistan,Pakistan:Punjab,2017.0,1,0,0,0,0,0,1,0,0,0
562.96623,Susceptible,WGS,Good,MLST.ecoli_achtman_4.1297,,United Kingdom,,,1,0,0,0,0,0,0,0,0,0
562.99151,Susceptible,WGS,Good,MLST.ecoli_achtman_4.12,,Norway,,2011.0,1,0,0,0,0,0,0,0,0,0
562.98129,Susceptible,WGS,Good,MLST.ecoli_achtman_4.349,,Norway,,2005.0,1,0,0,0,0,0,0,0,0,0
562.31458,Susceptible,WGS,Good,MLST.ecoli_achtman_4.361,PRJEB23541,Tanzania,Moshi,2014.0,0,0,0,0,0,1,0,0,0,1
562.97058,Resistant,WGS,Good,MLST.ecoli_achtman_4.1196,,United Kingdom,,,1,1,1,1,0,0,0,0,0,0
562.100264,Resistant,WGS,Good,MLST.ecoli_achtman_4.73,,Norway,,2015.0,1,0,0,0,0,0,0,0,0,0
562.97342,Resistant,WGS,Good,MLST.ecoli_achtman_4.69,,United Kingdom,,,1,1,1,1,0,0,0,0,0,0
562.99329,Susceptible,WGS,Good,MLST.ecoli_achtman_4.5702,,Norway,,2012.0,1,0,0,0,0,0,0,0,0,0
562.98164,Susceptible,WGS,Good,MLST.ecoli_achtman_4.327,,Norway,,2005.0,1,0,0,0,0,0,0,0,0,0
562.140829,Resistant,WGS,Good,MLST.ecoli_achtman_4.131,PRJNA530794,USA,"St. Louis, Missouri",2017.0,1,1,1,1,0,0,0,0,0,0
562.99419,Susceptible,WGS,Good,MLST.ecoli_achtman_4.12,,Norway,,2012.0,1,0,0,0,0,0,0,0,0,0
562.100014,Resistant,WGS,Good,MLST.ecoli_achtman_4.4598,,Norway,,2015.0,1,1,1,0,0,0,1,0,0,0
562.57426,Susceptible,WGS,Good,MLST.ecoli_achtman_4.538,,Thailand,,2015.0,1,0,0,0,0,0,1,0,0,0
562.98189,Susceptible,WGS,Good,MLST.ecoli_achtman_4.126,,Norway,,2005.0,1,0,0,0,0,0,0,0,0,0
562.22796,Susceptible,WGS,Good,MLST.ecoli_achtman_4.2802,PRJEB4681,United Kingdom,,2012.0,0,0,0,0,0,0,0,0,0,0
562.98952,Susceptible,WGS,Good,MLST.ecoli_achtman_4.131,,Norway,,2010.0,1,1,1,0,0,0,0,0,0,0
562.97430,Resistant,WGS,Good,MLST.ecoli_achtman_4.69,,United Kingdom,,,1,1,1,1,0,0,0,0,0,0
562.99705,Susceptible,WGS,Good,MLST.ecoli_achtman_4.398,,Norway,,2013.0,1,0,0,0,0,0,0,0,0,0
562.100958,Susceptible,WGS,Good,MLST.ecoli_achtman_4.12,,Norway,,2017.0,1,0,0,0,0,0,0,0,0,0
562.96502,Susceptible,WGS,Good,MLST.ecoli_achtman_4.3202,,United Kingdom,,,1,0,0,0,0,0,0,0,0,0
562.99575,Susceptible,WGS,Good,MLST.ecoli_achtman_4.69,,Norway,,2013.0,1,0,0,0,0,0,0,0,0,0
562.99672,Susceptible,WGS,Good,MLST.ecoli_achtman_4.62,,Norway,,2013.0,1,0,0,0,0,0,0,0,0,0
562.100597,Susceptible,WGS,Good,MLST.ecoli_achtman_4.73,,Norway,,2016.0,1,0,0,0,0,0,0,0,0,0
562.144949,Susceptible,WGS,Good,MLST.ecoli_achtman_4.300,PRJEB54735,Portugal,,2020.0,1,0,0,0,0,0,0,0,0,0
562.96470,Susceptible,WGS,Good,MLST.ecoli_achtman_4.127,,United Kingdom,,,1,0,0,0,0,0,0,0,0,0
562.98611,Resistant,WGS,Good,MLST.ecoli_achtman_4.38,,Norway,,2008.0,1,1,1,1,0,0,0,0,0,0
562.99877,Susceptible,WGS,Good,MLST.ecoli_achtman_4.95,,Norway,,2014.0,1,0,0,0,0,0,0,0,0,0
562.57197,Resistant,WGS,Good,MLST.ecoli_achtman_4.131,,,,2005.0,1,1,1,1,0,0,0,0,0,1
562.99271,Resistant,WGS,Good,MLST.ecoli_achtman_4.90,,Norway,,2012.0,1,1,1,1,0,0,0,0,0,0
562.100230,Susceptible,WGS,Good,MLST.ecoli_achtman_4.155,,Norway,,2015.0,1,0,0,0,0,0,0,0,0,0
562.145384,Susceptible,WGS,Good,MLST.ecoli_achtman_4.155,PRJNA273513,Canada,British Columbia,2006.0,1,0,0,0,0,0,0,0,0,0
562.22800,Susceptible,WGS,Good,MLST.ecoli_achtman_4.73,PRJEB4681,United Kingdom,,2012.0,0,0,0,0,0,0,0,0,0,0
562.100346,Susceptible,WGS,Good,MLST.ecoli_achtman_4.73,,Norway,,2016.0,1,0,0,0,0,0,0,0,0,0
562.58643,Resistant,WGS,Good,MLST.ecoli_achtman_4.617,,Pakistan,,,1,1,1,1,0,0,0,0,0,0
562.56848,Resistant,WGS,Good,MLST.ecoli_achtman_4.3778,,Germany,Brandenburg,2011.0,1,1,1,0,0,0,0,0,0,0
562.99394,Susceptible,WGS,Good,MLST.ecoli_achtman_4.69,,Norway,,2012.0,1,0,0,0,0,0,0,0,0,0
562.98492,Susceptible,WGS,Good,MLST.ecoli_achtman_4.12,,Norway,,2008.0,1,0,0,0,0,0,0,0,0,0
562.99503,Susceptible,WGS,Good,MLST.ecoli_achtman_4.95,,Norway,,2013.0,1,0,0,0,0,0,0,0,0,0
562.57091,Resistant,WGS,Good,MLST.ecoli_achtman_4.131,,,,2008.0,1,1,1,1,0,0,0,0,0,1
562.99378,Susceptible,WGS,Good,MLST.ecoli_achtman_4.95,,Norway,,2012.0,1,0,0,0,0,0,0,0,0,0
562.96633,Resistant,WGS,Good,MLST.ecoli_achtman_4.131,,United Kingdom,,,1,1,1,1,0,0,0,0,0,0
562.99114,Susceptible,WGS,Good,MLST.ecoli_achtman_4.95,,Norway,,2011.0,1,0,0,0,0,0,0,0,0,0
562.97758,Susceptible,WGS,Good,MLST.ecoli_achtman_4.10,,Norway,,2002.0,1,0,0,0,0,0,0,0,0,0
562.99343,Resistant,WGS,Good,MLST.ecoli_achtman_4.624,,Norway,,2012.0,1,1,1,1,0,0,0,0,0,0
562.97483,Susceptible,WGS,Good,MLST.ecoli_achtman_4.345,,United Kingdom,,,1,0,0,0,0,0,0,0,0,0
562.57314,Susceptible,WGS,Good,MLST.ecoli_achtman_4.607,,,,2017.0,1,0,0,0,0,0,0,0,0,0
562.99595,Susceptible,WGS,Good,MLST.ecoli_achtman_4.59,,Norway,,2013.0,1,0,0,0,0,0,0,0,0,0
562.96787,Resistant,WGS,Good,MLST.ecoli_achtman_4.443,,United Kingdom,,,1,1,1,1,0,0,0,0,0,0
562.99739,Susceptible,WGS,Good,MLST.ecoli_achtman_4.131,,Norway,,2013.0,1,1,1,1,0,0,0,0,0,0
562.22713,Susceptible,WGS,Good,MLST.ecoli_achtman_4.38,PRJEB4681,United Kingdom,,2010.0,0,0,0,0,0,0,0,0,0,0
562.99943,Susceptible,WGS,Good,MLST.ecoli_achtman_4.104,,Norway,,2014.0,1,0,0,0,0,0,0,0,0,0
562.98139,Susceptible,WGS,Good,MLST.ecoli_achtman_4.14,,Norway,,2005.0,1,0,0,0,0,0,0,0,0,0
562.98319,Susceptible,WGS,Good,MLST.ecoli_achtman_4.95,,Norway,,2006.0,1,0,0,0,0,0,0,0,0,0
562.99521,Susceptible,WGS,Good,MLST.ecoli_achtman_4.141,,Norway,,2013.0,1,0,0,0,0,0,0,0,0,0
562.96931,Resistant,WGS,Good,MLST.ecoli_achtman_4.131,,United Kingdom,,,1,1,1,1,0,0,0,0,0,1
562.99828,Susceptible,WGS,Good,MLST.ecoli_achtman_4.127,,Norway,,2014.0,1,0,0,0,0,0,0,0,0,0
562.31449,Resistant,WGS,Good,MLST.ecoli_achtman_4.617,PRJEB23541,Tanzania,Moshi,2014.0,1,1,1,1,0,0,0,0,0,1
562.100187,Susceptible,WGS,Good,MLST.ecoli_achtman_4.144,,Norway,,2015.0,1,0,0,0,0,0,0,0,0,0
562.96618,Resistant,WGS,Good,MLST.ecoli_achtman_4.162,,United Kingdom,,,1,1,1,1,0,0,0,0,0,0
562.98055,Susceptible,WGS,Good,MLST.ecoli_achtman_4.155,,Norway,,2004.0,1,0,0,0,0,0,0,0,0,0
562.96782,Resistant,WGS,Good,MLST.ecoli_achtman_4.131,,United Kingdom,,,1,1,1,1,0,0,0,0,0,0
562.98683,Susceptible,WGS,Good,MLST.ecoli_achtman_4.428,,Norway,,2009.0,1,0,0,0,0,0,0,0,0,0
562.22608,Susceptible,WGS,Good,MLST.ecoli_achtman_4.5576,PRJEB4681,United Kingdom,,2009.0,0,0,0,0,0,0,0,0,0,0
562.99109,Susceptible,WGS,Good,MLST.ecoli_achtman_4.69,,Norway,,2011.0,1,0,0,0,0,0,0,0,0,0
562.96634,Resistant,WGS,Good,MLST.ecoli_achtman_4.131,,United Kingdom,,,1,1,1,1,0,0,0,0,0,0
562.22540,Susceptible,WGS,Good,MLST.ecoli_achtman_4.104,PRJEB4681,United Kingdom,,2009.0,0,0,0,0,0,0,0,0,0,0
562.97235,Resistant,WGS,Good,MLST.ecoli_achtman_4.443,,United Kingdom,,,1,1,1,1,0,0,0,0,0,0
562.73349,Resistant,WGS,Good,MLST.ecoli_achtman_4.224,PRJEB34557,Spain,Barcelona,2013.0,1,1,1,1,0,0,0,0,0,0
562.99972,Susceptible,WGS,Good,MLST.ecoli_achtman_4.12,,Norway,,2014.0,1,0,0,0,0,0,0,0,0,0
562.144918,Resistant,WGS,Good,MLST.ecoli_achtman_4.8346,PRJNA925003,India,Chattisgarh,,1,1,1,1,0,0,0,0,0,0
562.98525,Resistant,WGS,Good,MLST.ecoli_achtman_4.394,,Norway,,2008.0,1,1,1,1,0,0,0,0,0,0
562.56801,Resistant,WGS,Good,MLST.ecoli_achtman_4.57,,Germany,North Rhine-Westphalia,2011.0,1,1,1,1,0,0,0,0,0,0
562.45593,Resistant,WGS,Good,MLST.ecoli_achtman_4.155,PRJNA522294,Pakistan,Pakistan:Punjab,2016.0,1,1,1,1,0,0,1,0,0,0
562.45620,Susceptible,WGS,Good,MLST.ecoli_achtman_4.131,PRJNA522294,Pakistan,Pakistan:Islamabad,2016.0,1,1,1,0,0,0,0,0,0,0
562.98106,Susceptible,WGS,Good,MLST.ecoli_achtman_4.95,,Norway,,2005.0,1,0,0,0,0,0,0,0,0,0
562.22566,Susceptible,WGS,Good,MLST.ecoli_achtman_4.95,PRJEB4681,United Kingdom,,2009.0,0,0,0,0,0,0,0,0,0,0
562.99053,Susceptible,WGS,Good,MLST.ecoli_achtman_4.95,,Norway,,2011.0,1,0,0,0,0,0,0,0,0,0
562.98916,Susceptible,WGS,Good,MLST.ecoli_achtman_4.141,,Norway,,2010.0,1,0,0,0,0,0,0,0,0,0
562.144987,Susceptible,WGS,Good,MLST.ecoli_achtman_4.655,PRJEB54735,Portugal,,2020.0,1,0,0,0,0,0,0,0,0,0
562.97957,Susceptible,WGS,Good,MLST.ecoli_achtman_4.95,,Norway,,2003.0,1,0,0,0,0,0,0,0,0,0
562.100746,Susceptible,WGS,Good,MLST.ecoli_achtman_4.9962,,Norway,,2017.0,1,0,0,0,0,0,0,0,0,0
562.58641,Resistant,WGS,Good,MLST.ecoli_achtman_4.131,,Pakistan,,,1,1,1,1,0,0,0,0,0,0
562.99457,Susceptible,WGS,Good,MLST.ecoli_achtman_4.95,,Norway,,2012.0,1,0,0,0,0,0,0,0,0,0
562.96442,Resistant,WGS,Good,MLST.ecoli_achtman_4.131,,United Kingdom,,,1,1,1,1,0,0,0,0,0,1
562.99657,Susceptible,WGS,Good,MLST.ecoli_achtman_4.131,,Norway,,2013.0,1,0,0,0,0,0,0,0,0,0
562.99446,Susceptible,WGS,Good,MLST.ecoli_achtman_4.73,,Norway,,2012.0,1,0,0,0,0,0,0,0,0,0
562.97306,Resistant,WGS,Good,MLST.ecoli_achtman_4.131,,United Kingdom,,,1,1,1,1,0,0,0,0,0,0
562.99366,Susceptible,WGS,Good,MLST.ecoli_achtman_4.69,,Norway,,2012.0,1,0,0,0,0,0,0,0,0,0
562.99454,Susceptible,WGS,Good,MLST.ecoli_achtman_4.491,,Norway,,2012.0,1,0,0,0,0,0,0,0,0,0
562.99664,Susceptible,WGS,Good,MLST.ecoli_achtman_4.141,,Norway,,2013.0,1,0,0,0,0,0,0,0,0,0
562.98549,Susceptible,WGS,Good,MLST.ecoli_achtman_4.998,,Norway,,2008.0,1,0,0,0,0,0,0,0,0,0
562.99198,Susceptible,WGS,Good,MLST.ecoli_achtman_4.135,,Norway,,2011.0,1,0,0,0,0,0,0,0,0,0
562.99641,Susceptible,WGS,Good,MLST.ecoli_achtman_4.73,,Norway,,2013.0,1,0,0,0,0,0,0,0,0,0
562.73365,Resistant,WGS,Good,MLST.ecoli_achtman_4.1196,PRJEB34557,Spain,Barcelona,2013.0,1,1,1,1,0,0,0,0,0,0
562.145380,Susceptible,WGS,Good,MLST.ecoli_achtman_4.362,PRJNA273513,Canada,British Columbia,2006.0,1,0,0,0,0,0,0,0,0,0
562.97397,Susceptible,WGS,Good,MLST.ecoli_achtman_4.7099,,United Kingdom,,,1,0,0,0,0,0,0,0,0,0
562.97044,Susceptible,WGS,Good,MLST.ecoli_achtman_4.117,,United Kingdom,,,1,1,1,0,0,0,0,0,0,0
562.57462,Resistant,WGS,Good,MLST.ecoli_achtman_4.457,,Thailand,,2015.0,1,1,1,1,0,0,0,0,0,0
562.99782,Susceptible,WGS,Good,MLST.ecoli_achtman_4.550,,Norway,,2014.0,1,0,0,0,0,0,0,0,0,0
562.100282,Susceptible,WGS,Good,MLST.ecoli_achtman_4.73,,Norway,,2015.0,1,0,0,0,0,0,0,0,0,0
562.100666,Resistant,WGS,Good,MLST.ecoli_achtman_4.10405,,Norway,,2017.0,1,1,1,1,0,0,0,0,0,0
562.22491,Resistant,WGS,Good,MLST.ecoli_achtman_4.131,PRJEB4681,United Kingdom,,2008.0,1,1,1,1,0,0,0,0,0,1
562.100129,Susceptible,WGS,Good,MLST.ecoli_achtman_4.73,,Norway,,2015.0,1,0,0,0,0,0,0,0,0,0
562.100231,Susceptible,WGS,Good,MLST.ecoli_achtman_4.131,,Norway,,2015.0,1,0,0,0,0,0,0,0,0,0
562.99859,Resistant,WGS,Good,MLST.ecoli_achtman_4.131,,Norway,,2014.0,1,1,1,1,0,0,0,0,0,0
562.96617,Resistant,WGS,Good,MLST.ecoli_achtman_4.6151,,United Kingdom,,,1,1,1,1,0,0,0,0,0,0
562.140843,Resistant,WGS,Good,MLST.ecoli_achtman_4.131,PRJNA530794,USA,"St. Louis, Missouri",2017.0,1,1,1,1,0,0,0,0,0,0
562.100416,Susceptible,WGS,Good,MLST.ecoli_achtman_4.69,,Norway,,2016.0,1,0,0,0,0,0,0,0,0,0
562.22467,Susceptible,WGS,Good,MLST.ecoli_achtman_4.80,PRJEB4681,United Kingdom,,2007.0,0,0,0,0,0,0,0,0,0,0
562.140907,Resistant,WGS,Good,MLST.ecoli_achtman_4.405,PRJNA530794,USA,"St. Louis, Missouri",2017.0,1,1,1,1,0,0,0,0,0,1
562.99101,Susceptible,WGS,Good,MLST.ecoli_achtman_4.1154,,Norway,,2011.0,1,0,0,0,0,0,0,0,0,0
562.56906,Resistant,WGS,Good,MLST.ecoli_achtman_4.10,,Germany,Bavaria,2012.0,1,1,1,1,0,0,0,0,0,0
562.99192,Susceptible,WGS,Good,MLST.ecoli_achtman_4.69,,Norway,,2011.0,1,0,0,0,0,0,0,0,0,0
562.99969,Susceptible,WGS,Good,MLST.ecoli_achtman_4.73,,Norway,,2014.0,1,0,0,0,0,0,0,0,0,0
562.99442,Susceptible,WGS,Good,MLST.ecoli_achtman_4.73,,Norway,,2012.0,1,0,0,0,0,0,0,0,0,0
562.96662,Resistant,WGS,Good,MLST.ecoli_achtman_4.1193,,United Kingdom,,,1,1,1,1,0,0,0,0,0,0
562.99365,Susceptible,WGS,Good,MLST.ecoli_achtman_4.95,,Norway,,2012.0,1,0,0,0,0,0,0,0,0,0
562.45850,Resistant,WGS,Good,MLST.ecoli_achtman_4.38,PRJNA510429,USA,"USA: Rochester, NY",2018.0,1,1,1,1,0,0,0,0,0,1
562.100756,Susceptible,WGS,Good,MLST.ecoli_achtman_4.14,,Norway,,2017.0,1,0,0,0,0,0,0,0,0,0
562.99622,Susceptible,WGS,Good,MLST.ecoli_achtman_4.95,,Norway,,2013.0,1,0,0,0,0,0,0,0,0,0
562.97830,Susceptible,WGS,Good,MLST.ecoli_achtman_4.69,,Norway,,2002.0,1,0,0,0,0,0,0,0,0,0
562.99878,Susceptible,WGS,Good,MLST.ecoli_achtman_4.410,,Norway,,2014.0,1,0,0,0,0,0,0,0,0,0
562.97308,Resistant,WGS,Good,MLST.ecoli_achtman_4.131,,United Kingdom,,,1,1,1,1,0,0,0,0,0,0
562.22620,Resistant,WGS,Good,MLST.ecoli_achtman_4.131,PRJEB4681,United Kingdom,,2010.0,1,1,1,1,0,0,0,0,0,0
562.96722,Susceptible,WGS,Good,MLST.ecoli_achtman_4.69,,United Kingdom,,,1,0,0,0,0,0,0,0,0,0
562.99677,Susceptible,WGS,Good,MLST.ecoli_achtman_4.104,,Norway,,2013.0,1,0,0,0,0,0,0,0,0,0
562.98335,Susceptible,WGS,Good,MLST.ecoli_achtman_4.95,,Norway,,2006.0,1,0,0,0,0,0,0,0,0,0
562.97450,Susceptible,WGS,Good,MLST.ecoli_achtman_4.88,,United Kingdom,,,1,0,0,0,0,0,0,0,0,0
562.96449,Susceptible,WGS,Good,MLST.ecoli_achtman_4.3202,,United Kingdom,,,1,0,0,0,0,0,0,0,0,0
562.100689,Susceptible,WGS,Good,MLST.ecoli_achtman_4.2712,,Norway,,2017.0,1,0,0,0,0,0,0,0,0,0
562.73370,Resistant,WGS,Good,MLST.ecoli_achtman_4.224,PRJEB34557,Spain,Barcelona,2013.0,1,1,1,1,0,0,0,0,0,0
562.96945,Susceptible,WGS,Good,MLST.ecoli_achtman_4.3877,,United Kingdom,,,1,0,0,0,0,0,0,0,0,0
562.97099,Susceptible,WGS,Good,MLST.ecoli_achtman_4.648,,United Kingdom,,,1,0,0,0,0,0,0,0,0,0
562.98926,Susceptible,WGS,Good,MLST.ecoli_achtman_4.73,,Norway,,2010.0,1,0,0,0,0,0,0,0,0,0
562.100864,Susceptible,WGS,Good,MLST.ecoli_achtman_4.93,,Norway,,2017.0,1,0,0,0,0,0,0,0,0,0
562.100170,Susceptible,WGS,Good,MLST.ecoli_achtman_4.69,,Norway,,2015.0,1,0,0,0,0,0,0,0,0,0
562.98339,Susceptible,WGS,Good,MLST.ecoli_achtman_4.95,,Norway,,2007.0,1,0,0,0,0,0,0,0,0,0
562.100244,Susceptible,WGS,Good,MLST.ecoli_achtman_4.357,,Norway,,2015.0,1,0,0,0,0,0,0,0,0,0
562.96627,Susceptible,WGS,Good,MLST.ecoli_achtman_4.48,,United Kingdom,,,1,0,0,0,0,0,0,0,0,0
562.57209,Susceptible,WGS,Good,MLST.ecoli_achtman_4.409,,,,2017.0,1,0,0,0,0,0,0,0,0,0
562.57482,Susceptible,WGS,Good,MLST.ecoli_achtman_4.38,,Thailand,,2015.0,1,0,0,0,0,0,0,0,0,0
562.99007,Susceptible,WGS,Good,MLST.ecoli_achtman_4.12,,Norway,,2010.0,1,0,0,0,0,0,0,0,0,0
562.100619,Susceptible,WGS,Good,MLST.ecoli_achtman_4.14,,Norway,,2017.0,1,0,0,0,0,0,0,0,0,0
562.98297,Susceptible,WGS,Good,MLST.ecoli_achtman_4.73,,Norway,,2006.0,1,0,0,0,0,0,0,0,0,0
562.100454,Susceptible,WGS,Good,MLST.ecoli_achtman_4.12,,Norway,,2016.0,1,0,0,0,0,0,0,0,0,0
562.22657,Resistant,WGS,Good,MLST.ecoli_achtman_4.131,PRJEB4681,United Kingdom,,2010.0,1,1,1,1,0,0,0,0,0,0
562.96536,Susceptible,WGS,Good,MLST.ecoli_achtman_4.10,,United Kingdom,,,1,0,0,0,0,0,0,0,0,0
562.99482,Susceptible,WGS,Good,MLST.ecoli_achtman_4.73,,Norway,,2013.0,1,0,0,0,0,0,0,0,0,0
562.99923,Susceptible,WGS,Good,MLST.ecoli_achtman_4.706,,Norway,,2014.0,1,0,0,0,0,0,0,0,0,0
562.96866,Susceptible,WGS,Good,MLST.ecoli_achtman_4.155,,United Kingdom,,,1,0,0,0,0,0,0,0,0,0
562.23790,Susceptible,WGS,Good,MLST.ecoli_achtman_4.88,PRJEB4681,United Kingdom,,2012.0,0,0,0,0,0,0,0,0,0,0
562.98294,Susceptible,WGS,Good,MLST.ecoli_achtman_4.69,,Norway,,2006.0,1,0,0,0,0,0,0,0,0,0
562.98169,Susceptible,WGS,Good,MLST.ecoli_achtman_4.10408,,Norway,,2005.0,1,0,0,0,0,0,0,0,0,0
562.28805,Resistant,Complete,Good,MLST.ecoli_achtman_4.410,PRJNA316321,,,,1,1,1,1,0,0,0,0,0,0
562.98819,Susceptible,WGS,Good,MLST.ecoli_achtman_4.95,,Norway,,2009.0,1,1,1,0,0,0,0,0,0,0
562.98147,Resistant,WGS,Good,MLST.ecoli_achtman_4.69,,Norway,,2005.0,1,1,1,1,0,0,0,0,0,0
562.98131,Susceptible,WGS,Good,MLST.ecoli_achtman_4.73,,Norway,,2005.0,1,0,0,0,0,0,0,0,0,0
562.96695,Resistant,WGS,Good,MLST.ecoli_achtman_4.1193,,United Kingdom,,,1,1,1,1,0,0,0,0,0,0
562.99361,Susceptible,WGS,Good,MLST.ecoli_achtman_4.127,,Norway,,2012.0,1,0,0,0,0,0,0,0,0,0
562.98012,Susceptible,WGS,Good,MLST.ecoli_achtman_4.59,,Norway,,2004.0,1,0,0,0,0,0,0,0,0,0
562.135593,Resistant,WGS,Good,MLST.ecoli_achtman_4.167,,India,Chattisgarh (Jan Swasthya Sahyog),2020.0,1,1,1,1,0,0,0,0,0,1
562.99776,Susceptible,WGS,Good,MLST.ecoli_achtman_4.127,,Norway,,2014.0,1,0,0,0,0,0,0,0,0,0
562.57287,Susceptible,WGS,Good,MLST.ecoli_achtman_4.131,,,,2009.0,1,0,0,0,0,0,0,0,0,0
562.100076,Susceptible,WGS,Good,MLST.ecoli_achtman_4.607,,Norway,,2015.0,1,0,0,0,0,0,0,0,0,0
562.99956,Susceptible,WGS,Good,MLST.ecoli_achtman_4.38,,Norway,,2014.0,1,1,1,0,0,0,0,0,0,0
562.22726,Susceptible,WGS,Good,MLST.ecoli_achtman_4.390,PRJEB4681,United Kingdom,,2011.0,0,0,0,0,0,0,0,0,0,0
562.100389,Resistant,WGS,Good,MLST.ecoli_achtman_4.538,,Norway,,2016.0,1,1,1,0,0,0,0,0,0,0
562.98182,Susceptible,WGS,Good,MLST.ecoli_achtman_4.73,,Norway,,2005.0,1,0,0,0,0,0,0,0,0,0
562.97460,Susceptible,WGS,Good,MLST.ecoli_achtman_4.3006,,United Kingdom,,,1,0,0,0,0,0,0,0,0,0
562.22811,Resistant,WGS,Good,MLST.ecoli_achtman_4.131,PRJEB4681,United Kingdom,,2012.0,1,1,1,1,0,0,0,0,0,0
562.100164,Susceptible,WGS,Good,MLST.ecoli_achtman_4.73,,Norway,,2015.0,1,0,0,0,0,0,0,0,0,0
562.22736,Susceptible,WGS,Good,MLST.ecoli_achtman_4.95,PRJEB4681,United Kingdom,,2012.0,1,1,1,0,0,0,0,0,0,0
562.45615,Resistant,WGS,Good,MLST.ecoli_achtman_4.11412,PRJNA522294,Pakistan,Pakistan:Balocistan,2016.0,1,1,1,1,0,0,1,0,0,0
562.58749,Resistant,WGS,Good,MLST.ecoli_achtman_4.609,,Norway,Oslo,2006.0,1,1,1,1,0,0,0,0,0,0
562.100860,Susceptible,WGS,Good,MLST.ecoli_achtman_4.550,,Norway,,2017.0,1,0,0,0,0,0,0,0,0,0
562.22820,Susceptible,WGS,Good,MLST.ecoli_achtman_4.131,PRJEB4681,United Kingdom,,2012.0,0,0,0,0,0,0,0,0,0,0
562.96526,Susceptible,WGS,Good,MLST.ecoli_achtman_4.69,,United Kingdom,,,1,0,0,0,0,0,0,0,0,0
562.97237,Susceptible,WGS,Good,MLST.ecoli_achtman_4.7095,,United Kingdom,,,1,1,1,0,0,0,0,0,0,0
562.42828,Resistant,WGS,Good,MLST.ecoli_achtman_4.617,PRJNA288601,USA,United States,2014.0,1,1,1,1,0,0,0,0,0,1
562.57329,Susceptible,WGS,Good,MLST.ecoli_achtman_4.10,,,,2017.0,1,0,0,0,0,0,0,0,0,0
562.98179,Susceptible,WGS,Good,MLST.ecoli_achtman_4.73,,Norway,,2005.0,1,0,0,0,0,0,0,0,0,0
562.99033,Susceptible,WGS,Good,MLST.ecoli_achtman_4.131,,Norway,,2011.0,1,0,0,0,0,0,0,0,0,0
562.96768,Susceptible,WGS,Good,MLST.ecoli_achtman_4.428,,United Kingdom,,,1,1,1,0,0,0,0,0,0,0
562.99276,Susceptible,WGS,Good,MLST.ecoli_achtman_4.550,,Norway,,2012.0,1,0,0,0,0,0,0,0,0,0
562.98760,Resistant,WGS,Good,MLST.ecoli_achtman_4.131,,Norway,,2009.0,1,1,1,1,0,0,0,0,0,0
562.57414,Susceptible,WGS,Good,MLST.ecoli_achtman_4.196,,Thailand,,2015.0,1,0,0,0,0,0,0,0,0,0
562.96560,Resistant,WGS,Good,MLST.ecoli_achtman_4.90,,United Kingdom,,,1,1,1,1,0,0,0,0,0,0
562.100082,Resistant,WGS,Good,MLST.ecoli_achtman_4.1652,,Norway,,2015.0,1,1,1,1,0,0,0,0,0,0
562.96759,Resistant,WGS,Good,MLST.ecoli_achtman_4.354,,United Kingdom,,,1,1,1,1,0,0,0,0,0,0
562.140882,Resistant,WGS,Good,MLST.ecoli_achtman_4.131,PRJNA530794,USA,"St. Louis, Missouri",2017.0,1,1,1,1,0,0,0,0,0,1
562.98049,Susceptible,WGS,Good,MLST.ecoli_achtman_4.12,,Norway,,2004.0,1,0,0,0,0,0,0,0,0,0
562.42804,Resistant,WGS,Good,MLST.ecoli_achtman_4.131,PRJNA278886,USA,USA:Boston,2014.0,1,1,1,1,0,0,0,0,0,1
562.97167,Resistant,WGS,Good,MLST.ecoli_achtman_4.443,,United Kingdom,,,1,1,1,1,0,0,0,0,0,0
562.96857,Resistant,WGS,Good,MLST.ecoli_achtman_4.1723,,United Kingdom,,,1,1,1,1,0,0,0,0,0,0
562.100040,Susceptible,WGS,Good,MLST.ecoli_achtman_4.95,,Norway,,2015.0,1,0,0,0,0,0,0,0,0,0
562.56854,Resistant,WGS,Good,MLST.ecoli_achtman_4.1421,,Germany,Saxony,2013.0,1,1,1,1,0,0,1,0,0,0
562.98524,Susceptible,WGS,Good,MLST.ecoli_achtman_4.73,,Norway,,2008.0,1,0,0,0,0,0,0,0,0,0
562.99372,Susceptible,WGS,Good,MLST.ecoli_achtman_4.108,,Norway,,2012.0,1,0,0,0,0,0,0,0,0,0
562.57141,Susceptible,WGS,Good,MLST.ecoli_achtman_4.8858,,,,,1,0,0,0,0,0,0,0,0,0
562.100877,Susceptible,WGS,Good,MLST.ecoli_achtman_4.10227,,Norway,,2017.0,1,0,0,0,0,0,0,0,0,0
562.22500,Susceptible,WGS,Good,MLST.ecoli_achtman_4.73,PRJEB4681,United Kingdom,,2008.0,0,0,0,0,0,0,0,0,0,0
562.97986,Susceptible,WGS,Good,MLST.ecoli_achtman_4.95,,Norway,,2004.0,1,0,0,0,0,0,0,0,0,0
562.45639,Resistant,WGS,Good,MLST.ecoli_achtman_4.710,PRJNA522294,Pakistan,Pakistan:Punjab,2016.0,1,1,1,0,0,0,0,0,0,0
562.22559,Susceptible,WGS,Good,MLST.ecoli_achtman_4.95,PRJEB4681,United Kingdom,,2009.0,0,0,0,0,0,0,0,0,0,0
562.99987,Susceptible,WGS,Good,MLST.ecoli_achtman_4.28,,Norway,,2014.0,1,0,0,0,0,0,0,0,0,0
562.97362,Resistant,WGS,Good,MLST.ecoli_achtman_4.1193,,United Kingdom,,,1,1,1,1,0,0,0,0,0,0
562.57255,Susceptible,WGS,Good,MLST.ecoli_achtman_4.453,,,,2008.0,1,0,0,0,0,0,0,0,0,0
562.97119,Susceptible,WGS,Good,MLST.ecoli_achtman_4.399,,United Kingdom,,,1,0,0,0,0,0,0,0,0,0
562.135577,Resistant,WGS,Good,MLST.ecoli_achtman_4.2450,,India,Chattisgarh (Jan Swasthya Sahyog),2019.0,1,1,1,1,0,0,0,0,0,1
562.98997,Susceptible,WGS,Good,MLST.ecoli_achtman_4.95,,Norway,,2010.0,1,0,0,0,0,0,0,0,0,0
562.96886,Susceptible,WGS,Good,MLST.ecoli_achtman_4.7102,,United Kingdom,,,1,0,0,0,0,0,0,0,0,0
562.100495,Resistant,WGS,Good,MLST.ecoli_achtman_4.69,,Norway,,2016.0,1,1,1,1,0,0,0,0,0,0
562.57258,Susceptible,WGS,Good,MLST.ecoli_achtman_4.38,,,,2008.0,1,1,1,0,0,0,0,0,0,0
562.98384,Susceptible,WGS,Good,MLST.ecoli_achtman_4.10244,,Norway,,2007.0,1,0,0,0,0,0,0,0,0,0
562.42650,Resistant,WGS,Good,MLST.ecoli_achtman_4.131,PRJNA278886,USA,USA:Boston,2015.0,1,1,1,0,0,0,1,0,0,0
562.99473,Susceptible,WGS,Good,MLST.ecoli_achtman_4.73,,Norway,,2013.0,1,0,0,0,0,0,0,0,0,0
562.98212,Resistant,WGS,Good,MLST.ecoli_achtman_4.88,,Norway,,2005.0,1,1,1,1,0,0,0,0,0,0
562.22683,Susceptible,WGS,Good,MLST.ecoli_achtman_4.73,PRJEB4681,United Kingdom,,2011.0,0,0,0,0,0,0,0,0,0,0
562.98924,Susceptible,WGS,Good,MLST.ecoli_achtman_4.126,,Norway,,2010.0,1,0,0,0,0,0,0,0,0,0
562.100764,Susceptible,WGS,Good,MLST.ecoli_achtman_4.10215,,Norway,,2017.0,1,0,0,0,0,0,0,0,0,0
562.96873,Susceptible,WGS,Good,MLST.ecoli_achtman_4.906,,United Kingdom,,,1,0,0,0,0,0,0,0,0,0
562.100371,Susceptible,WGS,Good,MLST.ecoli_achtman_4.73,,Norway,,2016.0,1,0,0,0,0,0,0,0,0,0
562.100111,Susceptible,WGS,Good,MLST.ecoli_achtman_4.141,,Norway,,2015.0,1,0,0,0,0,0,0,0,0,0
562.97824,Resistant,WGS,Good,MLST.ecoli_achtman_4.23,,Norway,,2003.0,1,1,1,1,0,0,0,0,0,0
562.98424,Susceptible,WGS,Good,MLST.ecoli_achtman_4.10,,Norway,,2007.0,1,0,0,0,0,0,0,0,0,0
562.98626,Susceptible,WGS,Good,MLST.ecoli_achtman_4.69,,Norway,,2009.0,1,0,0,0,0,0,0,0,0,0
562.99123,Susceptible,WGS,Good,MLST.ecoli_achtman_4.140,,Norway,,2011.0,1,0,0,0,0,0,0,0,0,0
562.98804,Susceptible,WGS,Good,MLST.ecoli_achtman_4.141,,Norway,,2009.0,1,0,0,0,0,0,0,0,0,0
562.99017,Susceptible,WGS,Good,MLST.ecoli_achtman_4.10251,,Norway,,2010.0,1,0,0,0,0,0,0,0,0,0
562.98388,Susceptible,WGS,Good,MLST.ecoli_achtman_4.136,,Norway,,2007.0,1,0,0,0,0,0,0,0,0,0
562.99181,Susceptible,WGS,Good,MLST.ecoli_achtman_4.73,,Norway,,2011.0,1,0,0,0,0,0,0,0,0,0
562.22561,Susceptible,WGS,Good,MLST.ecoli_achtman_4.131,PRJEB4681,United Kingdom,,2009.0,1,1,1,1,0,0,0,0,0,0
562.100296,Susceptible,WGS,Good,MLST.ecoli_achtman_4.131,,Norway,,2015.0,1,1,1,1,0,0,0,0,0,1
562.65812,Resistant,WGS,Good,MLST.ecoli_achtman_4.410,,Germany,Bremerhaven,,1,1,1,1,0,0,0,0,0,1
562.73392,Resistant,WGS,Good,MLST.ecoli_achtman_4.5359,PRJEB34557,Spain,Barcelona,2013.0,1,1,1,1,1,0,0,0,0,0
562.96909,Resistant,WGS,Good,MLST.ecoli_achtman_4.131,,United Kingdom,,,1,1,1,1,0,0,0,0,0,1
562.57273,Resistant,WGS,Good,MLST.ecoli_achtman_4.131,,,,2009.0,1,1,1,1,0,0,0,0,0,1
562.98206,Susceptible,WGS,Good,MLST.ecoli_achtman_4.73,,Norway,,2006.0,1,0,0,0,0,0,0,0,0,0
562.29003,Resistant,WGS,Good,MLST.ecoli_achtman_4.131,PRJNA316321,,,,1,1,1,1,0,0,0,0,0,0
562.99257,Susceptible,WGS,Good,MLST.ecoli_achtman_4.491,,Norway,,2012.0,1,0,0,0,0,0,0,0,0,0
562.98561,Resistant,WGS,Good,MLST.ecoli_achtman_4.131,,Norway,,2008.0,1,1,1,1,0,0,0,0,0,1
562.100867,Susceptible,WGS,Good,MLST.ecoli_achtman_4.95,,Norway,,2017.0,1,0,0,0,0,0,0,0,0,0
562.57136,Susceptible,WGS,Good,MLST.ecoli_achtman_4.10,,,,,1,0,0,0,0,0,0,0,0,0
562.98861,Resistant,WGS,Good,MLST.ecoli_achtman_4.393,,Norway,,2010.0,1,1,1,1,0,0,0,0,0,0
562.22530,Susceptible,WGS,Good,MLST.ecoli_achtman_4.73,PRJEB4681,United Kingdom,,2008.0,0,0,0,0,0,0,0,0,0,0
562.58722,Resistant,WGS,Good,ST-101,,Italy,,2014.0,1,1,1,1,0,0,0,0,0,0
562.99112,Susceptible,WGS,Good,MLST.ecoli_achtman_4.538,,Norway,,2011.0,1,0,0,0,0,0,0,0,0,0
562.96910,Susceptible,WGS,Good,MLST.ecoli_achtman_4.155,,United Kingdom,,,1,0,0,0,0,0,0,0,0,0
562.100815,Susceptible,WGS,Good,MLST.ecoli_achtman_4.95,,Norway,,2017.0,1,0,0,0,0,0,0,0,0,0
562.98258,Susceptible,WGS,Good,MLST.ecoli_achtman_4.73,,Norway,,2006.0,1,0,0,0,0,0,0,0,0,0
562.100962,Susceptible,WGS,Good,MLST.ecoli_achtman_4.69,,Norway,,2017.0,1,0,0,0,0,0,0,0,0,0
562.96971,Resistant,WGS,Good,MLST.ecoli_achtman_4.648,,United Kingdom,,,1,1,1,1,0,0,0,0,0,1
562.100197,Susceptible,WGS,Good,MLST.ecoli_achtman_4.95,,Norway,,2015.0,1,0,0,0,0,0,0,0,0,0
562.97876,Susceptible,WGS,Good,MLST.ecoli_achtman_4.88,,Norway,,2003.0,1,0,0,0,0,0,0,0,0,0
562.42644,Resistant,WGS,Good,MLST.ecoli_achtman_4.131,PRJNA278886,USA,USA:Boston,2015.0,1,1,1,1,0,0,0,0,0,0
562.99921,Susceptible,WGS,Good,MLST.ecoli_achtman_4.297,,Norway,,2014.0,1,0,0,0,0,0,0,0,0,0
562.100871,Resistant,WGS,Good,MLST.ecoli_achtman_4.1193,,Norway,,2017.0,1,1,1,1,0,0,0,0,0,0
562.99695,Susceptible,WGS,Good,MLST.ecoli_achtman_4.10,,Norway,,2013.0,1,0,0,0,0,0,0,0,0,0
562.98099,Susceptible,WGS,Good,MLST.ecoli_achtman_4.59,,Norway,,2005.0,1,0,0,0,0,0,0,0,0,0
562.140909,Resistant,WGS,Good,MLST.ecoli_achtman_4.405,PRJNA530794,USA,"St. Louis, Missouri",2017.0,1,1,1,1,0,0,0,0,0,0
562.100342,Susceptible,WGS,Good,MLST.ecoli_achtman_4.127,,Norway,,2016.0,1,0,0,0,0,0,0,0,0,0
562.98237,Susceptible,WGS,Good,MLST.ecoli_achtman_4.88,,Norway,,2006.0,1,0,0,0,0,0,0,0,0,0
562.57172,Susceptible,WGS,Good,MLST.ecoli_achtman_4.73,,,,,1,0,0,0,0,0,0,0,0,0
562.73381,Resistant,WGS,Good,MLST.ecoli_achtman_4.131,PRJEB34557,Spain,Barcelona,2013.0,1,1,1,1,0,0,0,0,0,0
562.22747,Susceptible,WGS,Good,MLST.ecoli_achtman_4.58,PRJEB4681,United Kingdom,,2012.0,0,0,0,0,0,0,0,0,0,0
562.99826,Susceptible,WGS,Good,MLST.ecoli_achtman_4.73,,Norway,,2014.0,1,0,0,0,0,0,0,0,0,0
562.144947,Susceptible,WGS,Good,MLST.ecoli_achtman_4.300,PRJEB54735,Portugal,,2021.0,1,0,0,0,0,0,0,0,0,0
562.22435,Susceptible,WGS,Good,MLST.ecoli_achtman_4.69,PRJEB4681,United Kingdom,,2007.0,0,0,0,0,0,0,0,0,0,0
562.22493,Susceptible,WGS,Good,MLST.ecoli_achtman_4.538,PRJEB4681,United Kingdom,,2008.0,0,0,0,0,0,0,0,0,0,0
562.99536,Susceptible,WGS,Good,MLST.ecoli_achtman_4.12,,Norway,,2013.0,1,0,0,0,0,0,0,0,0,0
562.96459,Resistant,WGS,Good,MLST.ecoli_achtman_4.131,,United Kingdom,,,1,1,1,1,0,0,0,0,0,1
562.98744,Susceptible,WGS,Good,MLST.ecoli_achtman_4.73,,Norway,,2009.0,1,0,0,0,0,0,0,0,0,0
562.97480,Resistant,WGS,Good,MLST.ecoli_achtman_4.38,,United Kingdom,,,1,1,1,1,0,0,0,0,0,1
562.98026,Susceptible,WGS,Good,MLST.ecoli_achtman_4.80,,Norway,,2004.0,1,0,0,0,0,0,0,0,0,0
562.144956,Susceptible,WGS,Good,MLST.ecoli_achtman_4.162,PRJEB54735,Portugal,,2022.0,1,0,0,0,0,0,0,0,0,0
562.73376,Resistant,WGS,Good,MLST.ecoli_achtman_4.1196,PRJEB34557,Spain,Barcelona,2013.0,1,1,1,1,0,0,0,0,0,0
562.100608,Susceptible,WGS,Good,MLST.ecoli_achtman_4.73,,Norway,,2016.0,1,0,0,0,0,0,0,0,0,0
562.99296,Susceptible,WGS,Good,MLST.ecoli_achtman_4.59,,Norway,,2012.0,1,0,0,0,0,0,0,0,0,0
562.22692,Susceptible,WGS,Good,MLST.ecoli_achtman_4.10,PRJEB4681,United Kingdom,,2011.0,0,0,0,0,0,0,0,0,0,0
562.99930,Susceptible,WGS,Good,MLST.ecoli_achtman_4.95,,Norway,,2014.0,1,0,0,0,0,0,0,0,0,0
562.96637,Susceptible,WGS,Good,MLST.ecoli_achtman_4.155,,United Kingdom,,,1,0,0,0,0,0,0,0,0,0
562.57431,Susceptible,WGS,Good,MLST.ecoli_achtman_4.654,,Thailand,,2015.0,1,0,0,0,0,0,1,0,0,0
562.42816,Resistant,WGS,Good,MLST.ecoli_achtman_4.10,PRJNA278886,USA,USA:Boston,2015.0,1,1,1,1,0,0,0,0,0,1
562.57306,Susceptible,WGS,Good,MLST.ecoli_achtman_4.1141,,,,2017.0,1,0,0,0,0,0,0,0,0,0
562.100343,Susceptible,WGS,Good,MLST.ecoli_achtman_4.131,,Norway,,2016.0,1,0,0,0,0,0,0,0,0,0
562.96785,Resistant,WGS,Good,MLST.ecoli_achtman_4.443,,United Kingdom,,,1,1,1,1,0,0,0,0,0,0
562.100607,Susceptible,WGS,Good,MLST.ecoli_achtman_4.95,,Norway,,2016.0,1,0,0,0,0,0,0,0,0,0
562.42655,Resistant,WGS,Good,MLST.ecoli_achtman_4.156,PRJNA278886,USA,USA:Boston,2015.0,1,1,1,1,0,0,0,0,0,0
562.99571,Susceptible,WGS,Good,MLST.ecoli_achtman_4.10291,,Norway,,2013.0,1,0,0,0,0,0,0,0,0,0
562.22445,Susceptible,WGS,Good,MLST.ecoli_achtman_4.131,PRJEB4681,United Kingdom,,2007.0,1,1,1,0,0,0,0,0,0,0
562.100399,Susceptible,WGS,Good,MLST.ecoli_achtman_4.131,,Norway,,2016.0,1,0,0,0,0,0,0,0,0,0
562.97993,Susceptible,WGS,Good,MLST.ecoli_achtman_4.442,,Norway,,2004.0,1,0,0,0,0,0,0,0,0,0
562.100205,Resistant,WGS,Good,MLST.ecoli_achtman_4.131,,Norway,,2015.0,1,1,1,1,0,0,0,0,0,1
562.42641,Resistant,WGS,Good,MLST.ecoli_achtman_4.744,PRJNA278886,USA,USA:Boston,2015.0,1,1,1,1,0,0,0,0,0,0
562.100234,Susceptible,WGS,Good,MLST.ecoli_achtman_4.69,,Norway,,2015.0,1,0,0,0,0,0,0,0,0,0
562.22709,Susceptible,WGS,Good,MLST.ecoli_achtman_4.95,PRJEB4681,United Kingdom,,2010.0,0,0,0,0,0,0,0,0,0,0
562.99020,Susceptible,WGS,Good,MLST.ecoli_achtman_4.3090,,Norway,,2010.0,1,0,0,0,0,0,0,0,0,0
562.100145,Susceptible,WGS,Good,MLST.ecoli_achtman_4.10285,,Norway,,2015.0,1,0,0,0,0,0,0,0,0,0
562.42807,Resistant,WGS,Good,MLST.ecoli_achtman_4.131,PRJNA278886,USA,USA:Boston,2014.0,1,1,1,1,0,0,0,0,0,0
562.98583,Susceptible,WGS,Good,MLST.ecoli_achtman_4.10276,,Norway,,2008.0,1,0,0,0,0,0,0,0,0,0
562.97382,Susceptible,WGS,Good,MLST.ecoli_achtman_4.7095,,United Kingdom,,,1,1,1,0,0,0,0,0,0,0
562.145017,Susceptible,WGS,Good,MLST.ecoli_achtman_4.25,PRJEB54735,Portugal,,2021.0,1,0,0,0,0,0,0,0,0,0
562.99569,Susceptible,WGS,Good,MLST.ecoli_achtman_4.95,,Norway,,2013.0,1,0,0,0,0,0,0,0,0,0
562.99244,Susceptible,WGS,Good,MLST.ecoli_achtman_4.91,,Norway,,2012.0,1,0,0,0,0,0,0,0,0,0
562.100554,Resistant,WGS,Good,MLST.ecoli_achtman_4.131,,Norway,,2016.0,1,1,1,1,0,0,0,0,0,1
562.99917,Susceptible,WGS,Good,MLST.ecoli_achtman_4.131,,Norway,,2014.0,1,0,0,0,0,0,0,0,0,0
562.100302,Susceptible,WGS,Good,MLST.ecoli_achtman_4.978,,Norway,,2015.0,1,0,0,0,0,0,0,0,0,0
562.42693,Resistant,WGS,Good,MLST.ecoli_achtman_4.131,PRJNA278886,USA,USA:Boston,2016.0,1,1,1,1,0,0,0,0,0,1
562.22599,Susceptible,WGS,Good,MLST.ecoli_achtman_4.5629,PRJEB4681,United Kingdom,,2009.0,0,0,0,0,0,0,0,0,0,0
562.100820,Susceptible,WGS,Good,MLST.ecoli_achtman_4.14,,Norway,,2017.0,1,0,0,0,0,0,0,0,0,0
562.57191,Susceptible,WGS,Good,MLST.ecoli_achtman_4.599,,,,,1,0,0,0,0,0,0,0,0,0
562.99453,Susceptible,WGS,Good,MLST.ecoli_achtman_4.95,,Norway,,2012.0,1,0,0,0,0,0,0,0,0,0
562.98891,Susceptible,WGS,Good,MLST.ecoli_achtman_4.421,,Norway,,2010.0,1,0,0,0,0,0,0,0,0,0
562.98778,Susceptible,WGS,Good,MLST.ecoli_achtman_4.144,,Norway,,2009.0,1,0,0,0,0,0,0,0,0,0
562.57098,Susceptible,WGS,Good,MLST.ecoli_achtman_4.127,,,,2017.0,1,0,0,0,0,0,0,0,0,0
562.99851,Susceptible,WGS,Good,MLST.ecoli_achtman_4.127,,Norway,,2014.0,1,0,0,0,0,0,0,0,0,0
562.98906,Susceptible,WGS,Good,MLST.ecoli_achtman_4.127,,Norway,,2010.0,1,0,0,0,0,0,0,0,0,0
562.57313,Susceptible,WGS,Good,MLST.ecoli_achtman_4.409,,,,2017.0,1,0,0,0,0,0,0,0,0,0
562.96922,Susceptible,WGS,Good,MLST.ecoli_achtman_4.1434,,United Kingdom,,,1,0,0,0,0,0,0,0,0,0
562.100830,Susceptible,WGS,Good,MLST.ecoli_achtman_4.73,,Norway,,2017.0,1,0,0,0,0,0,0,0,0,0
562.56775,Resistant,WGS,Good,MLST.ecoli_achtman_4.38,,Germany,Brandenburg,2016.0,1,1,1,1,0,0,0,0,0,0
562.100681,Susceptible,WGS,Good,MLST.ecoli_achtman_4.69,,Norway,,2017.0,1,0,0,0,0,0,0,0,0,0
562.65810,Resistant,WGS,Good,MLST.ecoli_achtman_4.410,,Germany,Baden-Württemberg,,1,1,1,1,0,0,0,0,0,0
562.11346,Susceptible,WGS,Good,MLST.ecoli_achtman_4.357,PRJEB13470,Germany,,2012.0,0,0,0,0,0,0,0,0,0,0
562.98853,Susceptible,WGS,Good,MLST.ecoli_achtman_4.357,,Norway,,2010.0,1,0,0,0,0,0,0,0,0,0
562.99770,Susceptible,WGS,Good,MLST.ecoli_achtman_4.95,,Norway,,2014.0,1,0,0,0,0,0,0,0,0,0
562.100408,Susceptible,WGS,Good,MLST.ecoli_achtman_4.998,,Norway,,2016.0,1,0,0,0,0,0,0,0,0,0
562.33281,Resistant,WGS,Good,MLST.ecoli_achtman_4.167,PRJNA316321,,,,1,1,1,1,0,0,0,0,0,0
562.98935,Susceptible,WGS,Good,MLST.ecoli_achtman_4.127,,Norway,,2010.0,1,0,0,0,0,0,0,0,0,0
562.98559,Susceptible,WGS,Good,MLST.ecoli_achtman_4.73,,Norway,,2008.0,1,0,0,0,0,0,0,0,0,0
562.22492,Susceptible,WGS,Good,MLST.ecoli_achtman_4.73,PRJEB4681,United Kingdom,,2008.0,1,1,1,0,0,0,0,0,0,0
562.57252,Resistant,WGS,Good,MLST.ecoli_achtman_4.224,,,,2008.0,1,1,1,1,0,0,0,0,0,0
562.97764,Susceptible,WGS,Good,MLST.ecoli_achtman_4.62,,Norway,,2002.0,1,0,0,0,0,0,0,0,0,0
562.22710,Susceptible,WGS,Good,MLST.ecoli_achtman_4.5351,PRJEB4681,United Kingdom,,2010.0,0,0,0,0,0,0,0,0,0,0
562.98363,Susceptible,WGS,Good,MLST.ecoli_achtman_4.141,,Norway,,2007.0,1,0,0,0,0,0,0,0,0,0
562.56867,Resistant,WGS,Good,MLST.ecoli_achtman_4.694,,Germany,North Rhine-Westphalia,2014.0,1,1,1,1,0,0,0,0,0,0
562.45669,Resistant,WGS,Good,MLST.ecoli_achtman_4.6743,PRJNA522294,Pakistan,Pakistan:Punjab,2016.0,1,1,1,1,0,0,0,0,0,0
562.99995,Susceptible,WGS,Good,MLST.ecoli_achtman_4.69,,Norway,,2014.0,1,1,1,0,0,0,0,0,0,0
562.100411,Susceptible,WGS,Good,MLST.ecoli_achtman_4.1086,,Norway,,2016.0,1,0,0,0,0,0,0,0,0,0
562.100254,Susceptible,WGS,Good,MLST.ecoli_achtman_4.538,,Norway,,2015.0,1,0,0,0,0,0,0,0,0,0
562.22741,Susceptible,WGS,Good,MLST.ecoli_achtman_4.38,PRJEB4681,United Kingdom,,2012.0,0,0,0,0,0,0,0,0,0,0
562.98668,Susceptible,WGS,Good,MLST.ecoli_achtman_4.95,,Norway,,2009.0,1,0,0,0,0,0,0,0,0,0
562.42781,Resistant,WGS,Good,MLST.ecoli_achtman_4.131,PRJNA278886,USA,USA:Boston,2015.0,1,1,1,1,0,0,0,0,0,0
562.97236,Resistant,WGS,Good,MLST.ecoli_achtman_4.443,,United Kingdom,,,1,1,1,1,0,0,0,0,0,0
562.96562,Resistant,WGS,Good,MLST.ecoli_achtman_4.90,,United Kingdom,,,1,1,1,1,0,0,0,0,0,0
562.100889,Resistant,WGS,Good,MLST.ecoli_achtman_4.69,,Norway,,2017.0,1,1,1,0,0,0,0,0,0,0
562.97199,Susceptible,WGS,Good,MLST.ecoli_achtman_4.2521,,United Kingdom,,,1,0,0,0,0,0,0,0,0,0
562.99242,Resistant,WGS,Good,MLST.ecoli_achtman_4.1193,,Norway,,2011.0,1,1,1,1,0,0,0,0,0,0
562.99140,Resistant,WGS,Good,MLST.ecoli_achtman_4.131,,Norway,,2011.0,1,1,1,1,0,0,0,0,0,0
562.11349,Susceptible,WGS,Good,MLST.ecoli_achtman_4.88,PRJEB13470,Germany,,2012.0,0,0,0,0,0,0,0,0,0,0
562.98676,Susceptible,WGS,Good,MLST.ecoli_achtman_4.144,,Norway,,2009.0,1,0,0,0,0,0,0,0,0,0
562.22656,Susceptible,WGS,Good,MLST.ecoli_achtman_4.73,PRJEB4681,United Kingdom,,2010.0,0,0,0,0,0,0,0,0,0,0
562.144922,Resistant,WGS,Good,MLST.ecoli_achtman_4.8346,PRJNA925003,India,Chattisgarh,,1,1,1,1,0,0,0,0,0,0
562.98463,Susceptible,WGS,Good,MLST.ecoli_achtman_4.38,,Norway,,2007.0,1,1,1,0,0,0,0,0,0,0
562.56872,Resistant,WGS,Good,MLST.ecoli_achtman_4.648,,Germany,North Rhine-Westphalia,2012.0,1,1,1,1,0,0,0,0,0,1
562.135580,Resistant,WGS,Good,MLST.ecoli_achtman_4.167,,India,Chattisgarh (Jan Swasthya Sahyog),2021.0,1,1,1,1,0,0,0,0,0,0
562.99761,Susceptible,WGS,Good,MLST.ecoli_achtman_4.95,,Norway,,2014.0,1,0,0,0,0,0,0,0,0,0
562.73377,Resistant,WGS,Good,MLST.ecoli_achtman_4.1196,PRJEB34557,Spain,Barcelona,2013.0,1,1,1,1,0,0,0,0,0,0
562.97240,Resistant,WGS,Good,MLST.ecoli_achtman_4.1723,,United Kingdom,,,1,1,1,1,0,0,0,0,0,0
562.22603,Susceptible,WGS,Good,MLST.ecoli_achtman_4.73,PRJEB4681,United Kingdom,,2009.0,0,0,0,0,0,0,0,0,0,0
562.22633,Susceptible,WGS,Good,MLST.ecoli_achtman_4.5308,PRJEB4681,United Kingdom,,2010.0,0,0,0,0,0,0,0,0,0,0
562.135591,Resistant,WGS,Good,MLST.ecoli_achtman_4.410,,India,Chattisgarh (Jan Swasthya Sahyog),2019.0,1,1,1,1,1,0,0,0,0,1
562.100798,Susceptible,WGS,Good,MLST.ecoli_achtman_4.73,,Norway,,2017.0,1,0,0,0,0,0,0,0,0,0
562.98687,Susceptible,WGS,Good,MLST.ecoli_achtman_4.131,,Norway,,2009.0,1,0,0,0,0,0,0,0,0,0
562.96557,Resistant,WGS,Good,MLST.ecoli_achtman_4.90,,United Kingdom,,,1,1,1,1,0,0,0,0,0,0
562.99042,Susceptible,WGS,Good,MLST.ecoli_achtman_4.95,,Norway,,2011.0,1,0,0,0,0,0,0,0,0,0
562.98508,Susceptible,WGS,Good,MLST.ecoli_achtman_4.550,,Norway,,2008.0,1,0,0,0,0,0,0,0,0,0
562.100581,Susceptible,WGS,Good,MLST.ecoli_achtman_4.127,,Norway,,2016.0,1,0,0,0,0,0,0,0,0,0
562.98077,Susceptible,WGS,Good,MLST.ecoli_achtman_4.141,,Norway,,2004.0,1,0,0,0,0,0,0,0,0,0
562.98824,Susceptible,WGS,Good,MLST.ecoli_achtman_4.23,,Norway,,2009.0,1,0,0,0,0,0,0,0,0,0
562.98010,Susceptible,WGS,Good,MLST.ecoli_achtman_4.69,,Norway,,2004.0,1,0,0,0,0,0,0,0,0,0
562.100899,Susceptible,WGS,Good,MLST.ecoli_achtman_4.10,,Norway,,2017.0,1,0,0,0,0,0,0,0,0,0
562.140853,Resistant,WGS,Good,MLST.ecoli_achtman_4.131,PRJNA530794,USA,"St. Louis, Missouri",2017.0,1,1,1,1,0,0,0,0,0,0
562.145412,Susceptible,WGS,Good,MLST.ecoli_achtman_4.155,PRJNA273513,Canada,British Columbia,2006.0,1,0,0,0,0,0,0,0,0,0
562.16327,Resistant,Complete,Good,MLST.ecoli_achtman_4.131,PRJNA292904,,,,1,0,0,0,0,0,0,0,0,0
562.100637,Susceptible,WGS,Good,MLST.ecoli_achtman_4.127,,Norway,,2017.0,1,0,0,0,0,0,0,0,0,0
562.140855,Resistant,WGS,Good,MLST.ecoli_achtman_4.131,PRJNA530794,USA,"St. Louis, Missouri",2017.0,1,1,1,1,0,0,0,0,0,0
562.97149,Susceptible,WGS,Good,MLST.ecoli_achtman_4.141,,United Kingdom,,,1,0,0,0,0,0,0,0,0,0
562.22789,Susceptible,WGS,Good,MLST.ecoli_achtman_4.95,PRJEB4681,United Kingdom,,2012.0,0,0,0,0,0,0,0,0,0,0
562.98301,Susceptible,WGS,Good,MLST.ecoli_achtman_4.10,,Norway,,2006.0,1,0,0,0,0,0,0,0,0,0
562.100124,Resistant,WGS,Good,MLST.ecoli_achtman_4.95,,Norway,,2015.0,1,0,0,0,0,0,0,0,0,0
562.98328,Susceptible,WGS,Good,MLST.ecoli_achtman_4.127,,Norway,,2006.0,1,0,0,0,0,0,0,0,0,0
562.100241,Susceptible,WGS,Good,MLST.ecoli_achtman_4.95,,Norway,,2015.0,1,0,0,0,0,0,0,0,0,0
562.42744,Resistant,WGS,Good,MLST.ecoli_achtman_4.131,PRJNA278886,USA,USA:Boston,2017.0,1,1,1,1,0,0,0,0,0,0
562.100055,Resistant,WGS,Good,MLST.ecoli_achtman_4.10273,,Norway,,2015.0,1,1,1,1,0,0,0,0,0,0
562.100774,Susceptible,WGS,Good,MLST.ecoli_achtman_4.69,,Norway,,2017.0,1,0,0,0,0,0,0,0,0,0
562.22585,Susceptible,WGS,Good,MLST.ecoli_achtman_4.95,PRJEB4681,United Kingdom,,2009.0,0,0,0,0,0,0,0,0,0,0
562.100773,Susceptible,WGS,Good,MLST.ecoli_achtman_4.69,,Norway,,2017.0,1,0,0,0,0,0,0,0,0,0
562.100224,Susceptible,WGS,Good,MLST.ecoli_achtman_4.2015,,Norway,,2015.0,1,0,0,0,0,0,0,0,0,0
562.58623,Susceptible,WGS,Good,MLST.ecoli_achtman_4.69,,Pakistan,,,1,1,1,0,0,0,0,0,0,0
562.99075,Susceptible,WGS,Good,MLST.ecoli_achtman_4.12,,Norway,,2011.0,1,0,0,0,0,0,0,0,0,0
562.98243,Susceptible,WGS,Good,MLST.ecoli_achtman_4.95,,Norway,,2006.0,1,0,0,0,0,0,0,0,0,0
562.145443,Susceptible,WGS,Good,MLST.ecoli_achtman_4.10,PRJNA273513,Canada,,2009.0,1,0,0,0,0,0,0,0,0,0
562.98929,Susceptible,WGS,Good,MLST.ecoli_achtman_4.127,,Norway,,2010.0,1,0,0,0,0,0,0,0,0,0
562.140914,Resistant,WGS,Good,MLST.ecoli_achtman_4.131,PRJNA530794,USA,"St. Louis, Missouri",2017.0,1,1,1,1,0,0,0,0,0,0
562.100474,Susceptible,WGS,Good,MLST.ecoli_achtman_4.69,,Norway,,2016.0,1,0,0,0,0,0,0,0,0,0
562.96505,Susceptible,WGS,Good,MLST.ecoli_achtman_4.3202,,United Kingdom,,,1,0,0,0,0,0,0,0,0,0
562.98174,Susceptible,WGS,Good,MLST.ecoli_achtman_4.95,,Norway,,2005.0,1,0,0,0,0,0,0,0,0,0
562.57421,Susceptible,WGS,Good,MLST.ecoli_achtman_4.191,,Thailand,,2015.0,1,0,0,0,0,0,0,0,0,0
562.99799,Susceptible,WGS,Good,MLST.ecoli_achtman_4.73,,Norway,,2014.0,1,0,0,0,0,0,0,0,0,0
562.99549,Susceptible,WGS,Good,MLST.ecoli_achtman_4.12,,Norway,,2013.0,1,0,0,0,0,0,0,0,0,0
562.100028,Susceptible,WGS,Good,MLST.ecoli_achtman_4.127,,Norway,,2015.0,1,0,0,0,0,0,0,0,0,0
562.57188,Susceptible,WGS,Good,MLST.ecoli_achtman_4.5268,,,,2013.0,1,0,0,0,0,0,0,0,0,0
562.22768,Resistant,WGS,Good,MLST.ecoli_achtman_4.131,PRJEB4681,United Kingdom,,2012.0,1,1,1,1,0,0,0,0,0,1
562.96520,Resistant,WGS,Good,MLST.ecoli_achtman_4.131,,United Kingdom,,,1,1,1,1,0,0,0,0,0,0
562.100063,Susceptible,WGS,Good,MLST.ecoli_achtman_4.2067,,Norway,,2015.0,1,0,0,0,0,0,0,0,0,0
562.73382,Resistant,WGS,Good,MLST.ecoli_achtman_4.1196,PRJEB34557,Spain,Barcelona,2013.0,1,1,1,1,0,0,0,0,0,0
562.145031,Susceptible,WGS,Good,MLST.ecoli_achtman_4.20,PRJEB54735,Portugal,,2020.0,1,0,0,0,0,0,0,0,0,0
562.98663,Susceptible,WGS,Good,MLST.ecoli_achtman_4.95,,Norway,,2009.0,1,0,0,0,0,0,0,0,0,0
562.57424,Susceptible,WGS,Good,MLST.ecoli_achtman_4.5945,,Thailand,,2015.0,1,0,0,0,0,0,1,0,0,0
562.57490,Susceptible,WGS,Good,MLST.ecoli_achtman_4.38,,Thailand,,2015.0,1,0,0,0,0,0,1,0,0,0
562.22573,Susceptible,WGS,Good,MLST.ecoli_achtman_4.95,PRJEB4681,United Kingdom,,2009.0,0,0,0,0,0,0,0,0,0,0
562.57164,Susceptible,WGS,Good,MLST.ecoli_achtman_4.8863,,,,,1,0,0,0,0,0,0,0,0,0
562.99944,Susceptible,WGS,Good,MLST.ecoli_achtman_4.10,,Norway,,2014.0,1,0,0,0,0,0,0,0,0,0
562.100671,Resistant,WGS,Good,MLST.ecoli_achtman_4.90,,Norway,,2017.0,1,1,1,1,0,0,0,0,0,0
562.99094,Susceptible,WGS,Good,MLST.ecoli_achtman_4.131,,Norway,,2011.0,1,0,0,0,0,0,0,0,0,0
562.100819,Susceptible,WGS,Good,MLST.ecoli_achtman_4.58,,Norway,,2017.0,1,0,0,0,0,0,0,0,0,0
562.99998,Resistant,WGS,Good,MLST.ecoli_achtman_4.372,,Norway,,2014.0,1,0,0,0,0,0,0,0,0,0
562.99004,Susceptible,WGS,Good,MLST.ecoli_achtman_4.69,,Norway,,2010.0,1,0,0,0,0,0,0,0,0,0
562.22674,Susceptible,WGS,Good,MLST.ecoli_achtman_4.127,PRJEB4681,United Kingdom,,2011.0,0,0,0,0,0,0,0,0,0,0
562.57307,Susceptible,WGS,Good,MLST.ecoli_achtman_4.141,,,,2017.0,1,0,0,0,0,0,0,0,0,0
562.98540,Susceptible,WGS,Good,MLST.ecoli_achtman_4.10,,Norway,,2008.0,1,0,0,0,0,0,0,0,0,0
562.73360,Resistant,WGS,Good,MLST.ecoli_achtman_4.1196,PRJEB34557,Spain,Barcelona,2013.0,1,1,1,1,0,0,0,0,0,0
562.98984,Susceptible,WGS,Good,MLST.ecoli_achtman_4.144,,Norway,,2010.0,1,0,0,0,0,0,0,0,0,0
562.52722,Susceptible,Complete,Good,MLST.ecoli_achtman_4.29,PRJNA556438,Australia,Australia,2015.0,1,0,0,0,0,0,0,0,0,0
562.59229,Resistant,WGS,Good,MLST.ecoli_achtman_4.5474,PRJEB36565,Rwanda,Rwanda,2014.0,1,0,0,0,0,1,0,0,0,1
562.96534,Susceptible,WGS,Good,MLST.ecoli_achtman_4.101,,United Kingdom,,,1,0,0,0,0,0,0,0,0,0
562.96939,Resistant,WGS,Good,MLST.ecoli_achtman_4.131,,United Kingdom,,,1,1,1,1,0,0,0,0,0,0
562.97128,Susceptible,WGS,Good,MLST.ecoli_achtman_4.144,,United Kingdom,,,1,0,0,0,0,0,0,0,0,0
562.99231,Susceptible,WGS,Good,MLST.ecoli_achtman_4.69,,Norway,,2011.0,1,0,0,0,0,0,0,0,0,0
562.100595,Susceptible,WGS,Good,MLST.ecoli_achtman_4.95,,Norway,,2016.0,1,0,0,0,0,0,0,0,0,0
562.98302,Susceptible,WGS,Good,MLST.ecoli_achtman_4.58,,Norway,,2006.0,1,1,1,1,0,0,0,0,0,0
562.57376,Susceptible,WGS,Good,MLST.ecoli_achtman_4.75,,Thailand,,2014.0,1,0,0,0,0,0,0,0,0,0
562.140831,Resistant,WGS,Good,MLST.ecoli_achtman_4.131,PRJNA530794,USA,"St. Louis, Missouri",2017.0,1,1,1,1,0,0,0,0,0,0
562.100704,Resistant,WGS,Good,MLST.ecoli_achtman_4.1193,,Norway,,2017.0,1,1,1,1,0,0,0,0,0,0
562.140849,Resistant,WGS,Good,MLST.ecoli_achtman_4.131,PRJNA530794,USA,"St. Louis, Missouri",2017.0,1,1,1,1,0,0,0,0,0,0
562.57157,Susceptible,WGS,Good,MLST.ecoli_achtman_4.6271,,,,1997.0,1,0,0,0,0,0,0,0,0,0
562.100087,Susceptible,WGS,Good,MLST.ecoli_achtman_4.10293,,Norway,,2015.0,1,0,0,0,0,0,0,0,0,0
562.57180,Susceptible,WGS,Good,MLST.ecoli_achtman_4.590,,,,,1,0,0,0,0,0,0,0,0,0
562.22583,Resistant,WGS,Good,MLST.ecoli_achtman_4.393,PRJEB4681,United Kingdom,,2009.0,1,1,1,1,0,0,0,0,0,0
562.96884,Susceptible,WGS,Good,MLST.ecoli_achtman_4.3877,,United Kingdom,,,1,0,0,0,0,0,0,0,0,0
562.100583,Resistant,WGS,Good,MLST.ecoli_achtman_4.131,,Norway,,2016.0,1,1,1,1,0,0,0,0,0,0
562.98605,Susceptible,WGS,Good,MLST.ecoli_achtman_4.144,,Norway,,2008.0,1,0,0,0,0,0,0,0,0,0
562.96947,Susceptible,WGS,Good,MLST.ecoli_achtman_4.3877,,United Kingdom,,,1,0,0,0,0,0,0,0,0,0
562.100348,Susceptible,WGS,Good,MLST.ecoli_achtman_4.69,,Norway,,2016.0,1,0,0,0,0,0,0,0,0,0
562.57123,Susceptible,WGS,Good,MLST.ecoli_achtman_4.121,,,,,1,0,0,0,0,0,0,0,0,0
562.58635,Resistant,WGS,Good,MLST.ecoli_achtman_4.131,,Pakistan,,,1,1,1,1,0,0,0,0,0,1
562.99304,Susceptible,WGS,Good,MLST.ecoli_achtman_4.12,,Norway,,2012.0,1,0,0,0,0,0,0,0,0,0
562.99458,Susceptible,WGS,Good,MLST.ecoli_achtman_4.73,,Norway,,2012.0,1,0,0,0,0,0,0,0,0,0
562.100947,Resistant,WGS,Good,MLST.ecoli_achtman_4.155,,Norway,,2017.0,1,1,1,1,0,0,0,0,0,0
562.100574,Susceptible,WGS,Good,MLST.ecoli_achtman_4.69,,Norway,,2016.0,1,1,1,0,0,0,0,0,0,0
562.99537,Susceptible,WGS,Good,MLST.ecoli_achtman_4.23,,Norway,,2013.0,1,0,0,0,0,0,0,0,0,0
562.98532,Susceptible,WGS,Good,MLST.ecoli_achtman_4.73,,Norway,,2008.0,1,0,0,0,0,0,0,0,0,0
562.100060,Susceptible,WGS,Good,MLST.ecoli_achtman_4.73,,Norway,,2015.0,1,0,0,0,0,0,0,0,0,0
562.99079,Susceptible,WGS,Good,MLST.ecoli_achtman_4.6530,,Norway,,2011.0,1,0,0,0,0,0,0,0,0,0
562.97815,Susceptible,WGS,Good,MLST.ecoli_achtman_4.88,,Norway,,2003.0,1,0,0,0,0,0,0,0,0,0
562.97997,Susceptible,WGS,Good,MLST.ecoli_achtman_4.155,,Norway,,2004.0,1,0,0,0,0,0,0,0,0,0
562.98704,Susceptible,WGS,Good,MLST.ecoli_achtman_4.58,,Norway,,2009.0,1,0,0,0,0,0,0,0,0,0
562.144938,Resistant,WGS,Good,MLST.ecoli_achtman_4.131,PRJNA925003,India,Chattisgarh,,1,1,1,1,0,0,0,0,0,1
562.98366,Susceptible,WGS,Good,MLST.ecoli_achtman_4.12,,Norway,,2007.0,1,0,0,0,0,0,0,0,0,0
562.140900,Resistant,WGS,Good,MLST.ecoli_achtman_4.131,PRJNA530794,USA,"St. Louis, Missouri",2017.0,1,1,1,1,0,0,0,0,0,0
562.42791,Resistant,WGS,Good,MLST.ecoli_achtman_4.131,PRJNA278886,USA,USA:Boston,2014.0,1,1,1,1,0,0,0,0,0,1
562.97902,Susceptible,WGS,Good,MLST.ecoli_achtman_4.14,,Norway,,2003.0,1,0,0,0,0,0,0,0,0,0
562.99136,Susceptible,WGS,Good,MLST.ecoli_achtman_4.69,,Norway,,2011.0,1,0,0,1,0,0,0,0,0,0
562.58648,Susceptible,WGS,Good,MLST.ecoli_achtman_4.6102,,USA,,,1,0,0,0,0,0,0,0,0,0
562.57266,Resistant,WGS,Good,MLST.ecoli_achtman_4.1140,,,,2009.0,1,1,1,1,0,0,0,0,0,0
562.98115,Susceptible,WGS,Good,MLST.ecoli_achtman_4.357,,Norway,,2005.0,1,0,0,0,0,0,0,0,0,0
562.98830,Susceptible,WGS,Good,MLST.ecoli_achtman_4.95,,Norway,,2009.0,1,0,0,0,0,0,0,0,0,0
562.99480,Susceptible,WGS,Good,MLST.ecoli_achtman_4.372,,Norway,,2012.0,1,0,0,0,0,0,0,0,0,0
562.57259,Resistant,WGS,Good,MLST.ecoli_achtman_4.648,,,,2008.0,1,1,1,1,0,0,0,0,0,1
562.100075,Susceptible,WGS,Good,MLST.ecoli_achtman_4.69,,Norway,,2015.0,1,0,0,0,0,0,0,0,0,0
562.99838,Susceptible,WGS,Good,MLST.ecoli_achtman_4.2766,,Norway,,2014.0,1,0,0,0,0,0,0,0,0,0
562.99409,Susceptible,WGS,Good,MLST.ecoli_achtman_4.155,,Norway,,2012.0,1,0,0,0,0,0,0,0,0,0
562.100605,Susceptible,WGS,Good,MLST.ecoli_achtman_4.131,,Norway,,2016.0,1,1,1,1,0,0,0,0,0,0
562.99524,Susceptible,WGS,Good,MLST.ecoli_achtman_4.69,,Norway,,2013.0,1,0,0,0,0,0,0,0,0,0
562.100734,Resistant,WGS,Good,MLST.ecoli_achtman_4.69,,Norway,,2017.0,1,1,1,1,0,0,0,0,0,0
562.98151,Susceptible,WGS,Good,MLST.ecoli_achtman_4.73,,Norway,,2005.0,1,0,0,0,0,0,0,0,0,0
562.99833,Susceptible,WGS,Good,MLST.ecoli_achtman_4.12,,Norway,,2014.0,1,1,1,0,0,0,0,0,0,0
562.97945,Susceptible,WGS,Good,MLST.ecoli_achtman_4.73,,Norway,,2004.0,1,0,0,0,0,0,0,0,0,0
562.98754,Susceptible,WGS,Good,MLST.ecoli_achtman_4.73,,Norway,,2009.0,1,0,0,0,0,0,0,0,0,0
562.58712,Resistant,WGS,Good,MLST.ecoli_achtman_4.744,,Italy,,2014.0,1,1,1,1,0,0,0,0,0,0
562.22797,Resistant,WGS,Good,MLST.ecoli_achtman_4.131,PRJEB4681,United Kingdom,,2012.0,1,1,1,1,0,0,0,0,0,0
562.22816,Susceptible,WGS,Good,MLST.ecoli_achtman_4.73,PRJEB4681,United Kingdom,,2012.0,0,0,0,0,0,0,0,0,0,0
562.98642,Susceptible,WGS,Good,MLST.ecoli_achtman_4.7092,,Norway,,2009.0,1,0,0,0,0,0,0,0,0,0
562.100172,Susceptible,WGS,Good,MLST.ecoli_achtman_4.73,,Norway,,2015.0,1,0,0,0,0,0,0,0,0,0
562.57162,Susceptible,WGS,Good,MLST.ecoli_achtman_4.48,,,,,1,0,0,0,0,0,0,0,0,0
562.97935,Susceptible,WGS,Good,MLST.ecoli_achtman_4.949,,Norway,,2003.0,1,0,0,0,0,0,0,0,0,0
562.98834,Susceptible,WGS,Good,MLST.ecoli_achtman_4.95,,Norway,,2010.0,1,0,0,0,0,0,0,0,0,0
562.98223,Susceptible,WGS,Good,MLST.ecoli_achtman_4.73,,Norway,,2006.0,1,0,0,0,0,0,0,0,0,0
562.96494,Resistant,WGS,Good,MLST.ecoli_achtman_4.131,,United Kingdom,,,1,1,1,1,0,0,0,0,0,0
562.97233,Susceptible,WGS,Good,MLST.ecoli_achtman_4.7094,,United Kingdom,,,1,0,0,0,0,0,0,0,0,0
562.144968,Susceptible,WGS,Good,MLST.ecoli_achtman_4.718,PRJEB54735,Portugal,,2017.0,1,0,0,0,0,0,0,0,0,0
562.97091,Susceptible,WGS,Good,MLST.ecoli_achtman_4.635,,United Kingdom,,,1,0,0,0,0,0,0,0,0,0
562.42736,Resistant,WGS,Good,MLST.ecoli_achtman_4.1193,PRJNA278886,USA,USA:Boston,2017.0,1,1,1,1,0,0,0,0,0,0
562.99584,Susceptible,WGS,Good,MLST.ecoli_achtman_4.457,,Norway,,2013.0,1,0,0,0,0,0,0,0,0,0
562.98950,Susceptible,WGS,Good,MLST.ecoli_achtman_4.550,,Norway,,2010.0,1,0,0,0,0,0,0,0,0,0
562.97184,Susceptible,WGS,Good,MLST.ecoli_achtman_4.7098,,United Kingdom,,,1,0,0,0,0,0,0,0,0,0
562.22740,Susceptible,WGS,Good,MLST.ecoli_achtman_4.357,PRJEB4681,United Kingdom,,2012.0,0,0,0,0,0,0,0,0,0,0
562.145041,Susceptible,WGS,Good,MLST.ecoli_achtman_4.29,PRJEB54735,Portugal,,2020.0,1,0,0,0,0,0,0,0,0,0
562.42838,Susceptible,WGS,Good,MLST.ecoli_achtman_4.2554,PRJNA288601,USA,United States,2014.0,1,0,0,0,0,0,0,0,0,0
562.96620,Resistant,WGS,Good,MLST.ecoli_achtman_4.6151,,United Kingdom,,,1,1,1,1,0,0,0,0,0,0
562.45612,Susceptible,WGS,Good,MLST.ecoli_achtman_4.212,PRJNA522294,Pakistan,Pakistan:Punjab,2016.0,1,1,1,0,0,0,0,0,0,0
562.96576,Susceptible,WGS,Good,MLST.ecoli_achtman_4.635,,United Kingdom,,,1,0,0,0,0,0,0,0,0,0
562.98803,Susceptible,WGS,Good,MLST.ecoli_achtman_4.154,,Norway,,2009.0,1,0,0,0,0,0,0,0,0,0
562.99931,Resistant,WGS,Good,MLST.ecoli_achtman_4.410,,Norway,,2014.0,1,1,1,1,0,0,0,0,0,1
562.100037,Susceptible,WGS,Good,MLST.ecoli_achtman_4.131,,Norway,,2015.0,1,0,0,0,0,0,0,0,0,0
562.22771,Susceptible,WGS,Good,MLST.ecoli_achtman_4.998,PRJEB4681,United Kingdom,,2012.0,1,1,1,0,0,0,0,0,0,0
562.98617,Susceptible,WGS,Good,MLST.ecoli_achtman_4.95,,Norway,,2008.0,1,0,0,0,0,0,0,0,0,0
562.100930,Susceptible,WGS,Good,MLST.ecoli_achtman_4.141,,Norway,,2017.0,1,0,0,0,0,0,0,0,0,0
562.99562,Susceptible,WGS,Good,MLST.ecoli_achtman_4.95,,Norway,,2013.0,1,0,0,0,0,0,0,0,0,0
562.57448,Resistant,WGS,Good,MLST.ecoli_achtman_4.48,,Thailand,,2015.0,1,1,1,0,0,0,1,0,0,0
562.140857,Resistant,WGS,Good,MLST.ecoli_achtman_4.131,PRJNA530794,USA,"St. Louis, Missouri",2017.0,1,1,1,1,0,0,0,0,0,0
562.99054,Susceptible,WGS,Good,MLST.ecoli_achtman_4.73,,Norway,,2011.0,1,0,0,0,0,0,0,0,0,0
562.96588,Susceptible,WGS,Good,MLST.ecoli_achtman_4.4959,,United Kingdom,,,1,0,0,0,0,0,0,0,0,0
562.99154,Susceptible,WGS,Good,MLST.ecoli_achtman_4.75,,Norway,,2011.0,1,0,0,0,0,0,0,0,0,0
562.98375,Susceptible,WGS,Good,MLST.ecoli_achtman_4.95,,Norway,,2007.0,1,0,0,0,0,0,0,0,0,0
562.99553,Susceptible,WGS,Good,MLST.ecoli_achtman_4.550,,Norway,,2013.0,1,0,0,0,0,0,0,0,0,0
562.100758,Susceptible,WGS,Good,MLST.ecoli_achtman_4.1727,,Norway,,2017.0,1,0,0,0,0,0,0,0,0,0
562.98556,Susceptible,WGS,Good,MLST.ecoli_achtman_4.73,,Norway,,2008.0,1,0,0,0,0,0,0,0,0,0
562.100469,Susceptible,WGS,Good,MLST.ecoli_achtman_4.372,,Norway,,2016.0,1,0,0,0,0,0,0,0,0,0
562.57388,Resistant,WGS,Good,MLST.ecoli_achtman_4.206,,Thailand,,2015.0,1,1,1,1,0,0,0,0,0,0
562.100855,Resistant,WGS,Good,MLST.ecoli_achtman_4.131,,Norway,,2017.0,1,1,1,1,0,0,0,0,0,0
562.42724,Susceptible,WGS,Good,MLST.ecoli_achtman_4.162,PRJNA278886,USA,USA:Boston,2016.0,1,0,0,0,0,0,1,0,0,0
562.98312,Susceptible,WGS,Good,MLST.ecoli_achtman_4.2585,,Norway,,2006.0,1,0,0,0,0,0,0,0,0,0
562.97762,Susceptible,WGS,Good,MLST.ecoli_achtman_4.69,,Norway,,2002.0,1,0,0,0,0,0,0,0,0,0
562.100668,Susceptible,WGS,Good,MLST.ecoli_achtman_4.1057,,Norway,,2017.0,1,0,0,0,0,0,0,0,0,0
562.99293,Susceptible,WGS,Good,MLST.ecoli_achtman_4.141,,Norway,,2012.0,1,0,0,0,0,0,0,0,0,0
562.98067,Susceptible,WGS,Good,MLST.ecoli_achtman_4.73,,Norway,,2004.0,1,0,0,0,0,0,0,0,0,0
562.97162,Resistant,WGS,Good,MLST.ecoli_achtman_4.443,,United Kingdom,,,1,1,1,1,0,0,0,0,0,0
562.99433,Susceptible,WGS,Good,MLST.ecoli_achtman_4.131,,Norway,,2012.0,1,1,1,0,0,0,0,0,0,0
562.97771,Susceptible,WGS,Good,MLST.ecoli_achtman_4.372,,Norway,,2002.0,1,0,0,0,0,0,0,0,0,0
562.140964,Susceptible,WGS,Good,MLST.ecoli_achtman_4.12,PRJNA530794,USA,"St. Louis, Missouri",2017.0,1,0,0,0,0,0,0,0,0,0
562.99686,Resistant,WGS,Good,MLST.ecoli_achtman_4.10292,,Norway,,2013.0,1,1,1,1,0,0,0,0,0,0
562.100740,Susceptible,WGS,Good,MLST.ecoli_achtman_4.73,,Norway,,2017.0,1,0,0,0,0,0,0,0,0,0
562.97996,Susceptible,WGS,Good,MLST.ecoli_achtman_4.421,,Norway,,2004.0,1,0,0,0,0,0,0,0,0,0
562.98707,Susceptible,WGS,Good,MLST.ecoli_achtman_4.95,,Norway,,2009.0,1,0,0,0,0,0,0,0,0,0
562.96438,Susceptible,WGS,Good,MLST.ecoli_achtman_4.162,,United Kingdom,,,1,0,0,0,0,0,0,0,0,0
562.98981,Susceptible,WGS,Good,MLST.ecoli_achtman_4.95,,Norway,,2010.0,1,0,0,0,0,0,0,0,0,0
562.145046,Susceptible,WGS,Good,MLST.ecoli_achtman_4.641,PRJEB54735,Portugal,,2020.0,1,0,0,0,0,0,0,0,0,0
562.99507,Resistant,WGS,Good,MLST.ecoli_achtman_4.131,,Norway,,2013.0,1,1,1,1,0,0,0,0,0,0
562.100728,Susceptible,WGS,Good,MLST.ecoli_achtman_4.38,,Norway,,2017.0,1,1,1,0,0,0,0,0,0,0
562.99072,Susceptible,WGS,Good,MLST.ecoli_achtman_4.95,,Norway,,2011.0,1,0,0,0,0,0,0,0,0,0
562.96553,Resistant,WGS,Good,MLST.ecoli_achtman_4.90,,United Kingdom,,,1,1,1,1,0,0,0,0,0,0
562.57147,Susceptible,WGS,Good,MLST.ecoli_achtman_4.607,,,,,1,0,0,0,0,0,0,0,0,0
562.45641,Susceptible,WGS,Good,MLST.ecoli_achtman_4.155,PRJNA522294,Pakistan,Pakistan:Khyber Pakhtunkhwa,2016.0,1,0,0,0,0,0,0,0,0,0
562.100517,Susceptible,WGS,Good,MLST.ecoli_achtman_4.372,,Norway,,2016.0,1,0,0,0,0,0,0,0,0,0
562.97208,Susceptible,WGS,Good,MLST.ecoli_achtman_4.69,,United Kingdom,,,1,0,0,0,0,0,0,0,0,0
562.97971,Susceptible,WGS,Good,MLST.ecoli_achtman_4.978,,Norway,,2004.0,1,0,0,0,0,0,0,0,0,0
562.97085,Susceptible,WGS,Good,MLST.ecoli_achtman_4.2598,,United Kingdom,,,1,0,0,0,0,0,0,0,0,0
562.98201,Susceptible,WGS,Good,MLST.ecoli_achtman_4.141,,Norway,,2005.0,1,0,0,0,0,0,0,0,0,0
562.57226,Susceptible,WGS,Good,MLST.ecoli_achtman_4.73,,,,2017.0,1,0,0,0,0,0,0,0,0,0
562.98287,Susceptible,WGS,Good,MLST.ecoli_achtman_4.59,,Norway,,2006.0,1,0,0,0,0,0,0,0,0,0
562.97197,Susceptible,WGS,Good,MLST.ecoli_achtman_4.69,,United Kingdom,,,1,0,0,0,0,0,0,0,0,0
562.22678,Susceptible,WGS,Good,MLST.ecoli_achtman_4.357,PRJEB4681,United Kingdom,,2011.0,0,0,0,0,0,0,0,0,0,0
562.140838,Resistant,WGS,Good,MLST.ecoli_achtman_4.131,PRJNA530794,USA,"St. Louis, Missouri",2017.0,1,1,1,1,0,0,0,0,0,0
562.100080,Susceptible,WGS,Good,MLST.ecoli_achtman_4.12,,Norway,,2015.0,1,0,0,0,0,0,0,0,0,0
562.100504,Susceptible,WGS,Good,MLST.ecoli_achtman_4.38,,Norway,,2016.0,1,0,0,0,0,0,0,0,0,0
562.98453,Susceptible,WGS,Good,MLST.ecoli_achtman_4.69,,Norway,,2007.0,1,0,0,0,0,0,0,0,0,0
562.99026,Susceptible,WGS,Good,MLST.ecoli_achtman_4.73,,Norway,,2011.0,1,0,0,0,0,0,0,0,0,0
562.97798,Susceptible,WGS,Good,MLST.ecoli_achtman_4.73,,Norway,,2002.0,1,0,0,0,0,0,0,0,0,0
562.98659,Susceptible,WGS,Good,MLST.ecoli_achtman_4.12,,Norway,,2009.0,1,1,1,0,0,0,0,0,0,0
562.99393,Susceptible,WGS,Good,MLST.ecoli_achtman_4.95,,Norway,,2012.0,1,0,0,0,0,0,0,0,0,0
562.57270,Susceptible,WGS,Good,MLST.ecoli_achtman_4.69,,,,2008.0,1,1,1,0,0,0,0,0,0,0
562.98640,Susceptible,WGS,Good,MLST.ecoli_achtman_4.12,,Norway,,2009.0,1,1,1,0,0,0,0,0,0,0
562.99936,Resistant,WGS,Good,MLST.ecoli_achtman_4.131,,Norway,,2014.0,1,1,1,1,0,0,0,0,0,0
562.96480,Resistant,WGS,Good,MLST.ecoli_achtman_4.131,,United Kingdom,,,1,1,1,1,0,0,0,0,0,0
562.97177,Resistant,WGS,Good,MLST.ecoli_achtman_4.443,,United Kingdom,,,1,1,1,1,0,0,0,0,0,0
562.144994,Susceptible,WGS,Good,MLST.ecoli_achtman_4.328,PRJEB54735,Portugal,,2019.0,1,0,0,0,0,0,0,0,0,0
562.99218,Susceptible,WGS,Good,MLST.ecoli_achtman_4.69,,Norway,,2011.0,1,0,0,0,0,0,0,0,0,0
562.98207,Susceptible,WGS,Good,MLST.ecoli_achtman_4.95,,Norway,,2006.0,1,0,0,0,0,0,0,0,0,0
562.97252,Susceptible,WGS,Good,MLST.ecoli_achtman_4.131,,United Kingdom,,,1,0,0,0,0,0,0,0,0,0
562.100612,Susceptible,WGS,Good,MLST.ecoli_achtman_4.10256,,Norway,,2017.0,1,0,0,0,0,0,0,0,0,0
562.99132,Resistant,WGS,Good,MLST.ecoli_achtman_4.131,,Norway,,2011.0,1,1,1,1,0,0,0,0,0,1
562.100317,Susceptible,WGS,Good,MLST.ecoli_achtman_4.69,,Norway,,2016.0,1,0,0,0,0,0,0,0,0,0
562.140897,Resistant,WGS,Good,MLST.ecoli_achtman_4.131,PRJNA530794,USA,"St. Louis, Missouri",2017.0,1,1,1,1,0,0,0,0,0,1
562.97781,Susceptible,WGS,Good,MLST.ecoli_achtman_4.372,,Norway,,2002.0,1,0,0,0,0,0,0,0,0,0
562.22453,Susceptible,WGS,Good,MLST.ecoli_achtman_4.635,PRJEB4681,United Kingdom,,2007.0,0,0,0,0,0,0,0,0,0,0
562.97215,Susceptible,WGS,Good,MLST.ecoli_achtman_4.108,,United Kingdom,,,1,0,0,0,0,0,1,0,0,0
562.96608,Susceptible,WGS,Good,MLST.ecoli_achtman_4.7095,,United Kingdom,,,1,1,1,0,0,0,0,0,0,0
562.22541,Resistant,WGS,Good,MLST.ecoli_achtman_4.131,PRJEB4681,United Kingdom,,2009.0,1,1,1,1,0,0,0,0,0,1
562.57374,Resistant,WGS,Good,MLST.ecoli_achtman_4.44,,Thailand,,2015.0,1,1,1,1,0,0,0,0,0,1
562.45603,Resistant,WGS,Good,MLST.ecoli_achtman_4.155,PRJNA522294,Pakistan,Pakistan:Khyber Pakhtunkhwa,2016.0,1,1,1,1,0,0,0,0,0,0
562.99481,Susceptible,WGS,Good,MLST.ecoli_achtman_4.135,,Norway,,2013.0,1,0,0,0,0,0,0,0,0,0
562.58625,Resistant,WGS,Good,MLST.ecoli_achtman_4.648,,Pakistan,,,1,1,1,1,0,0,0,0,0,1
562.57404,Resistant,WGS,Good,MLST.ecoli_achtman_4.48,,Thailand,,2015.0,1,1,1,0,0,0,1,0,0,0
562.98939,Susceptible,WGS,Good,MLST.ecoli_achtman_4.73,,Norway,,2010.0,1,0,0,0,0,0,0,0,0,0
562.99315,Susceptible,WGS,Good,MLST.ecoli_achtman_4.73,,Norway,,2012.0,1,0,0,0,0,0,0,0,0,0
562.57140,Susceptible,WGS,Good,MLST.ecoli_achtman_4.372,,,,,1,0,0,0,0,0,0,0,0,0
562.99220,Susceptible,WGS,Good,MLST.ecoli_achtman_4.23,,Norway,,2011.0,1,0,0,0,0,0,0,0,0,0
562.97790,Susceptible,WGS,Good,MLST.ecoli_achtman_4.95,,Norway,,2002.0,1,0,0,0,0,0,0,0,0,0
562.98682,Resistant,WGS,Good,MLST.ecoli_achtman_4.405,,Norway,,2009.0,1,1,1,1,0,0,0,0,0,0
562.57485,Resistant,WGS,Good,MLST.ecoli_achtman_4.131,,Thailand,,2015.0,1,1,1,1,0,0,0,0,0,0
562.23142,Susceptible,WGS,Good,MLST.ecoli_achtman_4.428,PRJEB4681,United Kingdom,,2002.0,1,1,1,0,0,0,0,0,0,0
562.97061,Resistant,WGS,Good,MLST.ecoli_achtman_4.131,,United Kingdom,,,1,1,1,1,0,0,0,0,0,1
562.98752,Susceptible,WGS,Good,MLST.ecoli_achtman_4.12,,Norway,,2009.0,1,0,0,0,0,0,0,0,0,0
562.57238,Susceptible,WGS,Good,MLST.ecoli_achtman_4.127,,,,2008.0,1,0,0,0,0,0,0,0,0,0
562.98913,Susceptible,WGS,Good,MLST.ecoli_achtman_4.357,,Norway,,2010.0,1,0,0,0,0,0,0,0,0,0
562.96936,Resistant,WGS,Good,MLST.ecoli_achtman_4.131,,United Kingdom,,,1,1,1,1,0,0,0,0,0,0
562.96432,Resistant,WGS,Good,MLST.ecoli_achtman_4.443,,United Kingdom,,,1,1,1,1,0,0,0,0,0,0
562.99959,Susceptible,WGS,Good,MLST.ecoli_achtman_4.73,,Norway,,2014.0,1,0,0,0,0,0,0,0,0,0
562.140851,Resistant,WGS,Good,MLST.ecoli_achtman_4.131,PRJNA530794,USA,"St. Louis, Missouri",2017.0,1,1,1,1,0,0,0,0,0,0
562.98221,Susceptible,WGS,Good,MLST.ecoli_achtman_4.961,,Norway,,2005.0,1,0,0,0,0,0,0,0,0,0
562.100802,Resistant,WGS,Good,MLST.ecoli_achtman_4.131,,Norway,,2017.0,1,1,1,1,0,0,0,0,0,1
562.99008,Resistant,WGS,Good,MLST.ecoli_achtman_4.131,,Norway,,2010.0,1,1,1,1,0,0,0,0,0,0
562.97095,Susceptible,WGS,Good,MLST.ecoli_achtman_4.2598,,United Kingdom,,,1,0,0,0,0,0,0,0,0,0
562.96673,Resistant,WGS,Good,MLST.ecoli_achtman_4.1193,,United Kingdom,,,1,1,1,1,0,0,0,0,0,0
562.98449,Susceptible,WGS,Good,MLST.ecoli_achtman_4.127,,Norway,,2007.0,1,0,0,0,0,0,0,0,0,0
562.22753,Susceptible,WGS,Good,MLST.ecoli_achtman_4.95,PRJEB4681,United Kingdom,,2012.0,0,0,0,0,0,0,0,0,0,0
562.145403,Susceptible,WGS,Good,MLST.ecoli_achtman_4.453,PRJNA273513,Canada,British Columbia,2006.0,1,0,0,0,0,0,0,0,0,0
562.96800,Susceptible,WGS,Good,MLST.ecoli_achtman_4.540,,United Kingdom,,,1,0,0,0,0,0,0,0,0,0
562.100491,Susceptible,WGS,Good,MLST.ecoli_achtman_4.12,,Norway,,2016.0,1,0,0,0,0,0,0,0,0,0
562.42773,Resistant,WGS,Good,MLST.ecoli_achtman_4.131,PRJNA278886,USA,USA:Boston,2015.0,1,1,1,1,0,0,0,0,0,1
562.100702,Susceptible,WGS,Good,MLST.ecoli_achtman_4.95,,Norway,,2017.0,1,0,0,0,0,0,0,0,0,0
562.99821,Susceptible,WGS,Good,MLST.ecoli_achtman_4.101,,Norway,,2014.0,1,1,1,0,0,0,0,0,0,0
562.96701,Resistant,WGS,Good,MLST.ecoli_achtman_4.1193,,United Kingdom,,,1,1,1,1,0,0,0,0,0,0
562.98254,Susceptible,WGS,Good,MLST.ecoli_achtman_4.538,,Norway,,2006.0,1,0,0,0,0,0,0,0,0,0
562.96830,Susceptible,WGS,Good,MLST.ecoli_achtman_4.38,,United Kingdom,,,1,0,0,1,0,0,0,0,0,0
562.17721,Resistant,Complete,Good,MLST.ecoli_achtman_4.1284,PRJNA292902,,,,1,0,0,0,0,0,1,0,0,0
562.19151,Susceptible,WGS,Good,MLST.ecoli_achtman_4.162,PRJNA389301,Norway,Oslo,2013.0,0,0,0,0,0,0,1,0,0,0
562.98866,Susceptible,WGS,Good,MLST.ecoli_achtman_4.95,,Norway,,2010.0,1,0,0,0,0,0,0,0,0,0
562.22805,Susceptible,WGS,Good,MLST.ecoli_achtman_4.95,PRJEB4681,United Kingdom,,2012.0,0,0,0,0,0,0,0,0,0,0
562.97357,Resistant,WGS,Good,MLST.ecoli_achtman_4.59,,United Kingdom,,,1,1,1,1,0,0,0,0,0,0
562.96542,Susceptible,WGS,Good,MLST.ecoli_achtman_4.93,,United Kingdom,,,1,0,0,0,0,0,0,0,0,0
562.28844,Resistant,WGS,Good,,PRJEB23541,Tanzania,Moshi,2013.0,1,1,1,1,0,0,0,0,0,1
562.99627,Susceptible,WGS,Good,MLST.ecoli_achtman_4.453,,Norway,,2013.0,1,0,0,0,0,0,0,0,0,0
562.57264,Susceptible,WGS,Good,MLST.ecoli_achtman_4.2141,,,,2009.0,1,0,0,0,0,0,0,0,0,0
562.100318,Susceptible,WGS,Good,MLST.ecoli_achtman_4.372,,Norway,,2016.0,1,0,0,0,0,0,0,0,0,0
562.144923,Resistant,WGS,Good,MLST.ecoli_achtman_4.156,PRJNA925003,India,Chattisgarh,,1,1,1,1,0,0,0,0,0,0
562.42808,Resistant,WGS,Good,MLST.ecoli_achtman_4.131,PRJNA278886,USA,USA:Boston,2014.0,1,1,1,1,0,0,0,0,0,1
562.97754,Susceptible,WGS,Good,MLST.ecoli_achtman_4.10,,Norway,,2002.0,1,0,0,0,0,0,0,0,0,0
562.97895,Susceptible,WGS,Good,MLST.ecoli_achtman_4.14,,Norway,,2003.0,1,0,0,0,0,0,0,0,0,0
562.99286,Susceptible,WGS,Good,MLST.ecoli_achtman_4.5308,,Norway,,2012.0,1,0,0,0,0,0,0,0,0,0
562.98569,Susceptible,WGS,Good,MLST.ecoli_achtman_4.550,,Norway,,2008.0,1,0,0,0,0,0,0,0,0,0
562.100142,Susceptible,WGS,Good,MLST.ecoli_achtman_4.959,,Norway,,2015.0,1,0,0,0,0,0,0,0,0,0
562.99644,Resistant,WGS,Good,MLST.ecoli_achtman_4.131,,Norway,,2013.0,1,1,1,0,0,0,0,0,0,0
562.100511,Susceptible,WGS,Good,MLST.ecoli_achtman_4.1147,,Norway,,2016.0,1,0,0,0,0,0,0,0,0,0
562.57095,Susceptible,WGS,Good,MLST.ecoli_achtman_4.216,,,,2017.0,1,0,0,0,0,0,0,0,0,0
562.100768,Susceptible,WGS,Good,MLST.ecoli_achtman_4.349,,Norway,,2017.0,1,0,0,1,0,0,0,0,0,0
562.99248,Susceptible,WGS,Good,MLST.ecoli_achtman_4.80,,Norway,,2011.0,1,0,0,0,0,0,0,0,0,0
562.96849,Susceptible,WGS,Good,MLST.ecoli_achtman_4.95,,United Kingdom,,,1,0,0,0,0,0,0,0,0,0
562.98481,Susceptible,WGS,Good,MLST.ecoli_achtman_4.993,,Norway,,2008.0,1,0,0,0,0,0,0,0,0,0
562.97050,Susceptible,WGS,Good,MLST.ecoli_achtman_4.2967,,United Kingdom,,,1,0,0,0,0,0,0,0,0,0
562.96920,Susceptible,WGS,Good,MLST.ecoli_achtman_4.162,,United Kingdom,,,1,0,0,0,0,0,0,0,0,0
562.100049,Susceptible,WGS,Good,MLST.ecoli_achtman_4.69,,Norway,,2015.0,1,0,0,1,0,0,0,0,0,0
562.98231,Susceptible,WGS,Good,MLST.ecoli_achtman_4.538,,Norway,,2006.0,1,0,0,0,0,0,0,0,0,0
562.98091,Susceptible,WGS,Good,MLST.ecoli_achtman_4.127,,Norway,,2005.0,1,0,0,0,0,0,0,0,0,0
562.96725,Resistant,WGS,Good,MLST.ecoli_achtman_4.131,,United Kingdom,,,1,1,1,1,0,0,0,0,0,1
562.96453,Resistant,WGS,Good,MLST.ecoli_achtman_4.131,,United Kingdom,,,1,1,1,1,0,0,0,0,0,1
562.100356,Susceptible,WGS,Good,MLST.ecoli_achtman_4.62,,Norway,,2016.0,1,0,0,0,0,0,0,0,0,0
562.98044,Susceptible,WGS,Good,MLST.ecoli_achtman_4.95,,Norway,,2004.0,1,0,0,0,0,0,0,0,0,0
562.57296,Susceptible,WGS,Good,MLST.ecoli_achtman_4.69,,,,2009.0,1,1,1,0,0,0,0,0,0,0
562.144940,Resistant,WGS,Good,MLST.ecoli_achtman_4.410,PRJNA925003,India,Chattisgarh,,1,1,1,1,0,0,0,0,0,1
562.99185,Susceptible,WGS,Good,MLST.ecoli_achtman_4.104,,Norway,,2011.0,1,0,0,0,0,0,0,0,0,0
562.99349,Susceptible,WGS,Good,MLST.ecoli_achtman_4.69,,Norway,,2012.0,1,0,0,0,0,0,0,0,0,0
562.99097,Susceptible,WGS,Good,MLST.ecoli_achtman_4.95,,Norway,,2011.0,1,0,0,0,0,0,0,0,0,0
562.58736,Resistant,WGS,Good,MLST.ecoli_achtman_4.10,,Italy,,2015.0,1,1,1,0,0,0,1,0,0,0
562.45599,Resistant,WGS,Good,MLST.ecoli_achtman_4.2973,PRJNA522294,Pakistan,Pakistan:Islamabad,2016.0,1,1,1,1,0,0,0,0,0,0
562.100211,Susceptible,WGS,Good,MLST.ecoli_achtman_4.59,,Norway,,2015.0,1,0,0,0,0,0,0,0,0,0
562.97213,Resistant,WGS,Good,MLST.ecoli_achtman_4.1193,,United Kingdom,,,1,1,1,1,0,0,0,0,0,0
562.97926,Susceptible,WGS,Good,MLST.ecoli_achtman_4.95,,Norway,,2003.0,1,0,0,0,0,0,0,0,0,0
562.99818,Resistant,WGS,Good,MLST.ecoli_achtman_4.10,,Norway,,2014.0,1,1,1,1,0,0,0,0,0,0
562.98931,Resistant,WGS,Good,MLST.ecoli_achtman_4.405,,Norway,,2010.0,1,1,1,1,0,0,0,0,0,1
562.99636,Susceptible,WGS,Good,MLST.ecoli_achtman_4.58,,Norway,,2013.0,1,0,0,0,0,0,0,0,0,0
562.96707,Resistant,WGS,Good,MLST.ecoli_achtman_4.1193,,United Kingdom,,,1,1,1,1,0,0,0,0,0,0
562.42690,Susceptible,WGS,Good,MLST.ecoli_achtman_4.224,PRJNA278886,USA,USA:Boston,2016.0,1,1,1,1,0,0,0,0,0,0
562.57325,Susceptible,WGS,Good,MLST.ecoli_achtman_4.95,,,,2017.0,1,0,0,0,0,0,0,0,0,0
562.99968,Susceptible,WGS,Good,MLST.ecoli_achtman_4.109,,Norway,,2014.0,1,0,0,0,0,0,0,0,0,0
562.98591,Susceptible,WGS,Good,MLST.ecoli_achtman_4.73,,Norway,,2008.0,1,0,0,0,0,0,0,0,0,0
562.98225,Susceptible,WGS,Good,MLST.ecoli_achtman_4.83,,Norway,,2006.0,1,0,0,0,0,0,0,0,0,0
562.22515,Susceptible,WGS,Good,MLST.ecoli_achtman_4.69,PRJEB4681,United Kingdom,,2008.0,0,0,0,0,0,0,0,0,0,0
562.100070,Susceptible,WGS,Good,MLST.ecoli_achtman_4.131,,Norway,,2015.0,1,1,1,0,0,0,0,0,0,0
562.97320,Resistant,WGS,Good,MLST.ecoli_achtman_4.59,,United Kingdom,,,1,1,1,1,0,0,0,0,0,0
562.96419,Resistant,WGS,Good,MLST.ecoli_achtman_4.443,,United Kingdom,,,1,1,1,1,0,0,0,0,0,0
562.97053,Resistant,WGS,Good,MLST.ecoli_achtman_4.1431,,United Kingdom,,,1,1,1,1,0,0,0,0,0,0
562.22875,Susceptible,WGS,Good,MLST.ecoli_achtman_4.10,PRJEB4681,United Kingdom,,2012.0,0,0,0,0,0,0,0,0,0,0
562.97829,Susceptible,WGS,Good,MLST.ecoli_achtman_4.3290,,Norway,,2002.0,1,0,0,0,0,0,0,0,0,0
562.99146,Susceptible,WGS,Good,MLST.ecoli_achtman_4.38,,Norway,,2011.0,1,0,0,0,0,0,0,0,0,0
562.144925,Resistant,WGS,Good,MLST.ecoli_achtman_4.167,PRJNA925003,India,Chattisgarh,,1,1,1,1,0,0,0,0,0,0
562.97919,Susceptible,WGS,Good,MLST.ecoli_achtman_4.968,,Norway,,2003.0,1,0,0,0,0,0,0,0,0,0
562.57496,Resistant,WGS,Good,MLST.ecoli_achtman_4.10,,Thailand,,2015.0,1,1,1,1,0,0,0,0,0,0
562.97909,Susceptible,WGS,Good,MLST.ecoli_achtman_4.372,,Norway,,2003.0,1,0,0,0,0,0,0,0,0,0
562.97833,Susceptible,WGS,Good,MLST.ecoli_achtman_4.1851,,Norway,,2002.0,1,0,0,0,0,0,0,0,0,0
562.98762,Susceptible,WGS,Good,MLST.ecoli_achtman_4.14,,Norway,,2009.0,1,0,0,0,0,0,0,0,0,0
562.98734,Susceptible,WGS,Good,MLST.ecoli_achtman_4.127,,Norway,,2009.0,1,0,0,0,0,0,0,0,0,0
562.98813,Susceptible,WGS,Good,MLST.ecoli_achtman_4.135,,Norway,,2009.0,1,0,0,0,0,0,0,0,0,0
562.22463,Susceptible,WGS,Good,MLST.ecoli_achtman_4.136,PRJEB4681,United Kingdom,,2007.0,0,0,0,0,0,0,0,0,0,0
562.22754,Resistant,WGS,Good,MLST.ecoli_achtman_4.131,PRJEB4681,United Kingdom,,2012.0,1,1,1,1,0,0,0,0,0,1
562.100327,Susceptible,WGS,Good,MLST.ecoli_achtman_4.69,,Norway,,2016.0,1,0,0,0,0,0,0,0,0,0
562.97027,Susceptible,WGS,Good,MLST.ecoli_achtman_4.58,,United Kingdom,,,1,0,0,0,0,0,1,0,0,0
562.100315,Susceptible,WGS,Good,MLST.ecoli_achtman_4.12,,Norway,,2016.0,1,0,0,0,0,0,0,0,0,0
562.97390,Susceptible,WGS,Good,MLST.ecoli_achtman_4.7099,,United Kingdom,,,1,0,0,0,0,0,0,0,0,0
562.97892,Susceptible,WGS,Good,MLST.ecoli_achtman_4.59,,Norway,,2003.0,1,0,0,0,0,0,0,0,0,0
562.22765,Resistant,WGS,Good,MLST.ecoli_achtman_4.393,PRJEB4681,United Kingdom,,2012.0,1,1,1,1,0,0,0,0,0,0
562.98585,Susceptible,WGS,Good,MLST.ecoli_achtman_4.73,,Norway,,2008.0,1,1,1,0,0,0,0,0,0,0
562.22809,Susceptible,WGS,Good,MLST.ecoli_achtman_4.10,PRJEB4681,United Kingdom,,2012.0,0,0,0,0,0,0,0,0,0,0
562.22451,Susceptible,WGS,Good,MLST.ecoli_achtman_4.95,PRJEB4681,United Kingdom,,2007.0,0,0,0,0,0,0,0,0,0,0
562.100881,Susceptible,WGS,Good,MLST.ecoli_achtman_4.10211,,Norway,,2017.0,1,0,0,0,0,0,0,0,0,0
562.96443,Resistant,WGS,Good,MLST.ecoli_achtman_4.131,,United Kingdom,,,1,1,1,1,0,0,0,0,0,1
562.96693,Susceptible,WGS,Good,MLST.ecoli_achtman_4.428,,United Kingdom,,,1,1,1,0,0,0,0,0,0,0
562.140863,Resistant,WGS,Good,MLST.ecoli_achtman_4.131,PRJNA530794,USA,"St. Louis, Missouri",2017.0,1,1,1,1,0,0,0,0,0,0
562.96807,Susceptible,WGS,Good,MLST.ecoli_achtman_4.141,,United Kingdom,,,1,0,0,0,0,0,0,0,0,0
562.98985,Susceptible,WGS,Good,MLST.ecoli_achtman_4.978,,Norway,,2010.0,1,0,0,0,0,0,0,0,0,0
562.98309,Susceptible,WGS,Good,MLST.ecoli_achtman_4.73,,Norway,,2006.0,1,0,0,0,0,0,0,0,0,0
562.98890,Susceptible,WGS,Good,MLST.ecoli_achtman_4.95,,Norway,,2010.0,1,0,0,0,0,0,0,0,0,0
562.100391,Susceptible,WGS,Good,MLST.ecoli_achtman_4.95,,Norway,,2016.0,1,0,0,0,0,0,0,0,0,0
562.100793,Resistant,WGS,Good,MLST.ecoli_achtman_4.357,,Norway,,2017.0,1,1,1,0,0,0,0,0,0,0
562.100509,Susceptible,WGS,Good,MLST.ecoli_achtman_4.58,,Norway,,2016.0,1,0,0,0,0,0,0,0,0,0
562.100705,Susceptible,WGS,Good,MLST.ecoli_achtman_4.69,,Norway,,2017.0,1,0,0,0,0,0,0,0,0,0
562.98140,Susceptible,WGS,Good,MLST.ecoli_achtman_4.362,,Norway,,2005.0,1,0,0,0,0,0,0,0,0,0
562.96892,Susceptible,WGS,Good,MLST.ecoli_achtman_4.88,,United Kingdom,,,1,0,0,0,0,0,0,0,0,0
562.96671,Resistant,WGS,Good,MLST.ecoli_achtman_4.1193,,United Kingdom,,,1,1,1,1,0,0,0,0,0,0
562.97364,Susceptible,WGS,Good,MLST.ecoli_achtman_4.5430,,United Kingdom,,,1,0,0,0,0,0,0,0,0,0
562.97255,Susceptible,WGS,Good,MLST.ecoli_achtman_4.409,,United Kingdom,,,1,0,0,0,0,0,0,0,0,0
562.145033,Susceptible,WGS,Good,MLST.ecoli_achtman_4.13,PRJEB54735,Portugal,,2020.0,1,0,0,0,0,0,0,0,0,0
562.98446,Susceptible,WGS,Good,MLST.ecoli_achtman_4.73,,Norway,,2007.0,1,0,0,0,0,0,0,0,0,0
562.45677,Resistant,WGS,Good,MLST.ecoli_achtman_4.11404,PRJNA522294,Pakistan,Pakistan:Islamabad,2016.0,1,1,1,1,0,0,0,0,0,0
562.23024,Resistant,WGS,Good,MLST.ecoli_achtman_4.2253,PRJEB4681,United Kingdom,,2003.0,1,1,1,1,0,0,0,0,0,0
562.99438,Susceptible,WGS,Good,MLST.ecoli_achtman_4.95,,Norway,,2012.0,1,0,0,0,0,0,0,0,0,0
562.98796,Resistant,WGS,Good,MLST.ecoli_achtman_4.648,,Norway,,2009.0,1,1,1,1,0,0,0,0,0,1
562.22815,Susceptible,WGS,Good,MLST.ecoli_achtman_4.131,PRJEB4681,United Kingdom,,2012.0,1,1,1,0,0,0,0,0,0,0
562.100178,Susceptible,WGS,Good,MLST.ecoli_achtman_4.973,,Norway,,2015.0,1,0,0,0,0,0,0,0,0,0
562.98759,Susceptible,WGS,Good,MLST.ecoli_achtman_4.131,,Norway,,2009.0,1,0,0,0,0,0,0,0,0,0
562.98112,Susceptible,WGS,Good,MLST.ecoli_achtman_4.73,,Norway,,2005.0,1,0,0,0,0,0,0,0,0,0
562.100662,Susceptible,WGS,Good,MLST.ecoli_achtman_4.10258,,Norway,,2017.0,1,0,0,0,0,0,0,0,0,0
562.97441,Susceptible,WGS,Good,MLST.ecoli_achtman_4.10,,United Kingdom,,,1,0,0,0,0,0,0,0,0,0
562.99667,Susceptible,WGS,Good,MLST.ecoli_achtman_4.73,,Norway,,2013.0,1,0,0,0,0,0,0,0,0,0
562.98517,Susceptible,WGS,Good,MLST.ecoli_achtman_4.1001,,Norway,,2008.0,1,0,0,0,0,0,0,0,0,0
562.98608,Susceptible,WGS,Good,MLST.ecoli_achtman_4.127,,Norway,,2008.0,1,0,0,0,0,0,0,0,0,0
562.97966,Susceptible,WGS,Good,MLST.ecoli_achtman_4.73,,Norway,,2004.0,1,0,0,0,0,0,0,0,0,0
562.96580,Susceptible,WGS,Good,MLST.ecoli_achtman_4.59,,United Kingdom,,,1,0,0,0,0,0,0,0,0,0
562.97096,Resistant,WGS,Good,MLST.ecoli_achtman_4.354,,United Kingdom,,,1,1,1,1,0,0,0,0,0,0
562.22525,Susceptible,WGS,Good,MLST.ecoli_achtman_4.73,PRJEB4681,United Kingdom,,2008.0,0,0,0,0,0,0,0,0,0,0
562.100094,Susceptible,WGS,Good,MLST.ecoli_achtman_4.83,,Norway,,2015.0,1,0,0,0,0,0,0,0,0,0
562.100019,Susceptible,WGS,Good,MLST.ecoli_achtman_4.95,,Norway,,2015.0,1,0,0,0,0,0,0,0,0,0
562.99165,Susceptible,WGS,Good,MLST.ecoli_achtman_4.409,,Norway,,2011.0,1,0,0,0,0,0,0,0,0,0
562.99589,Susceptible,WGS,Good,MLST.ecoli_achtman_4.69,,Norway,,2013.0,1,0,0,0,0,0,0,0,0,0
562.100817,Susceptible,WGS,Good,MLST.ecoli_achtman_4.69,,Norway,,2017.0,1,0,0,0,0,0,0,0,0,1
562.57277,Resistant,WGS,Good,MLST.ecoli_achtman_4.131,,,,2009.0,1,1,1,1,0,0,0,0,0,1
562.99737,Susceptible,WGS,Good,MLST.ecoli_achtman_4.69,,Norway,,2013.0,1,0,0,0,0,0,0,0,0,0
562.97878,Susceptible,WGS,Good,MLST.ecoli_achtman_4.5261,,Norway,,2003.0,1,0,0,0,0,0,0,0,0,0
562.97852,Susceptible,WGS,Good,MLST.ecoli_achtman_4.10220,,Norway,,2003.0,1,0,0,0,0,0,0,0,0,0
562.100659,Susceptible,WGS,Good,MLST.ecoli_achtman_4.357,,Norway,,2017.0,1,0,0,0,0,0,0,0,0,0
562.100103,Susceptible,WGS,Good,MLST.ecoli_achtman_4.127,,Norway,,2015.0,1,0,0,0,0,0,0,0,0,0
562.65808,Resistant,WGS,Good,MLST.ecoli_achtman_4.410,,Germany,Bavaria,,1,1,1,1,0,0,0,0,0,0
562.99341,Susceptible,WGS,Good,MLST.ecoli_achtman_4.58,,Norway,,2012.0,1,0,0,0,0,0,0,0,0,0
562.96925,Resistant,WGS,Good,MLST.ecoli_achtman_4.131,,United Kingdom,,,1,1,1,1,0,0,0,0,0,0
562.98071,Susceptible,WGS,Good,MLST.ecoli_achtman_4.73,,Norway,,2004.0,1,0,0,0,0,0,0,0,0,0
562.99241,Susceptible,WGS,Good,MLST.ecoli_achtman_4.405,,Norway,,2011.0,1,0,0,0,0,0,0,0,0,0
562.42669,Resistant,WGS,Good,MLST.ecoli_achtman_4.69,PRJNA278886,USA,USA:Boston,2016.0,1,0,0,0,0,0,0,0,0,0
562.100457,Susceptible,WGS,Good,MLST.ecoli_achtman_4.141,,Norway,,2016.0,1,0,0,0,0,0,0,0,0,0
562.99844,Susceptible,WGS,Good,MLST.ecoli_achtman_4.131,,Norway,,2014.0,1,0,0,0,0,0,0,0,0,0
562.22717,Resistant,WGS,Good,MLST.ecoli_achtman_4.131,PRJEB4681,United Kingdom,,2011.0,1,1,1,1,0,0,0,0,0,1
562.96742,Susceptible,WGS,Good,MLST.ecoli_achtman_4.7095,,United Kingdom,,,1,1,1,0,0,0,0,0,0,0
562.96978,Resistant,WGS,Good,MLST.ecoli_achtman_4.131,,United Kingdom,,,1,1,1,1,0,0,0,0,0,1
562.22648,Susceptible,WGS,Good,MLST.ecoli_achtman_4.5678,PRJEB4681,United Kingdom,,2010.0,1,1,1,0,0,0,0,0,0,0
562.100458,Susceptible,WGS,Good,MLST.ecoli_achtman_4.73,,Norway,,2016.0,1,1,1,0,0,0,0,0,0,0
562.97142,Susceptible,WGS,Good,MLST.ecoli_achtman_4.117,,United Kingdom,,,1,1,1,0,0,0,0,0,0,0
562.100134,Susceptible,WGS,Good,MLST.ecoli_achtman_4.95,,Norway,,2015.0,1,0,0,0,0,0,0,0,0,0
562.97381,Susceptible,WGS,Good,MLST.ecoli_achtman_4.421,,United Kingdom,,,1,0,0,0,0,0,0,0,0,0
562.144960,Susceptible,WGS,Good,MLST.ecoli_achtman_4.590,PRJEB54735,Portugal,,2020.0,1,0,0,0,0,0,0,0,0,0
562.97481,Susceptible,WGS,Good,MLST.ecoli_achtman_4.69,,United Kingdom,,,1,0,0,0,0,0,0,0,0,0
562.97244,Resistant,WGS,Good,MLST.ecoli_achtman_4.1723,,United Kingdom,,,1,1,1,1,0,0,0,0,0,0
562.98833,Susceptible,WGS,Good,MLST.ecoli_achtman_4.73,,Norway,,2010.0,1,0,0,0,0,0,0,0,0,0
562.98233,Susceptible,WGS,Good,MLST.ecoli_achtman_4.12,,Norway,,2006.0,1,0,0,0,0,0,0,0,0,0
562.99734,Susceptible,WGS,Good,MLST.ecoli_achtman_4.73,,Norway,,2013.0,1,0,0,0,0,0,0,0,0,0
562.96831,Susceptible,WGS,Good,MLST.ecoli_achtman_4.38,,United Kingdom,,,1,0,0,1,0,0,0,0,0,0
562.57498,Resistant,WGS,Good,MLST.ecoli_achtman_4.131,,Thailand,,2015.0,1,1,1,1,0,0,0,0,0,0
562.96523,Susceptible,WGS,Good,MLST.ecoli_achtman_4.69,,United Kingdom,,,1,0,0,0,0,0,0,0,0,0
562.42782,Resistant,WGS,Good,MLST.ecoli_achtman_4.131,PRJNA278886,USA,USA:Boston,2015.0,1,1,1,1,0,0,0,0,0,0
562.99180,Susceptible,WGS,Good,MLST.ecoli_achtman_4.73,,Norway,,2011.0,1,0,0,0,0,0,0,0,0,0
562.99568,Susceptible,WGS,Good,MLST.ecoli_achtman_4.550,,Norway,,2013.0,1,0,0,0,0,0,0,0,0,0
562.99413,Susceptible,WGS,Good,MLST.ecoli_achtman_4.131,,Norway,,2012.0,1,0,0,0,0,0,0,0,0,0
562.100259,Susceptible,WGS,Good,MLST.ecoli_achtman_4.144,,Norway,,2015.0,1,0,0,0,0,0,0,0,0,0
562.28565,Susceptible,WGS,Good,MLST.ecoli_achtman_4.38,PRJNA316321,,,,1,0,0,0,0,0,0,0,0,0
562.96587,Susceptible,WGS,Good,MLST.ecoli_achtman_4.4959,,United Kingdom,,,1,0,0,0,0,0,0,0,0,0
562.97952,Susceptible,WGS,Good,MLST.ecoli_achtman_4.131,,Norway,,2004.0,1,0,0,0,0,0,0,0,0,0
562.100893,Resistant,WGS,Good,MLST.ecoli_achtman_4.58,,Norway,,2017.0,1,1,1,0,0,0,0,0,0,0
562.98645,Susceptible,WGS,Good,MLST.ecoli_achtman_4.73,,Norway,,2009.0,1,0,0,0,0,0,0,0,0,0
562.57286,Resistant,WGS,Good,MLST.ecoli_achtman_4.43,,,,2009.0,1,1,1,1,0,0,0,0,0,1
562.100810,Resistant,WGS,Good,MLST.ecoli_achtman_4.131,,Norway,,2017.0,1,1,1,1,0,0,0,0,0,0
562.100490,Susceptible,WGS,Good,MLST.ecoli_achtman_4.58,,Norway,,2016.0,1,0,0,0,0,0,0,0,0,0
562.97379,Susceptible,WGS,Good,MLST.ecoli_achtman_4.58,,United Kingdom,,,1,0,0,0,0,0,0,0,0,0
562.58761,Resistant,WGS,Good,MLST.ecoli_achtman_4.131,,Norway,Oslo,1999.0,1,1,1,1,0,0,0,0,0,0
562.98990,Susceptible,WGS,Good,MLST.ecoli_achtman_4.58,,Norway,,2010.0,1,0,0,0,0,0,0,0,0,0
562.98092,Susceptible,WGS,Good,MLST.ecoli_achtman_4.69,,Norway,,2005.0,1,0,0,0,0,0,0,0,0,0
562.22654,Susceptible,WGS,Good,MLST.ecoli_achtman_4.357,PRJEB4681,United Kingdom,,2010.0,0,0,0,0,0,0,0,0,0,0
562.98951,Susceptible,WGS,Good,MLST.ecoli_achtman_4.59,,Norway,,2010.0,1,0,0,0,0,0,0,0,0,0
562.100571,Susceptible,WGS,Good,MLST.ecoli_achtman_4.428,,Norway,,2016.0,1,0,0,0,0,0,0,0,0,0
562.99996,Susceptible,WGS,Good,MLST.ecoli_achtman_4.69,,Norway,,2014.0,1,1,1,0,0,0,0,0,0,0
562.98383,Susceptible,WGS,Good,MLST.ecoli_achtman_4.69,,Norway,,2007.0,1,1,1,0,0,0,0,0,0,0
562.22490,Susceptible,WGS,Good,MLST.ecoli_achtman_4.95,PRJEB4681,United Kingdom,,2008.0,0,0,0,0,0,0,0,0,0,0
562.99531,Susceptible,WGS,Good,MLST.ecoli_achtman_4.69,,Norway,,2013.0,1,0,0,0,0,0,0,0,0,0
562.100562,Susceptible,WGS,Good,MLST.ecoli_achtman_4.73,,Norway,,2016.0,1,0,0,0,0,0,0,0,0,0
562.100816,Susceptible,WGS,Good,MLST.ecoli_achtman_4.569,,Norway,,2017.0,1,0,0,0,0,0,0,0,0,0
562.96974,Resistant,WGS,Good,MLST.ecoli_achtman_4.131,,United Kingdom,,,1,1,1,1,0,0,0,0,0,1
562.57190,Susceptible,WGS,Good,MLST.ecoli_achtman_4.10,,,,1994.0,1,0,0,0,0,0,0,0,0,0
562.58645,Resistant,WGS,Good,MLST.ecoli_achtman_4.131,,USA,,,1,1,1,1,0,0,0,0,0,0
562.22433,Susceptible,WGS,Good,MLST.ecoli_achtman_4.95,PRJEB4681,United Kingdom,,2007.0,0,0,0,0,0,0,0,0,0,0
562.97257,Susceptible,WGS,Good,MLST.ecoli_achtman_4.196,,United Kingdom,,,1,0,0,0,0,0,0,0,0,0
562.144933,Resistant,WGS,Good,MLST.ecoli_achtman_4.405,PRJNA925003,India,Chattisgarh,,1,1,1,1,0,0,0,0,0,1
562.96493,Resistant,WGS,Good,MLST.ecoli_achtman_4.131,,United Kingdom,,,1,1,1,1,0,0,0,0,0,0
562.97132,Susceptible,WGS,Good,MLST.ecoli_achtman_4.144,,United Kingdom,,,1,0,0,0,0,0,0,0,0,0
562.22721,Resistant,WGS,Good,MLST.ecoli_achtman_4.95,PRJEB4681,United Kingdom,,2011.0,1,1,1,1,0,0,0,0,0,0
562.99785,Susceptible,WGS,Good,MLST.ecoli_achtman_4.349,,Norway,,2014.0,1,0,0,0,0,0,0,0,0,0
562.100670,Susceptible,WGS,Good,MLST.ecoli_achtman_4.73,,Norway,,2017.0,1,0,0,0,0,0,0,0,0,0
562.100720,Susceptible,WGS,Good,MLST.ecoli_achtman_4.10221,,Norway,,2017.0,1,0,0,0,0,0,0,0,0,0
562.98399,Susceptible,WGS,Good,MLST.ecoli_achtman_4.2020,,Norway,,2007.0,1,0,0,0,0,0,0,0,0,0
562.98082,Susceptible,WGS,Good,MLST.ecoli_achtman_4.73,,Norway,,2005.0,1,0,0,0,0,0,0,0,0,0
562.57281,Resistant,WGS,Good,MLST.ecoli_achtman_4.457,,,,2009.0,1,1,1,1,0,0,0,0,0,0
562.100175,Susceptible,WGS,Good,MLST.ecoli_achtman_4.2619,,Norway,,2015.0,1,0,0,0,0,0,0,0,0,0
562.100299,Susceptible,WGS,Good,MLST.ecoli_achtman_4.95,,Norway,,2015.0,1,0,0,0,0,0,0,0,0,0
562.99594,Susceptible,WGS,Good,MLST.ecoli_achtman_4.73,,Norway,,2013.0,1,0,0,0,0,0,0,0,0,0
562.100228,Susceptible,WGS,Good,MLST.ecoli_achtman_4.141,,Norway,,2015.0,1,0,0,0,0,0,0,0,0,0
562.100739,Susceptible,WGS,Good,MLST.ecoli_achtman_4.73,,Norway,,2017.0,1,0,0,0,0,0,0,0,0,0
562.98255,Susceptible,WGS,Good,MLST.ecoli_achtman_4.73,,Norway,,2006.0,1,0,0,0,0,0,0,0,0,0
562.65793,Resistant,WGS,Good,MLST.ecoli_achtman_4.410,,Germany,Bavaria,2013.0,1,1,1,1,0,0,0,0,0,0
562.53932,Susceptible,Complete,Good,MLST.ecoli_achtman_4.11,PRJNA556438,Australia,Australia,2013.0,1,0,0,0,0,0,0,0,0,0
562.99613,Susceptible,WGS,Good,MLST.ecoli_achtman_4.538,,Norway,,2013.0,1,0,0,0,0,0,0,0,0,0
562.97488,Susceptible,WGS,Good,MLST.ecoli_achtman_4.4959,,United Kingdom,,,1,0,0,0,0,0,0,0,0,0
562.100535,Susceptible,WGS,Good,MLST.ecoli_achtman_4.127,,Norway,,2016.0,1,0,0,0,0,0,0,0,0,0
562.45637,Resistant,WGS,Good,MLST.ecoli_achtman_4.155,PRJNA522294,Pakistan,Pakistan:Balochistan,2016.0,1,1,1,1,0,0,0,0,0,0
562.100431,Susceptible,WGS,Good,MLST.ecoli_achtman_4.73,,Norway,,2016.0,1,0,0,0,0,0,0,0,0,0
562.97100,Susceptible,WGS,Good,MLST.ecoli_achtman_4.7097,,United Kingdom,,,1,0,0,0,0,0,1,0,0,0
562.99495,Susceptible,WGS,Good,MLST.ecoli_achtman_4.127,,Norway,,2013.0,1,0,0,0,0,0,0,0,0,0
562.22731,Susceptible,WGS,Good,MLST.ecoli_achtman_4.569,PRJEB4681,United Kingdom,,2011.0,1,1,1,0,0,0,0,0,0,0
562.144945,Susceptible,WGS,Good,MLST.ecoli_achtman_4.2951,PRJEB54735,Portugal,,2020.0,1,0,0,0,0,0,0,0,0,0
562.100695,Susceptible,WGS,Good,MLST.ecoli_achtman_4.69,,Norway,,2017.0,1,0,0,0,0,0,0,0,0,0
562.98914,Resistant,WGS,Good,MLST.ecoli_achtman_4.131,,Norway,,2010.0,1,1,1,1,0,0,0,0,0,0
562.22572,Susceptible,WGS,Good,MLST.ecoli_achtman_4.73,PRJEB4681,United Kingdom,,2009.0,0,0,0,0,0,0,0,0,0,0
562.96578,Susceptible,WGS,Good,MLST.ecoli_achtman_4.4959,,United Kingdom,,,1,0,0,0,0,0,0,0,0,0
562.99963,Susceptible,WGS,Good,MLST.ecoli_achtman_4.95,,Norway,,2014.0,1,0,0,0,0,0,0,0,0,0
562.57195,Susceptible,WGS,Good,MLST.ecoli_achtman_4.10,,,,1977.0,1,0,0,0,0,0,0,0,0,0
562.135578,Resistant,WGS,Good,MLST.ecoli_achtman_4.8346,,India,Chattisgarh (Jan Swasthya Sahyog),2020.0,1,1,1,1,0,0,0,0,0,0
562.22611,Resistant,WGS,Good,MLST.ecoli_achtman_4.131,PRJEB4681,United Kingdom,,2010.0,1,1,1,1,0,0,0,0,0,1
562.97344,Susceptible,WGS,Good,MLST.ecoli_achtman_4.59,,United Kingdom,,,1,0,0,0,0,0,0,0,0,0
562.96890,Susceptible,WGS,Good,MLST.ecoli_achtman_4.88,,United Kingdom,,,1,0,0,0,0,0,0,0,0,0
562.96943,Susceptible,WGS,Good,MLST.ecoli_achtman_4.3877,,United Kingdom,,,1,0,0,0,0,0,0,0,0,0
562.22666,Susceptible,WGS,Good,MLST.ecoli_achtman_4.59,PRJEB4681,United Kingdom,,2011.0,0,0,0,0,0,0,0,0,0,0
562.140904,Susceptible,WGS,Good,MLST.ecoli_achtman_4.12,PRJNA530794,USA,"St. Louis, Missouri",2017.0,1,0,0,0,0,0,0,0,0,0
562.99162,Susceptible,WGS,Good,MLST.ecoli_achtman_4.1718,,Norway,,2011.0,1,0,0,0,0,0,0,0,0,0
562.98996,Susceptible,WGS,Good,MLST.ecoli_achtman_4.10404,,Norway,,2010.0,1,0,0,0,0,0,0,0,0,0
562.97299,Resistant,WGS,Good,MLST.ecoli_achtman_4.131,,United Kingdom,,,1,1,1,1,0,0,0,0,0,0
562.98433,Susceptible,WGS,Good,MLST.ecoli_achtman_4.73,,Norway,,2007.0,1,0,0,0,0,0,0,0,0,0
562.99179,Susceptible,WGS,Good,MLST.ecoli_achtman_4.73,,Norway,,2011.0,1,0,0,0,0,0,0,0,0,0
562.58768,Susceptible,WGS,Good,,,Norway,Oslo,2000.0,1,0,0,0,0,0,0,0,0,0
562.57230,Susceptible,WGS,Good,MLST.ecoli_achtman_4.69,,,,2017.0,1,1,1,0,0,0,0,0,0,0
562.96566,Susceptible,WGS,Good,MLST.ecoli_achtman_4.641,,United Kingdom,,,1,0,0,0,0,0,0,0,0,0
562.99093,Susceptible,WGS,Good,MLST.ecoli_achtman_4.429,,Norway,,2011.0,1,0,0,0,0,0,0,0,0,0
562.100532,Resistant,WGS,Good,MLST.ecoli_achtman_4.10257,,Norway,,2016.0,1,1,1,0,0,0,0,0,0,0
562.145420,Susceptible,WGS,Good,MLST.ecoli_achtman_4.155,PRJNA273513,Canada,British Columbia,2006.0,1,0,0,0,0,0,0,0,0,0
562.98030,Susceptible,WGS,Good,MLST.ecoli_achtman_4.95,,Norway,,2004.0,1,0,0,0,0,0,0,0,0,0
562.145381,Susceptible,WGS,Good,MLST.ecoli_achtman_4.155,PRJNA273513,Canada,British Columbia,2006.0,1,0,0,0,0,0,0,0,0,0
562.97230,Resistant,WGS,Good,MLST.ecoli_achtman_4.443,,United Kingdom,,,1,1,1,1,0,0,0,0,0,0
562.96460,Resistant,WGS,Good,MLST.ecoli_achtman_4.1196,,United Kingdom,,,1,1,1,1,0,0,0,0,0,0
562.100453,Susceptible,WGS,Good,MLST.ecoli_achtman_4.783,,Norway,,2016.0,1,0,0,0,0,0,0,0,0,0
562.144919,Resistant,WGS,Good,MLST.ecoli_achtman_4.167,PRJNA925003,India,Chattisgarh,,1,1,1,1,0,0,0,0,0,0
562.22586,Resistant,WGS,Good,MLST.ecoli_achtman_4.393,PRJEB4681,United Kingdom,,2009.0,1,1,1,1,0,0,0,0,0,0
562.28131,Resistant,,,MLST.ecoli_achtman_4.156,PRJNA360014,Hong Kong,Hong Kong,2014.0,1,0,0,0,0,0,0,0,0,1
562.99104,Susceptible,WGS,Good,MLST.ecoli_achtman_4.73,,Norway,,2011.0,1,0,0,0,0,0,0,0,0,0
562.99352,Susceptible,WGS,Good,MLST.ecoli_achtman_4.405,,Norway,,2012.0,1,0,0,0,0,0,0,0,0,0
562.98766,Susceptible,WGS,Good,MLST.ecoli_achtman_4.131,,Norway,,2009.0,1,0,0,0,0,0,0,0,0,0
562.99708,Susceptible,WGS,Good,MLST.ecoli_achtman_4.73,,Norway,,2013.0,1,0,0,0,0,0,0,0,0,0
562.100789,Susceptible,WGS,Good,MLST.ecoli_achtman_4.73,,Norway,,2017.0,1,0,0,0,0,0,0,0,0,0
562.57077,Resistant,WGS,Good,MLST.ecoli_achtman_4.131,,,,2008.0,1,1,1,1,0,0,0,0,0,1
562.100451,Susceptible,WGS,Good,MLST.ecoli_achtman_4.141,,Norway,,2016.0,1,0,0,0,0,0,0,0,0,0
562.97229,Resistant,WGS,Good,MLST.ecoli_achtman_4.443,,United Kingdom,,,1,1,1,1,0,0,0,0,0,0
562.100757,Resistant,WGS,Good,MLST.ecoli_achtman_4.95,,Norway,,2017.0,1,1,1,0,0,0,1,0,0,0
562.98086,Susceptible,WGS,Good,MLST.ecoli_achtman_4.602,,Norway,,2005.0,1,0,0,0,0,0,0,0,0,0
562.100473,Susceptible,WGS,Good,MLST.ecoli_achtman_4.80,,Norway,,2016.0,1,0,0,0,0,0,0,0,0,0
562.98331,Susceptible,WGS,Good,MLST.ecoli_achtman_4.12,,Norway,,2006.0,1,0,0,0,0,0,0,0,0,0
562.100061,Resistant,WGS,Good,MLST.ecoli_achtman_4.90,,Norway,,2015.0,1,1,1,1,0,0,0,0,0,0
562.99801,Resistant,WGS,Good,MLST.ecoli_achtman_4.1193,,Norway,,2014.0,1,1,1,1,0,0,0,0,0,0
562.99065,Susceptible,WGS,Good,MLST.ecoli_achtman_4.95,,Norway,,2011.0,1,0,0,0,0,0,0,0,0,0
562.100559,Susceptible,WGS,Good,MLST.ecoli_achtman_4.88,,Norway,,2016.0,1,0,0,0,0,0,0,0,0,0
562.22693,Susceptible,WGS,Good,MLST.ecoli_achtman_4.69,PRJEB4681,United Kingdom,,2011.0,0,0,0,0,0,0,0,0,0,0
562.96660,Resistant,WGS,Good,MLST.ecoli_achtman_4.1193,,United Kingdom,,,1,1,1,1,0,0,0,0,0,0
562.42666,Resistant,WGS,Good,MLST.ecoli_achtman_4.10,PRJNA278886,USA,USA:Boston,2016.0,1,1,1,1,0,0,0,0,0,0
562.98714,Susceptible,WGS,Good,MLST.ecoli_achtman_4.95,,Norway,,2009.0,1,0,0,0,0,0,0,0,0,0
562.97769,Resistant,WGS,Good,MLST.ecoli_achtman_4.2141,,Norway,,2002.0,1,1,1,1,0,0,0,0,0,0
562.99861,Susceptible,WGS,Good,MLST.ecoli_achtman_4.69,,Norway,,2014.0,1,0,0,0,0,0,0,0,0,0
562.97366,Susceptible,WGS,Good,MLST.ecoli_achtman_4.59,,United Kingdom,,,1,0,0,0,0,0,0,0,0,0
562.57442,Susceptible,WGS,Good,MLST.ecoli_achtman_4.5948,,Thailand,,2015.0,1,0,0,0,0,0,1,0,0,0
562.96450,Susceptible,WGS,Good,MLST.ecoli_achtman_4.3202,,United Kingdom,,,1,0,0,0,0,0,0,0,0,0
562.99176,Susceptible,WGS,Good,MLST.ecoli_achtman_4.95,,Norway,,2011.0,1,0,0,0,0,0,0,0,0,0
562.96429,Resistant,WGS,Good,MLST.ecoli_achtman_4.443,,United Kingdom,,,1,1,1,1,0,0,0,0,0,0
562.97914,Susceptible,WGS,Good,MLST.ecoli_achtman_4.405,,Norway,,2003.0,1,0,0,0,0,0,0,0,0,0
562.98964,Susceptible,WGS,Good,MLST.ecoli_achtman_4.141,,Norway,,2010.0,1,0,0,0,0,0,0,0,0,0
562.99850,Susceptible,WGS,Good,MLST.ecoli_achtman_4.978,,Norway,,2014.0,1,0,0,0,0,0,0,0,0,0
562.56766,Resistant,WGS,Good,MLST.ecoli_achtman_4.355,,Germany,North Rhine-Westphalia,2014.0,1,1,1,0,0,0,0,0,0,0
562.42711,Resistant,WGS,Good,MLST.ecoli_achtman_4.405,PRJNA278886,USA,USA:Boston,2016.0,1,1,1,1,0,0,0,0,0,1
562.144913,Resistant,WGS,Good,MLST.Escherichia_coli_2.88,PRJNA925003,India,Chattisgarh,,1,1,1,1,0,0,1,0,0,0
562.100428,Susceptible,WGS,Good,MLST.ecoli_achtman_4.996,,Norway,,2016.0,1,0,0,0,0,0,0,0,0,0
562.98163,Susceptible,WGS,Good,MLST.ecoli_achtman_4.104,,Norway,,2005.0,1,0,0,0,0,0,0,0,0,0
562.99545,Susceptible,WGS,Good,MLST.ecoli_achtman_4.73,,Norway,,2013.0,1,0,0,0,0,0,0,0,0,0
562.144943,Resistant,WGS,Good,MLST.ecoli_achtman_4.167,PRJNA925003,India,Chattisgarh,,1,1,1,1,0,0,0,0,0,1
562.99253,Susceptible,WGS,Good,MLST.ecoli_achtman_4.73,,Norway,,2012.0,1,0,0,0,0,0,0,0,0,0
562.99470,Susceptible,WGS,Good,MLST.ecoli_achtman_4.73,,Norway,,2012.0,1,0,0,0,0,0,0,0,0,0
562.22751,Susceptible,WGS,Good,MLST.ecoli_achtman_4.69,PRJEB4681,United Kingdom,,2012.0,0,0,0,0,0,0,0,0,0,0
562.97413,Susceptible,WGS,Good,MLST.ecoli_achtman_4.540,,United Kingdom,,,1,0,0,0,0,0,0,0,0,0
562.96604,Resistant,WGS,Good,MLST.ecoli_achtman_4.1196,,United Kingdom,,,1,1,1,1,0,0,0,0,0,0
562.97040,Susceptible,WGS,Good,MLST.ecoli_achtman_4.117,,United Kingdom,,,1,1,1,0,0,0,0,0,0,0
562.99040,Susceptible,WGS,Good,MLST.ecoli_achtman_4.131,,Norway,,2011.0,1,0,0,0,0,0,0,0,0,0
562.57503,Susceptible,WGS,Good,MLST.ecoli_achtman_4.131,,Thailand,,2015.0,1,1,1,0,0,0,0,0,0,0
562.96736,Susceptible,WGS,Good,MLST.ecoli_achtman_4.7095,,United Kingdom,,,1,1,1,0,0,0,0,0,0,0
562.98208,Susceptible,WGS,Good,MLST.ecoli_achtman_4.95,,Norway,,2006.0,1,0,0,0,0,0,0,0,0,0
562.100008,Susceptible,WGS,Good,MLST.ecoli_achtman_4.95,,Norway,,2015.0,1,0,0,0,0,0,0,0,0,0
562.98136,Susceptible,WGS,Good,MLST.ecoli_achtman_4.12,,Norway,,2005.0,1,1,1,0,0,0,0,0,0,0
562.96855,Resistant,WGS,Good,MLST.ecoli_achtman_4.1723,,United Kingdom,,,1,1,1,1,0,0,0,0,0,0
562.57279,Resistant,WGS,Good,MLST.ecoli_achtman_4.131,,,,2009.0,1,1,1,1,0,0,0,0,0,1
562.57245,Susceptible,WGS,Good,MLST.ecoli_achtman_4.405,,,,2017.0,1,0,0,0,0,0,0,0,0,0
562.97022,Susceptible,WGS,Good,MLST.ecoli_achtman_4.58,,United Kingdom,,,1,0,0,0,0,0,1,0,0,0
562.100334,Susceptible,WGS,Good,MLST.ecoli_achtman_4.69,,Norway,,2016.0,1,0,0,0,0,0,0,0,0,0
562.42797,Resistant,WGS,Good,MLST.ecoli_achtman_4.131,PRJNA278886,USA,USA:Boston,2015.0,1,1,1,1,0,0,0,0,0,1
562.100311,Susceptible,WGS,Good,MLST.ecoli_achtman_4.95,,Norway,,2016.0,1,0,0,0,0,0,0,0,0,0
562.98315,Susceptible,WGS,Good,MLST.ecoli_achtman_4.73,,Norway,,2006.0,1,0,0,0,0,0,0,0,0,0
562.98498,Susceptible,WGS,Good,MLST.ecoli_achtman_4.73,,Norway,,2008.0,1,0,0,0,0,0,0,0,0,0
562.100291,Resistant,WGS,Good,MLST.ecoli_achtman_4.569,,Norway,,2015.0,1,0,0,0,0,0,0,0,0,0
562.99793,Susceptible,WGS,Good,MLST.ecoli_achtman_4.104,,Norway,,2014.0,1,0,0,0,0,0,0,0,0,0
562.96647,Resistant,WGS,Good,MLST.ecoli_achtman_4.648,,United Kingdom,,,1,1,1,1,0,0,0,0,0,0
562.99843,Susceptible,WGS,Good,MLST.ecoli_achtman_4.73,,Norway,,2014.0,1,0,0,0,0,0,0,0,0,0
562.99105,Susceptible,WGS,Good,MLST.ecoli_achtman_4.69,,Norway,,2011.0,1,0,0,0,0,0,0,0,0,0
562.96798,Susceptible,WGS,Good,MLST.ecoli_achtman_4.131,,United Kingdom,,,1,1,1,0,0,0,0,0,0,0
562.57090,Resistant,WGS,Good,MLST.ecoli_achtman_4.648,,,,2008.0,1,1,1,1,0,0,0,0,0,1
562.34088,Resistant,Complete,Good,MLST.ecoli_achtman_4.405,PRJNA292904,,,,1,1,1,1,0,0,0,0,0,0
562.97057,Resistant,WGS,Good,MLST.ecoli_achtman_4.1431,,United Kingdom,,,1,1,1,1,0,0,0,0,0,0
562.145070,Resistant,WGS,Good,MLST.ecoli_achtman_4.302,PRJEB54735,Portugal,,2020.0,1,1,1,1,0,1,0,0,0,0
562.99520,Resistant,WGS,Good,MLST.ecoli_achtman_4.131,,Norway,,2013.0,1,1,1,1,0,0,0,0,0,0
562.97069,Resistant,WGS,Good,MLST.ecoli_achtman_4.131,,United Kingdom,,,1,1,1,1,0,0,0,0,0,1
562.99567,Susceptible,WGS,Good,MLST.ecoli_achtman_4.12,,Norway,,2013.0,1,0,0,0,0,0,0,0,0,0
562.98942,Susceptible,WGS,Good,MLST.ecoli_achtman_4.10226,,Norway,,2010.0,1,0,0,0,0,0,0,0,0,0
562.96928,Susceptible,WGS,Good,MLST.ecoli_achtman_4.141,,United Kingdom,,,1,0,0,0,0,0,0,0,0,0
562.98345,Susceptible,WGS,Good,MLST.ecoli_achtman_4.12,,Norway,,2007.0,1,0,0,0,0,0,0,0,0,0
562.96567,Susceptible,WGS,Good,MLST.ecoli_achtman_4.641,,United Kingdom,,,1,0,0,0,0,0,0,0,0,0
562.97977,Susceptible,WGS,Good,MLST.ecoli_achtman_4.141,,Norway,,2004.0,1,0,0,0,0,0,0,0,0,0
562.57463,Resistant,WGS,Good,MLST.ecoli_achtman_4.354,,Thailand,,2015.0,1,1,1,1,0,0,0,0,0,0
562.22520,Susceptible,WGS,Good,MLST.ecoli_achtman_4.405,PRJEB4681,United Kingdom,,2008.0,0,0,0,0,0,0,0,0,0,0
562.96461,Susceptible,WGS,Good,MLST.ecoli_achtman_4.131,,United Kingdom,,,1,1,1,0,0,0,0,0,0,0
562.100441,Susceptible,WGS,Good,MLST.ecoli_achtman_4.141,,Norway,,2016.0,1,0,0,0,0,0,0,0,0,0
1438685.3,Resistant,WGS,Good,MLST.ecoli_achtman_4.131,PRJNA234238,USA,"North Carolina, USA",2013.0,1,1,1,1,0,0,0,0,0,0
562.97772,Susceptible,WGS,Good,MLST.ecoli_achtman_4.95,,Norway,,2002.0,1,0,0,0,0,0,0,0,0,0
562.100529,Susceptible,WGS,Good,MLST.ecoli_achtman_4.428,,Norway,,2016.0,1,0,0,0,0,0,0,0,0,0
562.97423,Susceptible,WGS,Good,MLST.ecoli_achtman_4.7095,,United Kingdom,,,1,1,1,0,0,0,0,0,0,0
562.100439,Susceptible,WGS,Good,MLST.ecoli_achtman_4.1115,,Norway,,2016.0,1,0,0,0,0,0,0,0,0,0
562.99472,Susceptible,WGS,Good,MLST.ecoli_achtman_4.73,,Norway,,2012.0,1,0,0,0,0,0,0,0,0,0
562.22574,Susceptible,WGS,Good,MLST.ecoli_achtman_4.73,PRJEB4681,United Kingdom,,2009.0,0,0,0,0,0,0,0,0,0,0
562.100425,Susceptible,WGS,Good,MLST.ecoli_achtman_4.1236,,Norway,,2016.0,1,0,0,0,0,0,0,0,0,0
562.22434,Resistant,WGS,Good,MLST.ecoli_achtman_4.648,PRJEB4681,United Kingdom,,2007.0,1,1,1,1,0,0,0,0,0,0
562.98739,Susceptible,WGS,Good,MLST.ecoli_achtman_4.1057,,Norway,,2009.0,1,0,0,0,0,0,0,0,0,0
562.22549,Susceptible,WGS,Good,MLST.ecoli_achtman_4.59,PRJEB4681,United Kingdom,,2009.0,0,0,0,0,0,0,0,0,0,0
562.145435,Susceptible,WGS,Good,MLST.ecoli_achtman_4.38,PRJNA273513,Canada,British Columbia,2006.0,1,0,0,0,0,0,0,0,0,0
562.96779,Susceptible,WGS,Good,MLST.ecoli_achtman_4.394,,United Kingdom,,,1,0,0,0,0,0,0,0,0,0
562.97797,Susceptible,WGS,Good,MLST.ecoli_achtman_4.144,,Norway,,2003.0,1,0,0,0,0,0,0,0,0,0
562.98121,Susceptible,WGS,Good,MLST.ecoli_achtman_4.95,,Norway,,2005.0,1,0,0,0,0,0,0,0,0,0
562.96579,Susceptible,WGS,Good,MLST.ecoli_achtman_4.401,,United Kingdom,,,1,0,0,0,0,0,0,0,0,0
562.140837,Resistant,WGS,Good,MLST.ecoli_achtman_4.131,PRJNA530794,USA,"St. Louis, Missouri",2017.0,1,1,1,1,0,0,0,0,0,0
562.98792,Susceptible,WGS,Good,MLST.ecoli_achtman_4.69,,Norway,,2009.0,1,1,1,1,0,0,0,0,0,0
562.144971,Susceptible,WGS,Good,MLST.ecoli_achtman_4.583,PRJEB54735,Portugal,,2021.0,1,0,0,0,0,0,0,0,0,0
562.97110,Susceptible,WGS,Good,MLST.ecoli_achtman_4.7097,,United Kingdom,,,1,0,0,0,0,0,1,0,0,0
562.100604,Susceptible,WGS,Good,MLST.ecoli_achtman_4.95,,Norway,,2016.0,1,1,1,0,0,0,0,0,0,0
562.98096,Susceptible,WGS,Good,MLST.ecoli_achtman_4.14,,Norway,,2005.0,1,0,0,0,0,0,0,0,0,0
562.99172,Susceptible,WGS,Good,MLST.ecoli_achtman_4.73,,Norway,,2011.0,1,0,0,0,0,0,0,0,0,0
562.99364,Susceptible,WGS,Good,MLST.ecoli_achtman_4.1441,,Norway,,2012.0,1,0,0,0,0,0,0,0,0,0
562.99233,Susceptible,WGS,Good,MLST.ecoli_achtman_4.10254,,Norway,,2011.0,1,0,0,0,0,0,0,0,0,0
562.100584,Susceptible,WGS,Good,MLST.ecoli_achtman_4.95,,Norway,,2016.0,1,0,0,0,0,0,0,0,0,0
562.57171,Susceptible,WGS,Good,MLST.ecoli_achtman_4.590,,,,,1,0,0,0,0,0,0,0,0,0
562.98259,Susceptible,WGS,Good,MLST.ecoli_achtman_4.95,,Norway,,2006.0,1,0,0,0,0,0,0,0,0,0
562.97338,Resistant,WGS,Good,MLST.ecoli_achtman_4.69,,United Kingdom,,,1,1,1,1,0,0,0,0,0,0
562.98771,Susceptible,WGS,Good,MLST.ecoli_achtman_4.73,,Norway,,2009.0,1,0,0,0,0,0,0,0,0,0
562.99404,Susceptible,WGS,Good,MLST.ecoli_achtman_4.127,,Norway,,2012.0,1,0,0,0,0,0,0,0,0,0
562.97420,Susceptible,WGS,Good,MLST.ecoli_achtman_4.131,,United Kingdom,,,1,0,0,0,0,0,0,0,0,0
562.57491,Resistant,WGS,Good,MLST.ecoli_achtman_4.405,,Thailand,,2015.0,1,1,1,1,0,0,0,0,0,1
562.144981,Susceptible,WGS,Good,MLST.ecoli_achtman_4.137,PRJEB54735,Portugal,,2020.0,1,0,0,0,0,0,0,0,0,0
562.98822,Susceptible,WGS,Good,MLST.ecoli_achtman_4.95,,Norway,,2009.0,1,0,0,0,0,0,0,0,0,0
562.99332,Resistant,WGS,Good,MLST.ecoli_achtman_4.131,,Norway,,2012.0,1,1,1,1,0,0,0,0,0,1
562.99202,Susceptible,WGS,Good,MLST.ecoli_achtman_4.73,,Norway,,2011.0,1,0,0,0,0,0,0,0,0,0
562.59227,Susceptible,WGS,Good,MLST.ecoli_achtman_4.5474,PRJEB36565,Rwanda,Rwanda,2014.0,1,0,0,0,0,1,0,0,0,1
562.57328,Susceptible,WGS,Good,MLST.ecoli_achtman_4.58,,,,2017.0,1,0,0,0,0,0,0,0,0,0
562.98494,Susceptible,WGS,Good,MLST.ecoli_achtman_4.144,,Norway,,2008.0,1,0,0,0,0,0,0,0,0,0
562.100936,Susceptible,WGS,Good,MLST.ecoli_achtman_4.95,,Norway,,2017.0,1,0,0,0,0,0,0,0,0,0
562.99046,Susceptible,WGS,Good,MLST.ecoli_achtman_4.28,,Norway,,2011.0,1,0,0,0,0,0,0,0,0,0
562.99086,Susceptible,WGS,Good,MLST.ecoli_achtman_4.12,,Norway,,2011.0,1,0,0,0,0,0,0,0,0,0
562.99901,Susceptible,WGS,Good,MLST.ecoli_achtman_4.390,,Norway,,2014.0,1,0,0,0,0,0,0,0,0,0
562.99908,Susceptible,WGS,Good,MLST.ecoli_achtman_4.91,,Norway,,2014.0,1,0,0,0,0,0,0,0,0,0
562.99161,Susceptible,WGS,Good,MLST.ecoli_achtman_4.421,,Norway,,2011.0,1,0,0,0,0,0,0,0,0,0
562.42783,Resistant,WGS,Good,MLST.ecoli_achtman_4.617,PRJNA278886,USA,USA:Boston,2015.0,1,1,1,1,0,0,0,0,0,1
562.73347,Susceptible,WGS,Good,MLST.ecoli_achtman_4.607,PRJEB34557,Spain,Barcelona,2013.0,1,0,0,0,1,0,0,0,0,0
562.100824,Susceptible,WGS,Good,MLST.ecoli_achtman_4.73,,Norway,,2017.0,1,0,0,0,0,0,0,0,0,0
562.22636,Resistant,WGS,Good,MLST.ecoli_achtman_4.69,PRJEB4681,United Kingdom,,2010.0,1,1,1,1,0,0,0,0,0,0
562.97918,Susceptible,WGS,Good,MLST.ecoli_achtman_4.12,,Norway,,2003.0,1,0,0,0,0,0,0,0,0,0
562.98910,Susceptible,WGS,Good,MLST.ecoli_achtman_4.73,,Norway,,2010.0,1,0,0,0,0,0,0,0,0,0
562.99374,Susceptible,WGS,Good,MLST.ecoli_achtman_4.95,,Norway,,2012.0,1,0,0,0,0,0,0,0,0,0
562.100884,Susceptible,WGS,Good,MLST.ecoli_achtman_4.973,,Norway,,2017.0,1,0,0,0,0,0,1,0,0,0
562.100337,Susceptible,WGS,Good,MLST.ecoli_achtman_4.10,,Norway,,2016.0,1,0,0,0,0,0,0,0,0,0
562.97987,Susceptible,WGS,Good,MLST.ecoli_achtman_4.1567,,Norway,,2004.0,1,0,0,0,0,0,0,0,0,0
562.57295,Resistant,WGS,Good,MLST.ecoli_achtman_4.10,,,,2009.0,1,1,1,1,0,0,0,0,0,0
562.98001,Susceptible,WGS,Good,MLST.ecoli_achtman_4.93,,Norway,,2004.0,1,0,0,0,0,0,0,0,0,0
562.99619,Susceptible,WGS,Good,MLST.ecoli_achtman_4.69,,Norway,,2013.0,1,0,0,0,0,0,0,0,0,0
562.100380,Susceptible,WGS,Good,MLST.ecoli_achtman_4.1441,,Norway,,2016.0,1,0,0,0,0,0,0,0,0,0
562.100388,Susceptible,WGS,Good,MLST.ecoli_achtman_4.131,,Norway,,2016.0,1,0,0,0,0,0,0,0,0,0
562.99022,Susceptible,WGS,Good,MLST.ecoli_achtman_4.73,,Norway,,2010.0,1,0,0,0,0,0,0,0,0,0
562.57430,Susceptible,WGS,Good,MLST.ecoli_achtman_4.5558,,Thailand,,2015.0,1,0,0,0,0,0,1,0,0,0
562.96704,Susceptible,WGS,Good,MLST.ecoli_achtman_4.648,,United Kingdom,,,1,0,0,0,0,0,0,0,0,0
562.42759,Resistant,WGS,Good,MLST.ecoli_achtman_4.2179,PRJNA511007,Brazil,"Brazil: Botucatu, Sao Paulo State",2015.0,1,1,1,1,0,0,0,0,0,0
562.96972,Susceptible,WGS,Good,MLST.ecoli_achtman_4.409,,United Kingdom,,,1,0,0,0,0,0,0,0,0,0
562.98735,Susceptible,WGS,Good,MLST.ecoli_achtman_4.73,,Norway,,2009.0,1,0,0,0,0,0,0,0,0,0
562.99515,Susceptible,WGS,Good,MLST.ecoli_achtman_4.95,,Norway,,2013.0,1,0,0,0,0,0,0,0,0,0
562.99339,Susceptible,WGS,Good,MLST.ecoli_achtman_4.69,,Norway,,2012.0,1,0,0,0,0,0,0,0,0,0
562.100375,Resistant,WGS,Good,MLST.ecoli_achtman_4.131,,Norway,,2016.0,1,1,1,1,0,0,0,0,0,1
562.98407,Susceptible,WGS,Good,MLST.ecoli_achtman_4.10228,,Norway,,2007.0,1,0,0,0,0,0,0,0,0,0
562.98190,Susceptible,WGS,Good,MLST.ecoli_achtman_4.69,,Norway,,2005.0,1,0,0,0,0,0,0,0,0,0
562.96863,Susceptible,WGS,Good,MLST.ecoli_achtman_4.336,,United Kingdom,,,1,0,0,0,0,0,0,0,0,0
562.96906,Resistant,WGS,Good,MLST.ecoli_achtman_4.131,,United Kingdom,,,1,1,1,1,0,0,0,0,0,1
562.96900,Resistant,WGS,Good,MLST.ecoli_achtman_4.131,,United Kingdom,,,1,1,1,1,0,0,0,0,0,1
562.99510,Susceptible,WGS,Good,MLST.ecoli_achtman_4.95,,Norway,,2013.0,1,0,0,0,0,0,0,0,0,0
562.100365,Susceptible,WGS,Good,MLST.ecoli_achtman_4.95,,Norway,,2016.0,1,0,0,0,0,0,0,0,0,0
562.140872,Resistant,WGS,Good,MLST.ecoli_achtman_4.131,PRJNA530794,USA,"St. Louis, Missouri",2017.0,1,1,1,1,0,0,0,0,0,1
562.97217,Resistant,WGS,Good,MLST.ecoli_achtman_4.1193,,United Kingdom,,,1,1,1,1,0,0,0,0,0,0
562.100426,Susceptible,WGS,Good,MLST.ecoli_achtman_4.95,,Norway,,2016.0,1,0,0,0,0,0,0,0,0,0
562.140878,Resistant,WGS,Good,MLST.ecoli_achtman_4.131,PRJNA530794,USA,"St. Louis, Missouri",2017.0,1,1,1,1,0,0,0,0,0,1
562.144942,Resistant,WGS,Good,MLST.ecoli_achtman_4.410,PRJNA925003,India,Chattisgarh,,1,1,1,1,1,0,0,0,0,1
562.42847,Susceptible,WGS,Good,MLST.ecoli_achtman_4.131,PRJNA288601,USA,United States,2014.0,1,1,1,1,0,0,0,0,0,0
562.99497,Susceptible,WGS,Good,MLST.ecoli_achtman_4.706,,Norway,,2012.0,1,0,0,0,0,0,0,0,0,0
562.100253,Susceptible,WGS,Good,MLST.ecoli_achtman_4.88,,Norway,,2015.0,1,0,0,0,0,0,0,0,0,0
562.22784,Susceptible,WGS,Good,MLST.ecoli_achtman_4.131,PRJEB4681,United Kingdom,,2012.0,0,0,0,0,0,0,0,0,0,0
562.100480,Susceptible,WGS,Good,MLST.ecoli_achtman_4.73,,Norway,,2016.0,1,0,0,0,0,0,0,0,0,0
562.96632,Resistant,WGS,Good,MLST.ecoli_achtman_4.131,,United Kingdom,,,1,1,1,1,0,0,0,0,0,0
562.42834,Resistant,WGS,Good,MLST.ecoli_achtman_4.131,PRJNA288601,USA,United States,2013.0,1,1,1,1,0,0,0,0,0,0
562.99919,Susceptible,WGS,Good,MLST.ecoli_achtman_4.5614,,Norway,,2014.0,1,0,0,0,0,0,0,0,0,0
562.45852,Susceptible,WGS,Good,MLST.ecoli_achtman_4.10,PRJNA510429,USA,"USA: Rochester, NY",2018.0,1,1,1,0,0,0,0,0,0,0
562.98848,Susceptible,WGS,Good,MLST.ecoli_achtman_4.95,,Norway,,2010.0,1,0,0,0,0,0,0,0,0,0
562.57365,Resistant,WGS,Good,MLST.ecoli_achtman_4.405,,Thailand,,2015.0,1,1,1,1,0,0,0,0,0,1
562.96904,Resistant,WGS,Good,MLST.ecoli_achtman_4.131,,United Kingdom,,,1,1,1,1,0,0,0,0,0,1
562.97347,Susceptible,WGS,Good,MLST.ecoli_achtman_4.6286,,United Kingdom,,,1,0,0,0,0,0,0,0,0,0
562.144998,Susceptible,WGS,Good,MLST.ecoli_achtman_4.3101,PRJEB54735,Portugal,,2020.0,1,0,0,0,0,0,0,0,0,0
562.100102,Susceptible,WGS,Good,MLST.ecoli_achtman_4.91,,Norway,,2015.0,1,0,0,0,0,0,0,0,0,0
562.99376,Susceptible,WGS,Good,MLST.ecoli_achtman_4.95,,Norway,,2012.0,1,0,0,0,0,0,0,0,0,0
562.100948,Susceptible,WGS,Good,MLST.ecoli_achtman_4.131,,Norway,,2017.0,1,0,0,0,0,0,0,0,0,0
562.96531,Susceptible,WGS,Good,MLST.ecoli_achtman_4.101,,United Kingdom,,,1,0,0,0,0,0,0,0,0,0
562.37111,Susceptible,WGS,Good,MLST.ecoli_achtman_4.226,PRJEB23541,Tanzania,Moshi,2013.0,1,0,0,0,0,0,0,0,0,0
562.57327,Susceptible,WGS,Good,MLST.ecoli_achtman_4.10,,,,2017.0,1,0,0,0,0,0,0,0,0,0
562.97318,Resistant,WGS,Good,MLST.ecoli_achtman_4.69,,United Kingdom,,,1,1,1,1,0,0,0,0,0,0
562.99340,Susceptible,WGS,Good,MLST.ecoli_achtman_4.1081,,Norway,,2012.0,1,0,0,0,0,0,0,0,0,0
562.100859,Susceptible,WGS,Good,MLST.ecoli_achtman_4.2211,,Norway,,2017.0,1,1,1,0,0,0,0,0,0,0
562.98794,Resistant,WGS,Good,MLST.ecoli_achtman_4.131,,Norway,,2009.0,1,1,1,1,0,0,0,0,0,0
562.97283,Susceptible,WGS,Good,MLST.ecoli_achtman_4.69,,United Kingdom,,,1,0,0,0,0,0,0,0,0,0
562.100712,Susceptible,WGS,Good,MLST.ecoli_achtman_4.372,,Norway,,2017.0,1,0,0,0,0,0,0,0,0,0
562.140889,Resistant,WGS,Good,MLST.ecoli_achtman_4.131,PRJNA530794,USA,"St. Louis, Missouri",2017.0,1,1,1,1,0,0,0,0,0,1
562.97278,Resistant,WGS,Good,MLST.ecoli_achtman_4.443,,United Kingdom,,,1,1,1,1,0,0,0,0,0,0
562.98650,Susceptible,WGS,Good,MLST.ecoli_achtman_4.73,,Norway,,2009.0,1,0,0,0,0,0,0,0,0,0
562.145414,Susceptible,WGS,Good,MLST.ecoli_achtman_4.155,PRJNA273513,Canada,British Columbia,2006.0,1,0,0,0,0,0,0,0,0,0
562.100053,Susceptible,WGS,Good,MLST.ecoli_achtman_4.73,,Norway,,2015.0,1,0,0,0,0,0,0,0,0,0
562.42869,Resistant,WGS,Good,MLST.ecoli_achtman_4.4,PRJNA288601,USA,United States,2013.0,1,1,1,1,0,0,0,0,0,0
562.96491,Resistant,WGS,Good,MLST.ecoli_achtman_4.131,,United Kingdom,,,1,1,1,1,0,0,0,0,0,0
562.144921,Resistant,WGS,Good,MLST.ecoli_achtman_4.405,PRJNA925003,India,Chattisgarh,,1,1,1,1,0,0,0,0,0,0
562.99116,Susceptible,WGS,Good,MLST.ecoli_achtman_4.73,,Norway,,2011.0,1,0,0,0,0,0,0,0,0,0
562.98323,Susceptible,WGS,Good,MLST.ecoli_achtman_4.405,,Norway,,2006.0,1,0,0,0,0,0,0,0,0,0
562.58651,Resistant,WGS,Good,MLST.ecoli_achtman_4.1193,,USA,,,1,1,1,1,0,0,0,0,0,0
562.99792,Susceptible,WGS,Good,MLST.ecoli_achtman_4.73,,Norway,,2014.0,1,0,0,0,0,0,0,0,0,0
562.145430,Susceptible,WGS,Good,MLST.ecoli_achtman_4.155,PRJNA273513,Canada,British Columbia,2006.0,1,0,0,0,0,0,0,0,0,0
562.42813,Resistant,WGS,Good,MLST.ecoli_achtman_4.131,PRJNA278886,USA,USA:Boston,2014.0,1,1,1,1,0,0,0,0,0,1
562.98871,Susceptible,WGS,Good,MLST.ecoli_achtman_4.95,,Norway,,2010.0,1,0,0,0,0,0,0,0,0,0
562.96727,Resistant,WGS,Good,MLST.ecoli_achtman_4.131,,United Kingdom,,,1,1,1,1,0,0,0,0,0,1
562.100321,Susceptible,WGS,Good,MLST.ecoli_achtman_4.69,,Norway,,2016.0,1,0,0,0,0,0,0,0,0,0
562.42762,Resistant,WGS,Good,MLST.ecoli_achtman_4.131,PRJNA292904,,,,1,1,1,1,0,0,0,0,0,0
562.97284,Resistant,WGS,Good,MLST.ecoli_achtman_4.443,,United Kingdom,,,1,1,1,1,0,0,0,0,0,0
562.57083,Resistant,WGS,Good,MLST.ecoli_achtman_4.209,,,,2008.0,1,1,1,1,0,0,0,0,0,0
562.42677,Resistant,WGS,Good,MLST.ecoli_achtman_4.167,PRJNA278886,USA,USA:Boston,2016.0,1,1,1,1,0,0,0,0,0,1
562.99455,Susceptible,WGS,Good,MLST.ecoli_achtman_4.491,,Norway,,2012.0,1,0,0,0,0,0,0,0,0,0
562.97387,Susceptible,WGS,Good,MLST.ecoli_achtman_4.635,,United Kingdom,,,1,0,0,0,0,0,0,0,0,0
562.97408,Susceptible,WGS,Good,MLST.ecoli_achtman_4.4087,,United Kingdom,,,1,0,0,0,0,0,0,0,0,0
562.98602,Susceptible,WGS,Good,MLST.ecoli_achtman_4.73,,Norway,,2008.0,1,0,0,0,0,0,0,0,0,0
562.19090,Resistant,WGS,Good,MLST.ecoli_achtman_4.533,PRJNA394656,Spain,Spain:Lerida,2015.0,1,0,0,0,0,0,0,0,0,0
562.100128,Susceptible,WGS,Good,MLST.ecoli_achtman_4.104,,Norway,,2015.0,1,0,0,0,0,0,0,0,0,0
562.100110,Susceptible,WGS,Good,MLST.ecoli_achtman_4.88,,Norway,,2015.0,1,0,0,0,0,0,0,0,0,0
562.98238,Susceptible,WGS,Good,MLST.ecoli_achtman_4.88,,Norway,,2006.0,1,0,0,0,0,0,0,0,0,0
562.97828,Susceptible,WGS,Good,MLST.ecoli_achtman_4.73,,Norway,,2002.0,1,0,0,0,0,0,0,0,0,0
562.57086,Susceptible,WGS,Good,MLST.ecoli_achtman_4.12,,,,2008.0,1,0,0,0,0,0,0,0,0,0
562.100769,Susceptible,WGS,Good,MLST.ecoli_achtman_4.6767,,Norway,,2017.0,1,0,0,0,0,0,0,0,0,0
562.96739,Resistant,WGS,Good,MLST.ecoli_achtman_4.448,,United Kingdom,,,1,1,1,1,0,0,0,0,0,0
562.140877,Resistant,WGS,Good,MLST.ecoli_achtman_4.405,PRJNA530794,USA,"St. Louis, Missouri",2017.0,1,1,1,1,0,0,0,0,0,0
562.99615,Susceptible,WGS,Good,MLST.ecoli_achtman_4.95,,Norway,,2013.0,1,0,0,0,0,0,0,0,0,0
562.97048,Susceptible,WGS,Good,MLST.ecoli_achtman_4.2967,,United Kingdom,,,1,0,0,0,0,0,0,0,0,0
562.100432,Susceptible,WGS,Good,MLST.ecoli_achtman_4.69,,Norway,,2016.0,1,0,0,0,0,0,0,0,0,0
562.12959,Resistant,WGS,Good,MLST.ecoli_achtman_4.131,PRJNA292901,,,,1,1,1,1,0,0,0,0,0,1
562.98633,Susceptible,WGS,Good,MLST.ecoli_achtman_4.10402,,Norway,,2008.0,1,0,0,0,0,0,0,0,0,0
562.22581,Susceptible,WGS,Good,MLST.ecoli_achtman_4.73,PRJEB4681,United Kingdom,,2009.0,0,0,0,0,0,0,0,0,0,0
562.58632,Resistant,WGS,Good,MLST.ecoli_achtman_4.131,,Pakistan,,,1,1,1,1,0,0,0,0,0,1
562.57444,Resistant,WGS,Good,MLST.ecoli_achtman_4.405,,Thailand,,2015.0,1,1,1,1,0,0,0,0,0,1
562.140883,Resistant,WGS,Good,MLST.ecoli_achtman_4.131,PRJNA530794,USA,"St. Louis, Missouri",2017.0,1,1,1,1,0,0,0,0,0,1
562.100849,Susceptible,WGS,Good,MLST.ecoli_achtman_4.144,,Norway,,2017.0,1,0,0,0,0,0,0,0,0,0
562.98267,Susceptible,WGS,Good,MLST.ecoli_achtman_4.1057,,Norway,,2006.0,1,0,0,0,0,0,0,0,0,0
562.97360,Resistant,WGS,Good,MLST.ecoli_achtman_4.1193,,United Kingdom,,,1,1,1,1,0,0,0,0,0,0
562.19633,Resistant,Complete,Good,MLST.ecoli_achtman_4.101,PRJNA292902,,,,1,0,0,0,0,0,0,0,0,0
562.99614,Susceptible,WGS,Good,MLST.ecoli_achtman_4.69,,Norway,,2013.0,1,1,1,0,0,0,0,0,0,0
562.96867,Susceptible,WGS,Good,MLST.ecoli_achtman_4.155,,United Kingdom,,,1,0,0,0,0,0,0,0,0,0
562.99926,Susceptible,WGS,Good,MLST.ecoli_achtman_4.405,,Norway,,2014.0,1,0,0,0,0,0,0,0,0,0
562.98920,Susceptible,WGS,Good,MLST.ecoli_achtman_4.10271,,Norway,,2010.0,1,0,0,0,0,0,0,0,0,0
562.99681,Resistant,WGS,Good,MLST.ecoli_achtman_4.131,,Norway,,2013.0,1,1,1,1,0,0,0,0,0,0
562.99043,Susceptible,WGS,Good,MLST.ecoli_achtman_4.7427,,Norway,,2011.0,1,0,0,0,0,0,0,0,0,0
562.99262,Susceptible,WGS,Good,MLST.ecoli_achtman_4.10,,Norway,,2012.0,1,0,0,0,0,0,0,0,0,0
562.58732,Resistant,WGS,Good,MLST.ecoli_achtman_4.4096,,Italy,,2015.0,1,1,1,0,0,0,0,0,0,0
562.42811,Susceptible,WGS,Good,MLST.ecoli_achtman_4.485,PRJNA278886,USA,USA:Boston,2014.0,1,1,1,0,0,0,0,0,0,0
562.100489,Susceptible,WGS,Good,MLST.ecoli_achtman_4.1706,,Norway,,2016.0,1,0,0,0,0,0,0,0,0,0
562.100717,Susceptible,WGS,Good,MLST.ecoli_achtman_4.73,,Norway,,2017.0,1,0,0,0,0,0,0,0,0,0
562.97908,Susceptible,WGS,Good,MLST.ecoli_achtman_4.131,,Norway,,2003.0,1,0,0,0,0,0,0,0,0,0
562.42803,Resistant,WGS,Good,MLST.ecoli_achtman_4.131,PRJNA278886,USA,USA:Boston,2014.0,1,1,1,1,0,0,0,0,0,1
562.140870,Resistant,WGS,Good,MLST.ecoli_achtman_4.131,PRJNA530794,USA,"St. Louis, Missouri",2017.0,1,1,1,1,0,0,0,0,0,1
562.59219,Resistant,WGS,Good,MLST.ecoli_achtman_4.131,PRJEB36565,Rwanda,Rwanda,2014.0,1,1,1,1,0,0,0,0,0,1
562.96676,Susceptible,WGS,Good,MLST.ecoli_achtman_4.155,,United Kingdom,,,1,0,0,0,0,0,0,0,0,0
562.65815,Resistant,WGS,Good,MLST.ecoli_achtman_4.410,,Germany,Bavaria,,1,1,1,1,0,0,0,0,0,0
562.99447,Susceptible,WGS,Good,MLST.ecoli_achtman_4.91,,Norway,,2012.0,1,0,0,0,0,0,0,0,0,0
562.57446,Resistant,WGS,Good,MLST.ecoli_achtman_4.88,,Thailand,,2015.0,1,1,1,0,0,0,1,0,0,0
562.99471,Susceptible,WGS,Good,MLST.ecoli_achtman_4.135,,Norway,,2012.0,1,0,0,0,0,0,0,0,0,0
562.97931,Resistant,WGS,Good,MLST.ecoli_achtman_4.393,,Norway,,2003.0,1,1,1,1,0,0,0,0,0,0
562.99427,Susceptible,WGS,Good,MLST.ecoli_achtman_4.10,,Norway,,2012.0,1,0,0,0,0,0,0,0,0,0
562.98761,Susceptible,WGS,Good,MLST.ecoli_achtman_4.95,,Norway,,2009.0,1,0,0,0,0,0,0,0,0,0
562.98988,Susceptible,WGS,Good,MLST.ecoli_achtman_4.372,,Norway,,2010.0,1,0,0,0,0,0,0,0,0,0
562.57461,Resistant,WGS,Good,MLST.ecoli_achtman_4.1585,,Thailand,,2015.0,1,0,0,0,0,0,1,0,0,0
562.99704,Susceptible,WGS,Good,MLST.ecoli_achtman_4.12,,Norway,,2013.0,1,0,0,0,0,0,0,0,0,0
562.42686,Resistant,WGS,Good,MLST.ecoli_achtman_4.167,PRJNA296771,USA,USA: New York,,1,1,1,1,0,0,1,0,0,0
562.98095,Susceptible,WGS,Good,MLST.ecoli_achtman_4.1643,,Norway,,2005.0,1,0,0,0,0,0,0,0,0,0
562.144996,Susceptible,WGS,Good,MLST.ecoli_achtman_4.20,PRJEB54735,Portugal,,2020.0,1,0,0,0,0,0,0,0,0,0
562.22512,Susceptible,WGS,Good,MLST.ecoli_achtman_4.404,PRJEB4681,United Kingdom,,2008.0,0,0,0,0,0,0,0,0,0,0
562.28563,Resistant,Complete,Good,MLST.ecoli_achtman_4.156,PRJNA316321,,,,1,1,1,1,0,0,0,0,0,0
562.97768,Susceptible,WGS,Good,MLST.ecoli_achtman_4.127,,Norway,,2002.0,1,0,0,0,0,0,0,0,0,0
562.96811,Susceptible,WGS,Good,MLST.ecoli_achtman_4.73,,United Kingdom,,,1,0,0,0,0,0,0,0,0,0
562.57478,Resistant,WGS,Good,MLST.ecoli_achtman_4.354,,Thailand,,2015.0,1,1,1,1,0,0,0,0,0,0
562.97297,Resistant,WGS,Good,MLST.ecoli_achtman_4.131,,United Kingdom,,,1,1,1,1,0,0,0,0,0,0
562.99975,Susceptible,WGS,Good,MLST.ecoli_achtman_4.59,,Norway,,2014.0,1,0,0,0,0,0,0,0,0,0
562.57411,Susceptible,WGS,Good,MLST.ecoli_achtman_4.2165,,Thailand,,2015.0,1,0,0,0,0,0,1,0,0,0
562.140824,Resistant,WGS,Good,MLST.ecoli_achtman_4.131,PRJNA530794,USA,"St. Louis, Missouri",2017.0,1,1,1,1,0,0,0,0,0,0
562.28838,Resistant,WGS,Good,MLST.ecoli_achtman_4.131,PRJEB23541,Tanzania,Moshi,2014.0,1,1,1,1,0,0,0,0,0,1
562.58707,Resistant,WGS,Good,MLST.ecoli_achtman_4.345,,Italy,,2014.0,1,1,1,1,0,0,0,0,0,0
562.96517,Resistant,WGS,Good,MLST.ecoli_achtman_4.131,,United Kingdom,,,1,1,1,1,0,0,0,0,0,0
562.98506,Susceptible,WGS,Good,MLST.ecoli_achtman_4.393,,Norway,,2008.0,1,0,0,1,0,0,0,0,0,0
562.97035,Susceptible,WGS,Good,MLST.ecoli_achtman_4.2598,,United Kingdom,,,1,0,0,0,0,0,0,0,0,0
562.42829,Resistant,WGS,Good,MLST.ecoli_achtman_4.131,PRJNA288601,USA,United States,2014.0,1,1,1,1,0,0,0,0,0,0
562.144984,Susceptible,WGS,Good,MLST.ecoli_achtman_4.13,PRJEB54735,Portugal,,2020.0,1,0,0,0,0,0,0,0,0,0
562.99108,Resistant,WGS,Good,MLST.ecoli_achtman_4.393,,Norway,,2011.0,1,1,1,1,0,0,0,0,0,0
562.99397,Susceptible,WGS,Good,MLST.ecoli_achtman_4.69,,Norway,,2012.0,1,0,0,0,0,0,0,0,0,0
562.100933,Susceptible,WGS,Good,MLST.ecoli_achtman_4.127,,Norway,,2017.0,1,0,0,0,0,0,0,0,0,0
562.96565,Susceptible,WGS,Good,MLST.ecoli_achtman_4.641,,United Kingdom,,,1,0,0,0,0,0,0,0,0,0
562.98551,Susceptible,WGS,Good,MLST.ecoli_achtman_4.101,,Norway,,2008.0,1,0,0,0,0,0,0,0,0,0
562.98811,Susceptible,WGS,Good,MLST.ecoli_achtman_4.88,,Norway,,2009.0,1,0,0,0,0,0,0,0,0,0
562.100501,Susceptible,WGS,Good,MLST.ecoli_achtman_4.131,,Norway,,2016.0,1,0,0,0,0,0,0,0,0,0
562.98178,Susceptible,WGS,Good,MLST.ecoli_achtman_4.399,,Norway,,2005.0,1,0,0,0,0,0,0,0,0,0
562.98892,Susceptible,WGS,Good,MLST.ecoli_achtman_4.69,,Norway,,2010.0,1,1,1,0,0,0,0,0,0,0
562.97144,Susceptible,WGS,Good,MLST.ecoli_achtman_4.69,,United Kingdom,,,1,0,0,0,0,0,0,0,0,0
562.98061,Susceptible,WGS,Good,MLST.ecoli_achtman_4.80,,Norway,,2004.0,1,0,0,0,0,0,0,0,0,0
562.100935,Susceptible,WGS,Good,MLST.ecoli_achtman_4.95,,Norway,,2017.0,1,0,0,0,0,1,0,0,0,0
562.97367,Susceptible,WGS,Good,MLST.ecoli_achtman_4.58,,United Kingdom,,,1,0,0,0,0,0,0,0,0,0
562.99245,Susceptible,WGS,Good,MLST.ecoli_achtman_4.131,,Norway,,2012.0,1,1,1,0,0,0,0,0,0,0
562.96423,Resistant,WGS,Good,MLST.ecoli_achtman_4.443,,United Kingdom,,,1,1,1,1,0,0,0,0,0,0
562.98975,Susceptible,WGS,Good,MLST.ecoli_achtman_4.69,,Norway,,2010.0,1,0,0,0,0,0,0,0,0,0
562.100566,Susceptible,WGS,Good,MLST.ecoli_achtman_4.91,,Norway,,2016.0,1,0,0,0,0,0,0,0,0,0
562.98657,Susceptible,WGS,Good,MLST.ecoli_achtman_4.409,,Norway,,2009.0,1,0,0,0,0,0,0,0,0,0
562.100117,Resistant,WGS,Good,MLST.ecoli_achtman_4.1193,,Norway,,2015.0,1,1,1,1,0,0,0,0,0,0
562.100270,Susceptible,WGS,Good,MLST.ecoli_achtman_4.95,,Norway,,2015.0,1,0,0,0,0,0,0,0,0,0
562.22591,Susceptible,WGS,Good,MLST.ecoli_achtman_4.2067,PRJEB4681,United Kingdom,,2009.0,0,0,0,0,0,0,0,0,0,0
562.57435,Susceptible,WGS,Good,MLST.ecoli_achtman_4.847,,Thailand,,2015.0,1,0,0,0,0,0,0,0,0,0
562.96497,Susceptible,WGS,Good,MLST.ecoli_achtman_4.73,,United Kingdom,,,1,0,0,0,0,0,0,0,0,0
562.99661,Susceptible,WGS,Good,MLST.ecoli_achtman_4.62,,Norway,,2013.0,1,1,1,0,0,0,0,0,0,0
562.42707,Susceptible,WGS,Good,MLST.ecoli_achtman_4.58,PRJNA278886,USA,USA:Boston,2016.0,1,0,0,0,0,0,0,0,0,0
562.99284,Susceptible,WGS,Good,MLST.ecoli_achtman_4.88,,Norway,,2012.0,1,0,0,0,0,0,0,0,0,0
562.98829,Susceptible,WGS,Good,MLST.ecoli_achtman_4.95,,Norway,,2009.0,1,0,0,0,0,0,0,0,0,0
562.98790,Susceptible,WGS,Good,MLST.ecoli_achtman_4.399,,Norway,,2009.0,1,0,0,0,0,0,0,0,0,0
562.98367,Susceptible,WGS,Good,MLST.ecoli_achtman_4.73,,Norway,,2007.0,1,0,0,0,0,0,0,0,0,0
562.97500,Resistant,WGS,Good,MLST.ecoli_achtman_4.131,,United Kingdom,,,1,1,1,1,0,0,0,0,0,0
562.99000,Susceptible,WGS,Good,MLST.ecoli_achtman_4.69,,Norway,,2010.0,1,0,0,0,0,0,0,0,0,0
562.99555,Susceptible,WGS,Good,MLST.ecoli_achtman_4.131,,Norway,,2013.0,1,0,0,0,0,0,0,0,0,0
562.100709,Susceptible,WGS,Good,MLST.ecoli_achtman_4.681,,Norway,,2017.0,1,0,0,0,0,0,0,0,0,0
562.57271,Resistant,WGS,Good,MLST.ecoli_achtman_4.648,,,,2009.0,1,1,1,1,0,0,0,0,0,1
562.144932,Resistant,WGS,Good,MLST.ecoli_achtman_4.2083,PRJNA925003,India,Chattisgarh,,1,1,1,1,0,0,0,0,0,1
562.97454,Susceptible,WGS,Good,MLST.ecoli_achtman_4.131,,United Kingdom,,,1,0,0,0,0,0,0,0,0,0
562.96934,Resistant,WGS,Good,MLST.ecoli_achtman_4.648,,United Kingdom,,,1,1,1,1,0,0,0,0,0,0
562.100799,Susceptible,WGS,Good,MLST.ecoli_achtman_4.73,,Norway,,2017.0,1,0,0,0,0,0,0,0,0,0
562.97003,Susceptible,WGS,Good,MLST.ecoli_achtman_4.88,,United Kingdom,,,1,0,0,0,0,0,0,0,0,0
562.99247,Susceptible,WGS,Good,MLST.ecoli_achtman_4.10415,,Norway,,2011.0,1,0,0,0,0,0,0,0,0,0
562.100429,Resistant,WGS,Good,MLST.ecoli_achtman_4.131,,Norway,,2016.0,1,1,1,1,0,0,0,0,0,0
562.100909,Susceptible,WGS,Good,MLST.ecoli_achtman_4.69,,Norway,,2017.0,1,0,0,0,0,0,0,0,0,0
562.57398,Resistant,WGS,Good,MLST.ecoli_achtman_4.44,,Thailand,,2015.0,1,1,1,1,0,0,0,0,0,0
562.100406,Susceptible,WGS,Good,MLST.ecoli_achtman_4.12,,Norway,,2016.0,1,0,0,0,0,0,0,0,0,0
562.96911,Susceptible,WGS,Good,MLST.ecoli_achtman_4.155,,United Kingdom,,,1,0,0,0,0,0,0,0,0,0
562.144993,Susceptible,WGS,Good,MLST.ecoli_achtman_4.655,PRJEB54735,Portugal,,2020.0,1,0,0,0,0,0,0,0,0,0
562.57117,Susceptible,WGS,Good,MLST.ecoli_achtman_4.69,,,,2017.0,1,1,1,1,0,0,0,0,0,0
562.99203,Susceptible,WGS,Good,MLST.ecoli_achtman_4.95,,Norway,,2011.0,1,0,0,0,0,0,0,0,0,0
562.96564,Susceptible,WGS,Good,MLST.ecoli_achtman_4.641,,United Kingdom,,,1,0,0,0,0,0,0,0,0,0
562.59228,Resistant,WGS,Good,MLST.ecoli_achtman_4.167,PRJEB36565,Rwanda,Rwanda,2014.0,1,1,1,1,0,0,0,0,0,1
562.96808,Susceptible,WGS,Good,MLST.ecoli_achtman_4.141,,United Kingdom,,,1,0,0,0,0,0,0,0,0,0
562.98066,Susceptible,WGS,Good,MLST.ecoli_achtman_4.31,,Norway,,2004.0,1,0,0,1,0,0,0,0,0,0
562.100026,Susceptible,WGS,Good,MLST.ecoli_achtman_4.372,,Norway,,2015.0,1,0,0,0,0,0,0,0,0,0
562.22626,Resistant,WGS,Good,MLST.ecoli_achtman_4.131,PRJEB4681,United Kingdom,,2010.0,1,1,1,1,0,0,0,0,0,0
562.98736,Susceptible,WGS,Good,MLST.ecoli_achtman_4.131,,Norway,,2009.0,1,0,0,0,0,0,0,0,0,0
562.98137,Susceptible,WGS,Good,MLST.ecoli_achtman_4.95,,Norway,,2005.0,1,0,0,0,0,0,0,0,0,0
562.97189,Susceptible,WGS,Good,MLST.ecoli_achtman_4.95,,United Kingdom,,,1,0,0,0,0,0,0,0,0,0
562.22653,Susceptible,WGS,Good,MLST.ecoli_achtman_4.46,PRJEB4681,United Kingdom,,2010.0,0,0,0,0,0,0,0,0,0,0
562.99700,Susceptible,WGS,Good,MLST.ecoli_achtman_4.59,,Norway,,2013.0,1,0,0,0,0,0,0,0,0,0
562.22542,Susceptible,WGS,Good,MLST.ecoli_achtman_4.101,PRJEB4681,United Kingdom,,2009.0,0,0,0,0,0,0,0,0,0,0
562.57176,Susceptible,WGS,Good,MLST.ecoli_achtman_4.10,,,,,1,0,0,0,0,1,0,0,0,0
562.97288,Resistant,WGS,Good,MLST.ecoli_achtman_4.131,,United Kingdom,,,1,1,1,1,0,0,0,0,0,1
562.22761,Resistant,WGS,Good,MLST.ecoli_achtman_4.12,PRJEB4681,United Kingdom,,2012.0,0,0,0,0,0,0,0,0,0,0
562.99986,Susceptible,WGS,Good,MLST.ecoli_achtman_4.69,,Norway,,2014.0,1,0,0,0,0,0,0,0,0,0
562.99977,Susceptible,WGS,Good,MLST.ecoli_achtman_4.58,,Norway,,2014.0,1,0,0,0,0,0,0,0,0,0
562.100459,Susceptible,WGS,Good,MLST.ecoli_achtman_4.141,,Norway,,2016.0,1,0,0,0,0,0,0,0,0,0
562.97478,Resistant,WGS,Good,MLST.ecoli_achtman_4.162,,United Kingdom,,,1,1,1,1,0,0,0,0,0,0
562.97948,Susceptible,WGS,Good,MLST.ecoli_achtman_4.393,,Norway,,2004.0,1,0,0,1,0,0,0,0,0,0
562.100564,Susceptible,WGS,Good,MLST.ecoli_achtman_4.88,,Norway,,2016.0,1,0,0,0,0,0,0,0,0,0
562.99790,Susceptible,WGS,Good,MLST.ecoli_achtman_4.95,,Norway,,2014.0,1,0,0,0,0,0,0,0,0,0
562.97386,Susceptible,WGS,Good,MLST.ecoli_achtman_4.635,,United Kingdom,,,1,0,0,0,0,0,0,0,0,0
562.22664,Susceptible,WGS,Good,MLST.ecoli_achtman_4.646,PRJEB4681,United Kingdom,,2010.0,0,0,0,0,0,0,0,0,0,0
562.99289,Susceptible,WGS,Good,MLST.ecoli_achtman_4.95,,Norway,,2012.0,1,1,1,0,0,0,0,0,0,0
562.23854,Susceptible,WGS,Good,MLST.ecoli_achtman_4.69,PRJEB4681,United Kingdom,,2010.0,0,0,0,0,0,0,0,0,0,0
562.22877,Susceptible,WGS,Good,MLST.ecoli_achtman_4.73,PRJEB4681,United Kingdom,,2012.0,0,0,0,0,0,0,0,0,0,0
562.98499,Susceptible,WGS,Good,MLST.ecoli_achtman_4.73,,Norway,,2008.0,1,0,0,0,0,0,0,0,0,0
562.42698,Resistant,WGS,Good,MLST.ecoli_achtman_4.131,PRJNA278886,USA,USA:Boston,2016.0,1,1,1,1,0,0,0,0,0,1
562.97191,Susceptible,WGS,Good,MLST.ecoli_achtman_4.95,,United Kingdom,,,1,0,0,0,0,0,0,0,0,0
562.99702,Resistant,WGS,Good,MLST.ecoli_achtman_4.131,,Norway,,2013.0,1,1,1,1,0,0,0,0,0,0
562.99976,Resistant,WGS,Good,MLST.ecoli_achtman_4.131,,Norway,,2014.0,1,1,1,0,0,0,0,0,0,0
562.22555,Susceptible,WGS,Good,MLST.ecoli_achtman_4.131,PRJEB4681,United Kingdom,,2009.0,0,0,0,0,0,0,0,0,0,0
562.97404,Susceptible,WGS,Good,MLST.ecoli_achtman_4.216,,United Kingdom,,,1,0,0,0,0,0,0,0,0,0
562.99012,Susceptible,WGS,Good,MLST.ecoli_achtman_4.421,,Norway,,2010.0,1,0,0,0,0,0,0,0,0,0
562.100481,Susceptible,WGS,Good,MLST.ecoli_achtman_4.4358,,Norway,,2016.0,1,0,0,0,0,0,0,0,0,0
562.96864,Susceptible,WGS,Good,MLST.ecoli_achtman_4.349,,United Kingdom,,,1,0,0,0,0,0,0,0,0,0
562.33280,Susceptible,WGS,Good,MLST.ecoli_achtman_4.973,PRJNA316321,,,,1,0,0,0,0,0,0,0,0,0
562.97220,Susceptible,WGS,Good,MLST.ecoli_achtman_4.7095,,United Kingdom,,,1,1,1,0,0,0,0,0,0,0
562.100703,Susceptible,WGS,Good,MLST.ecoli_achtman_4.398,,Norway,,2017.0,1,0,0,0,0,0,1,0,0,0
562.145044,Susceptible,WGS,Good,MLST.ecoli_achtman_4.388,PRJEB54735,Portugal,,2020.0,1,0,0,0,0,0,0,0,0,0
562.42801,Resistant,WGS,Good,MLST.ecoli_achtman_4.131,PRJNA278886,USA,USA:Boston,2014.0,1,1,1,1,0,0,0,0,0,1
562.97123,Resistant,WGS,Good,MLST.ecoli_achtman_4.354,,United Kingdom,,,1,1,1,1,0,0,0,0,0,0
562.98251,Susceptible,WGS,Good,MLST.ecoli_achtman_4.131,,Norway,,2006.0,1,0,0,0,0,0,0,0,0,0
562.99190,Susceptible,WGS,Good,MLST.ecoli_achtman_4.640,,Norway,,2011.0,1,0,0,0,0,0,0,0,0,0
562.100665,Resistant,WGS,Good,MLST.ecoli_achtman_4.131,,Norway,,2017.0,1,1,1,1,0,0,0,0,0,0
562.97322,Resistant,WGS,Good,MLST.ecoli_achtman_4.59,,United Kingdom,,,1,1,1,1,0,0,0,0,0,0
562.100506,Resistant,WGS,Good,MLST.ecoli_achtman_4.393,,Norway,,2016.0,1,1,1,1,0,0,0,0,0,0
562.96674,Resistant,WGS,Good,MLST.ecoli_achtman_4.131,,United Kingdom,,,1,1,1,1,0,0,0,0,0,0
562.145407,Susceptible,WGS,Good,MLST.ecoli_achtman_4.57,PRJNA273513,Canada,British Columbia,2006.0,1,1,1,0,0,0,0,0,0,0
562.96512,Resistant,WGS,Good,MLST.ecoli_achtman_4.131,,United Kingdom,,,1,1,1,1,0,0,0,0,0,0
562.97152,Susceptible,WGS,Good,MLST.ecoli_achtman_4.58,,United Kingdom,,,1,0,0,0,0,0,0,0,0,0
562.99324,Susceptible,WGS,Good,MLST.ecoli_achtman_4.131,,Norway,,2012.0,1,0,0,0,0,0,0,0,0,0
562.96713,Resistant,WGS,Good,MLST.ecoli_achtman_4.1193,,United Kingdom,,,1,1,1,1,0,0,0,0,0,0
562.144985,Susceptible,WGS,Good,MLST.ecoli_achtman_4.793,PRJEB54735,Portugal,,2021.0,1,0,0,1,0,0,0,0,0,0
562.100017,Susceptible,WGS,Good,MLST.ecoli_achtman_4.1861,,Norway,,2015.0,1,0,0,0,0,0,0,0,0,0
562.96883,Susceptible,WGS,Good,MLST.ecoli_achtman_4.7102,,United Kingdom,,,1,0,0,0,0,0,0,0,0,0
562.98048,Susceptible,WGS,Good,MLST.ecoli_achtman_4.3672,,Norway,,2004.0,1,0,0,0,0,0,0,0,0,0
562.98801,Susceptible,WGS,Good,MLST.ecoli_achtman_4.12,,Norway,,2009.0,1,0,0,0,0,0,0,0,0,0
562.96582,Susceptible,WGS,Good,MLST.ecoli_achtman_4.4959,,United Kingdom,,,1,0,0,0,0,0,0,0,0,0
562.42679,Resistant,WGS,Good,MLST.ecoli_achtman_4.405,PRJNA278886,USA,USA:Boston,2015.0,1,1,1,1,0,0,1,0,0,1
562.58633,Resistant,WGS,Good,MLST.ecoli_achtman_4.131,,Pakistan,,,1,1,1,1,0,0,0,0,0,0
562.97046,Susceptible,WGS,Good,MLST.ecoli_achtman_4.2967,,United Kingdom,,,1,0,0,0,0,0,0,0,0,0
562.100181,Susceptible,WGS,Good,MLST.ecoli_achtman_4.127,,Norway,,2015.0,1,0,0,0,0,0,0,0,0,0
562.98912,Susceptible,WGS,Good,MLST.ecoli_achtman_4.88,,Norway,,2010.0,1,0,0,0,0,0,0,0,0,0
562.97333,Resistant,WGS,Good,MLST.ecoli_achtman_4.69,,United Kingdom,,,1,1,1,1,0,0,0,0,0,0
562.22658,Susceptible,WGS,Good,MLST.ecoli_achtman_4.141,PRJEB4681,United Kingdom,,2010.0,0,0,0,0,0,0,0,0,0,0
562.96862,Resistant,WGS,Good,MLST.ecoli_achtman_4.1723,,United Kingdom,,,1,1,1,1,0,0,0,0,0,0
562.22461,Susceptible,WGS,Good,MLST.ecoli_achtman_4.69,PRJEB4681,United Kingdom,,2007.0,0,0,0,0,0,0,0,0,0,0
562.100212,Susceptible,WGS,Good,MLST.ecoli_achtman_4.69,,Norway,,2015.0,1,0,0,0,0,0,0,0,0,0
562.99476,Susceptible,WGS,Good,MLST.ecoli_achtman_4.28,,Norway,,2012.0,1,0,0,0,0,0,0,0,0,0
562.100927,Susceptible,WGS,Good,MLST.ecoli_achtman_4.141,,Norway,,2017.0,1,0,0,0,0,0,0,0,0,0
562.98696,Susceptible,WGS,Good,MLST.ecoli_achtman_4.73,,Norway,,2009.0,1,0,0,0,0,0,0,0,0,0
562.97805,Susceptible,WGS,Good,MLST.ecoli_achtman_4.69,,Norway,,2002.0,1,0,0,0,0,0,0,0,0,0
562.98098,Susceptible,WGS,Good,MLST.ecoli_achtman_4.968,,Norway,,2005.0,1,0,0,0,0,0,0,0,0,0
562.45592,Resistant,WGS,Good,MLST.ecoli_achtman_4.117,PRJNA522294,Pakistan,Pakistan:Sindh,2016.0,1,1,1,1,0,0,0,0,0,0
562.99051,Susceptible,WGS,Good,MLST.ecoli_achtman_4.95,,Norway,,2011.0,1,0,0,0,0,0,0,0,0,0
562.34089,Susceptible,Complete,Good,MLST.ecoli_achtman_4.131,PRJNA292904,,,,1,0,0,0,0,0,0,0,0,0
562.100922,Susceptible,WGS,Good,MLST.ecoli_achtman_4.141,,Norway,,2017.0,1,0,0,0,0,0,0,0,0,0
562.98864,Susceptible,WGS,Good,MLST.ecoli_achtman_4.5451,,Norway,,2010.0,1,0,0,0,0,0,0,0,0,0
562.100957,Susceptible,WGS,Good,MLST.ecoli_achtman_4.2531,,Norway,,2017.0,1,0,0,0,0,0,0,0,0,0
562.98155,Susceptible,WGS,Good,MLST.ecoli_achtman_4.127,,Norway,,2005.0,1,0,0,0,0,0,0,0,0,0
562.99580,Susceptible,WGS,Good,MLST.ecoli_achtman_4.69,,Norway,,2013.0,1,0,0,0,0,0,0,0,0,0
562.100257,Susceptible,WGS,Good,MLST.ecoli_achtman_4.141,,Norway,,2015.0,1,0,0,0,0,0,0,0,0,0
562.99189,Susceptible,WGS,Good,MLST.ecoli_achtman_4.131,,Norway,,2011.0,1,0,0,0,0,0,0,0,0,0
562.96955,Susceptible,WGS,Good,MLST.ecoli_achtman_4.3877,,United Kingdom,,,1,0,0,0,0,0,0,0,0,0
562.96685,Susceptible,WGS,Good,MLST.ecoli_achtman_4.428,,United Kingdom,,,1,1,1,0,0,0,0,0,0,0
562.99701,Resistant,WGS,Good,MLST.ecoli_achtman_4.131,,Norway,,2013.0,1,1,1,1,0,0,0,0,0,1
562.31454,Susceptible,WGS,Good,MLST.ecoli_achtman_4.942,PRJEB23541,Tanzania,Moshi,2013.0,0,0,0,0,0,0,0,0,0,0
562.57331,Susceptible,WGS,Good,MLST.ecoli_achtman_4.73,,,,2017.0,1,0,0,0,0,0,0,0,0,0
562.57288,Susceptible,WGS,Good,MLST.ecoli_achtman_4.38,,,,2009.0,1,1,1,1,0,0,0,0,0,0
562.98387,Susceptible,WGS,Good,MLST.ecoli_achtman_4.636,,Norway,,2007.0,1,1,1,0,0,0,0,0,0,0
562.99946,Resistant,WGS,Good,MLST.ecoli_achtman_4.131,,Norway,,2014.0,1,1,1,1,0,0,0,0,0,1
562.99879,Susceptible,WGS,Good,MLST.ecoli_achtman_4.1316,,Norway,,2014.0,1,0,0,0,0,0,0,0,0,0
562.97210,Resistant,WGS,Good,MLST.ecoli_achtman_4.1193,,United Kingdom,,,1,1,1,1,0,0,0,0,0,0
562.22767,Resistant,WGS,Good,MLST.ecoli_achtman_4.95,PRJEB4681,United Kingdom,,2012.0,1,1,1,1,0,0,0,0,0,0
562.97151,Susceptible,WGS,Good,MLST.ecoli_achtman_4.141,,United Kingdom,,,1,0,0,0,0,0,0,0,0,0
562.58624,Resistant,WGS,Good,MLST.ecoli_achtman_4.405,,Pakistan,,,1,1,1,1,0,0,0,0,0,0
562.97468,Resistant,WGS,Good,MLST.ecoli_achtman_4.410,,United Kingdom,,,1,1,1,1,0,0,0,0,0,0
562.42694,Resistant,WGS,Good,MLST.ecoli_achtman_4.131,PRJNA278886,USA,USA:Boston,2016.0,1,1,1,1,0,0,0,0,0,0
562.42856,Susceptible,WGS,Good,MLST.ecoli_achtman_4.131,PRJNA288601,USA,United States,2012.0,1,0,0,0,0,0,0,0,0,0
562.22647,Resistant,WGS,Good,MLST.ecoli_achtman_4.95,PRJEB4681,United Kingdom,,2010.0,1,1,1,1,0,0,0,0,0,0
562.98404,Susceptible,WGS,Good,MLST.ecoli_achtman_4.3246,,Norway,,2007.0,1,0,0,1,0,0,0,0,0,0
562.98460,Susceptible,WGS,Good,MLST.ecoli_achtman_4.144,,Norway,,2007.0,1,0,0,0,0,0,0,0,0,0
562.65804,Resistant,WGS,Good,MLST.ecoli_achtman_4.410,,Germany,North Rhine-Westphalia,,1,1,1,1,0,0,0,0,0,0
562.42734,Resistant,WGS,Good,MLST.ecoli_achtman_4.131,PRJNA278886,USA,USA:Boston,2017.0,1,1,1,1,0,0,0,0,0,1
562.98550,Susceptible,WGS,Good,MLST.ecoli_achtman_4.73,,Norway,,2008.0,1,0,0,0,0,0,0,0,0,0
562.98557,Susceptible,WGS,Good,MLST.ecoli_achtman_4.93,,Norway,,2008.0,1,0,0,0,0,0,0,0,0,0
562.96716,Susceptible,WGS,Good,MLST.ecoli_achtman_4.69,,United Kingdom,,,1,0,0,0,0,0,0,0,0,0
562.96583,Susceptible,WGS,Good,MLST.ecoli_achtman_4.401,,United Kingdom,,,1,0,0,0,0,0,0,0,0,0
562.58705,Resistant,WGS,Good,MLST.ecoli_achtman_4.156,,Italy,,2014.0,1,1,1,1,0,0,0,0,0,0
562.99525,Resistant,WGS,Good,MLST.ecoli_achtman_4.405,,Norway,,2013.0,1,1,1,1,0,0,0,0,0,0
562.99230,Susceptible,WGS,Good,MLST.ecoli_achtman_4.127,,Norway,,2011.0,1,0,0,0,0,0,0,0,0,0
562.100539,Susceptible,WGS,Good,MLST.ecoli_achtman_4.73,,Norway,,2016.0,1,0,0,0,0,0,0,0,0,0
562.100419,Susceptible,WGS,Good,MLST.ecoli_achtman_4.95,,Norway,,2016.0,1,1,1,0,0,0,0,0,0,0
562.98372,Resistant,WGS,Good,MLST.ecoli_achtman_4.131,,Norway,,2007.0,1,1,1,1,0,0,0,0,0,1
562.97080,Susceptible,WGS,Good,MLST.ecoli_achtman_4.635,,United Kingdom,,,1,0,0,0,0,0,0,0,0,0
562.99834,Resistant,WGS,Good,MLST.ecoli_achtman_4.405,,Norway,,2014.0,1,1,1,1,0,0,0,0,0,1
562.45631,Resistant,WGS,Good,MLST.ecoli_achtman_4.746,PRJNA522294,Pakistan,Pakistan:Punjab,2016.0,1,1,1,1,0,0,0,0,0,0
562.100027,Susceptible,WGS,Good,MLST.ecoli_achtman_4.1723,,Norway,,2015.0,1,0,0,0,0,0,0,0,0,0
562.97339,Susceptible,WGS,Good,MLST.ecoli_achtman_4.59,,United Kingdom,,,1,0,0,0,0,0,0,0,0,0
562.97168,Resistant,WGS,Good,MLST.ecoli_achtman_4.443,,United Kingdom,,,1,1,1,1,0,0,0,0,0,0
562.99835,Susceptible,WGS,Good,MLST.ecoli_achtman_4.131,,Norway,,2014.0,1,0,0,0,0,0,0,0,0,0
562.58704,Susceptible,WGS,Good,MLST.ecoli_achtman_4.1266,,Italy,,2014.0,1,0,0,0,0,0,0,0,0,0
562.97107,Susceptible,WGS,Good,MLST.ecoli_achtman_4.10,,United Kingdom,,,1,0,0,0,0,0,0,0,0,0
562.100056,Susceptible,WGS,Good,MLST.ecoli_achtman_4.144,,Norway,,2015.0,1,0,0,0,0,0,0,0,0,0
562.42678,Resistant,WGS,Good,MLST.ecoli_achtman_4.405,PRJNA278886,USA,USA:Boston,2015.0,1,1,1,1,0,0,0,0,0,1
562.99678,Resistant,WGS,Good,MLST.ecoli_achtman_4.453,,Norway,,2013.0,1,1,1,1,0,0,1,0,0,0
562.96993,Resistant,WGS,Good,MLST.ecoli_achtman_4.648,,United Kingdom,,,1,1,1,1,0,0,0,0,0,1
562.57208,Susceptible,WGS,Good,MLST.ecoli_achtman_4.1724,,,,2005.0,1,0,0,0,0,0,0,0,0,0
562.99578,Susceptible,WGS,Good,MLST.ecoli_achtman_4.69,,Norway,,2013.0,1,0,0,0,0,0,0,0,0,0
562.97969,Susceptible,WGS,Good,MLST.ecoli_achtman_4.127,,Norway,,2003.0,1,0,0,0,0,0,0,0,0,0
562.73354,Susceptible,WGS,Good,MLST.ecoli_achtman_4.607,PRJEB34557,Spain,Barcelona,2013.0,1,0,0,0,1,0,0,0,0,0
562.100502,Susceptible,WGS,Good,MLST.ecoli_achtman_4.69,,Norway,,2016.0,1,0,0,0,0,0,0,0,0,0
562.98700,Susceptible,WGS,Good,MLST.ecoli_achtman_4.95,,Norway,,2009.0,1,0,0,0,0,0,0,0,0,0
562.100555,Resistant,WGS,Good,MLST.ecoli_achtman_4.131,,Norway,,2016.0,1,1,1,1,0,0,0,0,0,0
562.99706,Susceptible,WGS,Good,MLST.ecoli_achtman_4.38,,Norway,,2013.0,1,0,0,0,0,0,0,0,0,0
562.99423,Resistant,WGS,Good,MLST.ecoli_achtman_4.354,,Norway,,2012.0,1,1,1,1,0,0,0,0,0,0
562.22733,Resistant,WGS,Good,MLST.ecoli_achtman_4.131,PRJEB4681,United Kingdom,,2011.0,1,1,1,1,0,0,0,0,0,0
562.100131,Susceptible,WGS,Good,MLST.ecoli_achtman_4.421,,Norway,,2015.0,1,0,0,0,0,0,0,0,0,0
562.97060,Resistant,WGS,Good,MLST.ecoli_achtman_4.1196,,United Kingdom,,,1,1,1,1,0,0,0,0,0,0
562.144973,Susceptible,WGS,Good,MLST.ecoli_achtman_4.793,PRJEB54735,Portugal,,2021.0,1,0,0,1,0,0,0,0,0,0
562.145060,Susceptible,WGS,Good,MLST.ecoli_achtman_4.788,PRJEB54735,Portugal,,2020.0,1,0,0,0,0,0,0,0,0,0
562.96802,Susceptible,WGS,Good,MLST.ecoli_achtman_4.73,,United Kingdom,,,1,0,0,0,0,0,0,0,0,0
562.96992,Resistant,WGS,Good,MLST.ecoli_achtman_4.648,,United Kingdom,,,1,1,1,1,0,0,0,0,0,1
562.99852,Susceptible,WGS,Good,MLST.ecoli_achtman_4.69,,Norway,,2014.0,1,0,0,0,0,0,0,0,0,0
562.96893,Susceptible,WGS,Good,MLST.ecoli_achtman_4.88,,United Kingdom,,,1,0,0,0,0,0,0,0,0,0
562.98597,Susceptible,WGS,Good,MLST.ecoli_achtman_4.69,,Norway,,2008.0,1,1,1,1,0,0,0,0,0,0
562.100112,Susceptible,WGS,Good,MLST.ecoli_achtman_4.117,,Norway,,2015.0,1,0,0,0,0,0,0,0,0,0
562.99740,Susceptible,WGS,Good,MLST.ecoli_achtman_4.372,,Norway,,2013.0,1,0,0,0,0,0,0,0,0,0
562.98562,Susceptible,WGS,Good,MLST.ecoli_achtman_4.968,,Norway,,2008.0,1,0,0,0,0,0,0,0,0,0
562.98286,Susceptible,WGS,Good,MLST.ecoli_achtman_4.550,,Norway,,2006.0,1,0,0,0,0,0,0,0,0,0
562.22615,Susceptible,WGS,Good,MLST.ecoli_achtman_4.73,PRJEB4681,United Kingdom,,2010.0,0,0,0,0,0,0,0,0,0,0
562.98373,Susceptible,WGS,Good,MLST.ecoli_achtman_4.73,,Norway,,2007.0,1,0,0,0,0,0,0,0,0,0
562.57253,Resistant,WGS,Good,MLST.ecoli_achtman_4.648,,,,2008.0,1,1,1,1,0,0,0,0,0,0
562.42723,Resistant,WGS,Good,MLST.ecoli_achtman_4.131,PRJNA278886,USA,USA:Boston,2016.0,1,1,1,1,0,0,0,0,0,0
562.98927,Susceptible,WGS,Good,MLST.ecoli_achtman_4.5644,,Norway,,2010.0,1,0,0,0,0,0,0,0,0,0
562.96980,Resistant,WGS,Good,MLST.ecoli_achtman_4.131,,United Kingdom,,,1,1,1,1,0,0,0,0,0,1
562.98705,Susceptible,WGS,Good,MLST.ecoli_achtman_4.5644,,Norway,,2009.0,1,0,0,0,0,0,0,0,0,0
562.100634,Susceptible,WGS,Good,MLST.ecoli_achtman_4.10212,,Norway,,2017.0,1,0,0,0,0,0,0,0,0,0
562.145387,Susceptible,WGS,Good,MLST.ecoli_achtman_4.38,PRJNA273513,Canada,British Columbia,2006.0,1,0,0,0,0,0,0,0,0,0
562.99320,Resistant,WGS,Good,MLST.ecoli_achtman_4.393,,Norway,,2012.0,1,1,1,1,0,0,0,0,0,0
562.98629,Susceptible,WGS,Good,MLST.ecoli_achtman_4.73,,Norway,,2009.0,1,0,0,0,0,0,0,0,0,0
562.42741,Resistant,WGS,Good,MLST.ecoli_achtman_4.1193,PRJNA278886,USA,USA:Boston,2017.0,1,1,1,1,0,1,0,0,0,1
562.99156,Resistant,WGS,Good,MLST.ecoli_achtman_4.23,,Norway,,2011.0,1,0,0,0,0,0,0,0,0,0
562.99115,Susceptible,WGS,Good,MLST.ecoli_achtman_4.80,,Norway,,2011.0,1,0,0,0,0,0,0,0,0,0
562.99019,Susceptible,WGS,Good,MLST.ecoli_achtman_4.127,,Norway,,2010.0,1,0,0,0,0,0,0,0,0,0
562.96821,Susceptible,WGS,Good,MLST.ecoli_achtman_4.38,,United Kingdom,,,1,1,1,0,0,0,0,0,0,0
562.98057,Susceptible,WGS,Good,MLST.ecoli_achtman_4.73,,Norway,,2004.0,1,0,0,0,0,0,0,0,0,0
562.98600,Susceptible,WGS,Good,MLST.ecoli_achtman_4.73,,Norway,,2008.0,1,0,0,0,0,0,0,0,0,0
562.100274,Susceptible,WGS,Good,MLST.ecoli_achtman_4.567,,Norway,,2015.0,1,0,0,0,0,0,0,0,0,0
562.98869,Susceptible,WGS,Good,MLST.ecoli_achtman_4.127,,Norway,,2010.0,1,0,0,0,0,0,0,0,0,0
562.97393,Resistant,WGS,Good,MLST.ecoli_achtman_4.1193,,United Kingdom,,,1,1,1,1,0,0,0,0,0,0
562.31462,Susceptible,WGS,Good,MLST.ecoli_achtman_4.355,PRJEB23541,Tanzania,Moshi,2013.0,0,0,0,0,0,0,0,0,0,0
562.98241,Susceptible,WGS,Good,MLST.ecoli_achtman_4.538,,Norway,,2006.0,1,0,0,0,0,0,0,0,0,0
562.98828,Susceptible,WGS,Good,MLST.ecoli_achtman_4.10,,Norway,,2010.0,1,0,0,0,0,0,0,0,0,0
562.100292,Susceptible,WGS,Good,MLST.ecoli_achtman_4.636,,Norway,,2015.0,1,1,1,1,0,0,0,0,0,0
562.100691,Susceptible,WGS,Good,MLST.ecoli_achtman_4.73,,Norway,,2017.0,1,0,0,0,0,0,0,0,0,0
562.45587,Resistant,WGS,Good,MLST.ecoli_achtman_4.155,PRJNA522294,Pakistan,Pakistan:Islamabad,2016.0,1,1,1,1,0,0,0,0,0,0
562.57315,Susceptible,WGS,Good,MLST.ecoli_achtman_4.8865,,,,2017.0,1,0,0,1,0,0,0,0,0,0
562.98918,Susceptible,WGS,Good,MLST.ecoli_achtman_4.95,,Norway,,2010.0,1,0,0,0,0,0,0,0,0,0
562.97207,Susceptible,WGS,Good,MLST.ecoli_achtman_4.409,,United Kingdom,,,1,0,0,0,0,0,0,0,0,0
562.97775,Susceptible,WGS,Good,MLST.ecoli_achtman_4.999,,Norway,,2002.0,1,0,0,0,0,0,0,0,0,0
562.96726,Resistant,WGS,Good,MLST.ecoli_achtman_4.131,,United Kingdom,,,1,1,1,1,0,0,0,0,0,1
562.57149,Susceptible,WGS,Good,MLST.ecoli_achtman_4.12,,,,,1,0,0,0,0,0,0,0,0,0
562.22645,Susceptible,WGS,Good,MLST.ecoli_achtman_4.420,PRJEB4681,United Kingdom,,2010.0,0,0,0,0,0,0,0,0,0,0
562.144930,Resistant,WGS,Good,MLST.ecoli_achtman_4.167,PRJNA925003,India,Chattisgarh,,1,1,1,1,0,0,0,0,0,0
562.96483,Susceptible,WGS,Good,MLST.ecoli_achtman_4.10,,United Kingdom,,,1,0,0,0,0,0,0,0,0,0
562.100300,Susceptible,WGS,Good,MLST.ecoli_achtman_4.69,,Norway,,2015.0,1,0,0,0,0,0,0,0,0,0
562.100827,Susceptible,WGS,Good,MLST.ecoli_achtman_4.104,,Norway,,2017.0,1,0,0,0,0,0,0,0,0,0
562.96668,Susceptible,WGS,Good,MLST.ecoli_achtman_4.155,,United Kingdom,,,1,0,0,0,0,0,0,0,0,0
562.97041,Susceptible,WGS,Good,MLST.ecoli_achtman_4.117,,United Kingdom,,,1,1,1,0,0,0,0,0,0,0
562.100697,Susceptible,WGS,Good,MLST.ecoli_achtman_4.69,,Norway,,2017.0,1,0,0,0,0,0,0,0,0,0
562.42746,Susceptible,WGS,Good,MLST.ecoli_achtman_4.131,PRJNA278886,USA,USA:Boston,2017.0,1,1,1,0,0,0,0,0,0,0
562.97789,Susceptible,WGS,Good,MLST.ecoli_achtman_4.69,,Norway,,2002.0,1,0,0,0,0,0,0,0,0,0
562.42800,Resistant,WGS,Good,MLST.ecoli_achtman_4.131,PRJNA278886,USA,USA:Boston,2014.0,1,1,1,1,0,0,0,0,0,1
562.97898,Susceptible,WGS,Good,MLST.ecoli_achtman_4.405,,Norway,,2003.0,1,0,0,0,0,0,0,0,0,0
562.98357,Susceptible,WGS,Good,MLST.ecoli_achtman_4.12,,Norway,,2007.0,1,1,1,0,0,0,0,0,0,0
562.99328,Susceptible,WGS,Good,MLST.ecoli_achtman_4.3723,,Norway,,2012.0,1,0,0,0,0,0,0,0,0,0
562.45675,Resistant,WGS,Good,MLST.ecoli_achtman_4.155,PRJNA522294,Pakistan,Pakistan:Punjab,2017.0,1,1,1,1,0,0,1,0,0,0
562.57371,Resistant,WGS,Good,MLST.ecoli_achtman_4.131,,Thailand,,2015.0,1,1,1,1,0,0,0,0,0,0
562.57081,Susceptible,WGS,Good,MLST.ecoli_achtman_4.156,,,,2008.0,1,1,1,0,0,0,0,0,0,1
562.100919,Susceptible,WGS,Good,MLST.ecoli_achtman_4.141,,Norway,,2017.0,1,0,0,0,0,0,0,0,0,0
562.144912,Resistant,WGS,Good,MLST.ecoli_achtman_4.167,PRJNA925003,India,Chattisgarh,,1,1,1,1,0,0,0,0,0,0
562.57440,Resistant,WGS,Good,MLST.ecoli_achtman_4.345,,Thailand,,2015.0,1,1,1,1,0,0,0,0,0,0
562.144953,Susceptible,WGS,Good,MLST.ecoli_achtman_4.34,PRJEB54735,Portugal,,2020.0,1,0,0,0,0,0,0,0,0,0
562.98543,Susceptible,WGS,Good,MLST.ecoli_achtman_4.540,,Norway,,2008.0,1,0,0,0,0,0,0,0,0,0
562.98610,Susceptible,WGS,Good,MLST.ecoli_achtman_4.80,,Norway,,2008.0,1,0,0,0,0,0,0,0,0,0
562.57207,Susceptible,WGS,Good,MLST.ecoli_achtman_4.597,,,,1999.0,1,0,0,0,0,0,0,0,0,0
562.98688,Susceptible,WGS,Good,MLST.Escherichia_coli_1.4612,,Norway,,2009.0,1,0,0,0,0,0,0,0,0,0
562.73397,Resistant,WGS,Good,MLST.ecoli_achtman_4.5229,PRJEB34557,Spain,Barcelona,2013.0,1,1,1,1,0,0,0,0,0,0
562.99382,Susceptible,WGS,Good,MLST.ecoli_achtman_4.73,,Norway,,2012.0,1,0,0,0,0,0,0,0,0,0
562.144982,Susceptible,WGS,Good,MLST.ecoli_achtman_4.11,PRJEB54735,Portugal,,2014.0,1,0,0,0,0,0,0,0,0,0
562.100369,Susceptible,WGS,Good,MLST.ecoli_achtman_4.69,,Norway,,2016.0,1,0,0,0,0,0,0,0,0,0
562.145428,Susceptible,WGS,Good,MLST.ecoli_achtman_4.155,PRJNA273513,Canada,British Columbia,2006.0,1,0,0,0,0,0,0,0,0,0
562.96577,Susceptible,WGS,Good,MLST.ecoli_achtman_4.401,,United Kingdom,,,1,0,0,0,0,0,0,0,0,0
562.98213,Susceptible,WGS,Good,MLST.ecoli_achtman_4.104,,Norway,,2006.0,1,0,0,0,0,0,0,0,0,0
562.45591,Resistant,WGS,Good,MLST.ecoli_achtman_4.48,PRJNA522294,Pakistan,Pakistan:Punjab,2016.0,1,1,1,1,0,0,0,0,0,0
562.98621,Susceptible,WGS,Good,MLST.ecoli_achtman_4.961,,Norway,,2008.0,1,0,0,0,0,0,0,0,0,0
562.100472,Susceptible,WGS,Good,MLST.ecoli_achtman_4.88,,Norway,,2016.0,1,0,0,0,0,0,0,0,0,0
562.57129,Susceptible,WGS,Good,MLST.ecoli_achtman_4.59,,,,2008.0,1,0,0,0,0,0,0,0,0,0
562.98428,Susceptible,WGS,Good,MLST.ecoli_achtman_4.127,,Norway,,2007.0,1,0,0,0,0,0,0,0,0,0
562.100126,Susceptible,WGS,Good,MLST.ecoli_achtman_4.95,,Norway,,2015.0,1,0,0,0,0,0,0,0,0,0
562.42660,Resistant,WGS,Good,MLST.ecoli_achtman_4.101,PRJNA278886,USA,USA:Boston,2015.0,1,1,1,1,0,0,0,0,0,1
562.99767,Susceptible,WGS,Good,MLST.ecoli_achtman_4.2619,,Norway,,2014.0,1,0,0,0,0,0,0,0,0,0
1328434.3,Resistant,WGS,Good,MLST.ecoli_achtman_4.405,PRJNA201977,USA,"Boston, MA, USA",2012.0,1,1,1,1,0,0,0,0,0,0
562.22651,Resistant,WGS,Good,MLST.ecoli_achtman_4.453,PRJEB4681,United Kingdom,,2010.0,1,1,1,1,0,0,0,0,0,0
562.56787,Resistant,WGS,Good,MLST.ecoli_achtman_4.354,,Germany,Mecklenburg-Vorpommern,2008.0,1,1,1,1,0,0,0,0,0,0
562.57158,Susceptible,WGS,Good,MLST.ecoli_achtman_4.3381,,,,,1,0,0,0,0,0,0,0,0,0
562.98196,Susceptible,WGS,Good,MLST.ecoli_achtman_4.155,,Norway,,2005.0,1,0,0,0,0,0,0,0,0,0
562.100592,Resistant,WGS,Good,MLST.ecoli_achtman_4.648,,Norway,,2016.0,1,1,1,1,0,0,0,0,0,1
562.97063,Susceptible,WGS,Good,MLST.ecoli_achtman_4.216,,United Kingdom,,,1,0,0,0,0,0,0,0,0,0
562.98476,Susceptible,WGS,Good,MLST.ecoli_achtman_4.73,,Norway,,2008.0,1,0,0,0,0,0,0,0,0,0
562.42675,Resistant,WGS,Good,MLST.ecoli_achtman_4.131,PRJNA278886,USA,USA:Boston,2016.0,1,1,1,1,0,0,0,0,0,1
562.42840,Resistant,WGS,Good,MLST.ecoli_achtman_4.131,PRJNA288601,USA,United States,2014.0,1,1,1,1,0,0,0,0,0,0
562.97201,Susceptible,WGS,Good,MLST.ecoli_achtman_4.2521,,United Kingdom,,,1,0,0,0,0,0,0,0,0,0
562.100326,Susceptible,WGS,Good,MLST.ecoli_achtman_4.141,,Norway,,2016.0,1,0,0,0,0,0,0,0,0,0
562.140899,Resistant,WGS,Good,MLST.ecoli_achtman_4.131,PRJNA530794,USA,"St. Louis, Missouri",2017.0,1,1,1,1,0,0,0,0,0,0
562.42668,Susceptible,WGS,Good,MLST.ecoli_achtman_4.6690,PRJNA278886,USA,USA:Boston,2016.0,1,0,0,0,0,0,1,0,0,0
562.22675,Susceptible,WGS,Good,MLST.ecoli_achtman_4.5585,PRJEB4681,United Kingdom,,2011.0,0,0,0,0,0,0,0,0,0,0
562.96684,Susceptible,WGS,Good,MLST.ecoli_achtman_4.428,,United Kingdom,,,1,1,1,0,0,0,0,0,0,0
562.97970,Susceptible,WGS,Good,MLST.ecoli_achtman_4.973,,Norway,,2004.0,1,0,0,0,0,0,0,0,0,0
562.98641,Susceptible,WGS,Good,MLST.ecoli_achtman_4.73,,Norway,,2009.0,1,0,0,0,0,0,0,0,0,0
562.22788,Susceptible,WGS,Good,MLST.ecoli_achtman_4.12,PRJEB4681,United Kingdom,,2012.0,0,0,0,0,0,0,0,0,0,0
562.100576,Susceptible,WGS,Good,MLST.ecoli_achtman_4.14,,Norway,,2016.0,1,0,0,0,0,0,0,0,0,0
562.99010,Susceptible,WGS,Good,MLST.ecoli_achtman_4.131,,Norway,,2010.0,1,0,0,0,0,0,0,0,0,0
562.57410,Resistant,WGS,Good,MLST.ecoli_achtman_4.5946,,Thailand,,2015.0,1,1,1,1,0,0,0,0,0,0
562.145422,Susceptible,WGS,Good,MLST.ecoli_achtman_4.154,PRJNA273513,Canada,British Columbia,2006.0,1,0,0,0,0,0,0,0,0,0
562.99881,Susceptible,WGS,Good,MLST.ecoli_achtman_4.453,,Norway,,2014.0,1,1,1,0,0,0,0,0,0,0
562.57505,Resistant,WGS,Good,MLST.ecoli_achtman_4.131,,Thailand,,2015.0,1,1,1,1,0,0,0,0,0,0
562.97850,Susceptible,WGS,Good,MLST.ecoli_achtman_4.131,,Norway,,2003.0,1,0,0,0,0,0,0,0,0,0
562.140854,Resistant,WGS,Good,MLST.ecoli_achtman_4.131,PRJNA530794,USA,"St. Louis, Missouri",2017.0,1,1,1,1,0,0,0,0,0,0
562.22734,Susceptible,WGS,Good,MLST.ecoli_achtman_4.38,PRJEB4681,United Kingdom,,2011.0,1,1,1,0,0,0,0,0,0,0
562.97514,Resistant,WGS,Good,MLST.ecoli_achtman_4.1193,,United Kingdom,,,1,1,1,1,0,0,0,0,0,0
562.98006,Susceptible,WGS,Good,MLST.ecoli_achtman_4.567,,Norway,,2004.0,1,0,0,0,0,0,0,0,0,0
562.28434,Resistant,Complete,Good,MLST.ecoli_achtman_4.405,PRJNA316321,,,,1,1,1,1,0,0,0,0,0,1
562.98943,Susceptible,WGS,Good,MLST.ecoli_achtman_4.23,,Norway,,2010.0,1,1,1,1,0,0,0,0,0,0
562.100166,Susceptible,WGS,Good,MLST.ecoli_achtman_4.95,,Norway,,2015.0,1,0,0,0,0,0,0,0,0,0
562.22430,Susceptible,WGS,Good,MLST.ecoli_achtman_4.127,PRJEB4681,United Kingdom,,2006.0,0,0,0,0,0,0,0,0,0,0
562.96809,Susceptible,WGS,Good,MLST.ecoli_achtman_4.73,,United Kingdom,,,1,0,0,0,0,0,0,0,0,0
562.98088,Susceptible,WGS,Good,MLST.ecoli_achtman_4.998,,Norway,,2005.0,1,0,0,0,0,0,0,0,0,0
562.42751,Resistant,WGS,Good,MLST.ecoli_achtman_4.131,PRJNA278886,USA,USA:Boston,2015.0,1,1,1,1,0,0,0,0,0,1
562.99891,Susceptible,WGS,Good,MLST.ecoli_achtman_4.2020,,Norway,,2014.0,1,0,0,0,0,0,0,0,0,0
562.96516,Resistant,WGS,Good,MLST.ecoli_achtman_4.131,,United Kingdom,,,1,1,1,1,0,0,0,0,0,0
562.98360,Susceptible,WGS,Good,MLST.ecoli_achtman_4.73,,Norway,,2007.0,1,0,0,0,0,0,0,0,0,0
562.58735,Resistant,WGS,Good,MLST.ecoli_achtman_4.4682,,Italy,,2015.0,1,1,1,1,0,0,0,0,0,0
562.22552,Susceptible,WGS,Good,MLST.ecoli_achtman_4.73,PRJEB4681,United Kingdom,,2009.0,0,0,0,0,0,0,0,0,0,0
562.98510,Susceptible,WGS,Good,MLST.ecoli_achtman_4.73,,Norway,,2008.0,1,0,0,0,0,0,0,0,0,0
562.99475,Susceptible,WGS,Good,MLST.ecoli_achtman_4.135,,Norway,,2012.0,1,0,0,0,0,0,0,0,0,0
562.97930,Susceptible,WGS,Good,MLST.ecoli_achtman_4.73,,Norway,,2003.0,1,0,0,0,0,0,0,0,0,0
562.73351,Susceptible,WGS,Good,MLST.ecoli_achtman_4.607,PRJEB34557,Spain,Barcelona,2013.0,1,0,0,0,1,0,0,0,0,0
562.45649,Susceptible,WGS,Good,MLST.ecoli_achtman_4.10,PRJNA522294,Pakistan,Pakistan:Khyber Pakhtunkhwa,2016.0,1,0,0,0,0,0,1,0,0,0
562.42758,Resistant,WGS,Good,MLST.ecoli_achtman_4.131,PRJNA278886,USA,USA:Boston,2015.0,1,1,1,1,0,0,0,0,0,0
562.96488,Resistant,WGS,Good,MLST.ecoli_achtman_4.131,,United Kingdom,,,1,1,1,1,0,0,0,0,0,0
562.45608,Resistant,WGS,Good,MLST.ecoli_achtman_4.2847,PRJNA522294,Pakistan,Pakistan:Punjab,2016.0,1,1,1,1,0,0,0,0,0,0
562.22792,Susceptible,WGS,Good,MLST.ecoli_achtman_4.38,PRJEB4681,United Kingdom,,2012.0,0,0,0,0,0,0,0,0,0,0
562.99429,Susceptible,WGS,Good,MLST.ecoli_achtman_4.501,,Norway,,2012.0,1,0,0,1,0,0,0,0,0,0
562.42658,Resistant,WGS,Good,MLST.ecoli_achtman_4.361,PRJNA278886,USA,USA:Boston,2015.0,1,1,1,1,0,0,0,0,0,0
562.22806,Resistant,WGS,Good,MLST.ecoli_achtman_4.131,PRJEB4681,United Kingdom,,2012.0,1,1,1,1,0,0,0,0,0,1
562.100249,Susceptible,WGS,Good,MLST.ecoli_achtman_4.162,,Norway,,2015.0,1,0,0,0,0,0,0,0,0,0
562.65818,Resistant,WGS,Good,MLST.ecoli_achtman_4.410,,Germany,Bavaria/Baden-Württemberg,,1,1,1,1,0,0,0,0,0,1
562.99375,Resistant,WGS,Good,MLST.ecoli_achtman_4.131,,Norway,,2012.0,1,1,1,1,0,0,0,0,0,0
562.57132,Susceptible,WGS,Good,MLST.ecoli_achtman_4.68,,,,,1,0,0,0,0,0,0,0,0,0
562.144986,Susceptible,WGS,Good,MLST.ecoli_achtman_4.21,PRJEB54735,Portugal,,2021.0,1,0,0,0,0,0,0,0,0,0
562.96973,Susceptible,WGS,Good,MLST.ecoli_achtman_4.409,,United Kingdom,,,1,0,0,0,0,0,0,0,0,0
562.98558,Susceptible,WGS,Good,MLST.ecoli_achtman_4.59,,Norway,,2008.0,1,0,0,0,0,0,0,0,0,0
562.97799,Resistant,WGS,Good,MLST.ecoli_achtman_4.155,,Norway,,2002.0,1,1,1,1,0,0,0,0,0,0
562.98459,Susceptible,WGS,Good,MLST.ecoli_achtman_4.12,,Norway,,2007.0,1,0,0,0,0,0,0,0,0,0
562.45401,Resistant,Complete,Good,MLST.ecoli_achtman_4.617,PRJNA511007,Brazil,"Brazil: Botucatu, Sao Paulo State",2015.0,1,1,1,1,0,0,0,0,0,0
562.100125,Susceptible,WGS,Good,MLST.ecoli_achtman_4.73,,Norway,,2015.0,1,0,0,0,0,0,0,0,0,0
562.96599,Susceptible,WGS,Good,MLST.ecoli_achtman_4.59,,United Kingdom,,,1,0,0,0,0,0,0,0,0,0
562.97198,Susceptible,WGS,Good,MLST.ecoli_achtman_4.196,,United Kingdom,,,1,0,0,0,0,0,0,0,0,0
562.100332,Susceptible,WGS,Good,MLST.ecoli_achtman_4.567,,Norway,,2016.0,1,0,0,0,0,0,0,0,0,0
562.22429,Resistant,WGS,Good,MLST.ecoli_achtman_4.10,PRJEB4681,United Kingdom,,2006.0,1,1,1,1,0,0,0,0,0,0
562.100199,Susceptible,WGS,Good,MLST.ecoli_achtman_4.73,,Norway,,2015.0,1,0,0,0,0,0,0,0,0,0
562.98541,Susceptible,WGS,Good,MLST.ecoli_achtman_4.73,,Norway,,2008.0,1,0,0,0,0,0,0,0,0,0
562.96481,Susceptible,WGS,Good,MLST.ecoli_achtman_4.131,,United Kingdom,,,1,1,1,0,0,0,0,0,0,0
562.97431,Susceptible,WGS,Good,MLST.ecoli_achtman_4.7095,,United Kingdom,,,1,1,1,0,0,0,0,0,0,0
562.97853,Susceptible,WGS,Good,MLST.ecoli_achtman_4.409,,Norway,,2003.0,1,0,0,0,0,0,0,0,0,0
562.100089,Susceptible,WGS,Good,MLST.ecoli_achtman_4.73,,Norway,,2015.0,1,0,0,0,0,0,0,0,0,0
562.96664,Resistant,WGS,Good,MLST.ecoli_achtman_4.1193,,United Kingdom,,,1,1,1,1,0,0,0,0,0,0
562.97496,Susceptible,WGS,Good,MLST.ecoli_achtman_4.6150,,United Kingdom,,,1,0,0,0,0,1,0,0,0,0
562.98607,Susceptible,WGS,Good,MLST.ecoli_achtman_4.12,,Norway,,2008.0,1,0,0,0,0,0,0,0,0,0
562.45397,Resistant,Complete,Good,MLST.ecoli_achtman_4.410,PRJNA511007,Brazil,"Brazil: Botucatu, Sao Paulo State",2015.0,1,1,1,1,0,0,0,0,0,0
562.100688,Resistant,WGS,Good,MLST.ecoli_achtman_4.131,,Norway,,2017.0,1,1,1,1,0,0,0,0,0,0
562.98712,Susceptible,WGS,Good,MLST.ecoli_achtman_4.73,,Norway,,2009.0,1,0,0,0,0,0,0,0,0,0
562.100213,Susceptible,WGS,Good,MLST.ecoli_achtman_4.73,,Norway,,2015.0,1,0,0,0,0,0,0,0,0,0
562.58776,Susceptible,WGS,Good,MLST.ecoli_achtman_4.8363,,Singapore,,2011.0,1,1,1,0,0,0,1,0,0,0
562.97088,Susceptible,WGS,Good,MLST.ecoli_achtman_4.404,,United Kingdom,,,1,0,0,0,0,0,0,0,0,0
562.96469,Susceptible,WGS,Good,MLST.ecoli_achtman_4.127,,United Kingdom,,,1,0,0,0,0,0,0,0,0,0
562.96680,Susceptible,WGS,Good,MLST.ecoli_achtman_4.428,,United Kingdom,,,1,1,1,0,0,0,0,0,0,0
562.45619,Resistant,WGS,Good,MLST.ecoli_achtman_4.13234,PRJNA522294,Pakistan,Pakistan:Punjab,2016.0,1,1,1,1,0,0,0,0,0,0
562.98647,Susceptible,WGS,Good,MLST.ecoli_achtman_4.141,,Norway,,2009.0,1,0,0,0,0,0,0,0,0,0
562.97875,Susceptible,WGS,Good,MLST.ecoli_achtman_4.73,,Norway,,2003.0,1,0,0,0,0,0,0,0,0,0
562.99709,Susceptible,WGS,Good,MLST.ecoli_achtman_4.73,,Norway,,2013.0,1,0,0,0,0,0,0,0,0,0
562.96575,Susceptible,WGS,Good,MLST.ecoli_achtman_4.401,,United Kingdom,,,1,0,0,0,0,0,0,0,0,0
562.100801,Susceptible,WGS,Good,MLST.ecoli_achtman_4.91,,Norway,,2017.0,1,0,0,0,0,0,0,0,0,0
562.57144,Susceptible,WGS,Good,MLST.ecoli_achtman_4.297,,,,,1,0,0,0,0,0,0,0,0,0
562.57484,Resistant,WGS,Good,MLST.ecoli_achtman_4.405,,Thailand,,2015.0,1,1,1,1,0,0,0,0,0,1
562.98779,Susceptible,WGS,Good,MLST.ecoli_achtman_4.73,,Norway,,2009.0,1,0,0,0,0,0,0,0,0,0
562.100366,Susceptible,WGS,Good,MLST.ecoli_achtman_4.73,,Norway,,2016.0,1,0,0,0,0,0,0,0,0,0
562.99102,Susceptible,WGS,Good,MLST.ecoli_achtman_4.95,,Norway,,2011.0,1,0,0,0,0,0,0,0,0,0
562.22715,Susceptible,WGS,Good,MLST.ecoli_achtman_4.998,PRJEB4681,United Kingdom,,2011.0,0,0,0,0,0,0,0,0,0,0
562.100708,Susceptible,WGS,Good,MLST.ecoli_achtman_4.14,,Norway,,2017.0,1,0,0,0,0,0,0,0,0,0
562.96558,Resistant,WGS,Good,MLST.ecoli_achtman_4.90,,United Kingdom,,,1,1,1,1,0,0,0,0,0,0
562.73372,Resistant,WGS,Good,MLST.ecoli_achtman_4.224,PRJEB34557,Spain,Barcelona,2013.0,1,1,1,1,0,0,0,0,0,0
562.96524,Susceptible,WGS,Good,MLST.ecoli_achtman_4.69,,United Kingdom,,,1,0,0,0,0,0,0,0,0,0
562.57107,Susceptible,WGS,Good,MLST.ecoli_achtman_4.73,,,,2017.0,1,0,0,0,0,0,0,0,0,0
562.57116,Susceptible,WGS,Good,MLST.Escherichia_coli_2.378,,,,2017.0,1,0,0,0,0,0,0,0,0,0
562.145050,Susceptible,WGS,Good,MLST.ecoli_achtman_4.442,PRJEB54735,Portugal,,2020.0,1,0,0,0,0,0,0,0,0,0
562.99436,Susceptible,WGS,Good,MLST.ecoli_achtman_4.73,,Norway,,2012.0,1,0,0,0,0,0,0,0,0,0
562.96589,Susceptible,WGS,Good,MLST.ecoli_achtman_4.4959,,United Kingdom,,,1,0,0,0,0,0,0,0,0,0
562.135589,Resistant,WGS,Good,MLST.Escherichia_coli_2.88,,India,Chattisgarh (Jan Swasthya Sahyog),2020.0,1,1,1,1,0,0,1,0,0,0
562.100163,Susceptible,WGS,Good,MLST.ecoli_achtman_4.73,,Norway,,2015.0,1,0,0,0,0,0,0,0,0,0
562.96963,Susceptible,WGS,Good,MLST.ecoli_achtman_4.162,,United Kingdom,,,1,0,0,0,0,0,0,0,0,0
562.100736,Susceptible,WGS,Good,MLST.ecoli_achtman_4.95,,Norway,,2017.0,1,0,0,0,0,0,0,0,0,0
562.45617,Resistant,WGS,Good,MLST.ecoli_achtman_4.6743,PRJNA522294,Pakistan,Pakistan:Punjab,2016.0,1,1,1,1,0,0,0,0,0,0
562.97401,Susceptible,WGS,Good,MLST.ecoli_achtman_4.7099,,United Kingdom,,,1,0,0,0,0,0,0,0,0,0
562.100123,Resistant,WGS,Good,MLST.ecoli_achtman_4.162,,Norway,,2015.0,1,1,1,1,0,0,0,0,0,0
562.57205,Susceptible,WGS,Good,MLST.ecoli_achtman_4.8861,,,,2005.0,1,0,0,0,0,0,0,0,0,0
562.98111,Susceptible,WGS,Good,MLST.ecoli_achtman_4.1882,,Norway,,2005.0,1,0,0,0,0,0,0,0,0,0
562.97307,Resistant,WGS,Good,MLST.ecoli_achtman_4.131,,United Kingdom,,,1,1,1,1,0,0,0,0,0,0
562.98176,Susceptible,WGS,Good,MLST.ecoli_achtman_4.131,,Norway,,2005.0,1,0,0,0,0,0,0,0,0,0
562.100844,Susceptible,WGS,Good,MLST.ecoli_achtman_4.162,,Norway,,2017.0,1,0,0,0,0,0,0,0,0,0
562.96847,Resistant,WGS,Good,MLST.ecoli_achtman_4.1723,,United Kingdom,,,1,1,1,1,0,0,0,0,0,0
562.100487,Susceptible,WGS,Good,MLST.ecoli_achtman_4.2619,,Norway,,2016.0,1,0,0,0,0,0,0,0,0,0
562.98589,Susceptible,WGS,Good,MLST.ecoli_achtman_4.4360,,Norway,,2008.0,1,0,0,0,0,0,0,0,0,0
562.98855,Susceptible,WGS,Good,MLST.ecoli_achtman_4.2015,,Norway,,2010.0,1,0,0,0,0,0,0,0,0,0
562.98503,Susceptible,WGS,Good,MLST.ecoli_achtman_4.95,,Norway,,2008.0,1,0,0,0,0,0,0,0,0,0
562.98513,Susceptible,WGS,Good,MLST.ecoli_achtman_4.127,,Norway,,2008.0,1,0,0,0,0,0,0,0,0,0
562.97505,Susceptible,WGS,Good,MLST.ecoli_achtman_4.131,,United Kingdom,,,1,0,0,0,0,0,0,0,0,0
562.97331,Resistant,WGS,Good,MLST.ecoli_achtman_4.69,,United Kingdom,,,1,1,1,1,0,0,0,0,0,0
562.42733,Resistant,WGS,Good,MLST.ecoli_achtman_4.2179,PRJNA278886,USA,USA:Boston,2017.0,1,1,1,1,0,0,1,0,0,0
562.45651,Resistant,WGS,Good,,PRJNA522294,Pakistan,Pakistan:Punjab,2017.0,1,1,1,1,0,0,0,0,0,0
562.97083,Susceptible,WGS,Good,MLST.ecoli_achtman_4.2598,,United Kingdom,,,1,0,0,0,0,0,0,0,0,0
562.42858,Resistant,WGS,Good,MLST.ecoli_achtman_4.131,PRJNA288601,USA,United States,2013.0,1,1,1,1,0,0,0,0,0,0
562.57499,Resistant,WGS,Good,MLST.ecoli_achtman_4.457,,Thailand,,2015.0,1,1,1,1,0,0,0,0,0,0
562.144955,Susceptible,WGS,Good,MLST.ecoli_achtman_4.443,PRJEB54735,Portugal,,2021.0,1,0,0,0,0,0,0,0,0,0
562.22494,Susceptible,WGS,Good,MLST.ecoli_achtman_4.95,PRJEB4681,United Kingdom,,2008.0,0,0,0,0,0,0,0,0,0,0
562.73357,Susceptible,WGS,Good,MLST.ecoli_achtman_4.607,PRJEB34557,Spain,Barcelona,2013.0,1,0,0,0,1,0,0,0,0,0
562.99603,Susceptible,WGS,Good,MLST.ecoli_achtman_4.453,,Norway,,2013.0,1,0,0,0,0,0,0,0,0,0
562.100307,Susceptible,WGS,Good,MLST.ecoli_achtman_4.141,,Norway,,2015.0,1,0,0,0,0,0,0,0,0,0
562.100251,Susceptible,WGS,Good,MLST.ecoli_achtman_4.73,,Norway,,2015.0,1,0,0,0,0,0,0,0,0,0
562.98844,Susceptible,WGS,Good,MLST.ecoli_achtman_4.135,,Norway,,2010.0,1,0,0,0,0,0,0,0,0,0
562.100216,Susceptible,WGS,Good,MLST.ecoli_achtman_4.10413,,Norway,,2015.0,1,0,0,0,0,0,0,0,0,0
562.58737,Resistant,WGS,Good,MLST.ecoli_achtman_4.410,,Italy,,2015.0,1,1,1,1,0,0,0,0,0,0
562.100195,Susceptible,WGS,Good,MLST.ecoli_achtman_4.12,,Norway,,2015.0,1,0,0,0,0,0,0,0,0,0
562.65807,Resistant,WGS,Good,MLST.ecoli_achtman_4.410,,Germany,Bavaria,,1,1,1,1,0,0,0,0,0,0
562.42732,Susceptible,WGS,Good,MLST.ecoli_achtman_4.7094,PRJNA278886,USA,USA:Boston,2017.0,1,0,0,0,0,0,0,0,0,0
562.100316,Susceptible,WGS,Good,MLST.ecoli_achtman_4.59,,Norway,,2016.0,1,0,0,0,0,0,0,0,0,0
562.96817,Susceptible,WGS,Good,MLST.ecoli_achtman_4.398,,United Kingdom,,,1,0,0,0,0,0,0,0,0,0
562.100916,Susceptible,WGS,Good,MLST.ecoli_achtman_4.345,,Norway,,2017.0,1,0,0,0,0,0,0,0,0,0
562.97968,Susceptible,WGS,Good,MLST.ecoli_achtman_4.641,,Norway,,2003.0,1,0,0,0,0,0,0,0,0,0
562.98622,Susceptible,WGS,Good,MLST.ecoli_achtman_4.127,,Norway,,2008.0,1,0,0,0,0,0,0,0,0,0
562.97146,Susceptible,WGS,Good,MLST.ecoli_achtman_4.141,,United Kingdom,,,1,0,0,0,0,0,0,0,0,0
562.42715,Susceptible,WGS,Good,MLST.ecoli_achtman_4.131,PRJNA278886,USA,USA:Boston,2016.0,1,0,0,0,0,0,0,0,0,0
562.98584,Susceptible,WGS,Good,MLST.ecoli_achtman_4.127,,Norway,,2008.0,1,0,0,0,0,0,0,0,0,0
562.22655,Resistant,WGS,Good,MLST.ecoli_achtman_4.131,PRJEB4681,United Kingdom,,2010.0,1,1,1,1,0,0,0,0,0,1
562.99530,Susceptible,WGS,Good,MLST.ecoli_achtman_4.95,,Norway,,2013.0,1,0,0,0,0,0,0,0,0,0
562.100341,Susceptible,WGS,Good,MLST.ecoli_achtman_4.95,,Norway,,2016.0,1,0,0,0,0,0,0,0,0,0
562.96572,Susceptible,WGS,Good,MLST.ecoli_achtman_4.635,,United Kingdom,,,1,0,0,0,0,0,0,0,0,0
562.98896,Susceptible,WGS,Good,MLST.ecoli_achtman_4.73,,Norway,,2010.0,1,0,0,0,0,0,0,0,0,0
562.96987,Resistant,WGS,Good,MLST.ecoli_achtman_4.648,,United Kingdom,,,1,1,1,1,0,0,0,0,0,1
562.98040,Susceptible,WGS,Good,MLST.ecoli_achtman_4.95,,Norway,,2004.0,1,0,0,0,0,0,0,0,0,0
562.45916,Resistant,WGS,Good,MLST.ecoli_achtman_4.131,PRJNA510429,USA,"USA: Rochester, NY",2018.0,1,1,1,1,0,0,0,0,0,0
562.99516,Susceptible,WGS,Good,MLST.ecoli_achtman_4.73,,Norway,,2013.0,1,0,0,0,0,0,0,0,0,0
562.98535,Susceptible,WGS,Good,MLST.ecoli_achtman_4.420,,Norway,,2008.0,1,0,0,0,0,0,0,0,0,0
562.100901,Susceptible,WGS,Good,MLST.ecoli_achtman_4.95,,Norway,,2017.0,1,0,0,0,0,0,0,0,0,0
562.100644,Susceptible,WGS,Good,MLST.ecoli_achtman_4.69,,Norway,,2017.0,1,0,0,0,0,0,0,0,0,0
562.97030,Susceptible,WGS,Good,MLST.ecoli_achtman_4.58,,United Kingdom,,,1,0,0,0,0,0,1,0,0,0
562.57080,Susceptible,WGS,Good,MLST.ecoli_achtman_4.131,,,,2008.0,1,0,0,0,0,0,0,0,0,1
562.98326,Susceptible,WGS,Good,MLST.senterica_achtman_2.2998,,Norway,,2006.0,1,0,0,0,0,0,0,0,0,0
562.22538,Susceptible,WGS,Good,MLST.ecoli_achtman_4.95,PRJEB4681,United Kingdom,,2008.0,1,1,1,0,0,0,0,0,0,0
562.57415,Susceptible,WGS,Good,MLST.ecoli_achtman_4.38,,Thailand,,2015.0,1,0,0,0,0,0,1,0,0,0
562.57399,Resistant,WGS,Good,MLST.ecoli_achtman_4.405,,Thailand,,2015.0,1,1,1,1,0,0,0,0,0,0
562.98295,Susceptible,WGS,Good,MLST.ecoli_achtman_4.73,,Norway,,2006.0,1,0,0,0,0,0,0,0,0,0
562.57459,Resistant,WGS,Good,MLST.ecoli_achtman_4.410,,Thailand,,2015.0,1,1,1,1,0,0,0,0,0,0
562.98592,Susceptible,WGS,Good,MLST.ecoli_achtman_4.714,,Norway,,2008.0,1,0,0,0,0,0,0,0,0,0
562.140908,Resistant,WGS,Good,MLST.ecoli_achtman_4.405,PRJNA530794,USA,"St. Louis, Missouri",2017.0,1,1,1,1,0,0,0,0,0,0
562.98572,Susceptible,WGS,Good,MLST.ecoli_achtman_4.73,,Norway,,2008.0,1,0,0,0,0,0,0,0,0,0
562.97960,Susceptible,WGS,Good,MLST.ecoli_achtman_4.12,,Norway,,2003.0,1,0,0,0,0,0,0,0,0,0
562.145411,Susceptible,WGS,Good,MLST.ecoli_achtman_4.155,PRJNA273513,Canada,British Columbia,2006.0,1,0,0,0,0,0,0,0,0,0
562.98840,Susceptible,WGS,Good,MLST.ecoli_achtman_4.141,,Norway,,2010.0,1,0,0,0,0,0,0,0,0,0
562.58741,Susceptible,WGS,Good,MLST.ecoli_achtman_4.3714,,Norway,Oslo,2006.0,1,0,0,0,0,0,0,0,0,0
562.97425,Susceptible,WGS,Good,MLST.ecoli_achtman_4.7095,,United Kingdom,,,1,1,1,0,0,0,0,0,0,0
562.98946,Susceptible,WGS,Good,MLST.ecoli_achtman_4.538,,Norway,,2010.0,1,0,0,0,0,0,0,0,0,0
562.96794,Susceptible,WGS,Good,MLST.ecoli_achtman_4.131,,United Kingdom,,,1,1,1,0,0,0,0,0,0,0
562.98817,Susceptible,WGS,Good,MLST.ecoli_achtman_4.38,,Norway,,2009.0,1,0,0,0,0,0,0,0,0,0
562.100424,Susceptible,WGS,Good,MLST.ecoli_achtman_4.69,,Norway,,2016.0,1,0,0,0,0,0,0,0,0,0
562.98141,Susceptible,WGS,Good,MLST.ecoli_achtman_4.550,,Norway,,2005.0,1,0,0,0,0,0,0,0,0,0
562.98691,Susceptible,WGS,Good,MLST.ecoli_achtman_4.38,,Norway,,2009.0,1,0,0,0,0,0,0,0,0,0
562.100911,Susceptible,WGS,Good,MLST.ecoli_achtman_4.404,,Norway,,2017.0,1,0,0,0,0,0,0,0,0,0
562.23791,Resistant,WGS,Good,MLST.ecoli_achtman_4.131,PRJEB4681,United Kingdom,,2011.0,1,1,1,1,0,0,0,0,0,0
562.98963,Susceptible,WGS,Good,MLST.ecoli_achtman_4.973,,Norway,,2010.0,1,0,0,0,0,0,0,0,0,0
562.12960,Resistant,WGS,Good,MLST.ecoli_achtman_4.101,PRJNA292904,,,,1,1,1,1,0,0,0,0,0,0
562.57418,Susceptible,WGS,Good,MLST.ecoli_achtman_4.5951,,Thailand,,2015.0,1,0,0,0,0,0,1,0,0,0
562.100440,Susceptible,WGS,Good,MLST.ecoli_achtman_4.88,,Norway,,2016.0,1,0,0,0,0,0,0,0,0,0
562.99925,Susceptible,WGS,Good,MLST.ecoli_achtman_4.12,,Norway,,2014.0,1,0,0,0,0,0,0,0,0,0
562.100357,Susceptible,WGS,Good,MLST.ecoli_achtman_4.641,,Norway,,2016.0,1,0,0,0,0,0,0,0,0,0
562.22562,Susceptible,WGS,Good,MLST.ecoli_achtman_4.405,PRJEB4681,United Kingdom,,2009.0,0,0,0,0,0,0,0,0,0,0
562.99494,Susceptible,WGS,Good,MLST.ecoli_achtman_4.69,,Norway,,2012.0,1,0,0,0,0,0,0,0,0,0
562.42802,Resistant,WGS,Good,MLST.ecoli_achtman_4.131,PRJNA278886,USA,USA:Boston,2014.0,1,1,1,1,0,0,0,0,0,1
562.97955,Susceptible,WGS,Good,MLST.ecoli_achtman_4.69,,Norway,,2003.0,1,0,0,0,0,0,0,0,0,0
562.57299,Susceptible,WGS,Good,MLST.ecoli_achtman_4.641,,,,2017.0,1,0,0,0,0,0,0,0,0,0
562.100547,Resistant,WGS,Good,MLST.ecoli_achtman_4.10,,Norway,,2016.0,1,1,1,1,0,0,0,0,0,0
562.22602,Resistant,WGS,Good,MLST.ecoli_achtman_4.69,PRJEB4681,United Kingdom,,2009.0,1,1,1,1,0,0,0,0,0,0
562.98166,Susceptible,WGS,Good,MLST.ecoli_achtman_4.95,,Norway,,2005.0,1,0,0,0,0,0,0,0,0,0
562.98973,Susceptible,WGS,Good,MLST.ecoli_achtman_4.69,,Norway,,2010.0,1,0,0,0,0,0,0,0,0,0
562.98371,Susceptible,WGS,Good,MLST.ecoli_achtman_4.121,,Norway,,2007.0,1,0,0,0,0,0,0,0,0,0
562.96732,Susceptible,WGS,Good,MLST.ecoli_achtman_4.7095,,United Kingdom,,,1,1,1,0,0,0,0,0,0,0
562.99089,Susceptible,WGS,Good,MLST.ecoli_achtman_4.141,,Norway,,2011.0,1,0,0,0,0,0,0,0,0,0
562.57156,Susceptible,WGS,Good,MLST.ecoli_achtman_4.3021,,,,2008.0,1,0,0,0,0,0,0,0,0,0
562.97763,Susceptible,WGS,Good,MLST.ecoli_achtman_4.131,,Norway,,2002.0,1,0,0,0,0,0,0,0,0,0
562.100626,Susceptible,WGS,Good,MLST.ecoli_achtman_4.10,,Norway,,2017.0,1,0,0,0,0,0,0,0,0,0
562.22745,Susceptible,WGS,Good,MLST.ecoli_achtman_4.73,PRJEB4681,United Kingdom,,2012.0,0,0,0,0,0,0,0,0,0,0
562.99756,Susceptible,WGS,Good,MLST.ecoli_achtman_4.1432,,Norway,,2014.0,1,0,0,0,0,0,0,0,0,0
562.57152,Susceptible,WGS,Good,MLST.ecoli_achtman_4.1665,,,,1998.0,1,0,0,0,0,0,0,0,0,0
562.99903,Susceptible,WGS,Good,MLST.ecoli_achtman_4.73,,Norway,,2014.0,1,0,0,0,0,0,0,0,0,0
562.100032,Susceptible,WGS,Good,MLST.ecoli_achtman_4.95,,Norway,,2015.0,1,0,0,0,0,0,0,0,0,0
562.99813,Susceptible,WGS,Good,MLST.ecoli_achtman_4.95,,Norway,,2014.0,1,0,0,0,0,0,0,0,0,0
562.97373,Susceptible,WGS,Good,MLST.ecoli_achtman_4.421,,United Kingdom,,,1,0,0,0,0,0,0,0,0,0
562.100288,Susceptible,WGS,Good,MLST.ecoli_achtman_4.421,,Norway,,2015.0,1,0,0,0,0,0,0,0,0,0
562.98052,Susceptible,WGS,Good,MLST.ecoli_achtman_4.95,,Norway,,2004.0,1,0,0,0,0,0,0,0,0,0
562.98870,Susceptible,WGS,Good,MLST.ecoli_achtman_4.372,,Norway,,2010.0,1,0,0,0,0,0,0,0,0,0
562.99088,Resistant,WGS,Good,MLST.ecoli_achtman_4.393,,Norway,,2011.0,1,1,1,1,0,0,0,0,0,0
562.57146,Susceptible,WGS,Good,MLST.ecoli_achtman_4.5825,,,,,1,0,0,0,0,0,0,0,0,0
562.100923,Susceptible,WGS,Good,MLST.ecoli_achtman_4.12,,Norway,,2017.0,1,0,0,0,0,0,0,0,0,0
562.99188,Susceptible,WGS,Good,MLST.ecoli_achtman_4.69,,Norway,,2011.0,1,0,0,0,0,0,0,0,0,0
562.99842,Resistant,WGS,Good,MLST.ecoli_achtman_4.131,,Norway,,2014.0,1,1,1,1,0,0,0,0,0,0
562.96824,Susceptible,WGS,Good,MLST.ecoli_achtman_4.7093,,United Kingdom,,,1,0,0,0,0,0,0,0,0,0
562.97371,Susceptible,WGS,Good,MLST.ecoli_achtman_4.58,,United Kingdom,,,1,0,0,0,0,0,0,0,0,0
562.22447,Susceptible,WGS,Good,MLST.ecoli_achtman_4.95,PRJEB4681,United Kingdom,,2007.0,0,0,0,0,0,0,0,0,0,0
562.97054,Resistant,WGS,Good,MLST.ecoli_achtman_4.1431,,United Kingdom,,,1,1,1,1,0,0,0,0,0,0
562.22580,Susceptible,WGS,Good,MLST.ecoli_achtman_4.357,PRJEB4681,United Kingdom,,2009.0,0,0,0,0,0,0,0,0,0,0
562.99334,Susceptible,WGS,Good,MLST.ecoli_achtman_4.421,,Norway,,2012.0,1,0,0,0,0,0,0,0,0,0
562.19823,Resistant,Complete,Good,MLST.ecoli_achtman_4.101,PRJNA292902,,,,1,0,0,0,0,0,0,0,0,0
562.97185,Susceptible,WGS,Good,MLST.ecoli_achtman_4.95,,United Kingdom,,,1,0,0,0,0,0,0,0,0,0
562.98880,Susceptible,WGS,Good,MLST.ecoli_achtman_4.144,,Norway,,2010.0,1,0,0,0,0,0,0,0,0,0
562.22532,Susceptible,WGS,Good,MLST.ecoli_achtman_4.144,PRJEB4681,United Kingdom,,2008.0,0,0,0,0,0,0,0,0,0,0
562.22814,Susceptible,WGS,Good,MLST.ecoli_achtman_4.131,PRJEB4681,United Kingdom,,2012.0,0,0,0,0,0,0,0,0,0,0
562.99487,Susceptible,WGS,Good,MLST.ecoli_achtman_4.69,,Norway,,2013.0,1,1,1,0,0,0,0,0,0,0
562.96527,Resistant,WGS,Good,MLST.ecoli_achtman_4.1196,,United Kingdom,,,1,1,1,1,0,0,0,0,0,0
562.99592,Susceptible,WGS,Good,MLST.ecoli_achtman_4.95,,Norway,,2013.0,1,0,0,0,0,0,0,0,0,0
562.96814,Susceptible,WGS,Good,MLST.ecoli_achtman_4.398,,United Kingdom,,,1,0,0,0,0,0,0,0,0,0
562.96842,Susceptible,WGS,Good,MLST.ecoli_achtman_4.38,,United Kingdom,,,1,0,0,1,0,0,0,0,0,0
562.22659,Susceptible,WGS,Good,MLST.ecoli_achtman_4.59,PRJEB4681,United Kingdom,,2010.0,0,0,0,0,0,0,0,0,0,0
562.99392,Susceptible,WGS,Good,MLST.ecoli_achtman_4.127,,Norway,,2012.0,1,0,0,0,0,0,0,0,0,0
562.98747,Resistant,WGS,Good,MLST.ecoli_achtman_4.393,,Norway,,2009.0,1,1,1,1,0,0,0,0,0,0
562.96895,Resistant,WGS,Good,MLST.ecoli_achtman_4.131,,United Kingdom,,,1,1,1,1,0,0,0,0,0,1
562.96840,Susceptible,WGS,Good,MLST.ecoli_achtman_4.136,,United Kingdom,,,1,0,0,0,0,0,0,0,0,0
562.96649,Susceptible,WGS,Good,MLST.ecoli_achtman_4.155,,United Kingdom,,,1,0,0,0,0,0,0,0,0,0
562.97270,Resistant,WGS,Good,MLST.ecoli_achtman_4.1723,,United Kingdom,,,1,1,1,1,0,0,0,0,0,0
562.19821,Resistant,Complete,Good,MLST.ecoli_achtman_4.167,PRJNA292902,,,,1,0,0,0,0,0,0,0,0,0
562.37109,Susceptible,WGS,Good,MLST.ecoli_achtman_4.226,PRJEB23541,Tanzania,Moshi,2013.0,1,0,0,0,0,0,0,0,0,0
562.98013,Susceptible,WGS,Good,MLST.ecoli_achtman_4.127,,Norway,,2004.0,1,0,0,0,0,0,0,0,0,0
562.96679,Resistant,WGS,Good,MLST.ecoli_achtman_4.131,,United Kingdom,,,1,1,1,1,0,0,0,0,0,0
562.100920,Susceptible,WGS,Good,MLST.ecoli_achtman_4.111,,Norway,,2017.0,1,0,0,0,0,0,0,0,0,0
562.45654,Susceptible,WGS,Good,MLST.ecoli_achtman_4.117,PRJNA522294,Pakistan,Pakistan:Punjab,2017.0,1,1,1,0,0,0,0,0,0,0
562.98624,Susceptible,WGS,Good,MLST.ecoli_achtman_4.73,,Norway,,2008.0,1,0,0,0,0,0,0,0,0,0
562.100680,Resistant,WGS,Good,MLST.ecoli_achtman_4.131,,Norway,,2017.0,1,1,1,1,0,0,0,0,0,0
562.59221,Resistant,WGS,Good,MLST.ecoli_achtman_4.156,PRJEB36565,Rwanda,Rwanda,2014.0,1,1,1,1,0,0,0,0,0,0
562.45607,Resistant,WGS,Good,MLST.ecoli_achtman_4.453,PRJNA522294,Pakistan,Pakistan:Islamabad,2016.0,1,1,1,0,0,0,1,0,0,0
562.100463,Susceptible,WGS,Good,MLST.ecoli_achtman_4.73,,Norway,,2016.0,1,0,0,0,0,0,0,0,0,0
562.100603,Susceptible,WGS,Good,MLST.ecoli_achtman_4.58,,Norway,,2016.0,1,0,0,0,0,0,0,0,0,0
562.98992,Susceptible,WGS,Good,MLST.ecoli_achtman_4.38,,Norway,,2010.0,1,1,1,0,0,0,0,0,0,0
562.42771,Resistant,WGS,Good,MLST.ecoli_achtman_4.744,PRJNA278886,USA,USA:Boston,2015.0,1,1,1,1,0,0,0,0,0,0
562.98698,Susceptible,WGS,Good,MLST.ecoli_achtman_4.12,,Norway,,2009.0,1,0,0,0,0,0,0,0,0,0
562.100078,Susceptible,WGS,Good,MLST.ecoli_achtman_4.95,,Norway,,2015.0,1,0,0,0,0,0,0,0,0,0
562.22663,Susceptible,WGS,Good,MLST.ecoli_achtman_4.73,PRJEB4681,United Kingdom,,2010.0,0,0,0,0,0,0,0,0,0,0
562.57502,Resistant,WGS,Good,MLST.ecoli_achtman_4.131,,Thailand,,2015.0,1,1,1,1,0,0,0,0,0,0
562.96949,Resistant,WGS,Good,MLST.ecoli_achtman_4.131,,United Kingdom,,,1,1,1,1,0,0,0,0,0,1
562.98917,Susceptible,WGS,Good,MLST.ecoli_achtman_4.144,,Norway,,2010.0,1,0,0,0,0,0,0,0,0,0
562.144928,Resistant,WGS,Good,MLST.ecoli_achtman_4.8346,PRJNA925003,India,Chattisgarh,,1,1,1,1,0,0,0,0,0,0
562.140861,Resistant,WGS,Good,MLST.ecoli_achtman_4.131,PRJNA530794,USA,"St. Louis, Missouri",2017.0,1,1,1,1,0,0,0,0,0,0
562.98758,Susceptible,WGS,Good,MLST.ecoli_achtman_4.73,,Norway,,2009.0,1,0,0,0,0,0,0,0,0,0
562.98041,Susceptible,WGS,Good,MLST.ecoli_achtman_4.88,,Norway,,2004.0,1,0,0,0,0,0,0,0,0,0
562.22459,Susceptible,WGS,Good,MLST.ecoli_achtman_4.5338,PRJEB4681,United Kingdom,,2007.0,0,0,0,0,0,0,0,0,0,0
562.100868,Susceptible,WGS,Good,MLST.ecoli_achtman_4.641,,Norway,,2017.0,1,0,0,0,0,0,0,0,0,0
562.98418,Susceptible,WGS,Good,MLST.ecoli_achtman_4.127,,Norway,,2007.0,1,0,0,0,0,0,0,0,0,0
562.22723,Susceptible,WGS,Good,MLST.ecoli_achtman_4.95,PRJEB4681,United Kingdom,,2011.0,0,0,0,0,0,0,0,0,0,0
562.99777,Susceptible,WGS,Good,MLST.ecoli_achtman_4.216,,Norway,,2014.0,1,0,0,0,0,0,0,0,0,0
562.96472,Susceptible,WGS,Good,MLST.ecoli_achtman_4.69,,United Kingdom,,,1,0,0,0,0,0,0,0,0,0
562.96766,Susceptible,WGS,Good,MLST.ecoli_achtman_4.405,,United Kingdom,,,1,0,0,0,0,0,0,0,0,0
562.96645,Resistant,WGS,Good,MLST.ecoli_achtman_4.648,,United Kingdom,,,1,1,1,1,0,0,0,0,0,0
562.145061,Susceptible,WGS,Good,MLST.ecoli_achtman_4.40,PRJEB54735,Portugal,,2021.0,1,0,0,0,0,0,0,0,0,0
562.100415,Susceptible,WGS,Good,MLST.ecoli_achtman_4.73,,Norway,,2016.0,1,0,0,0,0,0,0,0,0,0
562.100749,Susceptible,WGS,Good,MLST.ecoli_achtman_4.12,,Norway,,2017.0,1,0,0,0,0,0,0,0,0,0
562.22450,Susceptible,WGS,Good,MLST.ecoli_achtman_4.12,PRJEB4681,United Kingdom,,2007.0,0,0,0,0,0,0,0,0,0,0
562.100719,Resistant,WGS,Good,MLST.ecoli_achtman_4.131,,Norway,,2017.0,1,1,1,1,0,0,0,0,0,0
562.96556,Resistant,WGS,Good,MLST.ecoli_achtman_4.90,,United Kingdom,,,1,1,1,1,0,0,0,0,0,0
562.57221,Resistant,WGS,Good,MLST.ecoli_achtman_4.354,,,,2017.0,1,1,1,1,0,0,0,0,0,0
562.100154,Susceptible,WGS,Good,MLST.ecoli_achtman_4.69,,Norway,,2015.0,1,0,0,0,0,0,0,0,0,0
562.96803,Susceptible,WGS,Good,MLST.ecoli_achtman_4.73,,United Kingdom,,,1,0,0,0,0,0,0,0,0,0
562.22428,Susceptible,WGS,Good,MLST.ecoli_achtman_4.135,PRJEB4681,United Kingdom,,2006.0,0,0,0,0,0,0,0,0,0,0
562.99736,Susceptible,WGS,Good,MLST.ecoli_achtman_4.12,,Norway,,2013.0,1,0,0,0,0,0,0,0,0,0
562.22455,Resistant,WGS,Good,MLST.ecoli_achtman_4.131,PRJEB4681,United Kingdom,,2007.0,1,1,1,1,0,0,0,0,0,0
562.100854,Susceptible,WGS,Good,MLST.ecoli_achtman_4.95,,Norway,,2017.0,1,0,0,0,0,0,0,0,0,0
562.99489,Susceptible,WGS,Good,MLST.ecoli_achtman_4.124,,Norway,,2013.0,1,0,0,0,0,0,0,0,0,0
562.100611,Susceptible,WGS,Good,MLST.ecoli_achtman_4.491,,Norway,,2017.0,1,0,0,0,0,0,0,0,0,0
562.28435,Susceptible,Complete,Good,MLST.ecoli_achtman_4.8150,PRJNA316321,,,,1,0,0,0,0,0,0,0,0,1
562.97261,Susceptible,WGS,Good,MLST.ecoli_achtman_4.409,,United Kingdom,,,1,0,0,0,0,0,0,0,0,0
562.57201,Susceptible,WGS,Good,MLST.ecoli_achtman_4.34,,,,1970.0,1,0,0,0,0,0,0,0,0,0
562.97024,Susceptible,WGS,Good,MLST.ecoli_achtman_4.2598,,United Kingdom,,,1,0,0,0,0,0,0,0,0,0
562.100433,Susceptible,WGS,Good,MLST.ecoli_achtman_4.69,,Norway,,2016.0,1,0,0,0,0,0,0,0,0,0
562.97228,Resistant,WGS,Good,MLST.ecoli_achtman_4.443,,United Kingdom,,,1,1,1,1,0,0,0,0,0,0
562.99096,Susceptible,WGS,Good,MLST.ecoli_achtman_4.80,,Norway,,2011.0,1,0,0,0,0,0,0,0,0,0
562.99802,Susceptible,WGS,Good,MLST.ecoli_achtman_4.131,,Norway,,2014.0,1,0,0,0,0,0,0,0,0,0
562.45847,Resistant,WGS,Good,MLST.ecoli_achtman_4.448,PRJNA510429,USA,"USA: Rochester, NY",2017.0,1,1,1,1,0,0,0,0,0,0
562.100744,Susceptible,WGS,Good,MLST.ecoli_achtman_4.69,,Norway,,2017.0,1,0,0,0,0,0,0,0,0,0
562.145012,Susceptible,WGS,Good,MLST.ecoli_achtman_4.17,PRJEB54735,Portugal,,2021.0,1,0,0,0,0,0,1,0,0,0
562.100042,Susceptible,WGS,Good,MLST.ecoli_achtman_4.73,,Norway,,2015.0,1,0,0,0,0,0,0,0,0,0
562.96592,Resistant,WGS,Good,MLST.ecoli_achtman_4.1196,,United Kingdom,,,1,1,1,1,0,0,0,0,0,0
562.97292,Resistant,WGS,Good,MLST.ecoli_achtman_4.131,,United Kingdom,,,1,1,1,1,0,0,0,0,0,1
562.57137,Susceptible,WGS,Good,MLST.ecoli_achtman_4.88,,,,,1,1,1,0,0,0,0,0,0,0
562.98320,Susceptible,WGS,Good,MLST.ecoli_achtman_4.73,,Norway,,2006.0,1,0,0,0,0,0,0,0,0,0
562.98863,Susceptible,WGS,Good,MLST.ecoli_achtman_4.73,,Norway,,2010.0,1,0,0,0,0,0,0,0,0,0
562.140874,Resistant,WGS,Good,MLST.ecoli_achtman_4.131,PRJNA530794,USA,"St. Louis, Missouri",2017.0,1,1,1,1,0,0,0,0,0,0
562.31451,Resistant,WGS,Good,MLST.ecoli_achtman_4.617,PRJEB23541,Tanzania,Moshi,2014.0,1,1,1,1,0,0,0,0,0,1
562.99778,Susceptible,WGS,Good,MLST.ecoli_achtman_4.73,,Norway,,2014.0,1,0,0,0,0,0,0,0,0,0
562.99683,Susceptible,WGS,Good,MLST.ecoli_achtman_4.73,,Norway,,2013.0,1,0,0,0,0,0,0,0,0,0
562.96458,Susceptible,WGS,Good,MLST.ecoli_achtman_4.212,,United Kingdom,,,1,0,0,0,0,0,0,0,0,0
562.99749,Susceptible,WGS,Good,MLST.ecoli_achtman_4.58,,Norway,,2014.0,1,0,0,0,0,0,0,0,0,0
562.96688,Susceptible,WGS,Good,MLST.ecoli_achtman_4.428,,United Kingdom,,,1,1,1,0,0,0,0,0,0,0
562.100127,Susceptible,WGS,Good,MLST.ecoli_achtman_4.135,,Norway,,2015.0,1,0,0,0,0,0,0,0,0,0
562.97938,Susceptible,WGS,Good,MLST.ecoli_achtman_4.43,,Norway,,2004.0,1,0,0,0,0,0,0,0,0,0
562.98669,Susceptible,WGS,Good,MLST.ecoli_achtman_4.95,,Norway,,2009.0,1,1,1,0,0,0,0,0,0,0
562.97282,Susceptible,WGS,Good,MLST.ecoli_achtman_4.69,,United Kingdom,,,1,0,0,0,0,0,0,0,0,0
562.100851,Susceptible,WGS,Good,MLST.ecoli_achtman_4.104,,Norway,,2017.0,1,0,0,0,0,0,0,0,0,0
562.98703,Susceptible,WGS,Good,MLST.ecoli_achtman_4.394,,Norway,,2009.0,1,0,0,0,0,0,0,0,0,0
562.100907,Susceptible,WGS,Good,MLST.ecoli_achtman_4.88,,Norway,,2017.0,1,0,0,0,0,0,0,0,0,0
562.42704,Susceptible,WGS,Good,MLST.ecoli_achtman_4.131,PRJNA278886,USA,USA:Boston,2016.0,1,0,0,0,0,0,0,0,0,0
562.99389,Susceptible,WGS,Good,MLST.ecoli_achtman_4.95,,Norway,,2012.0,1,0,0,0,0,0,0,0,0,0
562.99610,Susceptible,WGS,Good,MLST.ecoli_achtman_4.14,,Norway,,2013.0,1,0,0,0,0,0,0,0,0,0
562.100310,Susceptible,WGS,Good,MLST.ecoli_achtman_4.95,,Norway,,2016.0,1,0,0,0,0,0,0,0,0,0
562.97755,Susceptible,WGS,Good,MLST.ecoli_achtman_4.95,,Norway,,2002.0,1,0,0,0,0,0,0,0,0,0
562.98843,Susceptible,WGS,Good,MLST.ecoli_achtman_4.681,,Norway,,2010.0,1,0,0,0,0,0,0,0,0,0
562.98068,Susceptible,WGS,Good,MLST.ecoli_achtman_4.963,,Norway,,2004.0,1,0,0,0,0,0,0,0,0,0
562.98582,Susceptible,WGS,Good,MLST.ecoli_achtman_4.58,,Norway,,2008.0,1,0,0,0,0,0,0,0,0,0
562.98274,Susceptible,WGS,Good,MLST.ecoli_achtman_4.10222,,Norway,,2006.0,1,0,0,0,0,0,0,0,0,0
562.45609,Resistant,WGS,Good,MLST.ecoli_achtman_4.155,PRJNA522294,Pakistan,Pakistan:Khyber Pakhtunkhwa,2016.0,1,1,1,1,0,0,0,0,0,0
562.57492,Resistant,WGS,Good,MLST.ecoli_achtman_4.131,,Thailand,,2015.0,1,1,1,1,0,0,0,0,0,0
562.96965,Resistant,WGS,Good,MLST.ecoli_achtman_4.131,,United Kingdom,,,1,1,1,1,0,0,0,0,0,1
562.98784,Susceptible,WGS,Good,MLST.ecoli_achtman_4.10229,,Norway,,2009.0,1,0,0,0,0,0,0,0,0,0
562.97186,Susceptible,WGS,Good,MLST.ecoli_achtman_4.95,,United Kingdom,,,1,0,0,0,0,0,0,0,0,0
562.100022,Susceptible,WGS,Good,MLST.ecoli_achtman_4.69,,Norway,,2015.0,1,0,0,0,0,0,0,0,0,0
562.98955,Susceptible,WGS,Good,MLST.ecoli_achtman_4.73,,Norway,,2010.0,1,0,0,0,0,0,0,0,0,0
562.100029,Susceptible,WGS,Good,MLST.ecoli_achtman_4.636,,Norway,,2015.0,1,0,0,0,0,0,0,0,0,0
562.22706,Susceptible,WGS,Good,MLST.ecoli_achtman_4.14,PRJEB4681,United Kingdom,,2010.0,0,0,0,0,0,0,0,0,0,0
562.99945,Resistant,WGS,Good,MLST.ecoli_achtman_4.131,,Norway,,2014.0,1,1,1,1,0,0,0,0,0,1
562.99197,Susceptible,WGS,Good,MLST.ecoli_achtman_4.5824,,Norway,,2011.0,1,0,0,0,0,0,0,0,0,0
562.98909,Susceptible,WGS,Good,MLST.ecoli_achtman_4.28,,Norway,,2010.0,1,0,0,0,0,0,0,0,0,0
562.42844,Susceptible,WGS,Good,MLST.ecoli_achtman_4.706,PRJNA288601,USA,United States,2014.0,1,0,0,0,0,0,0,0,0,0
562.97179,Susceptible,WGS,Good,MLST.ecoli_achtman_4.95,,United Kingdom,,,1,0,0,0,0,0,0,0,0,0
562.99916,Susceptible,WGS,Good,MLST.ecoli_achtman_4.95,,Norway,,2014.0,1,0,0,0,0,0,0,0,0,0
562.98187,Susceptible,WGS,Good,MLST.ecoli_achtman_4.95,,Norway,,2005.0,1,0,0,0,0,0,0,0,0,0
562.100093,Susceptible,WGS,Good,MLST.ecoli_achtman_4.95,,Norway,,2015.0,1,0,0,0,0,0,0,0,0,0
562.96430,Susceptible,WGS,Good,MLST.ecoli_achtman_4.7091,,United Kingdom,,,1,0,0,0,0,0,0,0,0,0
562.98056,Susceptible,WGS,Good,MLST.ecoli_achtman_4.12,,Norway,,2004.0,1,0,0,0,0,0,0,0,0,0
562.100693,Susceptible,WGS,Good,MLST.ecoli_achtman_4.69,,Norway,,2017.0,1,0,0,0,0,0,0,0,0,0
562.22460,Resistant,WGS,Good,MLST.ecoli_achtman_4.453,PRJEB4681,United Kingdom,,2007.0,1,1,1,1,0,0,0,0,0,0
562.97019,Susceptible,WGS,Good,MLST.ecoli_achtman_4.58,,United Kingdom,,,1,0,0,0,0,0,1,0,0,0
562.11347,Resistant,WGS,Good,MLST.ecoli_achtman_4.410,PRJEB13470,Germany,,2013.0,1,1,1,1,0,0,0,0,0,0
562.100132,Susceptible,WGS,Good,MLST.ecoli_achtman_4.73,,Norway,,2015.0,1,0,0,0,0,0,0,0,0,0
562.99052,Susceptible,WGS,Good,MLST.ecoli_achtman_4.95,,Norway,,2011.0,1,0,0,0,0,0,0,0,0,0
562.98769,Susceptible,WGS,Good,MLST.ecoli_achtman_4.95,,Norway,,2009.0,1,0,0,0,0,0,0,0,0,0
562.100861,Susceptible,WGS,Good,MLST.ecoli_achtman_4.38,,Norway,,2017.0,1,0,0,0,0,0,0,0,0,0
562.99557,Susceptible,WGS,Good,MLST.ecoli_achtman_4.73,,Norway,,2013.0,1,0,0,0,0,0,0,0,0,0
562.99380,Susceptible,WGS,Good,MLST.ecoli_achtman_4.73,,Norway,,2012.0,1,0,0,0,0,0,0,0,0,0
562.99718,Resistant,WGS,Good,MLST.ecoli_achtman_4.1011,,Norway,,2013.0,1,1,1,1,0,0,0,0,0,0
562.22776,Susceptible,WGS,Good,MLST.ecoli_achtman_4.91,PRJEB4681,United Kingdom,,2012.0,0,0,0,0,0,0,0,0,0,0
562.100748,Susceptible,WGS,Good,MLST.ecoli_achtman_4.73,,Norway,,2017.0,1,0,0,0,0,0,0,0,0,0
562.98021,Susceptible,WGS,Good,MLST.ecoli_achtman_4.38,,Norway,,2004.0,1,0,0,0,0,0,0,0,0,0
562.145415,Susceptible,WGS,Good,MLST.ecoli_achtman_4.155,PRJNA273513,Canada,British Columbia,2006.0,1,0,0,0,0,0,0,0,0,0
562.98102,Susceptible,WGS,Good,MLST.ecoli_achtman_4.144,,Norway,,2005.0,1,0,0,0,0,0,0,0,0,0
562.98065,Susceptible,WGS,Good,MLST.ecoli_achtman_4.73,,Norway,,2004.0,1,0,0,0,0,0,0,0,0,0
562.42823,Resistant,WGS,Good,MLST.ecoli_achtman_4.131,PRJNA288601,USA,United States,2014.0,1,1,1,1,0,0,0,0,0,1
562.98959,Susceptible,WGS,Good,MLST.ecoli_achtman_4.783,,Norway,,2010.0,1,0,0,0,0,0,0,0,0,0
562.98677,Susceptible,WGS,Good,MLST.ecoli_achtman_4.95,,Norway,,2009.0,1,0,0,0,0,0,0,0,0,0
562.22775,Susceptible,WGS,Good,MLST.ecoli_achtman_4.58,PRJEB4681,United Kingdom,,2012.0,0,0,0,0,0,0,0,0,0,0
562.98083,Susceptible,WGS,Good,MLST.ecoli_achtman_4.635,,Norway,,2005.0,1,0,0,0,0,0,0,0,0,0
562.100641,Susceptible,WGS,Good,MLST.ecoli_achtman_4.73,,Norway,,2017.0,1,0,0,0,0,0,0,0,0,0
562.144963,Susceptible,WGS,Good,MLST.ecoli_achtman_4.10,PRJEB54735,Portugal,,2020.0,1,0,0,0,0,0,0,0,0,0
562.98857,Susceptible,WGS,Good,MLST.ecoli_achtman_4.95,,Norway,,2010.0,1,1,1,0,0,0,0,0,0,0
562.58719,Resistant,WGS,Good,ST-1431,,Italy,,2014.0,1,1,1,1,0,0,0,0,0,0
562.97104,Susceptible,WGS,Good,MLST.ecoli_achtman_4.648,,United Kingdom,,,1,0,0,0,0,0,0,0,0,0
562.98234,Susceptible,WGS,Good,MLST.ecoli_achtman_4.88,,Norway,,2006.0,1,0,0,0,0,0,0,0,0,0
562.57166,Resistant,WGS,Good,MLST.ecoli_achtman_4.617,,,,2012.0,1,1,1,1,0,0,0,0,0,1
562.100470,Susceptible,WGS,Good,MLST.ecoli_achtman_4.80,,Norway,,2016.0,1,0,0,0,0,0,0,0,0,0
562.135575,Resistant,WGS,Good,MLST.ecoli_achtman_4.167,,India,Chattisgarh (Jan Swasthya Sahyog),2020.0,1,1,1,1,0,0,1,0,0,0
562.98299,Susceptible,WGS,Good,MLST.ecoli_achtman_4.127,,Norway,,2006.0,1,0,0,0,0,0,0,0,0,0
562.57443,Susceptible,WGS,Good,MLST.ecoli_achtman_4.20,,Thailand,,2015.0,1,0,0,0,0,0,1,0,0,0
562.100783,Susceptible,WGS,Good,MLST.ecoli_achtman_4.424,,Norway,,2017.0,1,0,0,0,0,0,0,0,0,0
562.99323,Susceptible,WGS,Good,MLST.ecoli_achtman_4.131,,Norway,,2012.0,1,0,0,0,0,0,0,0,0,0
562.100964,Susceptible,WGS,Good,MLST.ecoli_achtman_4.95,,Norway,,2017.0,1,0,0,0,0,0,0,0,0,0
562.99609,Susceptible,WGS,Good,MLST.ecoli_achtman_4.399,,Norway,,2013.0,1,0,0,0,0,0,0,0,0,0
562.16324,Resistant,Complete,Good,MLST.ecoli_achtman_4.101,PRJNA292902,,,,1,0,0,0,0,0,0,0,0,0
562.145442,Susceptible,WGS,Good,MLST.ecoli_achtman_4.69,PRJNA273513,Canada,,2003.0,1,0,0,0,0,0,0,0,0,0
562.42766,Resistant,WGS,Good,MLST.ecoli_achtman_4.744,PRJNA278886,USA,USA:Boston,2015.0,1,1,1,1,0,0,0,0,0,0
562.65805,Resistant,WGS,Good,MLST.ecoli_achtman_4.410,,Germany,North Rhine-Westphalia,,1,1,1,1,0,0,0,0,0,0
562.100206,Resistant,WGS,Good,MLST.ecoli_achtman_4.131,,Norway,,2015.0,1,1,1,1,0,0,0,0,0,1
562.98080,Susceptible,WGS,Good,MLST.ecoli_achtman_4.95,,Norway,,2005.0,1,0,0,0,0,0,0,0,0,0
562.99062,Susceptible,WGS,Good,MLST.ecoli_achtman_4.95,,Norway,,2011.0,1,0,0,0,0,0,0,0,0,0
562.98923,Susceptible,WGS,Good,MLST.ecoli_achtman_4.73,,Norway,,2010.0,1,0,0,0,0,0,0,0,0,0
562.99539,Susceptible,WGS,Good,MLST.ecoli_achtman_4.59,,Norway,,2013.0,1,0,0,0,0,0,0,0,0,0
562.98467,Susceptible,WGS,Good,MLST.ecoli_achtman_4.73,,Norway,,2007.0,1,0,0,0,0,0,0,0,0,0
562.98702,Susceptible,WGS,Good,MLST.ecoli_achtman_4.69,,Norway,,2009.0,1,0,0,0,0,0,0,0,0,0
562.42688,Susceptible,WGS,Good,MLST.ecoli_achtman_4.3107,PRJNA278886,USA,USA:Boston,2016.0,1,0,0,0,0,0,0,0,0,0
562.96957,Resistant,WGS,Good,MLST.ecoli_achtman_4.131,,United Kingdom,,,1,1,1,1,0,0,0,0,0,1
562.98114,Susceptible,WGS,Good,MLST.ecoli_achtman_4.95,,Norway,,2005.0,1,0,0,0,0,0,0,0,0,0
562.100306,Susceptible,WGS,Good,MLST.ecoli_achtman_4.141,,Norway,,2015.0,1,0,0,0,0,0,0,0,0,0
562.100775,Susceptible,WGS,Good,MLST.ecoli_achtman_4.62,,Norway,,2017.0,1,0,0,0,0,0,0,0,0,0
562.98210,Susceptible,WGS,Good,MLST.ecoli_achtman_4.95,,Norway,,2006.0,1,0,0,0,0,0,0,0,0,0
562.45658,Resistant,WGS,Good,MLST.ecoli_achtman_4.10,PRJNA522294,Pakistan,Pakistan:Islamabad,2016.0,1,1,1,0,0,0,1,0,0,0
562.22507,Susceptible,WGS,Good,MLST.ecoli_achtman_4.405,PRJEB4681,United Kingdom,,2008.0,0,0,0,0,0,0,0,0,0,0
562.99679,Susceptible,WGS,Good,MLST.ecoli_achtman_4.676,,Norway,,2013.0,1,0,0,0,0,0,0,0,0,0
562.22749,Susceptible,WGS,Good,MLST.ecoli_achtman_4.5520,PRJEB4681,United Kingdom,,2012.0,0,0,0,0,0,0,0,0,0,0
562.99939,Resistant,WGS,Good,MLST.ecoli_achtman_4.773,,Norway,,2014.0,1,1,1,1,0,0,0,0,0,0
562.57265,Resistant,WGS,Good,MLST.ecoli_achtman_4.69,,,,2009.0,1,1,1,1,0,0,0,0,0,0
562.99836,Susceptible,WGS,Good,MLST.ecoli_achtman_4.95,,Norway,,2014.0,1,0,0,0,0,0,0,0,0,0
562.98500,Susceptible,WGS,Good,MLST.ecoli_achtman_4.73,,Norway,,2008.0,1,0,0,0,0,0,0,0,0,0
562.98209,Susceptible,WGS,Good,MLST.ecoli_achtman_4.10,,Norway,,2006.0,1,0,0,0,0,0,0,0,0,0
562.97821,Susceptible,WGS,Good,MLST.ecoli_achtman_4.58,,Norway,,2002.0,1,0,0,0,0,0,0,0,0,0
562.22596,Resistant,WGS,Good,MLST.ecoli_achtman_4.131,PRJEB4681,United Kingdom,,2009.0,1,1,1,1,0,0,0,0,0,0
562.99186,Susceptible,WGS,Good,MLST.ecoli_achtman_4.73,,Norway,,2011.0,1,0,0,0,0,0,0,0,0,0
562.99300,Susceptible,WGS,Good,MLST.ecoli_achtman_4.95,,Norway,,2012.0,1,0,0,0,0,0,0,0,0,0
562.99091,Resistant,WGS,Good,MLST.ecoli_achtman_4.117,,Norway,,2011.0,1,1,1,1,0,0,0,0,0,0
562.57222,Susceptible,WGS,Good,MLST.ecoli_achtman_4.69,,,,2017.0,1,1,1,0,0,0,0,0,0,0
562.100873,Susceptible,WGS,Good,MLST.ecoli_achtman_4.3699,,Norway,,2017.0,1,0,0,0,0,0,0,0,0,0
562.96581,Susceptible,WGS,Good,MLST.ecoli_achtman_4.635,,United Kingdom,,,1,0,0,0,0,0,0,0,0,0
562.100735,Susceptible,WGS,Good,MLST.ecoli_achtman_4.127,,Norway,,2017.0,1,0,0,0,0,0,0,0,0,0
562.96584,Susceptible,WGS,Good,MLST.ecoli_achtman_4.4959,,United Kingdom,,,1,0,0,0,0,0,0,0,0,0
562.42642,Susceptible,WGS,Good,MLST.ecoli_achtman_4.58,PRJNA278886,USA,USA:Boston,2015.0,1,0,0,0,0,0,0,0,0,0
562.98200,Susceptible,WGS,Good,MLST.ecoli_achtman_4.69,,Norway,,2005.0,1,1,1,0,0,0,0,0,0,0
562.98542,Resistant,WGS,Good,MLST.ecoli_achtman_4.131,,Norway,,2008.0,1,1,1,1,0,0,0,0,0,0
562.99949,Susceptible,WGS,Good,MLST.ecoli_achtman_4.1674,,Norway,,2014.0,1,0,0,0,0,0,0,0,0,0
562.99788,Susceptible,WGS,Good,MLST.ecoli_achtman_4.428,,Norway,,2014.0,1,0,0,0,0,0,0,0,0,0
562.98983,Susceptible,WGS,Good,MLST.ecoli_achtman_4.73,,Norway,,2010.0,1,0,0,0,0,0,0,0,0,0
562.57262,Resistant,WGS,Good,MLST.ecoli_achtman_4.167,,,,2008.0,1,1,1,1,0,0,0,0,0,1
562.98450,Susceptible,WGS,Good,MLST.ecoli_achtman_4.95,,Norway,,2007.0,1,0,0,0,0,0,0,0,0,0
562.100618,Susceptible,WGS,Good,MLST.ecoli_achtman_4.362,,Norway,,2017.0,1,0,0,0,0,0,0,0,0,0
562.57225,Resistant,WGS,Good,MLST.ecoli_achtman_4.131,,,,2017.0,1,1,1,1,0,0,0,0,0,0
562.98807,Resistant,WGS,Good,MLST.ecoli_achtman_4.131,,Norway,,2009.0,1,1,1,1,0,0,0,0,0,1
562.144977,Susceptible,WGS,Good,MLST.ecoli_achtman_4.718,PRJEB54735,Portugal,,2010.0,1,0,0,0,0,0,0,0,0,0
562.96653,Susceptible,WGS,Good,MLST.ecoli_achtman_4.155,,United Kingdom,,,1,0,0,0,0,0,0,0,0,0
562.99163,Susceptible,WGS,Good,MLST.ecoli_achtman_4.80,,Norway,,2011.0,1,0,0,0,0,0,0,0,0,0
562.96694,Susceptible,WGS,Good,MLST.ecoli_achtman_4.428,,United Kingdom,,,1,1,1,0,0,0,0,0,0,0
562.98595,Susceptible,WGS,Good,MLST.ecoli_achtman_4.80,,Norway,,2008.0,1,0,0,0,0,0,0,0,0,0
562.96609,Susceptible,WGS,Good,MLST.ecoli_achtman_4.59,,United Kingdom,,,1,0,0,0,0,0,0,0,0,0
562.100400,Susceptible,WGS,Good,MLST.ecoli_achtman_4.10234,,Norway,,2016.0,1,0,0,0,0,0,0,0,0,0
562.100012,Susceptible,WGS,Good,MLST.ecoli_achtman_4.73,,Norway,,2015.0,1,0,0,0,0,0,0,0,0,0
562.22536,Resistant,WGS,Good,MLST.ecoli_achtman_4.131,PRJEB4681,United Kingdom,,2008.0,1,1,1,1,0,0,0,0,0,1
562.99321,Susceptible,WGS,Good,MLST.ecoli_achtman_4.38,,Norway,,2012.0,1,1,1,0,0,0,0,0,0,0
562.99351,Susceptible,WGS,Good,MLST.ecoli_achtman_4.14,,Norway,,2012.0,1,0,0,0,0,0,0,0,0,0
562.96781,Resistant,WGS,Good,MLST.ecoli_achtman_4.443,,United Kingdom,,,1,1,1,1,0,0,0,0,0,0
562.96547,Resistant,WGS,Good,MLST.ecoli_achtman_4.1196,,United Kingdom,,,1,1,1,1,0,0,0,0,0,0
562.99696,Susceptible,WGS,Good,MLST.ecoli_achtman_4.73,,Norway,,2013.0,1,0,0,0,0,0,0,0,0,0
562.22480,Susceptible,WGS,Good,MLST.ecoli_achtman_4.88,PRJEB4681,United Kingdom,,2007.0,1,1,1,1,0,0,0,0,0,0
562.99002,Susceptible,WGS,Good,MLST.ecoli_achtman_4.567,,Norway,,2010.0,1,0,0,0,0,0,0,0,0,0
562.98470,Susceptible,WGS,Good,MLST.ecoli_achtman_4.372,,Norway,,2007.0,1,0,0,0,0,0,0,0,0,0
562.100522,Susceptible,WGS,Good,MLST.ecoli_achtman_4.10414,,Norway,,2016.0,1,0,0,0,0,0,0,0,0,0
562.98655,Susceptible,WGS,Good,MLST.ecoli_achtman_4.73,,Norway,,2009.0,1,0,0,0,0,0,0,0,0,0
562.45616,Resistant,WGS,Good,MLST.ecoli_achtman_4.11404,PRJNA522294,Pakistan,Pakistan:Sindh,2016.0,1,1,1,1,0,0,0,0,0,0
562.97103,Susceptible,WGS,Good,MLST.ecoli_achtman_4.7097,,United Kingdom,,,1,0,0,0,0,0,1,0,0,0
562.96585,Susceptible,WGS,Good,MLST.ecoli_achtman_4.635,,United Kingdom,,,1,0,0,0,0,0,0,0,0,0
562.97059,Resistant,WGS,Good,MLST.ecoli_achtman_4.1196,,United Kingdom,,,1,1,1,1,0,0,0,0,0,0
562.98330,Susceptible,WGS,Good,MLST.ecoli_achtman_4.73,,Norway,,2006.0,1,0,0,0,0,0,0,0,0,0
562.57363,Susceptible,WGS,Good,MLST.ecoli_achtman_4.38,,Thailand,,2015.0,1,1,1,0,0,0,0,0,0,0
562.99685,Susceptible,WGS,Good,MLST.ecoli_achtman_4.1333,,Norway,,2013.0,1,0,0,0,0,0,0,0,0,0
562.96881,Susceptible,WGS,Good,MLST.ecoli_achtman_4.3877,,United Kingdom,,,1,0,0,0,0,0,0,0,0,0
562.22474,Susceptible,WGS,Good,MLST.ecoli_achtman_4.73,PRJEB4681,United Kingdom,,2007.0,0,0,0,0,0,0,0,0,0,0
562.96737,Resistant,WGS,Good,MLST.ecoli_achtman_4.448,,United Kingdom,,,1,1,1,1,0,0,0,0,0,0
562.97011,Susceptible,WGS,Good,MLST.ecoli_achtman_4.2598,,United Kingdom,,,1,0,0,0,0,0,0,0,0,0
562.98076,Susceptible,WGS,Good,MLST.ecoli_achtman_4.141,,Norway,,2004.0,1,0,0,0,0,0,0,0,0,0
562.56900,Resistant,WGS,Good,MLST.ecoli_achtman_4.354,,Germany,Bavaria,2012.0,1,1,1,1,0,0,0,0,0,0
562.98693,Susceptible,WGS,Good,MLST.ecoli_achtman_4.141,,Norway,,2009.0,1,0,0,0,0,0,0,0,0,0
562.100776,Susceptible,WGS,Good,MLST.ecoli_achtman_4.1159,,Norway,,2017.0,1,0,0,0,0,0,0,0,0,0
562.97056,Susceptible,WGS,Good,MLST.ecoli_achtman_4.6150,,United Kingdom,,,1,0,0,0,0,0,0,0,0,0
562.97055,Susceptible,WGS,Good,MLST.ecoli_achtman_4.6150,,United Kingdom,,,1,0,0,0,0,0,0,0,0,0
562.99853,Susceptible,WGS,Good,MLST.ecoli_achtman_4.69,,Norway,,2014.0,1,0,0,0,0,0,0,0,0,0
562.99068,Resistant,WGS,Good,MLST.ecoli_achtman_4.453,,Norway,,2011.0,1,1,1,1,0,0,0,0,0,0
562.22436,Susceptible,WGS,Good,MLST.ecoli_achtman_4.5375,PRJEB4681,United Kingdom,,2007.0,0,0,0,0,0,0,0,0,0,0
562.30435,Resistant,Complete,Good,MLST.ecoli_achtman_4.131,PRJNA316321,,,,1,1,1,1,0,0,1,0,0,0
562.98823,Susceptible,WGS,Good,MLST.ecoli_achtman_4.10,,Norway,,2009.0,1,0,0,0,0,0,0,0,0,0
562.22673,Susceptible,WGS,Good,MLST.ecoli_achtman_4.95,PRJEB4681,United Kingdom,,2011.0,0,0,0,0,0,0,0,0,0,0
562.22529,Susceptible,WGS,Good,MLST.ecoli_achtman_4.963,PRJEB4681,United Kingdom,,2008.0,0,0,0,0,0,0,0,0,0,0
562.145011,Susceptible,WGS,Good,MLST.ecoli_achtman_4.442,PRJEB54735,Portugal,,2020.0,1,0,0,0,0,0,0,0,0,0
562.98232,Susceptible,WGS,Good,MLST.ecoli_achtman_4.73,,Norway,,2006.0,1,0,0,0,0,0,0,0,0,0
562.97081,Susceptible,WGS,Good,MLST.ecoli_achtman_4.635,,United Kingdom,,,1,0,0,0,0,0,0,0,0,0
562.96570,Susceptible,WGS,Good,MLST.ecoli_achtman_4.10,,United Kingdom,,,1,0,0,0,0,0,0,0,0,0
562.96574,Susceptible,WGS,Good,MLST.ecoli_achtman_4.10,,United Kingdom,,,1,0,0,0,0,0,0,0,0,0
562.57294,Resistant,WGS,Good,MLST.ecoli_achtman_4.648,,,,2009.0,1,1,1,1,0,0,0,0,0,0
562.100809,Susceptible,WGS,Good,MLST.ecoli_achtman_4.58,,Norway,,2017.0,1,0,0,0,0,0,0,0,0,0
562.97864,Susceptible,WGS,Good,MLST.ecoli_achtman_4.73,,Norway,,2003.0,1,0,0,0,0,0,0,0,0,0
562.97129,Susceptible,WGS,Good,MLST.ecoli_achtman_4.144,,United Kingdom,,,1,0,0,0,0,0,0,0,0,0
562.98123,Susceptible,WGS,Good,MLST.ecoli_achtman_4.399,,Norway,,2005.0,1,0,0,0,0,0,0,0,0,0
562.99948,Resistant,WGS,Good,MLST.ecoli_achtman_4.131,,Norway,,2014.0,1,1,1,1,0,0,0,0,0,1
562.135592,Resistant,WGS,Good,MLST.ecoli_achtman_4.410,,India,Chattisgarh (Jan Swasthya Sahyog),2020.0,1,1,1,1,0,0,0,0,0,1
562.100079,Susceptible,WGS,Good,MLST.ecoli_achtman_4.73,,Norway,,2015.0,1,0,0,0,0,0,0,0,0,0
562.99295,Resistant,WGS,Good,MLST.ecoli_achtman_4.44,,Norway,,2012.0,1,1,1,1,0,0,0,0,0,0
562.22483,Resistant,WGS,Good,MLST.ecoli_achtman_4.131,PRJEB4681,United Kingdom,,2007.0,1,1,1,1,0,0,0,0,0,0
562.98893,Susceptible,WGS,Good,MLST.ecoli_achtman_4.69,,Norway,,2010.0,1,1,1,0,0,0,0,0,0,0
562.97490,Resistant,WGS,Good,MLST.ecoli_achtman_4.1431,,United Kingdom,,,1,1,1,1,0,0,0,0,0,0
562.97212,Susceptible,WGS,Good,MLST.ecoli_achtman_4.7100,,United Kingdom,,,1,0,0,0,0,0,0,0,0,0
562.140834,Resistant,WGS,Good,MLST.ecoli_achtman_4.131,PRJNA530794,USA,"St. Louis, Missouri",2017.0,1,1,1,1,0,0,0,0,0,0
562.98899,Susceptible,WGS,Good,MLST.ecoli_achtman_4.491,,Norway,,2010.0,1,0,0,0,0,0,0,0,0,0
562.100540,Resistant,WGS,Good,MLST.ecoli_achtman_4.224,,Norway,,2016.0,1,1,1,1,0,0,0,0,0,0
562.100069,Susceptible,WGS,Good,MLST.ecoli_achtman_4.2531,,Norway,,2015.0,1,0,0,0,0,0,0,0,0,0
562.98165,Resistant,WGS,Good,MLST.ecoli_achtman_4.73,,Norway,,2005.0,1,1,1,0,0,0,0,0,0,0
562.144990,Susceptible,WGS,Good,MLST.ecoli_achtman_4.216,PRJEB54735,Portugal,,2015.0,1,0,0,0,0,0,0,0,0,0
562.100290,Susceptible,WGS,Good,MLST.ecoli_achtman_4.73,,Norway,,2015.0,1,0,0,0,0,0,0,0,0,0
562.144941,Resistant,WGS,Good,MLST.ecoli_achtman_4.405,PRJNA925003,India,Chattisgarh,,1,1,1,1,0,0,0,0,0,0
562.96622,Susceptible,WGS,Good,MLST.ecoli_achtman_4.155,,United Kingdom,,,1,0,0,0,0,0,0,0,0,0
562.22810,Susceptible,WGS,Good,MLST.ecoli_achtman_4.129,PRJEB4681,United Kingdom,,2012.0,0,0,0,0,0,0,0,0,0,0
562.100009,Susceptible,WGS,Good,MLST.ecoli_achtman_4.34,,Norway,,2015.0,1,1,1,0,0,0,0,0,0,0
562.57082,Susceptible,WGS,Good,MLST.ecoli_achtman_4.131,,,,2008.0,1,0,0,0,0,0,0,0,0,0
562.58708,Susceptible,WGS,Good,ST-720,,Italy,,2014.0,1,0,0,1,0,0,0,0,0,0
562.100308,Susceptible,WGS,Good,MLST.ecoli_achtman_4.83,,Norway,,2015.0,1,0,0,0,0,0,0,0,0,0
562.145030,Susceptible,WGS,Good,MLST.ecoli_achtman_4.13,PRJEB54735,Portugal,,2020.0,1,0,0,0,0,0,0,0,0,0
562.99573,Resistant,WGS,Good,MLST.ecoli_achtman_4.167,,Norway,,2013.0,1,1,1,1,0,0,0,0,0,0
562.65806,Resistant,WGS,Good,MLST.ecoli_achtman_4.410,,Germany,Bavaria,,1,1,1,1,0,0,0,0,0,0
562.100646,Susceptible,WGS,Good,MLST.ecoli_achtman_4.69,,Norway,,2017.0,1,0,0,0,0,0,0,0,0,0
562.99398,Susceptible,WGS,Good,MLST.ecoli_achtman_4.73,,Norway,,2012.0,1,0,0,0,0,0,0,0,0,0
562.145392,Susceptible,WGS,Good,MLST.ecoli_achtman_4.155,PRJNA273513,Canada,British Columbia,2006.0,1,0,0,0,0,0,0,0,0,0
562.57247,Susceptible,WGS,Good,MLST.ecoli_achtman_4.38,,,,2008.0,1,1,1,0,0,0,0,0,0,0
562.99626,Susceptible,WGS,Good,MLST.ecoli_achtman_4.95,,Norway,,2013.0,1,0,0,0,0,0,0,0,0,0
562.100882,Resistant,WGS,Good,MLST.ecoli_achtman_4.1193,,Norway,,2017.0,1,1,1,1,0,0,0,0,0,0
562.22697,Susceptible,WGS,Good,MLST.ecoli_achtman_4.28,PRJEB4681,United Kingdom,,2011.0,0,0,0,0,0,0,0,0,0,0
562.98415,Susceptible,WGS,Good,MLST.ecoli_achtman_4.73,,Norway,,2007.0,1,0,0,0,0,0,0,0,0,0
562.57189,Susceptible,WGS,Good,MLST.ecoli_achtman_4.70,,,,1998.0,1,0,0,0,0,0,0,0,0,0
562.100912,Susceptible,WGS,Good,MLST.ecoli_achtman_4.58,,Norway,,2017.0,1,0,0,0,0,0,1,0,0,0
562.22628,Susceptible,WGS,Good,MLST.ecoli_achtman_4.2967,PRJEB4681,United Kingdom,,2010.0,0,0,0,0,0,0,0,0,0,0
562.96708,Resistant,WGS,Good,MLST.ecoli_achtman_4.1193,,United Kingdom,,,1,1,1,1,0,0,0,0,0,0
562.97489,Resistant,WGS,Good,MLST.ecoli_achtman_4.1431,,United Kingdom,,,1,1,1,1,0,0,0,0,0,0
562.97111,Susceptible,WGS,Good,MLST.ecoli_achtman_4.10,,United Kingdom,,,1,0,0,0,0,0,0,0,0,0
562.57298,Resistant,WGS,Good,MLST.ecoli_achtman_4.393,,,,2009.0,1,1,1,1,0,0,0,0,0,0
562.145003,Susceptible,WGS,Good,MLST.ecoli_achtman_4.13,PRJEB54735,Portugal,,2020.0,1,0,0,0,0,0,0,0,0,0
562.99934,Susceptible,WGS,Good,MLST.ecoli_achtman_4.73,,Norway,,2014.0,1,0,0,0,0,0,0,0,0,0
562.31463,Resistant,WGS,Good,MLST.ecoli_achtman_4.410,PRJEB23541,Tanzania,Moshi,2013.0,1,1,1,1,0,0,0,0,0,1
562.97272,Susceptible,WGS,Good,MLST.ecoli_achtman_4.2521,,United Kingdom,,,1,0,0,0,0,0,0,0,0,0
562.45605,Resistant,WGS,Good,MLST.ecoli_achtman_4.101,PRJNA522294,Pakistan,Pakistan:Sindh,2016.0,1,1,1,1,0,0,1,0,0,0
562.98904,Susceptible,WGS,Good,MLST.ecoli_achtman_4.428,,Norway,,2010.0,1,0,0,0,0,0,0,0,0,0
562.100569,Susceptible,WGS,Good,MLST.ecoli_achtman_4.73,,Norway,,2016.0,1,0,0,0,0,0,0,0,0,0
562.98390,Susceptible,WGS,Good,MLST.ecoli_achtman_4.127,,Norway,,2007.0,1,0,0,0,0,0,0,0,0,0
562.98957,Susceptible,WGS,Good,MLST.ecoli_achtman_4.10274,,Norway,,2010.0,1,0,0,0,0,0,0,0,0,0
562.42748,Susceptible,WGS,Good,MLST.ecoli_achtman_4.7581,PRJNA278886,USA,USA:Boston,2017.0,1,0,0,0,0,0,0,0,0,0
562.100139,Resistant,WGS,Good,MLST.ecoli_achtman_4.73,,Norway,,2015.0,1,1,1,0,0,0,0,0,0,0
562.99325,Susceptible,WGS,Good,MLST.ecoli_achtman_4.95,,Norway,,2012.0,1,0,0,0,0,0,0,0,0,0
562.99124,Susceptible,WGS,Good,MLST.ecoli_achtman_4.12,,Norway,,2011.0,1,0,0,0,0,0,0,0,0,0
562.22604,Susceptible,WGS,Good,MLST.ecoli_achtman_4.95,PRJEB4681,United Kingdom,,2009.0,0,0,0,0,0,0,0,0,0,0
562.100016,Susceptible,WGS,Good,MLST.ecoli_achtman_4.2328,,Norway,,2015.0,1,0,0,0,0,0,0,0,0,0
562.99027,Susceptible,WGS,Good,MLST.ecoli_achtman_4.537,,Norway,,2011.0,1,0,0,0,0,0,0,0,0,0
562.99249,Susceptible,WGS,Good,MLST.ecoli_achtman_4.131,,Norway,,2011.0,1,1,1,0,0,0,0,0,0,0
562.98646,Susceptible,WGS,Good,MLST.ecoli_achtman_4.421,,Norway,,2009.0,1,0,0,0,0,0,0,0,0,0
562.58709,Resistant,WGS,Good,MLST.ecoli_achtman_4.155,,Italy,,2014.0,1,1,1,1,0,0,0,0,0,0
562.145816,Susceptible,WGS,Good,MLST.ecoli_achtman_4.131,PRJNA273513,Canada,,2005.0,1,0,0,0,0,0,0,0,0,0
562.140844,Resistant,WGS,Good,MLST.ecoli_achtman_4.131,PRJNA530794,USA,"St. Louis, Missouri",2017.0,1,1,1,1,0,0,0,0,0,0
562.97809,Susceptible,WGS,Good,MLST.ecoli_achtman_4.117,,Norway,,2003.0,1,0,0,0,0,0,0,0,0,0
562.99131,Susceptible,WGS,Good,MLST.ecoli_achtman_4.73,,Norway,,2011.0,1,0,0,0,0,0,0,0,0,0
562.99005,Susceptible,WGS,Good,MLST.ecoli_achtman_4.14,,Norway,,2010.0,1,0,0,0,0,0,0,0,0,0
562.97749,Susceptible,WGS,Good,MLST.ecoli_achtman_4.127,,Norway,,2002.0,1,0,0,0,0,0,0,0,0,0
562.100445,Resistant,WGS,Good,MLST.ecoli_achtman_4.1193,,Norway,,2016.0,1,1,1,1,0,0,0,0,0,0
562.97313,Susceptible,WGS,Good,MLST.ecoli_achtman_4.59,,United Kingdom,,,1,0,0,0,0,0,0,0,0,0
562.96730,Susceptible,WGS,Good,MLST.ecoli_achtman_4.69,,United Kingdom,,,1,0,0,0,0,0,0,0,0,0
562.96447,Susceptible,WGS,Good,MLST.ecoli_achtman_4.212,,United Kingdom,,,1,0,0,0,0,0,0,0,0,0
562.100600,Susceptible,WGS,Good,MLST.ecoli_achtman_4.95,,Norway,,2016.0,1,1,1,0,0,0,0,0,0,0
562.135564,Resistant,WGS,Good,MLST.ecoli_achtman_4.405,,India,Chattisgarh (Jan Swasthya Sahyog),2019.0,1,1,1,1,0,0,0,0,0,0
562.97276,Resistant,WGS,Good,MLST.ecoli_achtman_4.443,,United Kingdom,,,1,1,1,1,0,0,0,0,0,0
562.100876,Susceptible,WGS,Good,MLST.ecoli_achtman_4.3246,,Norway,,2017.0,1,0,0,1,0,0,0,0,0,0
562.58769,Susceptible,WGS,Good,MLST.ecoli_achtman_4.641,,Singapore,,2009.0,1,1,1,0,0,0,0,0,0,0
562.98832,Resistant,WGS,Good,MLST.ecoli_achtman_4.10,,Norway,,2010.0,1,1,1,1,0,0,0,0,0,0
562.98977,Susceptible,WGS,Good,MLST.ecoli_achtman_4.73,,Norway,,2010.0,1,0,0,0,0,0,0,0,0,0
562.57193,Susceptible,WGS,Good,MLST.ecoli_achtman_4.59,,,,2005.0,1,0,0,0,0,0,0,0,0,0
562.42799,Resistant,WGS,Good,MLST.ecoli_achtman_4.131,PRJNA278886,USA,USA:Boston,2014.0,1,1,1,1,0,0,0,0,0,1
562.98496,Susceptible,WGS,Good,MLST.ecoli_achtman_4.538,,Norway,,2008.0,1,0,0,0,0,0,0,0,0,0
562.99965,Susceptible,WGS,Good,MLST.ecoli_achtman_4.961,,Norway,,2014.0,1,0,0,0,0,0,0,0,0,0
562.97115,Susceptible,WGS,Good,MLST.ecoli_achtman_4.10,,United Kingdom,,,1,0,0,0,0,0,0,0,0,0
562.42722,Resistant,WGS,Good,MLST.ecoli_achtman_4.405,PRJNA278886,USA,USA:Boston,2016.0,1,1,1,1,0,0,0,0,0,0
562.98193,Susceptible,WGS,Good,MLST.ecoli_achtman_4.95,,Norway,,2005.0,1,0,0,0,0,0,0,0,0,0
562.42841,Resistant,WGS,Good,MLST.ecoli_achtman_4.131,PRJNA288601,USA,United States,2014.0,1,1,1,1,0,0,0,0,0,1
562.57110,Susceptible,WGS,Good,MLST.ecoli_achtman_4.38,,,,2017.0,1,0,0,0,0,0,0,0,0,0
562.57233,Susceptible,WGS,Good,MLST.ecoli_achtman_4.1146,,,,2017.0,1,0,0,0,0,0,0,0,0,0
562.99013,Susceptible,WGS,Good,MLST.ecoli_achtman_4.28,,Norway,,2010.0,1,0,0,0,0,0,0,0,0,0
562.99786,Susceptible,WGS,Good,MLST.ecoli_achtman_4.295,,Norway,,2014.0,1,0,0,0,0,0,0,0,0,0
562.97254,Resistant,WGS,Good,MLST.ecoli_achtman_4.443,,United Kingdom,,,1,1,1,1,0,0,0,0,0,0
562.99044,Susceptible,WGS,Good,MLST.ecoli_achtman_4.131,,Norway,,2011.0,1,0,0,0,0,0,0,0,0,0
562.96643,Susceptible,WGS,Good,MLST.ecoli_achtman_4.1297,,United Kingdom,,,1,0,0,0,0,0,0,0,0,0
562.98553,Susceptible,WGS,Good,MLST.ecoli_achtman_4.206,,Norway,,2008.0,1,0,0,1,0,0,0,0,0,0
562.42812,Resistant,WGS,Good,MLST.ecoli_achtman_4.131,PRJNA278886,USA,USA:Boston,2014.0,1,1,1,1,0,0,0,0,0,1
562.98089,Susceptible,WGS,Good,MLST.ecoli_achtman_4.95,,Norway,,2005.0,1,0,0,0,0,0,0,0,0,0
562.58726,Resistant,WGS,Good,ST-744,,Italy,,2014.0,1,1,1,1,0,0,0,0,0,0
562.100065,Susceptible,WGS,Good,MLST.ecoli_achtman_4.154,,Norway,,2015.0,1,0,0,0,0,0,0,0,0,0
562.97352,Susceptible,WGS,Good,MLST.ecoli_achtman_4.6286,,United Kingdom,,,1,0,0,0,0,0,0,0,0,0
562.96888,Susceptible,WGS,Good,MLST.ecoli_achtman_4.7102,,United Kingdom,,,1,0,0,0,0,0,0,0,0,0
562.98581,Susceptible,WGS,Good,MLST.ecoli_achtman_4.372,,Norway,,2008.0,1,0,0,0,0,0,0,0,0,0
562.98865,Susceptible,WGS,Good,MLST.ecoli_achtman_4.69,,Norway,,2010.0,1,0,0,0,0,0,0,0,0,0
562.99258,Susceptible,WGS,Good,MLST.ecoli_achtman_4.421,,Norway,,2012.0,1,0,0,0,0,0,0,0,0,0
562.145018,Susceptible,WGS,Good,MLST.ecoli_achtman_4.10,PRJEB54735,Portugal,,2021.0,1,1,1,0,0,0,0,0,0,0
562.100687,Susceptible,WGS,Good,MLST.ecoli_achtman_4.95,,Norway,,2017.0,1,0,0,0,0,0,0,0,0,0
562.98723,Susceptible,WGS,Good,MLST.ecoli_achtman_4.59,,Norway,,2009.0,1,0,0,0,0,0,0,0,0,0
562.100904,Susceptible,WGS,Good,MLST.ecoli_achtman_4.696,,Norway,,2017.0,1,0,0,0,0,0,0,0,0,0
562.99048,Resistant,WGS,Good,MLST.ecoli_achtman_4.443,,Norway,,2011.0,1,1,1,1,0,0,0,0,0,0
562.145004,Susceptible,WGS,Good,MLST.ecoli_achtman_4.753,PRJEB54735,Portugal,,2020.0,1,0,0,0,0,0,0,0,0,0
562.99243,Susceptible,WGS,Good,MLST.ecoli_achtman_4.355,,Norway,,2012.0,1,0,0,0,0,0,0,0,0,0
562.96729,Resistant,WGS,Good,MLST.ecoli_achtman_4.131,,United Kingdom,,,1,1,1,1,0,0,0,0,0,1
562.100818,Susceptible,WGS,Good,MLST.ecoli_achtman_4.394,,Norway,,2017.0,1,0,0,0,0,0,0,0,0,0
562.99138,Susceptible,WGS,Good,MLST.ecoli_achtman_4.14,,Norway,,2011.0,1,0,0,0,0,0,0,0,0,0
562.98198,Susceptible,WGS,Good,MLST.ecoli_achtman_4.101,,Norway,,2005.0,1,0,0,0,0,0,0,0,0,0
562.57184,Resistant,WGS,Good,MLST.ecoli_achtman_4.8862,,,,2002.0,1,0,0,0,0,0,0,0,0,0
562.57489,Resistant,WGS,Good,MLST.ecoli_achtman_4.5941,,Thailand,,2015.0,1,1,1,1,0,0,0,0,0,0
562.57213,Susceptible,WGS,Good,MLST.ecoli_achtman_4.2320,,,,2017.0,1,0,0,0,0,0,0,0,0,0
562.98382,Susceptible,WGS,Good,MLST.ecoli_achtman_4.10,,Norway,,2007.0,1,0,0,0,0,0,0,0,0,0
562.140840,Resistant,WGS,Good,MLST.ecoli_achtman_4.131,PRJNA530794,USA,"St. Louis, Missouri",2017.0,1,1,1,1,0,0,0,0,0,0
562.100672,Susceptible,WGS,Good,MLST.ecoli_achtman_4.69,,Norway,,2017.0,1,0,0,0,0,0,0,0,0,0
562.98093,Susceptible,WGS,Good,MLST.ecoli_achtman_4.59,,Norway,,2005.0,1,0,0,0,0,0,0,0,0,0
562.42836,Susceptible,WGS,Good,MLST.ecoli_achtman_4.131,PRJNA288601,USA,United States,2014.0,1,1,1,0,0,0,0,0,0,0
562.100752,Resistant,WGS,Good,MLST.ecoli_achtman_4.38,,Norway,,2017.0,1,1,1,0,0,0,0,0,0,0
562.98039,Susceptible,WGS,Good,MLST.ecoli_achtman_4.69,,Norway,,2004.0,1,0,0,0,0,0,0,0,0,0
562.57412,Resistant,WGS,Good,MLST.ecoli_achtman_4.410,,Thailand,,2015.0,1,1,1,1,0,0,0,0,0,1
562.96595,Susceptible,WGS,Good,MLST.ecoli_achtman_4.4959,,United Kingdom,,,1,0,0,0,0,0,0,0,0,0
562.98025,Susceptible,WGS,Good,MLST.ecoli_achtman_4.73,,Norway,,2004.0,1,0,0,0,0,0,0,0,0,0
562.98199,Susceptible,WGS,Good,MLST.ecoli_achtman_4.393,,Norway,,2005.0,1,0,0,1,0,0,0,0,0,0
562.57237,Susceptible,WGS,Good,MLST.ecoli_achtman_4.62,,,,2017.0,1,1,1,0,0,0,0,0,0,0
562.145034,Susceptible,WGS,Good,MLST.ecoli_achtman_4.442,PRJEB54735,Portugal,,2020.0,1,0,0,0,0,0,0,0,0,0
562.57405,Resistant,WGS,Good,MLST.ecoli_achtman_4.131,,Thailand,,2015.0,1,1,1,1,0,0,0,0,0,0
562.99148,Susceptible,WGS,Good,MLST.ecoli_achtman_4.127,,Norway,,2011.0,1,0,0,0,0,0,0,0,0,0
562.98809,Susceptible,WGS,Good,MLST.ecoli_achtman_4.73,,Norway,,2009.0,1,0,0,0,0,0,0,0,0,0
562.57139,Susceptible,WGS,Good,MLST.ecoli_achtman_4.130,,,,,1,0,0,1,0,0,0,0,0,0
562.98835,Susceptible,WGS,Good,MLST.ecoli_achtman_4.117,,Norway,,2010.0,1,1,1,0,0,0,0,0,0,0
562.98171,Susceptible,WGS,Good,MLST.ecoli_achtman_4.706,,Norway,,2005.0,1,0,0,0,0,0,0,0,0,0
562.99445,Susceptible,WGS,Good,MLST.ecoli_achtman_4.126,,Norway,,2012.0,1,0,0,0,0,0,0,0,0,0
562.57311,Susceptible,WGS,Good,MLST.ecoli_achtman_4.73,,,,2017.0,1,1,1,0,0,0,0,0,0,0
562.96712,Resistant,WGS,Good,MLST.ecoli_achtman_4.1193,,United Kingdom,,,1,1,1,1,0,0,0,0,0,0
562.97251,Susceptible,WGS,Good,MLST.ecoli_achtman_4.2521,,United Kingdom,,,1,0,0,0,0,0,0,0,0,0
562.99067,Susceptible,WGS,Good,MLST.ecoli_achtman_4.135,,Norway,,2011.0,1,0,0,0,0,0,0,0,0,0
562.99880,Susceptible,WGS,Good,MLST.ecoli_achtman_4.73,,Norway,,2014.0,1,0,0,0,0,0,0,0,0,0
562.99974,Susceptible,WGS,Good,MLST.ecoli_achtman_4.73,,Norway,,2014.0,1,0,0,0,0,0,0,0,0,0
562.98895,Susceptible,WGS,Good,MLST.ecoli_achtman_4.327,,Norway,,2010.0,1,0,0,0,0,0,0,0,0,0
562.144914,Resistant,WGS,Good,MLST.ecoli_achtman_4.131,PRJNA925003,India,Chattisgarh,,1,1,1,1,0,0,0,0,0,1
562.144927,Resistant,WGS,Good,MLST.ecoli_achtman_4.2450,PRJNA925003,India,Chattisgarh,,1,1,1,1,0,0,0,0,0,1
562.45652,Resistant,WGS,Good,,PRJNA522294,Pakistan,Pakistan:Punjab,2016.0,1,1,1,1,0,0,0,0,0,0
562.22813,Resistant,WGS,Good,MLST.ecoli_achtman_4.131,PRJEB4681,United Kingdom,,2012.0,1,1,1,1,0,0,0,0,0,1
562.97461,Susceptible,WGS,Good,MLST.ecoli_achtman_4.3006,,United Kingdom,,,1,0,0,0,0,0,0,0,0,0
562.22495,Resistant,WGS,Good,MLST.ecoli_achtman_4.1594,PRJEB4681,United Kingdom,,2008.0,1,1,1,1,0,0,0,0,0,0
562.144991,Susceptible,WGS,Good,MLST.ecoli_achtman_4.69,PRJEB54735,Portugal,,2021.0,1,0,0,0,0,0,0,0,0,0
562.97843,Susceptible,WGS,Good,MLST.ecoli_achtman_4.95,,Norway,,2002.0,1,0,0,0,0,0,0,0,0,0
562.100918,Susceptible,WGS,Good,MLST.ecoli_achtman_4.1161,,Norway,,2017.0,1,0,0,0,0,0,0,0,0,0
562.100095,Susceptible,WGS,Good,MLST.ecoli_achtman_4.349,,Norway,,2015.0,1,0,0,0,0,0,0,0,0,0
562.99827,Susceptible,WGS,Good,MLST.ecoli_achtman_4.357,,Norway,,2014.0,1,0,0,0,0,0,0,0,0,0
562.57206,Susceptible,WGS,Good,MLST.ecoli_achtman_4.73,,,,,1,0,0,0,0,0,0,0,0,0
562.99259,Susceptible,WGS,Good,MLST.ecoli_achtman_4.73,,Norway,,2012.0,1,0,0,0,0,0,0,0,0,0
562.99174,Susceptible,WGS,Good,MLST.ecoli_achtman_4.73,,Norway,,2011.0,1,0,0,0,0,0,0,0,0,0
562.99229,Susceptible,WGS,Good,MLST.ecoli_achtman_4.69,,Norway,,2011.0,1,0,0,0,0,0,0,0,0,0
562.100183,Resistant,WGS,Good,MLST.ecoli_achtman_4.131,,Norway,,2015.0,1,1,1,1,0,0,0,0,0,1
562.42639,Resistant,WGS,Good,MLST.ecoli_achtman_4.205,PRJNA278886,USA,USA:Boston,2015.0,1,1,1,1,0,0,0,0,0,0
562.99424,Susceptible,WGS,Good,MLST.ecoli_achtman_4.127,,Norway,,2012.0,1,0,0,0,0,0,0,0,0,0
562.99285,Susceptible,WGS,Good,MLST.ecoli_achtman_4.131,,Norway,,2012.0,1,0,0,0,0,0,0,0,0,0
562.100214,Susceptible,WGS,Good,MLST.ecoli_achtman_4.73,,Norway,,2015.0,1,0,0,0,0,0,0,0,0,0
562.97294,Resistant,WGS,Good,MLST.ecoli_achtman_4.131,,United Kingdom,,,1,1,1,1,0,0,0,0,0,0
562.99602,Susceptible,WGS,Good,MLST.ecoli_achtman_4.95,,Norway,,2013.0,1,0,0,0,0,0,0,0,0,0
562.99342,Susceptible,WGS,Good,MLST.ecoli_achtman_4.131,,Norway,,2012.0,1,1,1,0,0,0,0,0,0,0
562.42645,Resistant,WGS,Good,MLST.ecoli_achtman_4.131,PRJNA278886,USA,USA:Boston,2015.0,1,1,1,1,0,0,0,0,0,0
562.57467,Susceptible,WGS,Good,MLST.ecoli_achtman_4.442,,Thailand,,2015.0,1,0,0,0,0,0,1,0,0,0
562.98435,Susceptible,WGS,Good,MLST.ecoli_achtman_4.95,,Norway,,2007.0,1,0,0,0,0,0,0,0,0,0
562.100940,Susceptible,WGS,Good,MLST.ecoli_achtman_4.127,,Norway,,2017.0,1,0,0,0,0,0,0,0,0,0
562.99940,Susceptible,WGS,Good,MLST.ecoli_achtman_4.12,,Norway,,2014.0,1,0,0,0,0,0,0,0,0,0
562.100949,Susceptible,WGS,Good,MLST.ecoli_achtman_4.95,,Norway,,2017.0,1,0,0,0,0,0,0,0,0,0
562.98058,Susceptible,WGS,Good,MLST.ecoli_achtman_4.59,,Norway,,2004.0,1,0,0,0,0,0,0,0,0,0
562.99337,Susceptible,WGS,Good,MLST.ecoli_achtman_4.73,,Norway,,2012.0,1,0,0,0,0,0,0,0,0,0
562.96519,Resistant,WGS,Good,MLST.ecoli_achtman_4.131,,United Kingdom,,,1,1,1,1,0,0,0,0,0,0
562.22634,Susceptible,WGS,Good,MLST.ecoli_achtman_4.73,PRJEB4681,United Kingdom,,2010.0,0,0,0,0,0,0,0,0,0,0
562.22595,Resistant,WGS,Good,MLST.ecoli_achtman_4.131,PRJEB4681,United Kingdom,,2009.0,1,1,1,1,0,0,0,0,0,1
562.59225,Susceptible,WGS,Good,MLST.ecoli_achtman_4.5474,PRJEB36565,Rwanda,Rwanda,2014.0,1,0,0,0,0,1,0,0,0,1
562.98090,Susceptible,WGS,Good,MLST.ecoli_achtman_4.59,,Norway,,2005.0,1,0,0,0,0,0,0,0,0,0
562.96446,Resistant,WGS,Good,MLST.ecoli_achtman_4.131,,United Kingdom,,,1,1,1,1,0,0,0,0,0,1
562.99526,Susceptible,WGS,Good,MLST.ecoli_achtman_4.14,,Norway,,2013.0,1,0,0,0,0,0,0,0,0,0
562.42765,Resistant,WGS,Good,MLST.ecoli_achtman_4.131,PRJNA278886,USA,USA:Boston,2015.0,1,1,1,1,0,0,0,0,0,1
562.22457,Resistant,WGS,Good,MLST.ecoli_achtman_4.648,PRJEB4681,United Kingdom,,2007.0,1,1,1,1,0,0,0,0,0,1
562.57232,Susceptible,WGS,Good,MLST.ecoli_achtman_4.2320,,,,2017.0,1,0,0,0,0,0,0,0,0,0
562.98745,Susceptible,WGS,Good,MLST.ecoli_achtman_4.73,,Norway,,2009.0,1,0,0,0,0,0,0,0,0,0
562.100162,Susceptible,WGS,Good,MLST.ecoli_achtman_4.73,,Norway,,2015.0,1,0,0,0,0,0,0,0,0,0
562.97234,Susceptible,WGS,Good,MLST.ecoli_achtman_4.7094,,United Kingdom,,,1,0,0,0,0,0,0,0,0,0
562.97224,Resistant,WGS,Good,MLST.ecoli_achtman_4.443,,United Kingdom,,,1,1,1,1,0,0,0,0,0,0
562.97345,Susceptible,WGS,Good,MLST.ecoli_achtman_4.59,,United Kingdom,,,1,0,0,0,0,0,0,0,0,0
562.100101,Susceptible,WGS,Good,MLST.ecoli_achtman_4.1618,,Norway,,2015.0,1,0,0,0,0,0,0,0,0,0
562.22743,Susceptible,WGS,Good,MLST.ecoli_achtman_4.547,PRJEB4681,United Kingdom,,2012.0,0,0,0,0,0,0,0,0,0,0
562.100262,Resistant,WGS,Good,MLST.ecoli_achtman_4.131,,Norway,,2015.0,1,1,1,1,0,0,0,0,0,0
562.100557,Susceptible,WGS,Good,MLST.ecoli_achtman_4.126,,Norway,,2016.0,1,0,0,0,0,0,0,0,0,0
562.96545,Resistant,WGS,Good,MLST.ecoli_achtman_4.1196,,United Kingdom,,,1,1,1,1,0,0,0,0,0,0
562.97437,Susceptible,WGS,Good,MLST.ecoli_achtman_4.95,,United Kingdom,,,1,0,0,0,0,0,0,0,0,0
562.98423,Susceptible,WGS,Good,MLST.ecoli_achtman_4.12,,Norway,,2007.0,1,0,0,0,0,0,0,0,0,0
562.100745,Susceptible,WGS,Good,MLST.ecoli_achtman_4.1170,,Norway,,2017.0,1,0,0,0,0,0,0,0,0,0
562.57402,Susceptible,WGS,Good,MLST.ecoli_achtman_4.398,,Thailand,,2015.0,1,0,0,0,0,0,1,0,0,0
562.97473,Susceptible,WGS,Good,MLST.ecoli_achtman_4.127,,United Kingdom,,,1,0,0,0,0,0,0,0,0,0
562.100246,Susceptible,WGS,Good,MLST.ecoli_achtman_4.421,,Norway,,2015.0,1,0,0,0,0,0,0,0,0,0
562.99814,Susceptible,WGS,Good,MLST.ecoli_achtman_4.73,,Norway,,2014.0,1,0,0,0,0,0,0,0,0,0
562.99864,Susceptible,WGS,Good,MLST.ecoli_achtman_4.95,,Norway,,2014.0,1,0,0,0,0,0,0,0,0,0
562.98805,Susceptible,WGS,Good,MLST.ecoli_achtman_4.73,,Norway,,2009.0,1,0,0,0,0,0,0,0,0,0
562.99021,Susceptible,WGS,Good,MLST.ecoli_achtman_4.345,,Norway,,2010.0,1,0,0,0,0,0,0,0,0,0
562.100765,Susceptible,WGS,Good,MLST.ecoli_achtman_4.12,,Norway,,2017.0,1,0,0,0,0,0,0,0,0,0
562.97822,Susceptible,WGS,Good,MLST.ecoli_achtman_4.141,,Norway,,2002.0,1,0,0,0,0,0,0,0,0,0
562.100738,Susceptible,WGS,Good,MLST.ecoli_achtman_4.1567,,Norway,,2017.0,1,0,0,0,0,0,0,0,0,0
562.98787,Susceptible,WGS,Good,MLST.ecoli_achtman_4.69,,Norway,,2009.0,1,0,0,0,0,0,0,0,0,0
562.99519,Susceptible,WGS,Good,MLST.ecoli_achtman_4.10,,Norway,,2013.0,1,1,1,0,0,0,0,0,0,0
562.98799,Susceptible,WGS,Good,MLST.ecoli_achtman_4.73,,Norway,,2009.0,1,0,0,0,0,0,0,0,0,0
562.99201,Susceptible,WGS,Good,MLST.ecoli_achtman_4.38,,Norway,,2011.0,1,0,0,0,0,0,0,0,0,0
562.99219,Susceptible,WGS,Good,MLST.ecoli_achtman_4.73,,Norway,,2011.0,1,0,0,0,0,0,0,0,0,0
562.97894,Susceptible,WGS,Good,MLST.ecoli_achtman_4.95,,Norway,,2003.0,1,0,0,0,0,0,0,0,0,0
562.97232,Susceptible,WGS,Good,MLST.ecoli_achtman_4.7094,,United Kingdom,,,1,0,0,0,0,0,0,0,0,0
562.98461,Susceptible,WGS,Good,MLST.ecoli_achtman_4.421,,Norway,,2007.0,1,0,0,0,0,0,0,0,0,0
562.100886,Susceptible,WGS,Good,MLST.ecoli_achtman_4.131,,Norway,,2017.0,1,1,1,0,0,0,0,0,0,0
562.57174,Susceptible,WGS,Good,MLST.ecoli_achtman_4.10,,,,,1,0,0,0,0,0,0,0,0,0
562.100832,Susceptible,WGS,Good,MLST.ecoli_achtman_4.73,,Norway,,2017.0,1,0,0,0,0,0,0,0,0,0
562.100180,Susceptible,WGS,Good,MLST.ecoli_achtman_4.48,,Norway,,2015.0,1,0,0,0,0,0,0,0,0,0
562.99318,Susceptible,WGS,Good,MLST.ecoli_achtman_4.457,,Norway,,2012.0,1,0,0,0,0,0,0,0,0,0
562.96859,Susceptible,WGS,Good,MLST.ecoli_achtman_4.336,,United Kingdom,,,1,0,0,0,0,0,0,0,0,0
562.97071,Resistant,WGS,Good,MLST.ecoli_achtman_4.131,,United Kingdom,,,1,1,1,1,0,0,0,0,0,1
562.22686,Susceptible,WGS,Good,MLST.ecoli_achtman_4.73,PRJEB4681,United Kingdom,,2011.0,0,0,0,0,0,0,0,0,0,0
562.97447,Susceptible,WGS,Good,MLST.ecoli_achtman_4.131,,United Kingdom,,,1,0,0,0,0,0,0,0,0,0
562.98741,Susceptible,WGS,Good,MLST.ecoli_achtman_4.73,,Norway,,2009.0,1,0,0,0,0,0,0,0,0,0
562.100812,Susceptible,WGS,Good,MLST.ecoli_achtman_4.919,,Norway,,2017.0,1,0,0,0,0,0,0,0,0,0
562.42665,Resistant,WGS,Good,MLST.ecoli_achtman_4.90,PRJNA278886,USA,USA:Boston,2016.0,1,1,1,1,0,1,0,0,0,1
562.98919,Susceptible,WGS,Good,MLST.ecoli_achtman_4.73,,Norway,,2010.0,1,0,0,0,0,0,0,0,0,0
562.100828,Susceptible,WGS,Good,MLST.ecoli_achtman_4.73,,Norway,,2017.0,1,0,0,0,0,0,0,0,0,0
562.100645,Susceptible,WGS,Good,MLST.ecoli_achtman_4.421,,Norway,,2017.0,1,0,0,0,0,0,0,0,0,0
562.98173,Susceptible,WGS,Good,MLST.ecoli_achtman_4.131,,Norway,,2005.0,1,0,0,0,0,0,0,0,0,0
562.42792,Resistant,WGS,Good,MLST.ecoli_achtman_4.131,PRJNA278886,USA,USA:Boston,2014.0,1,1,1,1,0,0,0,0,0,1
562.42826,Resistant,WGS,Good,MLST.ecoli_achtman_4.131,PRJNA288601,USA,United States,2012.0,1,1,1,1,0,0,0,0,0,0
562.98484,Susceptible,WGS,Good,MLST.ecoli_achtman_4.106,,Norway,,2008.0,1,0,0,1,0,0,0,0,0,0
562.99865,Susceptible,WGS,Good,MLST.ecoli_achtman_4.12,,Norway,,2014.0,1,0,0,0,0,0,0,0,0,0
562.140894,Resistant,WGS,Good,MLST.ecoli_achtman_4.131,PRJNA530794,USA,"St. Louis, Missouri",2017.0,1,1,1,1,0,0,0,0,0,1
562.99620,Susceptible,WGS,Good,MLST.ecoli_achtman_4.998,,Norway,,2013.0,1,0,0,0,0,0,0,0,0,0
562.100276,Susceptible,WGS,Good,MLST.ecoli_achtman_4.127,,Norway,,2015.0,1,0,0,0,0,0,0,0,0,0
562.22607,Susceptible,WGS,Good,MLST.ecoli_achtman_4.117,PRJEB4681,United Kingdom,,2009.0,1,1,1,0,0,0,0,0,0,0
562.99929,Resistant,WGS,Good,MLST.ecoli_achtman_4.1193,,Norway,,2014.0,1,1,1,1,0,0,0,0,0,0
562.145028,Susceptible,WGS,Good,MLST.ecoli_achtman_4.590,PRJEB54735,Portugal,,2020.0,1,0,0,0,0,0,0,0,0,0
562.22618,Susceptible,WGS,Good,MLST.ecoli_achtman_4.1722,PRJEB4681,United Kingdom,,2010.0,0,0,0,0,0,0,0,0,0,0
562.97156,Susceptible,WGS,Good,MLST.ecoli_achtman_4.58,,United Kingdom,,,1,0,0,0,0,0,0,0,0,0
562.98638,Susceptible,WGS,Good,MLST.ecoli_achtman_4.131,,Norway,,2008.0,1,0,0,0,0,0,0,0,0,0
562.98439,Susceptible,WGS,Good,MLST.ecoli_achtman_4.73,,Norway,,2007.0,1,0,0,0,0,0,0,0,0,0
562.97879,Susceptible,WGS,Good,MLST.ecoli_achtman_4.95,,Norway,,2003.0,1,0,0,0,0,0,0,0,0,0
562.98394,Susceptible,WGS,Good,MLST.ecoli_achtman_4.73,,Norway,,2007.0,1,0,0,0,0,0,0,0,0,0
562.98594,Susceptible,WGS,Good,MLST.ecoli_achtman_4.141,,Norway,,2008.0,1,0,0,0,0,0,0,0,0,0
562.99209,Resistant,WGS,Good,MLST.ecoli_achtman_4.648,,Norway,,2011.0,1,1,1,1,0,0,0,0,0,0
562.42873,Resistant,WGS,Good,MLST.ecoli_achtman_4.131,PRJNA288601,USA,United States,2014.0,1,1,1,1,0,0,0,0,0,0
562.99502,Susceptible,WGS,Good,MLST.ecoli_achtman_4.95,,Norway,,2012.0,1,0,0,0,0,0,0,0,0,0
562.98293,Susceptible,WGS,Good,MLST.ecoli_achtman_4.95,,Norway,,2006.0,1,0,0,0,0,0,0,0,0,0
562.96444,Resistant,WGS,Good,MLST.ecoli_achtman_4.131,,United Kingdom,,,1,1,1,1,0,0,0,0,0,1
562.98419,Susceptible,WGS,Good,MLST.ecoli_achtman_4.10,,Norway,,2007.0,1,0,0,0,0,0,0,0,0,0
562.100033,Susceptible,WGS,Good,MLST.ecoli_achtman_4.58,,Norway,,2015.0,1,0,0,0,0,0,0,0,0,0
562.100252,Susceptible,WGS,Good,MLST.ecoli_achtman_4.38,,Norway,,2015.0,1,0,0,0,0,0,0,0,0,0
562.100437,Susceptible,WGS,Good,MLST.ecoli_achtman_4.10,,Norway,,2016.0,1,0,0,0,0,0,0,0,0,0
562.97353,Susceptible,WGS,Good,MLST.ecoli_achtman_4.5430,,United Kingdom,,,1,0,0,0,0,0,0,0,0,0
562.99388,Susceptible,WGS,Good,MLST.ecoli_achtman_4.372,,Norway,,2012.0,1,0,0,0,0,0,0,0,0,0
562.100731,Resistant,WGS,Good,MLST.ecoli_achtman_4.1193,,Norway,,2017.0,1,1,1,1,0,0,0,0,0,0
562.98019,Susceptible,WGS,Good,MLST.ecoli_achtman_4.68,,Norway,,2004.0,1,0,0,0,0,0,0,0,0,0
562.98361,Susceptible,WGS,Good,MLST.ecoli_achtman_4.127,,Norway,,2007.0,1,0,0,0,0,0,0,0,0,0
562.98694,Susceptible,WGS,Good,MLST.ecoli_achtman_4.73,,Norway,,2009.0,1,0,0,0,0,0,0,0,0,0
562.99200,Susceptible,WGS,Good,MLST.ecoli_achtman_4.88,,Norway,,2011.0,1,0,0,0,0,0,0,0,0,0
562.100340,Susceptible,WGS,Good,MLST.ecoli_achtman_4.69,,Norway,,2016.0,1,0,0,0,0,0,0,0,0,0
562.99623,Susceptible,WGS,Good,MLST.ecoli_achtman_4.141,,Norway,,2013.0,1,0,0,0,0,0,0,0,0,0
562.98846,Susceptible,WGS,Good,MLST.ecoli_achtman_4.131,,Norway,,2010.0,1,0,0,0,0,0,0,0,0,0
562.42742,Resistant,WGS,Good,MLST.ecoli_achtman_4.38,PRJNA278886,USA,USA:Boston,2017.0,1,1,1,1,0,0,0,0,0,0
562.100165,Susceptible,WGS,Good,MLST.ecoli_achtman_4.73,,Norway,,2015.0,1,0,0,0,0,0,0,0,0,0
562.98746,Susceptible,WGS,Good,MLST.ecoli_achtman_4.131,,Norway,,2009.0,1,0,0,0,0,0,0,0,0,0
562.100446,Susceptible,WGS,Good,MLST.ecoli_achtman_4.58,,Norway,,2016.0,1,0,0,0,0,0,0,0,0,0
562.22730,Susceptible,WGS,Good,MLST.ecoli_achtman_4.95,PRJEB4681,United Kingdom,,2011.0,1,1,1,0,0,0,0,0,0,0
562.97206,Susceptible,WGS,Good,MLST.ecoli_achtman_4.69,,United Kingdom,,,1,0,0,0,0,0,0,0,0,0
562.98568,Susceptible,WGS,Good,MLST.ecoli_achtman_4.141,,Norway,,2008.0,1,0,0,0,0,0,0,0,0,0
562.140880,Resistant,WGS,Good,MLST.ecoli_achtman_4.131,PRJNA530794,USA,"St. Louis, Missouri",2017.0,1,1,1,1,0,0,0,0,0,0
562.98945,Susceptible,WGS,Good,MLST.ecoli_achtman_4.127,,Norway,,2010.0,1,0,0,0,0,0,0,0,0,0
562.96764,Susceptible,WGS,Good,MLST.ecoli_achtman_4.428,,United Kingdom,,,1,1,1,0,0,0,0,0,0,0
562.97265,Resistant,WGS,Good,MLST.ecoli_achtman_4.443,,United Kingdom,,,1,1,1,1,0,0,0,0,0,0
562.99630,Resistant,WGS,Good,MLST.ecoli_achtman_4.131,,Norway,,2013.0,1,1,1,1,0,0,0,0,0,1
562.99333,Susceptible,WGS,Good,MLST.ecoli_achtman_4.69,,Norway,,2012.0,1,1,1,1,0,0,0,0,0,0
562.58742,Susceptible,WGS,Good,MLST.ecoli_achtman_4.216,,Norway,Oslo,2005.0,1,0,0,0,0,0,0,0,0,0
562.42852,Resistant,WGS,Good,MLST.ecoli_achtman_4.131,PRJNA288601,USA,United States,2014.0,1,1,1,1,0,0,0,0,0,0
562.97995,Susceptible,WGS,Good,MLST.ecoli_achtman_4.73,,Norway,,2004.0,1,0,0,0,0,0,0,0,0,0
562.97021,Susceptible,WGS,Good,MLST.ecoli_achtman_4.58,,United Kingdom,,,1,0,0,0,0,0,1,0,0,0
562.58642,Susceptible,WGS,Good,MLST.ecoli_achtman_4.38,,Pakistan,,,1,1,1,0,0,0,0,0,0,0
562.22509,Susceptible,WGS,Good,MLST.ecoli_achtman_4.95,PRJEB4681,United Kingdom,,2008.0,0,0,0,0,0,0,0,0,0,0
562.100405,Resistant,WGS,Good,MLST.ecoli_achtman_4.131,,Norway,,2016.0,1,1,1,1,0,0,0,0,0,0
562.145067,Susceptible,WGS,Good,MLST.ecoli_achtman_4.590,PRJEB54735,Portugal,,2020.0,1,0,0,0,0,0,0,0,0,0
562.98127,Susceptible,WGS,Good,MLST.ecoli_achtman_4.12,,Norway,,2005.0,1,0,0,0,0,0,0,0,0,0
562.22505,Susceptible,WGS,Good,MLST.ecoli_achtman_4.73,PRJEB4681,United Kingdom,,2008.0,0,0,0,0,0,0,0,0,0,0
562.100858,Susceptible,WGS,Good,MLST.ecoli_achtman_4.2211,,Norway,,2017.0,1,1,1,0,0,0,0,0,0,0
562.98059,Susceptible,WGS,Good,MLST.ecoli_achtman_4.162,,Norway,,2004.0,1,0,0,0,0,0,0,0,0,0
562.22565,Resistant,WGS,Good,MLST.ecoli_achtman_4.131,PRJEB4681,United Kingdom,,2009.0,1,1,1,1,0,0,0,0,0,0
562.73346,Susceptible,WGS,Good,MLST.ecoli_achtman_4.5359,PRJEB34557,Spain,Barcelona,2013.0,1,1,1,0,1,0,0,0,0,0
562.99513,Susceptible,WGS,Good,MLST.ecoli_achtman_4.73,,Norway,,2013.0,1,0,0,0,0,0,0,0,0,0
562.57153,Susceptible,WGS,Good,MLST.ecoli_achtman_4.131,,,,,1,1,1,0,0,0,0,0,0,0
562.22632,Susceptible,WGS,Good,MLST.ecoli_achtman_4.95,PRJEB4681,United Kingdom,,2010.0,0,0,0,0,0,0,0,0,0,0
562.99800,Susceptible,WGS,Good,MLST.ecoli_achtman_4.131,,Norway,,2014.0,1,1,1,0,0,0,0,0,0,0
562.73379,Resistant,WGS,Good,MLST.ecoli_achtman_4.1196,PRJEB34557,Spain,Barcelona,2013.0,1,1,1,1,0,0,0,0,0,0
562.97231,Resistant,WGS,Good,MLST.ecoli_achtman_4.443,,United Kingdom,,,1,1,1,1,0,0,0,0,0,0
562.99306,Susceptible,WGS,Good,MLST.ecoli_achtman_4.13,,Norway,,2012.0,1,0,0,0,0,0,0,0,0,0
562.98725,Susceptible,WGS,Good,MLST.ecoli_achtman_4.421,,Norway,,2009.0,1,1,1,0,0,0,0,0,0,0
562.96724,Susceptible,WGS,Good,MLST.ecoli_achtman_4.69,,United Kingdom,,,1,0,0,0,0,0,0,0,0,0
562.96475,Susceptible,WGS,Good,MLST.ecoli_achtman_4.69,,United Kingdom,,,1,0,0,0,0,0,0,0,0,0
562.58717,Susceptible,WGS,Good,MLST.ecoli_achtman_4.131,,Italy,,2014.0,1,0,0,0,0,0,0,0,0,0
562.97238,Resistant,WGS,Good,MLST.ecoli_achtman_4.443,,United Kingdom,,,1,1,1,1,0,0,0,0,0,0
562.97264,Susceptible,WGS,Good,MLST.ecoli_achtman_4.409,,United Kingdom,,,1,0,0,0,0,0,0,0,0,0
562.99120,Susceptible,WGS,Good,MLST.ecoli_achtman_4.73,,Norway,,2011.0,1,0,0,0,0,0,0,0,0,0
562.22667,Susceptible,WGS,Good,MLST.ecoli_achtman_4.538,PRJEB4681,United Kingdom,,2011.0,0,0,0,0,0,0,0,0,0,0
562.42794,Resistant,WGS,Good,MLST.ecoli_achtman_4.155,PRJNA278886,USA,USA:Boston,2014.0,1,1,1,1,0,0,0,0,0,0
562.42702,Resistant,WGS,Good,MLST.ecoli_achtman_4.131,PRJNA278886,USA,USA:Boston,2016.0,1,1,1,1,0,0,1,0,0,1
562.57427,Resistant,WGS,Good,10,,Thailand,,2015.0,1,1,1,1,0,0,1,0,0,0
562.73380,Resistant,WGS,Good,MLST.ecoli_achtman_4.224,PRJEB34557,Spain,Barcelona,2013.0,1,1,1,1,0,0,0,0,0,0
562.97756,Susceptible,WGS,Good,MLST.ecoli_achtman_4.10,,Norway,,2002.0,1,0,0,0,0,0,0,0,0,0
562.57169,Susceptible,WGS,Good,MLST.ecoli_achtman_4.12,,,,,1,0,0,0,0,0,0,0,0,0
562.98400,Susceptible,WGS,Good,MLST.ecoli_achtman_4.69,,Norway,,2007.0,1,1,1,0,0,0,0,0,0,0
562.98751,Susceptible,WGS,Good,MLST.ecoli_achtman_4.10241,,Norway,,2009.0,1,0,0,0,0,0,0,0,0,0
562.99988,Susceptible,WGS,Good,MLST.ecoli_achtman_4.73,,Norway,,2014.0,1,0,0,0,0,0,0,0,0,0
562.99947,Susceptible,WGS,Good,MLST.ecoli_achtman_4.69,,Norway,,2014.0,1,0,0,0,0,0,0,0,0,0
562.100494,Susceptible,WGS,Good,MLST.ecoli_achtman_4.95,,Norway,,2016.0,1,0,0,0,0,0,0,0,0,0
562.22763,Susceptible,WGS,Good,MLST.ecoli_achtman_4.973,PRJEB4681,United Kingdom,,2012.0,0,0,0,0,0,0,0,0,0,0
562.98440,Susceptible,WGS,Good,MLST.ecoli_achtman_4.80,,Norway,,2007.0,1,0,0,0,0,0,0,0,0,0
562.22564,Susceptible,WGS,Good,MLST.ecoli_achtman_4.95,PRJEB4681,United Kingdom,,2009.0,0,0,0,0,0,0,0,0,0,0
562.22682,Susceptible,WGS,Good,MLST.ecoli_achtman_4.73,PRJEB4681,United Kingdom,,2011.0,0,0,0,0,0,0,0,0,0,0
562.98956,Susceptible,WGS,Good,MLST.ecoli_achtman_4.131,,Norway,,2010.0,1,0,0,0,0,0,0,0,0,0
562.96858,Susceptible,WGS,Good,MLST.ecoli_achtman_4.336,,United Kingdom,,,1,0,0,0,0,0,0,0,0,0
562.96504,Susceptible,WGS,Good,MLST.ecoli_achtman_4.1304,,United Kingdom,,,1,1,1,0,0,0,0,0,0,0
562.98268,Susceptible,WGS,Good,MLST.ecoli_achtman_4.127,,Norway,,2006.0,1,0,0,0,0,0,0,0,0,0
562.100601,Susceptible,WGS,Good,MLST.ecoli_achtman_4.141,,Norway,,2016.0,1,0,0,0,0,1,0,0,0,1
562.57274,Resistant,WGS,Good,MLST.ecoli_achtman_4.131,,,,2009.0,1,1,1,1,0,0,0,0,0,1
562.45585,Resistant,WGS,Good,MLST.Escherichia_coli_1.1640,PRJNA522294,Pakistan,Pakistan:Islamabad,2016.0,1,1,1,1,0,0,0,0,0,0
562.97298,Resistant,WGS,Good,MLST.ecoli_achtman_4.131,,United Kingdom,,,1,1,1,1,0,0,0,0,0,0
562.96941,Susceptible,WGS,Good,MLST.ecoli_achtman_4.3877,,United Kingdom,,,1,0,0,0,0,0,0,0,0,0
562.42727,Resistant,WGS,Good,MLST.ecoli_achtman_4.131,PRJNA278886,USA,USA:Boston,2016.0,1,1,1,1,0,0,0,0,0,0
562.99629,Susceptible,WGS,Good,MLST.ecoli_achtman_4.131,,Norway,,2013.0,1,0,0,0,0,0,0,0,0,0
562.45594,Resistant,WGS,Good,MLST.ecoli_achtman_4.6812,PRJNA522294,Pakistan,Pakistan:Islamabad,2016.0,1,1,1,0,0,0,1,0,0,0
562.99307,Susceptible,WGS,Good,MLST.ecoli_achtman_4.1057,,Norway,,2012.0,1,0,0,0,0,0,0,0,0,0
562.22714,Susceptible,WGS,Good,MLST.ecoli_achtman_4.1979,PRJEB4681,United Kingdom,,2011.0,0,0,0,0,0,0,0,0,0,0
562.99724,Susceptible,WGS,Good,MLST.ecoli_achtman_4.38,,Norway,,2013.0,1,0,0,0,0,0,0,0,0,0
562.144997,Susceptible,WGS,Good,MLST.ecoli_achtman_4.442,PRJEB54735,Portugal,,2020.0,1,0,0,0,0,0,0,0,0,0
562.98842,Susceptible,WGS,Good,MLST.ecoli_achtman_4.106,,Norway,,2010.0,1,0,0,1,0,0,0,0,0,0
562.99264,Susceptible,WGS,Good,MLST.ecoli_achtman_4.69,,Norway,,2012.0,1,0,0,0,0,0,0,0,0,0
562.22742,Susceptible,WGS,Good,MLST.ecoli_achtman_4.5389,PRJEB4681,United Kingdom,,2012.0,0,0,0,0,0,0,0,0,0,0
562.96714,Susceptible,WGS,Good,MLST.ecoli_achtman_4.69,,United Kingdom,,,1,0,0,0,0,0,0,0,0,0
562.100897,Susceptible,WGS,Good,MLST.ecoli_achtman_4.73,,Norway,,2017.0,1,0,0,0,0,0,0,0,0,0
562.99460,Resistant,WGS,Good,MLST.ecoli_achtman_4.8346,,Norway,,2012.0,1,1,1,1,0,0,0,0,0,0
562.100269,Susceptible,WGS,Good,MLST.ecoli_achtman_4.394,,Norway,,2015.0,1,1,1,0,0,0,0,0,0,0
562.99591,Susceptible,WGS,Good,MLST.ecoli_achtman_4.73,,Norway,,2013.0,1,0,0,0,0,0,0,0,0,0
562.96477,Susceptible,WGS,Good,MLST.ecoli_achtman_4.127,,United Kingdom,,,1,0,0,0,0,0,0,0,0,0
562.98329,Susceptible,WGS,Good,MLST.ecoli_achtman_4.973,,Norway,,2006.0,1,0,0,0,0,0,0,0,0,0
562.98416,Susceptible,WGS,Good,MLST.ecoli_achtman_4.95,,Norway,,2007.0,1,0,0,0,0,0,0,0,0,0
562.97896,Susceptible,WGS,Good,MLST.ecoli_achtman_4.1125,,Norway,,2003.0,1,0,0,0,0,0,0,0,0,0
562.96652,Susceptible,WGS,Good,MLST.ecoli_achtman_4.155,,United Kingdom,,,1,0,0,0,0,0,0,0,0,0
562.99999,Susceptible,WGS,Good,MLST.ecoli_achtman_4.10237,,Norway,,2014.0,1,0,0,0,0,0,0,0,0,0
562.97205,Susceptible,WGS,Good,MLST.ecoli_achtman_4.7100,,United Kingdom,,,1,0,0,0,0,0,0,0,0,0
562.100038,Susceptible,WGS,Good,MLST.ecoli_achtman_4.38,,Norway,,2015.0,1,0,0,0,0,0,0,0,0,0
562.42839,Resistant,WGS,Good,MLST.ecoli_achtman_4.131,PRJNA288601,USA,United States,2014.0,1,1,1,1,0,0,0,0,0,0
562.144988,Susceptible,WGS,Good,MLST.ecoli_achtman_4.328,PRJEB54735,Portugal,,2019.0,1,0,0,0,0,0,0,0,0,0
562.22600,Susceptible,WGS,Good,MLST.ecoli_achtman_4.88,PRJEB4681,United Kingdom,,2009.0,0,0,0,0,0,0,0,0,0,0
562.96835,Resistant,WGS,Good,MLST.ecoli_achtman_4.1193,,United Kingdom,,,1,1,1,1,0,0,0,0,0,0
562.97285,Resistant,WGS,Good,MLST.ecoli_achtman_4.131,,United Kingdom,,,1,1,1,1,0,0,0,0,0,1
562.144962,Susceptible,WGS,Good,MLST.ecoli_achtman_4.753,PRJEB54735,Portugal,,2020.0,1,0,0,0,0,0,0,0,0,0
562.65801,Resistant,WGS,Good,MLST.ecoli_achtman_4.410,,Germany,North Rhine-Westphalia,,1,1,1,1,0,0,0,0,0,0
562.99240,Susceptible,WGS,Good,MLST.ecoli_achtman_4.73,,Norway,,2011.0,1,0,0,0,0,0,0,0,0,0
562.99566,Susceptible,WGS,Good,MLST.ecoli_achtman_4.95,,Norway,,2013.0,1,0,0,0,0,0,0,0,0,0
562.100382,Susceptible,WGS,Good,MLST.ecoli_achtman_4.73,,Norway,,2016.0,1,0,0,0,0,0,0,0,0,0
562.99805,Susceptible,WGS,Good,MLST.ecoli_achtman_4.127,,Norway,,2014.0,1,0,0,0,0,0,0,0,0,0
562.57133,Resistant,WGS,Good,MLST.ecoli_achtman_4.131,,,,2008.0,1,1,1,1,0,0,0,0,0,1
562.100883,Resistant,WGS,Good,MLST.ecoli_achtman_4.73,,Norway,,2017.0,1,0,0,0,0,0,0,0,0,0
562.97956,Susceptible,WGS,Good,MLST.ecoli_achtman_4.963,,Norway,,2003.0,1,0,0,0,0,0,0,0,0,0
562.58773,Susceptible,WGS,Good,MLST.ecoli_achtman_4.8361,,Singapore,,2010.0,1,0,0,0,0,0,1,0,0,0
562.145378,Susceptible,WGS,Good,MLST.ecoli_achtman_4.155,PRJNA273513,Canada,British Columbia,2006.0,1,0,0,0,0,0,0,0,0,0
562.98317,Susceptible,WGS,Good,MLST.ecoli_achtman_4.62,,Norway,,2006.0,1,0,0,0,0,0,0,0,0,0
562.22688,Susceptible,WGS,Good,MLST.ecoli_achtman_4.69,PRJEB4681,United Kingdom,,2011.0,0,0,0,0,0,0,0,0,0,0
562.99440,Susceptible,WGS,Good,MLST.ecoli_achtman_4.95,,Norway,,2012.0,1,0,0,0,0,0,0,0,0,0
562.96899,Resistant,WGS,Good,MLST.ecoli_achtman_4.131,,United Kingdom,,,1,1,1,1,0,0,0,0,0,1
562.100913,Susceptible,WGS,Good,MLST.ecoli_achtman_4.409,,Norway,,2017.0,1,0,0,0,0,0,0,0,0,0
562.97259,Resistant,WGS,Good,MLST.ecoli_achtman_4.443,,United Kingdom,,,1,1,1,1,0,0,0,0,0,0
562.99787,Susceptible,WGS,Good,MLST.ecoli_achtman_4.58,,Norway,,2014.0,1,0,0,0,0,0,0,0,0,0
562.98889,Susceptible,WGS,Good,MLST.ecoli_achtman_4.131,,Norway,,2010.0,1,0,0,0,0,0,0,0,0,0
562.140886,Resistant,WGS,Good,MLST.ecoli_achtman_4.131,PRJNA530794,USA,"St. Louis, Missouri",2017.0,1,1,1,1,0,0,0,0,0,1
562.99283,Susceptible,WGS,Good,MLST.ecoli_achtman_4.372,,Norway,,2012.0,1,0,0,0,0,0,0,0,0,0
562.73358,Susceptible,WGS,Good,MLST.ecoli_achtman_4.607,PRJEB34557,Spain,Barcelona,2013.0,1,0,0,0,1,0,0,0,0,0
562.97018,Susceptible,WGS,Good,MLST.ecoli_achtman_4.58,,United Kingdom,,,1,0,0,0,0,0,1,0,0,0
562.42831,Resistant,WGS,Good,MLST.ecoli_achtman_4.131,PRJNA288601,USA,United States,2014.0,1,1,1,1,0,0,0,0,0,0
562.22774,Susceptible,WGS,Good,MLST.ecoli_achtman_4.73,PRJEB4681,United Kingdom,,2012.0,0,0,0,0,0,0,0,0,0,0
562.58628,Susceptible,WGS,Good,MLST.ecoli_achtman_4.1727,,Pakistan,,,1,0,0,0,0,0,1,0,0,0
562.100189,Susceptible,WGS,Good,MLST.ecoli_achtman_4.8915,,Norway,,2015.0,1,0,0,0,0,0,0,0,0,0
562.96654,Resistant,WGS,Good,MLST.ecoli_achtman_4.648,,United Kingdom,,,1,1,1,1,0,0,0,0,0,0
562.99182,Susceptible,WGS,Good,MLST.ecoli_achtman_4.62,,Norway,,2011.0,1,0,0,0,0,0,0,0,0,0
562.99527,Susceptible,WGS,Good,MLST.ecoli_achtman_4.131,,Norway,,2013.0,1,0,0,0,0,0,0,0,0,0
562.99882,Resistant,WGS,Good,MLST.ecoli_achtman_4.131,,Norway,,2014.0,1,1,1,0,0,0,0,0,0,0
562.97026,Susceptible,WGS,Good,MLST.ecoli_achtman_4.164,,United Kingdom,,,1,0,0,0,0,0,0,0,0,0
562.98355,Susceptible,WGS,Good,MLST.ecoli_achtman_4.95,,Norway,,2007.0,1,0,0,0,0,0,0,0,0,0
562.100361,Resistant,WGS,Good,MLST.ecoli_achtman_4.131,,Norway,,2016.0,1,1,1,1,0,0,0,0,0,1
562.97121,Susceptible,WGS,Good,MLST.ecoli_achtman_4.635,,United Kingdom,,,1,0,0,0,0,0,0,0,0,0
562.97893,Susceptible,WGS,Good,MLST.ecoli_achtman_4.80,,Norway,,2003.0,1,0,0,0,0,0,0,0,0,0
562.140848,Resistant,WGS,Good,MLST.ecoli_achtman_4.131,PRJNA530794,USA,"St. Louis, Missouri",2017.0,1,1,1,1,0,0,0,0,0,0
562.144937,Resistant,WGS,Good,MLST.ecoli_achtman_4.167,PRJNA925003,India,Chattisgarh,,1,1,1,1,0,0,0,0,0,0
562.42821,Resistant,WGS,Good,MLST.ecoli_achtman_4.354,PRJNA288601,USA,United States,2014.0,1,1,1,1,0,0,0,0,0,0
562.98567,Susceptible,WGS,Good,MLST.ecoli_achtman_4.640,,Norway,,2008.0,1,0,0,0,0,0,0,0,0,0
562.99798,Susceptible,WGS,Good,MLST.ecoli_achtman_4.73,,Norway,,2014.0,1,0,0,0,0,0,0,0,0,0
562.97867,Susceptible,WGS,Good,MLST.ecoli_achtman_4.9135,,Norway,,2003.0,1,0,0,0,0,0,0,0,0,0
562.100283,Susceptible,WGS,Good,MLST.ecoli_achtman_4.131,,Norway,,2015.0,1,1,1,1,0,0,0,0,0,0
562.144952,Susceptible,WGS,Good,MLST.ecoli_achtman_4.10,PRJEB54735,Portugal,,2021.0,1,1,1,0,0,0,0,0,0,0
562.57142,Susceptible,WGS,Good,MLST.ecoli_achtman_4.1619,,,,,1,0,0,0,0,0,0,0,0,0
562.99493,Susceptible,WGS,Good,MLST.ecoli_achtman_4.219,,Norway,,2012.0,1,1,1,1,0,0,0,0,0,0
562.97133,Susceptible,WGS,Good,MLST.ecoli_achtman_4.144,,United Kingdom,,,1,0,0,0,0,0,0,0,0,0
562.97849,Susceptible,WGS,Good,MLST.ecoli_achtman_4.70,,Norway,,2003.0,1,0,0,0,0,0,0,0,0,0
562.145016,Susceptible,WGS,Good,MLST.Escherichia_coli_1.738,PRJEB54735,Portugal,,2020.0,1,0,0,0,0,0,0,0,0,0
562.57385,Susceptible,WGS,Good,MLST.ecoli_achtman_4.6622,,Thailand,,2015.0,1,0,0,0,0,0,1,0,0,0
562.99665,Susceptible,WGS,Good,MLST.ecoli_achtman_4.10,,Norway,,2013.0,1,0,0,0,0,0,0,0,0,0
562.99058,Susceptible,WGS,Good,MLST.ecoli_achtman_4.73,,Norway,,2011.0,1,0,0,0,0,0,0,0,0,0
562.57210,Susceptible,WGS,Good,MLST.ecoli_achtman_4.127,,,,,1,0,0,0,0,0,0,0,0,0
562.99922,Susceptible,WGS,Good,MLST.ecoli_achtman_4.73,,Norway,,2014.0,1,0,0,0,0,0,0,0,0,0
562.96621,Resistant,WGS,Good,MLST.ecoli_achtman_4.162,,United Kingdom,,,1,1,1,1,0,0,0,0,0,0
562.98789,Susceptible,WGS,Good,MLST.ecoli_achtman_4.73,,Norway,,2009.0,1,0,0,0,0,0,0,0,0,0
562.98860,Susceptible,WGS,Good,MLST.ecoli_achtman_4.73,,Norway,,2010.0,1,0,0,0,0,0,0,0,0,0
562.22534,Susceptible,WGS,Good,MLST.ecoli_achtman_4.404,PRJEB4681,United Kingdom,,2008.0,0,0,0,0,0,0,0,0,0,0
1328433.3,Resistant,WGS,Good,MLST.ecoli_achtman_4.131,PRJNA201973,USA,"Boston, MA, USA",2012.0,1,1,1,1,0,0,0,0,0,0
562.97465,Resistant,WGS,Good,MLST.ecoli_achtman_4.410,,United Kingdom,,,1,1,1,1,0,0,0,0,0,0
562.100250,Susceptible,WGS,Good,MLST.ecoli_achtman_4.421,,Norway,,2015.0,1,0,0,0,0,0,0,0,0,0
562.97113,Susceptible,WGS,Good,MLST.ecoli_achtman_4.648,,United Kingdom,,,1,0,0,0,0,0,0,0,0,0
562.57078,Resistant,WGS,Good,MLST.ecoli_achtman_4.131,,,,2008.0,1,1,1,1,0,0,0,0,0,1
562.22660,Susceptible,WGS,Good,MLST.ecoli_achtman_4.442,PRJEB4681,United Kingdom,,2010.0,0,0,0,0,0,0,0,0,0,0
562.99913,Susceptible,WGS,Good,MLST.ecoli_achtman_4.372,,Norway,,2014.0,1,0,0,0,0,0,0,0,0,0
562.96594,Resistant,WGS,Good,MLST.ecoli_achtman_4.1196,,United Kingdom,,,1,1,1,1,0,0,0,0,0,0
562.97203,Susceptible,WGS,Good,MLST.ecoli_achtman_4.2178,,United Kingdom,,,1,0,0,0,0,0,0,0,0,0
562.97250,Resistant,WGS,Good,MLST.ecoli_achtman_4.443,,United Kingdom,,,1,1,1,1,0,0,0,0,0,0
562.99745,Susceptible,WGS,Good,MLST.ecoli_achtman_4.399,,Norway,,2014.0,1,0,0,0,0,0,0,0,0,0
562.99299,Susceptible,WGS,Good,MLST.ecoli_achtman_4.69,,Norway,,2012.0,1,0,0,0,0,0,0,0,0,0
562.100552,Susceptible,WGS,Good,MLST.ecoli_achtman_4.550,,Norway,,2016.0,1,0,0,0,0,0,0,0,0,0
562.45627,Susceptible,WGS,Good,MLST.ecoli_achtman_4.9512,PRJNA522294,Pakistan,Pakistan:Punjab,2016.0,1,0,0,0,0,0,0,0,0,0
562.145072,Susceptible,WGS,Good,MLST.ecoli_achtman_4.812,PRJEB54735,Portugal,,2020.0,1,0,0,0,0,0,0,0,0,0
562.42789,Resistant,WGS,Good,MLST.ecoli_achtman_4.131,PRJNA278886,USA,USA:Boston,2014.0,1,1,1,1,0,0,0,0,0,1
562.42699,Resistant,WGS,Good,MLST.ecoli_achtman_4.69,PRJNA278886,USA,USA:Boston,2016.0,1,1,1,1,0,0,0,0,0,0
562.99426,Susceptible,WGS,Good,MLST.ecoli_achtman_4.12,,Norway,,2012.0,1,0,0,0,0,0,0,0,0,0
562.96537,Susceptible,WGS,Good,MLST.ecoli_achtman_4.10,,United Kingdom,,,1,0,0,0,0,0,0,0,0,0
562.99036,Susceptible,WGS,Good,MLST.ecoli_achtman_4.95,,Norway,,2011.0,1,0,0,0,0,0,0,0,0,0
562.98186,Susceptible,WGS,Good,MLST.ecoli_achtman_4.127,,Norway,,2005.0,1,0,0,0,0,0,0,0,0,0
562.42680,Resistant,WGS,Good,MLST.ecoli_achtman_4.410,PRJNA278886,USA,USA:Boston,2016.0,1,1,1,1,0,0,0,0,0,1
562.22593,Susceptible,WGS,Good,MLST.ecoli_achtman_4.80,PRJEB4681,United Kingdom,,2009.0,0,0,0,0,0,0,0,0,0,0
562.144964,Susceptible,WGS,Good,MLST.ecoli_achtman_4.109,PRJEB54735,Portugal,,2020.0,1,0,0,0,0,0,0,0,0,0
562.98968,Susceptible,WGS,Good,MLST.ecoli_achtman_4.59,,Norway,,2010.0,1,0,0,0,0,0,0,0,0,0
562.99837,Susceptible,WGS,Good,MLST.ecoli_achtman_4.361,,Norway,,2014.0,1,0,0,0,0,0,0,0,0,0
562.100528,Susceptible,WGS,Good,MLST.ecoli_achtman_4.550,,Norway,,2016.0,1,0,0,0,0,0,0,0,0,0
562.99090,Susceptible,WGS,Good,MLST.ecoli_achtman_4.73,,Norway,,2011.0,1,0,0,0,0,0,0,0,0,0
562.96600,Resistant,WGS,Good,MLST.ecoli_achtman_4.1196,,United Kingdom,,,1,1,1,1,0,0,0,0,0,0
562.59217,Resistant,WGS,Good,MLST.ecoli_achtman_4.617,PRJEB36565,Rwanda,Rwanda,2014.0,1,1,1,1,0,0,0,0,0,1
562.57375,Resistant,WGS,Good,MLST.ecoli_achtman_4.131,,Thailand,,2015.0,1,1,1,1,0,0,0,0,0,0
562.98094,Susceptible,WGS,Good,MLST.ecoli_achtman_4.127,,Norway,,2005.0,1,0,0,0,0,0,0,0,0,0
562.58751,Susceptible,WGS,Good,MLST.ecoli_achtman_4.1640,,Norway,Oslo,2006.0,1,0,0,0,0,0,0,0,0,0
562.99060,Susceptible,WGS,Good,MLST.ecoli_achtman_4.405,,Norway,,2011.0,1,0,0,0,0,0,0,0,0,0
562.45632,Resistant,WGS,Good,MLST.ecoli_achtman_4.117,PRJNA522294,Pakistan,Pakistan:Punjab,2016.0,1,1,1,1,0,0,1,0,0,0
562.100260,Susceptible,WGS,Good,MLST.ecoli_achtman_4.38,,Norway,,2015.0,1,0,0,0,0,0,0,0,0,0
562.100368,Susceptible,WGS,Good,MLST.ecoli_achtman_4.73,,Norway,,2016.0,1,0,0,0,0,0,0,0,0,0
562.97211,Susceptible,WGS,Good,MLST.ecoli_achtman_4.7100,,United Kingdom,,,1,0,0,0,0,0,0,0,0,0
562.97958,Susceptible,WGS,Good,MLST.ecoli_achtman_4.95,,Norway,,2003.0,1,0,0,0,0,0,0,0,0,0
562.57504,Resistant,WGS,Good,MLST.ecoli_achtman_4.2003,,Thailand,,2015.0,1,1,1,1,0,0,0,0,0,0
562.97888,Susceptible,WGS,Good,MLST.ecoli_achtman_4.3288,,Norway,,2003.0,1,0,0,1,0,0,0,0,0,0
562.22605,Susceptible,WGS,Good,MLST.ecoli_achtman_4.372,PRJEB4681,United Kingdom,,2009.0,0,0,0,0,0,0,0,0,0,0
562.100771,Susceptible,WGS,Good,MLST.ecoli_achtman_4.73,,Norway,,2017.0,1,0,0,0,0,0,0,0,0,0
562.96837,Susceptible,WGS,Good,MLST.ecoli_achtman_4.58,,United Kingdom,,,1,0,0,0,0,0,0,0,0,0
562.96706,Resistant,WGS,Good,MLST.ecoli_achtman_4.1193,,United Kingdom,,,1,1,1,1,0,0,0,0,0,0
562.97897,Susceptible,WGS,Good,MLST.ecoli_achtman_4.12,,Norway,,2003.0,1,0,0,0,0,0,0,0,0,0
562.98079,Susceptible,WGS,Good,MLST.ecoli_achtman_4.69,,Norway,,2005.0,1,0,0,0,0,0,0,0,0,0
562.98685,Susceptible,WGS,Good,MLST.ecoli_achtman_4.73,,Norway,,2009.0,1,0,0,0,0,0,0,0,0,0
562.98303,Susceptible,WGS,Good,MLST.ecoli_achtman_4.59,,Norway,,2006.0,1,0,0,0,0,0,0,0,0,0
562.99952,Susceptible,WGS,Good,MLST.ecoli_achtman_4.95,,Norway,,2014.0,1,0,0,0,0,0,0,0,0,0
562.98124,Susceptible,WGS,Good,MLST.ecoli_achtman_4.80,,Norway,,2005.0,1,0,0,0,0,0,0,0,0,0
562.97090,Susceptible,WGS,Good,MLST.ecoli_achtman_4.635,,United Kingdom,,,1,0,0,0,0,0,0,0,0,0
562.98022,Susceptible,WGS,Good,MLST.ecoli_achtman_4.12,,Norway,,2004.0,1,0,0,0,0,0,0,0,0,0
562.99373,Susceptible,WGS,Good,MLST.ecoli_achtman_4.88,,Norway,,2012.0,1,0,0,0,0,0,0,0,0,0
562.100148,Susceptible,WGS,Good,MLST.ecoli_achtman_4.95,,Norway,,2015.0,1,0,0,0,0,0,0,0,0,0
562.145431,Susceptible,WGS,Good,MLST.ecoli_achtman_4.155,PRJNA273513,Canada,British Columbia,2006.0,1,0,0,0,0,0,0,0,0,0
562.97155,Susceptible,WGS,Good,MLST.ecoli_achtman_4.69,,United Kingdom,,,1,0,0,0,0,0,0,0,0,0
562.99699,Susceptible,WGS,Good,MLST.ecoli_achtman_4.10266,,Norway,,2013.0,1,0,0,0,0,0,0,0,0,0
562.97383,Susceptible,WGS,Good,MLST.ecoli_achtman_4.58,,United Kingdom,,,1,0,0,0,0,0,0,0,0,0
562.98458,Susceptible,WGS,Good,MLST.ecoli_achtman_4.12,,Norway,,2007.0,1,0,0,0,0,0,0,0,0,0
562.96715,Susceptible,WGS,Good,MLST.ecoli_achtman_4.472,,United Kingdom,,,1,0,0,0,0,0,0,0,0,0
562.99870,Susceptible,WGS,Good,MLST.ecoli_achtman_4.73,,Norway,,2014.0,1,0,0,0,0,0,0,0,0,0
562.42705,Susceptible,WGS,Good,MLST.ecoli_achtman_4.38,PRJNA278886,USA,USA:Boston,2016.0,1,1,1,1,0,0,0,0,0,0
562.97416,Susceptible,WGS,Good,MLST.ecoli_achtman_4.95,,United Kingdom,,,1,0,0,0,0,0,0,0,0,0
562.100466,Susceptible,WGS,Good,MLST.ecoli_achtman_4.28,,Norway,,2016.0,1,0,0,0,0,0,0,0,0,0
562.99087,Susceptible,WGS,Good,MLST.ecoli_achtman_4.95,,Norway,,2011.0,1,0,0,0,0,0,0,0,0,0
562.100220,Susceptible,WGS,Good,MLST.ecoli_achtman_4.73,,Norway,,2015.0,1,0,0,0,0,0,0,0,0,0
562.99153,Susceptible,WGS,Good,MLST.ecoli_achtman_4.59,,Norway,,2011.0,1,0,0,0,0,0,0,0,0,0
562.96962,Susceptible,WGS,Good,MLST.ecoli_achtman_4.409,,United Kingdom,,,1,0,0,0,0,0,0,0,0,0
562.99212,Susceptible,WGS,Good,MLST.ecoli_achtman_4.5539,,Norway,,2011.0,1,0,0,0,0,0,0,0,0,0
562.96780,Resistant,WGS,Good,MLST.ecoli_achtman_4.443,,United Kingdom,,,1,1,1,1,0,0,0,0,0,0
562.97160,Susceptible,WGS,Good,MLST.ecoli_achtman_4.58,,United Kingdom,,,1,0,0,0,0,0,0,0,0,0
562.97469,Susceptible,WGS,Good,MLST.ecoli_achtman_4.3006,,United Kingdom,,,1,0,0,0,0,0,0,0,0,0
562.98598,Resistant,WGS,Good,MLST.ecoli_achtman_4.393,,Norway,,2008.0,1,1,1,1,0,0,0,0,0,0
562.99721,Resistant,WGS,Good,MLST.ecoli_achtman_4.131,,Norway,,2013.0,1,1,1,1,0,0,0,0,0,1
562.100515,Susceptible,WGS,Good,MLST.ecoli_achtman_4.69,,Norway,,2016.0,1,0,0,0,0,0,0,0,0,0
562.100339,Susceptible,WGS,Good,MLST.ecoli_achtman_4.73,,Norway,,2016.0,1,0,0,0,0,0,0,0,0,0
562.98246,Susceptible,WGS,Good,MLST.ecoli_achtman_4.2619,,Norway,,2006.0,1,0,0,0,0,0,0,0,0,0
562.57285,Resistant,WGS,Good,MLST.ecoli_achtman_4.405,,,,2009.0,1,1,1,1,0,0,0,0,0,0
562.98774,Susceptible,WGS,Good,MLST.ecoli_achtman_4.131,,Norway,,2009.0,1,0,0,0,0,0,0,0,0,0
562.57441,Resistant,WGS,Good,MLST.ecoli_achtman_4.5947,,Thailand,,2015.0,1,1,1,1,0,0,1,0,0,0
562.145045,Susceptible,WGS,Good,MLST.ecoli_achtman_4.641,PRJEB54735,Portugal,,2021.0,1,0,0,0,0,0,0,0,0,0
562.100908,Susceptible,WGS,Good,MLST.ecoli_achtman_4.95,,Norway,,2017.0,1,0,0,0,0,0,0,0,0,0
562.96655,Resistant,WGS,Good,MLST.ecoli_achtman_4.6151,,United Kingdom,,,1,1,1,1,0,0,0,0,0,0
562.22818,Susceptible,WGS,Good,MLST.ecoli_achtman_4.73,PRJEB4681,United Kingdom,,2012.0,0,0,0,0,0,0,0,0,0,0
562.100057,Susceptible,WGS,Good,MLST.ecoli_achtman_4.73,,Norway,,2015.0,1,0,0,0,0,0,0,0,0,0
562.22756,Susceptible,WGS,Good,MLST.ecoli_achtman_4.127,PRJEB4681,United Kingdom,,2012.0,0,0,0,0,0,0,0,0,0,0
562.100837,Resistant,WGS,Good,MLST.ecoli_achtman_4.405,,Norway,,2017.0,1,1,1,1,0,0,0,0,0,1
562.98203,Susceptible,WGS,Good,MLST.ecoli_achtman_4.95,,Norway,,2006.0,1,0,0,0,0,0,0,0,0,0
562.22629,Susceptible,WGS,Good,MLST.ecoli_achtman_4.421,PRJEB4681,United Kingdom,,2010.0,0,0,0,0,0,0,0,0,0,0
562.65814,Resistant,WGS,Good,MLST.ecoli_achtman_4.410,,Germany,Hesse,,1,1,1,1,0,0,0,0,0,0
562.97929,Susceptible,WGS,Good,MLST.ecoli_achtman_4.73,,Norway,,2003.0,1,0,0,0,0,0,0,0,0,0
562.140830,Resistant,WGS,Good,MLST.ecoli_achtman_4.131,PRJNA530794,USA,"St. Louis, Missouri",2017.0,1,1,1,1,0,0,0,0,0,0
562.98827,Susceptible,WGS,Good,MLST.ecoli_achtman_4.73,,Norway,,2009.0,1,0,0,0,0,0,0,0,0,0
562.42701,Resistant,WGS,Good,MLST.ecoli_achtman_4.405,PRJNA278886,USA,USA:Boston,2016.0,1,1,1,1,0,0,0,0,0,0
562.99147,Susceptible,WGS,Good,MLST.ecoli_achtman_4.73,,Norway,,2011.0,1,0,0,0,0,0,0,0,0,0
562.100098,Susceptible,WGS,Good,MLST.ecoli_achtman_4.602,,Norway,,2015.0,1,0,0,0,0,0,0,0,0,0
562.98520,Susceptible,WGS,Good,MLST.ecoli_achtman_4.79,,Norway,,2008.0,1,0,0,0,0,0,0,0,0,0
562.96484,Resistant,WGS,Good,MLST.ecoli_achtman_4.131,,United Kingdom,,,1,1,1,1,0,0,0,0,0,0
562.97765,Susceptible,WGS,Good,MLST.ecoli_achtman_4.127,,Norway,,2002.0,1,0,0,0,0,0,0,0,0,0
562.99928,Susceptible,WGS,Good,MLST.ecoli_achtman_4.69,,Norway,,2014.0,1,0,0,0,0,0,0,0,0,1
562.100567,Susceptible,WGS,Good,MLST.senterica_achtman_2.2998,,Norway,,2016.0,1,0,0,0,0,0,0,0,0,0
562.99645,Resistant,WGS,Good,MLST.ecoli_achtman_4.131,,Norway,,2013.0,1,1,1,1,0,0,0,0,0,0
562.28567,Resistant,WGS,Good,MLST.ecoli_achtman_4.131,PRJNA316321,,,,1,1,1,1,0,0,0,0,0,1
562.45646,Resistant,WGS,Good,MLST.ecoli_achtman_4.2973,PRJNA522294,Pakistan,Pakistan:Balochistan,2016.0,1,1,1,1,0,0,0,0,0,0
562.98849,Susceptible,WGS,Good,MLST.ecoli_achtman_4.69,,Norway,,2010.0,1,0,0,0,0,0,0,0,0,0
562.45395,Resistant,Complete,Good,MLST.ecoli_achtman_4.2179,PRJNA511007,Brazil,"Brazil: Botucatu, Sao Paulo State",2015.0,1,1,1,1,0,0,0,0,0,0
562.96539,Resistant,WGS,Good,MLST.ecoli_achtman_4.131,,United Kingdom,,,1,1,1,1,0,0,0,0,0,0
562.145406,Susceptible,WGS,Good,MLST.ecoli_achtman_4.155,PRJNA273513,Canada,British Columbia,2006.0,1,0,0,0,0,0,0,0,0,0
562.100301,Susceptible,WGS,Good,MLST.ecoli_achtman_4.131,,Norway,,2015.0,1,1,1,1,0,0,0,0,0,0
562.99752,Susceptible,WGS,Good,MLST.ecoli_achtman_4.95,,Norway,,2014.0,1,0,0,0,0,0,0,0,0,0
562.98940,Susceptible,WGS,Good,MLST.ecoli_achtman_4.73,,Norway,,2010.0,1,0,0,0,0,0,0,0,0,0
562.57472,Resistant,WGS,Good,MLST.ecoli_achtman_4.457,,Thailand,,2015.0,1,1,1,1,0,0,0,0,0,0
562.98514,Susceptible,WGS,Good,MLST.ecoli_achtman_4.12,,Norway,,2008.0,1,0,0,0,0,0,0,0,0,0
562.22643,Susceptible,WGS,Good,MLST.ecoli_achtman_4.753,PRJEB4681,United Kingdom,,2010.0,0,0,0,0,0,0,0,0,0,0
562.97241,Resistant,WGS,Good,MLST.ecoli_achtman_4.1723,,United Kingdom,,,1,1,1,1,0,0,0,0,0,0
562.22446,Susceptible,WGS,Good,MLST.ecoli_achtman_4.73,PRJEB4681,United Kingdom,,2007.0,0,0,0,0,0,0,0,0,0,0
562.145077,Susceptible,WGS,Good,MLST.ecoli_achtman_4.10,PRJEB54735,Portugal,,2019.0,1,0,0,0,0,0,0,0,0,0
562.145066,Susceptible,WGS,Good,MLST.ecoli_achtman_4.123,PRJEB54735,Portugal,,2020.0,1,0,0,0,0,0,0,0,0,0
562.100001,Susceptible,WGS,Good,MLST.ecoli_achtman_4.998,,Norway,,2014.0,1,0,0,0,0,0,0,0,0,0
562.144959,Susceptible,WGS,Good,MLST.ecoli_achtman_4.2521,PRJEB54735,Portugal,,2019.0,1,0,0,0,0,0,0,0,0,0
562.97108,Susceptible,WGS,Good,MLST.ecoli_achtman_4.7097,,United Kingdom,,,1,0,0,0,0,0,1,0,0,0
562.97877,Susceptible,WGS,Good,MLST.ecoli_achtman_4.973,,Norway,,2003.0,1,0,0,0,0,0,0,0,0,0
562.98718,Susceptible,WGS,Good,MLST.ecoli_achtman_4.73,,Norway,,2009.0,1,0,0,0,0,0,0,0,0,0
562.100367,Susceptible,WGS,Good,MLST.ecoli_achtman_4.95,,Norway,,2016.0,1,0,0,0,0,0,0,0,0,0
562.59223,Resistant,WGS,Good,MLST.ecoli_achtman_4.5474,PRJEB36565,Rwanda,Rwanda,2014.0,1,0,0,0,0,1,0,0,0,1
562.98427,Susceptible,WGS,Good,MLST.ecoli_achtman_4.69,,Norway,,2007.0,1,0,0,0,0,0,0,0,0,0
562.97801,Susceptible,WGS,Good,MLST.ecoli_achtman_4.12,,Norway,,2003.0,1,0,0,0,0,0,0,0,0,0
562.57451,Resistant,WGS,Good,MLST.ecoli_achtman_4.2003,,Thailand,,2015.0,1,1,1,1,0,0,0,0,0,0
562.100373,Susceptible,WGS,Good,MLST.ecoli_achtman_4.73,,Norway,,2016.0,1,0,0,0,0,0,0,0,0,0
562.99954,Susceptible,WGS,Good,MLST.ecoli_achtman_4.127,,Norway,,2014.0,1,0,0,0,0,0,0,0,0,0
562.100598,Susceptible,WGS,Good,MLST.ecoli_achtman_4.127,,Norway,,2016.0,1,0,0,0,0,0,0,0,0,0
562.99327,Susceptible,WGS,Good,MLST.ecoli_achtman_4.80,,Norway,,2012.0,1,0,0,0,0,0,0,0,0,0
562.23792,Resistant,WGS,Good,MLST.ecoli_achtman_4.131,PRJEB4681,United Kingdom,,2011.0,1,1,1,1,0,0,0,0,0,0
562.100141,Susceptible,WGS,Good,MLST.ecoli_achtman_4.95,,Norway,,2015.0,1,0,0,0,0,0,0,0,0,0
562.99871,Resistant,WGS,Good,MLST.ecoli_achtman_4.1155,,Norway,,2014.0,1,0,0,0,0,0,0,0,0,0
562.98298,Susceptible,WGS,Good,MLST.ecoli_achtman_4.73,,Norway,,2006.0,1,0,0,0,0,0,0,0,0,0
562.97262,Susceptible,WGS,Good,MLST.ecoli_achtman_4.131,,United Kingdom,,,1,0,0,0,0,0,0,0,0,0
562.145022,Susceptible,WGS,Good,MLST.ecoli_achtman_4.590,PRJEB54735,Portugal,,2020.0,1,0,0,0,0,0,0,0,0,0
562.98195,Susceptible,WGS,Good,MLST.ecoli_achtman_4.10232,,Norway,,2005.0,1,0,0,0,0,0,0,0,0,0
562.98362,Susceptible,WGS,Good,MLST.ecoli_achtman_4.88,,Norway,,2007.0,1,0,0,0,0,0,0,0,0,0
562.57229,Resistant,WGS,Good,MLST.Escherichia_coli_2.39,,,,2017.0,1,1,1,1,0,0,0,0,0,0
562.56851,Resistant,WGS,Good,MLST.ecoli_achtman_4.2040,,Germany,Saxony,2013.0,1,1,1,0,0,0,1,0,0,0
562.100898,Resistant,WGS,Good,MLST.ecoli_achtman_4.226,,Norway,,2017.0,1,1,1,1,0,0,0,0,0,0
562.145029,Susceptible,WGS,Good,MLST.Escherichia_coli_1.738,PRJEB54735,Portugal,,2020.0,1,0,0,0,0,0,0,0,0,0
562.99750,Susceptible,WGS,Good,MLST.ecoli_achtman_4.117,,Norway,,2014.0,1,0,0,0,0,0,0,0,0,0
562.57458,Resistant,WGS,Good,MLST.ecoli_achtman_4.410,,Thailand,,2015.0,1,1,1,1,0,0,1,0,0,0
562.145052,Susceptible,WGS,Good,MLST.ecoli_achtman_4.442,PRJEB54735,Portugal,,2021.0,1,0,0,0,0,0,0,0,0,0
562.96784,Resistant,WGS,Good,MLST.ecoli_achtman_4.443,,United Kingdom,,,1,1,1,1,0,0,0,0,0,0
562.58731,Resistant,WGS,Good,MLST.ecoli_achtman_4.224,,Italy,,2014.0,1,1,1,1,0,0,0,0,0,0
562.45400,Resistant,Complete,Good,MLST.ecoli_achtman_4.224,PRJNA511007,Brazil,"Brazil: Botucatu, Sao Paulo State",2015.0,1,1,1,1,0,0,0,0,0,0
562.98967,Susceptible,WGS,Good,MLST.ecoli_achtman_4.131,,Norway,,2010.0,1,0,0,0,0,0,0,0,0,0
562.99717,Susceptible,WGS,Good,MLST.ecoli_achtman_4.357,,Norway,,2013.0,1,0,0,0,0,0,0,0,0,0
562.99246,Susceptible,WGS,Good,MLST.ecoli_achtman_4.95,,Norway,,2011.0,1,0,0,0,0,0,0,0,0,0
562.99274,Susceptible,WGS,Good,MLST.ecoli_achtman_4.1441,,Norway,,2012.0,1,0,0,0,0,0,0,0,0,0
562.97962,Susceptible,WGS,Good,MLST.ecoli_achtman_4.73,,Norway,,2003.0,1,0,0,0,0,0,0,0,0,0
562.96569,Susceptible,WGS,Good,MLST.ecoli_achtman_4.10,,United Kingdom,,,1,0,0,0,0,0,0,0,0,0
562.100243,Susceptible,WGS,Good,MLST.ecoli_achtman_4.73,,Norway,,2015.0,1,0,0,0,0,0,0,0,0,0
562.22669,Resistant,WGS,Good,MLST.ecoli_achtman_4.131,PRJEB4681,United Kingdom,,2011.0,1,1,1,1,0,0,0,0,0,1
562.97222,Resistant,WGS,Good,MLST.ecoli_achtman_4.443,,United Kingdom,,,1,1,1,1,0,0,0,0,0,0
562.98490,Susceptible,WGS,Good,MLST.ecoli_achtman_4.130,,Norway,,2008.0,1,0,0,1,0,0,0,0,0,0
562.98726,Susceptible,WGS,Good,MLST.ecoli_achtman_4.1858,,Norway,,2009.0,1,0,0,0,0,0,0,0,0,0
562.144931,Resistant,WGS,Good,MLST.ecoli_achtman_4.2083,PRJNA925003,India,Chattisgarh,,1,1,1,1,0,0,0,0,0,1
562.100655,Susceptible,WGS,Good,MLST.ecoli_achtman_4.69,,Norway,,2017.0,1,0,0,0,0,0,0,0,0,0
562.42740,Resistant,WGS,Good,MLST.ecoli_achtman_4.648,PRJNA278886,USA,USA:Boston,2017.0,1,1,1,1,0,0,0,0,0,0
562.98462,Susceptible,WGS,Good,MLST.ecoli_achtman_4.141,,Norway,,2007.0,1,1,1,0,0,0,0,0,0,0
562.100596,Susceptible,WGS,Good,MLST.ecoli_achtman_4.95,,Norway,,2016.0,1,0,0,0,0,0,0,0,0,0
562.98365,Susceptible,WGS,Good,MLST.ecoli_achtman_4.73,,Norway,,2007.0,1,0,0,0,0,0,0,0,0,0
562.97153,Susceptible,WGS,Good,MLST.ecoli_achtman_4.58,,United Kingdom,,,1,0,0,0,0,0,0,0,0,0
562.97249,Susceptible,WGS,Good,MLST.ecoli_achtman_4.131,,United Kingdom,,,1,0,0,0,0,0,0,0,0,0
562.57099,Susceptible,WGS,Good,MLST.ecoli_achtman_4.10,,,,2017.0,1,0,0,0,0,0,0,0,0,0
562.97759,Susceptible,WGS,Good,MLST.ecoli_achtman_4.95,,Norway,,2002.0,1,0,0,0,0,0,0,0,0,0
562.22729,Susceptible,WGS,Good,MLST.ecoli_achtman_4.95,PRJEB4681,United Kingdom,,2011.0,0,0,0,0,0,0,0,0,0,0
562.100770,Susceptible,WGS,Good,MLST.ecoli_achtman_4.73,,Norway,,2017.0,1,0,0,0,0,0,0,0,0,0
562.57479,Resistant,WGS,Good,MLST.ecoli_achtman_4.2003,,Thailand,,2015.0,1,1,1,1,0,0,0,0,0,0
562.97008,Susceptible,WGS,Good,MLST.ecoli_achtman_4.131,,United Kingdom,,,1,0,0,0,0,0,0,0,0,0
562.57406,Resistant,WGS,Good,MLST.ecoli_achtman_4.410,,Thailand,,2015.0,1,1,1,1,0,0,0,0,0,0
562.100839,Susceptible,WGS,Good,MLST.ecoli_achtman_4.127,,Norway,,2017.0,1,0,0,0,0,0,0,0,0,0
562.96942,Susceptible,WGS,Good,MLST.ecoli_achtman_4.3877,,United Kingdom,,,1,0,0,0,0,0,0,0,0,0
562.100312,Susceptible,WGS,Good,MLST.ecoli_achtman_4.372,,Norway,,2016.0,1,0,0,0,0,0,0,0,0,0
562.99290,Susceptible,WGS,Good,MLST.ecoli_achtman_4.95,,Norway,,2012.0,1,0,0,0,0,0,0,0,0,0
562.145401,Susceptible,WGS,Good,MLST.ecoli_achtman_4.362,PRJNA273513,Canada,British Columbia,2006.0,1,0,0,0,0,0,0,0,0,0
562.97014,Susceptible,WGS,Good,MLST.ecoli_achtman_4.409,,United Kingdom,,,1,0,0,0,0,0,0,0,0,0
562.99933,Susceptible,WGS,Good,MLST.ecoli_achtman_4.95,,Norway,,2014.0,1,0,0,0,0,0,0,0,0,0
562.100222,Susceptible,WGS,Good,MLST.ecoli_achtman_4.405,,Norway,,2015.0,1,0,0,0,0,0,0,0,0,0
562.140862,Resistant,WGS,Good,MLST.ecoli_achtman_4.131,PRJNA530794,USA,"St. Louis, Missouri",2017.0,1,1,1,1,0,0,0,0,0,1
562.97348,Susceptible,WGS,Good,MLST.ecoli_achtman_4.6286,,United Kingdom,,,1,0,0,0,0,0,0,0,0,0
562.98478,Susceptible,WGS,Good,MLST.ecoli_achtman_4.101,,Norway,,2007.0,1,0,0,0,0,0,0,0,0,0
562.57134,Susceptible,WGS,Good,MLST.ecoli_achtman_4.635,,,,,1,1,1,0,0,0,0,0,0,0
562.96686,Susceptible,WGS,Good,MLST.ecoli_achtman_4.428,,United Kingdom,,,1,1,1,0,0,0,0,0,0,0
562.98616,Susceptible,WGS,Good,MLST.ecoli_achtman_4.69,,Norway,,2008.0,1,0,0,0,0,0,0,0,0,0
562.99544,Susceptible,WGS,Good,MLST.ecoli_achtman_4.58,,Norway,,2013.0,1,0,0,0,0,0,0,0,0,0
562.42790,Resistant,WGS,Good,MLST.ecoli_achtman_4.131,PRJNA278886,USA,USA:Boston,2014.0,1,1,1,1,0,0,0,0,0,0
562.96843,Susceptible,WGS,Good,MLST.ecoli_achtman_4.7094,,United Kingdom,,,1,0,0,0,0,0,0,0,0,0
562.100048,Susceptible,WGS,Good,MLST.ecoli_achtman_4.69,,Norway,,2015.0,1,0,0,0,0,0,0,0,0,0
562.100173,Resistant,WGS,Good,MLST.ecoli_achtman_4.354,,Norway,,2015.0,1,1,1,1,0,0,0,0,0,0
562.97422,Resistant,WGS,Good,MLST.ecoli_achtman_4.69,,United Kingdom,,,1,1,1,1,0,0,0,0,0,0
562.58755,Susceptible,WGS,Good,MLST.ecoli_achtman_4.6438,,Norway,Oslo,2007.0,1,1,1,0,0,0,0,0,0,0
562.99576,Susceptible,WGS,Good,MLST.ecoli_achtman_4.999,,Norway,,2013.0,1,0,0,0,0,0,0,0,0,0
562.98219,Resistant,WGS,Good,MLST.ecoli_achtman_4.393,,Norway,,2005.0,1,1,1,1,0,0,0,0,0,0
562.56760,Resistant,WGS,Good,MLST.ecoli_achtman_4.354,,Germany,Thuringia,2012.0,1,1,1,1,0,0,0,0,0,0
562.97039,Susceptible,WGS,Good,MLST.ecoli_achtman_4.117,,United Kingdom,,,1,1,1,0,0,0,0,0,0,0
562.57241,Susceptible,WGS,Good,MLST.ecoli_achtman_4.155,,,,2008.0,1,0,0,0,0,0,1,0,0,1
562.99769,Susceptible,WGS,Good,MLST.ecoli_achtman_4.95,,Norway,,2014.0,1,0,0,0,0,0,0,0,0,0
562.96651,Susceptible,WGS,Good,MLST.ecoli_achtman_4.155,,United Kingdom,,,1,0,0,0,0,0,0,0,0,0
562.145021,Susceptible,WGS,Good,MLST.ecoli_achtman_4.327,PRJEB54735,Portugal,,2019.0,1,0,0,0,0,0,0,0,0,0
562.99726,Resistant,WGS,Good,MLST.ecoli_achtman_4.648,,Norway,,2013.0,1,1,1,1,0,0,0,0,0,0
562.22482,Susceptible,WGS,Good,MLST.ecoli_achtman_4.59,PRJEB4681,United Kingdom,,2007.0,0,0,0,0,0,0,0,0,0,0
562.98548,Susceptible,WGS,Good,MLST.ecoli_achtman_4.127,,Norway,,2008.0,1,0,0,0,0,0,0,0,0,0
562.99335,Susceptible,WGS,Good,MLST.ecoli_achtman_4.95,,Norway,,2012.0,1,0,0,0,0,0,0,0,0,0
562.57100,Susceptible,WGS,Good,MLST.ecoli_achtman_4.2351,,,,2017.0,1,0,0,0,0,0,0,0,0,0
562.98422,Susceptible,WGS,Good,MLST.ecoli_achtman_4.2619,,Norway,,2007.0,1,0,0,0,0,0,0,0,0,0
562.42843,Resistant,WGS,Good,MLST.ecoli_achtman_4.410,PRJNA288601,USA,United States,2014.0,1,1,1,1,0,0,0,0,0,1
562.97944,Susceptible,WGS,Good,MLST.ecoli_achtman_4.106,,Norway,,2004.0,1,0,0,1,0,0,0,0,0,0
562.96546,Resistant,WGS,Good,MLST.ecoli_achtman_4.131,,United Kingdom,,,1,1,1,1,0,0,0,0,0,0
562.99125,Susceptible,WGS,Good,MLST.ecoli_achtman_4.1643,,Norway,,2011.0,1,0,0,0,0,0,0,0,0,0
562.96596,Resistant,WGS,Good,MLST.ecoli_achtman_4.1196,,United Kingdom,,,1,1,1,1,0,0,0,0,0,0
562.140888,Resistant,WGS,Good,MLST.ecoli_achtman_4.131,PRJNA530794,USA,"St. Louis, Missouri",2017.0,1,1,1,1,0,0,0,0,0,1
562.57177,Susceptible,WGS,Good,MLST.ecoli_achtman_4.12,,,,1999.0,1,0,0,0,0,0,0,0,0,0
562.99884,Susceptible,WGS,Good,MLST.ecoli_achtman_4.131,,Norway,,2014.0,1,1,1,0,0,0,0,0,0,0
562.97477,Resistant,WGS,Good,MLST.ecoli_achtman_4.131,,United Kingdom,,,1,1,1,1,0,0,0,0,0,0
562.42651,Resistant,WGS,Good,MLST.ecoli_achtman_4.405,PRJNA278886,USA,USA:Boston,2015.0,1,1,1,1,0,0,0,0,0,0
562.22695,Susceptible,WGS,Good,MLST.ecoli_achtman_4.38,PRJEB4681,United Kingdom,,2011.0,0,0,0,0,0,0,0,0,0,0
562.100045,Susceptible,WGS,Good,MLST.ecoli_achtman_4.69,,Norway,,2015.0,1,0,0,0,0,0,0,0,0,0
562.100051,Susceptible,WGS,Good,MLST.ecoli_achtman_4.73,,Norway,,2015.0,1,0,0,0,0,0,0,0,0,0
562.100737,Susceptible,WGS,Good,MLST.ecoli_achtman_4.491,,Norway,,2017.0,1,0,0,0,0,0,0,0,0,0
562.99819,Susceptible,WGS,Good,MLST.ecoli_achtman_4.12,,Norway,,2014.0,1,0,0,0,0,0,0,0,0,0
562.99050,Susceptible,WGS,Good,MLST.ecoli_achtman_4.73,,Norway,,2011.0,1,0,0,0,0,0,0,0,0,0
562.145054,Susceptible,WGS,Good,MLST.ecoli_achtman_4.442,PRJEB54735,Portugal,,2020.0,1,0,0,0,0,0,0,0,0,0
562.57429,Resistant,WGS,Good,MLST.ecoli_achtman_4.205,,Thailand,,2015.0,1,1,1,1,0,0,0,0,0,0
562.98686,Susceptible,WGS,Good,MLST.ecoli_achtman_4.117,,Norway,,2009.0,1,0,0,0,0,0,0,0,0,0
562.100856,Resistant,WGS,Good,MLST.ecoli_achtman_4.3520,,Norway,,2017.0,1,0,0,0,0,0,0,0,0,0
562.99874,Susceptible,WGS,Good,MLST.ecoli_achtman_4.352,,Norway,,2014.0,1,0,0,0,0,0,0,0,0,0
562.97838,Susceptible,WGS,Good,MLST.ecoli_achtman_4.73,,Norway,,2002.0,1,0,0,0,0,0,0,0,0,0
562.96828,Susceptible,WGS,Good,MLST.ecoli_achtman_4.38,,United Kingdom,,,1,0,0,1,0,0,0,0,0,0
562.99159,Susceptible,WGS,Good,MLST.ecoli_achtman_4.131,,Norway,,2011.0,1,0,0,1,0,0,0,0,0,0
562.57428,Resistant,WGS,Good,MLST.ecoli_achtman_4.10,,Thailand,,2015.0,1,1,1,1,0,0,1,0,0,0
562.97164,Resistant,WGS,Good,MLST.ecoli_achtman_4.443,,United Kingdom,,,1,1,1,1,0,0,0,0,0,0
562.99474,Resistant,WGS,Good,MLST.ecoli_achtman_4.131,,Norway,,2012.0,1,1,1,1,0,0,0,0,0,1
562.99906,Susceptible,WGS,Good,MLST.ecoli_achtman_4.73,,Norway,,2014.0,1,0,0,0,0,0,0,0,0,0
562.42854,Resistant,WGS,Good,MLST.ecoli_achtman_4.410,PRJNA288601,USA,United States,2014.0,1,1,1,1,0,0,0,0,0,1
562.96804,Susceptible,WGS,Good,MLST.ecoli_achtman_4.73,,United Kingdom,,,1,0,0,0,0,0,0,0,0,0
562.97921,Susceptible,WGS,Good,MLST.ecoli_achtman_4.73,,Norway,,2003.0,1,0,0,0,0,0,0,0,0,0
562.98266,Susceptible,WGS,Good,MLST.ecoli_achtman_4.73,,Norway,,2006.0,1,0,0,0,0,0,0,0,0,0
562.140871,Resistant,WGS,Good,MLST.ecoli_achtman_4.131,PRJNA530794,USA,"St. Louis, Missouri",2017.0,1,1,1,1,0,0,0,0,0,1
562.96689,Susceptible,WGS,Good,MLST.ecoli_achtman_4.428,,United Kingdom,,,1,1,1,0,0,0,0,0,0,0
562.97989,Susceptible,WGS,Good,MLST.ecoli_achtman_4.10222,,Norway,,2004.0,1,0,0,0,0,0,0,0,0,0
562.57085,Resistant,WGS,Good,MLST.ecoli_achtman_4.405,,,,2008.0,1,1,1,1,0,0,0,0,0,0
562.97047,Susceptible,WGS,Good,MLST.ecoli_achtman_4.2967,,United Kingdom,,,1,0,0,0,0,0,0,0,0,0
562.99168,Susceptible,WGS,Good,MLST.ecoli_achtman_4.91,,Norway,,2011.0,1,0,0,0,0,0,0,0,0,0
562.100807,Susceptible,WGS,Good,MLST.ecoli_achtman_4.357,,Norway,,2017.0,1,0,0,0,0,0,0,0,0,0
562.99978,Resistant,WGS,Good,MLST.ecoli_achtman_4.14,,Norway,,2014.0,1,0,0,0,0,0,0,0,0,0
562.22719,Susceptible,WGS,Good,MLST.ecoli_achtman_4.567,PRJEB4681,United Kingdom,,2011.0,0,0,0,0,0,0,0,0,0,0
562.22879,Resistant,WGS,Good,MLST.ecoli_achtman_4.624,PRJEB4681,United Kingdom,,2012.0,1,1,1,1,0,0,0,0,0,0
562.97076,Resistant,WGS,Good,MLST.ecoli_achtman_4.131,,United Kingdom,,,1,1,1,1,0,0,0,0,0,1
562.97869,Susceptible,WGS,Good,MLST.ecoli_achtman_4.547,,Norway,,2003.0,1,0,0,0,0,0,0,0,0,0
562.65816,Resistant,WGS,Good,MLST.ecoli_achtman_4.6332,,Germany,Hesse,,1,1,1,1,0,0,0,0,0,1
562.98376,Resistant,WGS,Good,MLST.ecoli_achtman_4.10,,Norway,,2007.0,1,1,1,1,0,0,0,0,0,0
562.57138,Susceptible,WGS,Good,MLST.ecoli_achtman_4.641,,,,,1,0,0,0,0,0,0,0,0,0
562.97472,Susceptible,WGS,Good,MLST.ecoli_achtman_4.357,,United Kingdom,,,1,0,0,0,0,0,0,0,0,0
562.58730,Resistant,WGS,Good,MLST.ecoli_achtman_4.69,,Italy,,2014.0,1,1,1,1,0,0,0,0,0,0
562.57199,Susceptible,WGS,Good,MLST.ecoli_achtman_4.38,,,,2005.0,1,1,1,0,0,0,0,0,0,0
562.98797,Susceptible,WGS,Good,MLST.ecoli_achtman_4.73,,Norway,,2009.0,1,0,0,0,0,0,0,0,0,0
562.97355,Resistant,WGS,Good,MLST.ecoli_achtman_4.59,,United Kingdom,,,1,1,1,1,0,0,0,0,0,0
562.97098,Susceptible,WGS,Good,MLST.ecoli_achtman_4.7096,,United Kingdom,,,1,0,0,0,0,0,0,0,0,0
562.45633,Susceptible,WGS,Good,MLST.ecoli_achtman_4.1724,PRJNA522294,Pakistan,Pakistan:Balochistan,2016.0,1,1,1,0,0,0,0,0,0,0
562.98064,Susceptible,WGS,Good,MLST.ecoli_achtman_4.131,,Norway,,2004.0,1,0,0,0,0,0,0,0,0,0
562.56843,Resistant,WGS,Good,MLST.ecoli_achtman_4.1196,,Germany,Saxony-Anhalt,2014.0,1,1,1,1,0,0,0,0,0,0
562.22782,Susceptible,WGS,Good,MLST.ecoli_achtman_4.73,PRJEB4681,United Kingdom,,2012.0,0,0,0,0,0,0,0,0,0,0
562.100303,Susceptible,WGS,Good,MLST.ecoli_achtman_4.428,,Norway,,2015.0,1,0,0,0,0,0,0,0,0,0
562.22513,Susceptible,WGS,Good,MLST.ecoli_achtman_4.80,PRJEB4681,United Kingdom,,2008.0,0,0,0,0,0,0,0,0,0,0
562.57109,Susceptible,WGS,Good,MLST.ecoli_achtman_4.297,,,,2017.0,1,0,0,0,0,0,0,0,0,0
562.97484,Susceptible,WGS,Good,MLST.ecoli_achtman_4.95,,United Kingdom,,,1,0,0,0,0,0,0,0,0,0
562.98944,Susceptible,WGS,Good,MLST.ecoli_achtman_4.73,,Norway,,2010.0,1,0,0,0,0,0,0,0,0,0
562.98679,Susceptible,WGS,Good,MLST.ecoli_achtman_4.69,,Norway,,2009.0,1,0,0,0,0,0,0,0,0,0
562.96752,Susceptible,WGS,Good,MLST.ecoli_achtman_4.10,,United Kingdom,,,1,0,0,0,0,0,0,0,0,0
562.99554,Susceptible,WGS,Good,MLST.ecoli_achtman_4.10255,,Norway,,2013.0,1,0,0,0,0,0,0,0,0,0
562.98493,Susceptible,WGS,Good,MLST.ecoli_achtman_4.127,,Norway,,2008.0,1,0,0,0,0,0,0,0,0,0
562.100606,Susceptible,WGS,Good,MLST.ecoli_achtman_4.95,,Norway,,2016.0,1,0,0,0,0,0,0,0,0,0
562.98873,Susceptible,WGS,Good,MLST.ecoli_achtman_4.80,,Norway,,2010.0,1,0,0,0,0,0,0,0,0,0
562.98711,Susceptible,WGS,Good,MLST.ecoli_achtman_4.69,,Norway,,2009.0,1,0,0,0,0,0,0,0,0,0
562.97981,Susceptible,WGS,Good,MLST.ecoli_achtman_4.69,,Norway,,2004.0,1,0,0,0,0,0,0,0,0,0
562.42855,Resistant,WGS,Good,MLST.ecoli_achtman_4.131,PRJNA288601,USA,United States,2014.0,1,1,1,1,0,0,0,0,0,0
562.98152,Susceptible,WGS,Good,MLST.ecoli_achtman_4.10280,,Norway,,2005.0,1,0,0,0,0,0,0,0,0,0
562.22824,Susceptible,WGS,Good,MLST.ecoli_achtman_4.5364,PRJEB4681,United Kingdom,,2012.0,0,0,0,0,0,0,0,0,0,0
562.100686,Resistant,WGS,Good,MLST.ecoli_achtman_4.450,,Norway,,2017.0,1,1,1,1,0,0,0,0,0,0
562.100779,Susceptible,WGS,Good,MLST.ecoli_achtman_4.73,,Norway,,2017.0,1,0,0,0,0,0,0,0,0,0
562.59220,Resistant,WGS,Good,MLST.ecoli_achtman_4.354,PRJEB36565,Rwanda,Rwanda,2014.0,1,1,1,1,0,0,0,0,0,0
562.99448,Susceptible,WGS,Good,MLST.ecoli_achtman_4.131,,Norway,,2012.0,1,0,0,0,0,0,0,0,0,0
562.99960,Susceptible,WGS,Good,MLST.ecoli_achtman_4.409,,Norway,,2014.0,1,0,0,0,0,0,0,0,0,0
562.97449,Susceptible,WGS,Good,MLST.ecoli_achtman_4.88,,United Kingdom,,,1,0,0,0,0,0,0,0,0,0
562.99416,Susceptible,WGS,Good,MLST.ecoli_achtman_4.141,,Norway,,2012.0,1,0,0,0,0,0,0,0,0,0
562.97808,Susceptible,WGS,Good,MLST.ecoli_achtman_4.12,,Norway,,2002.0,1,1,1,0,0,0,0,0,0,0
562.100587,Susceptible,WGS,Good,MLST.ecoli_achtman_4.131,,Norway,,2016.0,1,0,0,0,0,0,0,0,0,0
562.98125,Susceptible,WGS,Good,MLST.ecoli_achtman_4.420,,Norway,,2005.0,1,0,0,0,0,0,0,0,0,0
562.96492,Resistant,WGS,Good,MLST.ecoli_achtman_4.131,,United Kingdom,,,1,1,1,1,0,0,0,0,0,0
562.99875,Susceptible,WGS,Good,MLST.ecoli_achtman_4.14,,Norway,,2014.0,1,0,0,0,0,0,1,0,0,0
562.97124,Susceptible,WGS,Good,MLST.ecoli_achtman_4.635,,United Kingdom,,,1,0,0,0,0,0,0,0,0,0
562.99211,Susceptible,WGS,Good,MLST.ecoli_achtman_4.73,,Norway,,2011.0,1,0,0,0,0,0,0,0,0,0
562.45666,Susceptible,WGS,Good,MLST.ecoli_achtman_4.117,PRJNA522294,Pakistan,Pakistan:Punjab,2016.0,1,0,0,0,0,0,0,0,0,0
562.100627,Susceptible,WGS,Good,MLST.ecoli_achtman_4.73,,Norway,,2017.0,1,0,0,0,0,0,0,0,0,0
562.99029,Susceptible,WGS,Good,MLST.ecoli_achtman_4.537,,Norway,,2011.0,1,0,0,0,0,0,0,0,0,0
562.144939,Resistant,WGS,Good,MLST.Escherichia_coli_2.88,PRJNA925003,India,Chattisgarh,,1,1,1,1,0,0,1,0,0,0
562.97016,Susceptible,WGS,Good,MLST.ecoli_achtman_4.131,,United Kingdom,,,1,0,0,0,0,0,0,0,0,0
562.99175,Susceptible,WGS,Good,MLST.ecoli_achtman_4.393,,Norway,,2011.0,1,0,0,1,0,0,0,0,0,0
562.99579,Resistant,WGS,Good,MLST.ecoli_achtman_4.131,,Norway,,2013.0,1,1,1,0,0,0,0,0,0,0
562.99990,Susceptible,WGS,Good,MLST.ecoli_achtman_4.218,,Norway,,2014.0,1,0,0,0,0,0,0,0,0,0
562.57509,Resistant,WGS,Good,MLST.ecoli_achtman_4.44,,Thailand,,2015.0,1,1,1,1,0,0,1,0,0,0
562.100733,Susceptible,WGS,Good,MLST.ecoli_achtman_4.12,,Norway,,2017.0,1,0,0,0,0,0,0,0,0,0
562.100755,Resistant,WGS,Good,MLST.ecoli_achtman_4.131,,Norway,,2017.0,1,1,1,1,0,0,0,0,0,0
562.42872,Resistant,WGS,Good,MLST.ecoli_achtman_4.354,PRJNA288601,USA,United States,2014.0,1,1,1,1,0,0,0,0,0,0
562.96959,Resistant,WGS,Good,MLST.ecoli_achtman_4.131,,United Kingdom,,,1,1,1,1,0,0,0,0,0,0
562.57453,Resistant,WGS,Good,MLST.ecoli_achtman_4.410,,Thailand,,2015.0,1,1,1,1,0,0,0,0,0,0
562.99832,Susceptible,WGS,Good,MLST.ecoli_achtman_4.95,,Norway,,2014.0,1,0,0,0,0,0,0,0,0,0
562.58752,Susceptible,WGS,Good,MLST.ecoli_achtman_4.2144,,Norway,Oslo,2006.0,1,0,0,0,0,0,0,0,0,0
562.99314,Susceptible,WGS,Good,MLST.ecoli_achtman_4.12,,Norway,,2012.0,1,0,0,0,0,0,0,0,0,0
562.97405,Susceptible,WGS,Good,MLST.ecoli_achtman_4.131,,United Kingdom,,,1,0,0,0,0,0,0,0,0,0
562.23866,Susceptible,WGS,Good,MLST.ecoli_achtman_4.69,PRJEB4681,United Kingdom,,2012.0,0,0,0,0,0,0,0,0,0,0
562.22790,Susceptible,WGS,Good,MLST.ecoli_achtman_4.73,PRJEB4681,United Kingdom,,2012.0,0,0,0,0,0,0,0,0,0,0
562.100200,Susceptible,WGS,Good,MLST.ecoli_achtman_4.73,,Norway,,2015.0,1,0,0,0,0,0,0,0,0,0
562.96944,Susceptible,WGS,Good,MLST.ecoli_achtman_4.3877,,United Kingdom,,,1,0,0,0,0,0,0,0,0,0
562.22592,Susceptible,WGS,Good,MLST.ecoli_achtman_4.73,PRJEB4681,United Kingdom,,2009.0,0,0,0,0,0,0,0,0,0,0
562.42805,Resistant,WGS,Good,MLST.ecoli_achtman_4.131,PRJNA278886,USA,USA:Boston,2014.0,1,1,1,1,0,0,0,0,0,1
562.100186,Susceptible,WGS,Good,MLST.ecoli_achtman_4.131,,Norway,,2015.0,1,0,0,0,0,0,0,0,0,0
562.99152,Resistant,WGS,Good,MLST.ecoli_achtman_4.38,,Norway,,2011.0,1,1,1,1,0,0,0,0,0,0
562.99405,Susceptible,WGS,Good,MLST.ecoli_achtman_4.83,,Norway,,2012.0,1,0,0,0,0,0,0,0,0,0
562.140867,Resistant,WGS,Good,MLST.ecoli_achtman_4.131,PRJNA530794,USA,"St. Louis, Missouri",2017.0,1,1,1,1,0,0,0,0,0,1
562.65817,Resistant,WGS,Good,MLST.ecoli_achtman_4.410,,Germany,Hesse,,1,1,1,1,0,0,0,0,0,0
562.99714,Resistant,WGS,Good,MLST.ecoli_achtman_4.131,,Norway,,2013.0,1,1,1,1,0,0,0,0,0,1
562.57261,Susceptible,WGS,Good,MLST.ecoli_achtman_4.58,,,,2008.0,1,0,0,0,0,0,0,0,0,0
562.22720,Susceptible,WGS,Good,MLST.ecoli_achtman_4.5589,PRJEB4681,United Kingdom,,2011.0,0,0,0,0,0,0,0,0,0,0
562.100158,Susceptible,WGS,Good,MLST.ecoli_achtman_4.59,,Norway,,2015.0,1,0,0,0,0,0,0,0,0,0
562.99411,Susceptible,WGS,Good,MLST.ecoli_achtman_4.73,,Norway,,2012.0,1,0,0,0,0,0,0,0,0,0
562.97089,Susceptible,WGS,Good,MLST.ecoli_achtman_4.404,,United Kingdom,,,1,0,0,0,0,0,0,0,0,0
562.98042,Susceptible,WGS,Good,MLST.ecoli_achtman_4.538,,Norway,,2004.0,1,0,0,0,0,0,0,0,0,0
562.100527,Susceptible,WGS,Good,MLST.ecoli_achtman_4.428,,Norway,,2016.0,1,1,1,0,0,0,0,0,0,0
562.98958,Susceptible,WGS,Good,MLST.ecoli_achtman_4.372,,Norway,,2010.0,1,0,0,0,0,0,0,0,0,0
562.98053,Susceptible,WGS,Good,MLST.ecoli_achtman_4.80,,Norway,,2004.0,1,0,0,0,0,0,0,0,0,0
562.144966,Susceptible,WGS,Good,MLST.ecoli_achtman_4.10,PRJEB54735,Portugal,,2020.0,1,0,0,0,0,0,0,0,0,0
562.140864,Resistant,WGS,Good,MLST.ecoli_achtman_4.131,PRJNA530794,USA,"St. Louis, Missouri",2017.0,1,1,1,1,0,0,0,0,0,1
562.96487,Resistant,WGS,Good,MLST.ecoli_achtman_4.131,,United Kingdom,,,1,1,1,1,0,0,0,0,0,0
562.97861,Susceptible,WGS,Good,MLST.ecoli_achtman_4.127,,Norway,,2003.0,1,0,0,0,0,0,0,0,0,0
562.98227,Susceptible,WGS,Good,MLST.ecoli_achtman_4.73,,Norway,,2006.0,1,0,0,0,0,0,0,0,0,0
562.99444,Susceptible,WGS,Good,MLST.ecoli_achtman_4.95,,Norway,,2012.0,1,0,0,0,0,0,0,0,0,0
562.99117,Susceptible,WGS,Good,MLST.ecoli_achtman_4.8915,,Norway,,2011.0,1,0,0,0,0,0,0,0,0,0
562.57135,Susceptible,WGS,Good,MLST.ecoli_achtman_4.399,,,,,1,0,0,0,0,0,0,0,0,0
562.99533,Susceptible,WGS,Good,MLST.ecoli_achtman_4.550,,Norway,,2013.0,1,0,0,0,0,0,0,0,0,0
562.100846,Susceptible,WGS,Good,MLST.ecoli_achtman_4.69,,Norway,,2017.0,1,0,0,0,0,0,0,0,0,0
562.57168,Resistant,WGS,Good,MLST.ecoli_achtman_4.448,,,,,1,1,1,1,0,0,0,0,0,0
562.57124,Resistant,WGS,Good,,,,,2008.0,1,1,1,1,0,0,0,0,0,0
562.99967,Susceptible,WGS,Good,MLST.ecoli_achtman_4.95,,Norway,,2014.0,1,0,0,0,0,0,0,0,0,0
562.98430,Susceptible,WGS,Good,MLST.ecoli_achtman_4.127,,Norway,,2007.0,1,0,0,0,0,0,0,0,0,0
562.99399,Susceptible,WGS,Good,MLST.ecoli_achtman_4.144,,Norway,,2012.0,1,0,0,0,0,0,0,0,0,0
562.57364,Susceptible,WGS,Good,MLST.ecoli_achtman_4.95,,Thailand,,2015.0,1,0,0,0,0,0,1,0,0,0
562.96778,Susceptible,WGS,Good,MLST.ecoli_achtman_4.394,,United Kingdom,,,1,0,0,0,0,0,0,0,0,0
562.140895,Resistant,WGS,Good,MLST.ecoli_achtman_4.131,PRJNA530794,USA,"St. Louis, Missouri",2017.0,1,1,1,1,0,0,0,0,0,1
562.97070,Resistant,WGS,Good,MLST.ecoli_achtman_4.131,,United Kingdom,,,1,1,1,1,0,0,0,0,0,1
562.97922,Susceptible,WGS,Good,MLST.ecoli_achtman_4.59,,Norway,,2003.0,1,0,0,0,0,0,0,0,0,0
562.97190,Susceptible,WGS,Good,MLST.ecoli_achtman_4.95,,United Kingdom,,,1,0,0,0,0,0,0,0,0,0
562.96832,Resistant,WGS,Good,MLST.ecoli_achtman_4.1193,,United Kingdom,,,1,1,1,1,0,0,0,0,0,0
562.100450,Susceptible,WGS,Good,MLST.ecoli_achtman_4.73,,Norway,,2016.0,1,0,0,0,0,0,0,0,0,0
562.100692,Susceptible,WGS,Good,MLST.ecoli_achtman_4.10214,,Norway,,2017.0,1,0,0,0,0,0,0,0,0,0
562.99443,Susceptible,WGS,Good,MLST.ecoli_achtman_4.2619,,Norway,,2012.0,1,0,0,0,0,0,0,0,0,0
562.22485,Susceptible,WGS,Good,MLST.ecoli_achtman_4.69,PRJEB4681,United Kingdom,,2008.0,0,0,0,0,0,0,0,0,0,0
562.100888,Susceptible,WGS,Good,MLST.ecoli_achtman_4.73,,Norway,,2017.0,1,0,0,0,0,0,0,0,0,0
562.58734,Resistant,WGS,Good,MLST.ecoli_achtman_4.744,,Italy,,2015.0,1,1,1,1,0,0,0,0,0,0
562.99981,Susceptible,WGS,Good,MLST.ecoli_achtman_4.405,,Norway,,2014.0,1,1,1,1,0,0,0,0,0,0
562.97753,Susceptible,WGS,Good,MLST.ecoli_achtman_4.162,,Norway,,2002.0,1,0,0,0,0,0,0,0,0,0
562.98994,Susceptible,WGS,Good,MLST.ecoli_achtman_4.95,,Norway,,2010.0,1,0,0,0,0,0,0,0,0,0
562.99951,Susceptible,WGS,Good,MLST.ecoli_achtman_4.12,,Norway,,2014.0,1,0,0,0,0,0,0,0,0,0
562.97369,Susceptible,WGS,Good,MLST.ecoli_achtman_4.58,,United Kingdom,,,1,0,0,0,0,0,0,0,0,0
562.96629,Susceptible,WGS,Good,MLST.ecoli_achtman_4.48,,United Kingdom,,,1,0,0,0,0,0,0,0,0,0
562.99173,Susceptible,WGS,Good,MLST.ecoli_achtman_4.131,,Norway,,2011.0,1,0,0,0,0,0,0,0,0,0
562.57159,Resistant,WGS,Good,MLST.ecoli_achtman_4.3021,,,,,1,0,0,0,0,0,0,0,0,0
562.100198,Susceptible,WGS,Good,MLST.ecoli_achtman_4.10278,,Norway,,2015.0,1,0,0,0,0,0,0,0,0,0
562.42833,Resistant,WGS,Good,MLST.ecoli_achtman_4.131,PRJNA288601,USA,United States,2014.0,1,1,1,1,0,0,0,0,0,0
562.98249,Susceptible,WGS,Good,MLST.ecoli_achtman_4.69,,Norway,,2006.0,1,0,0,0,0,0,0,0,0,0
562.100796,Susceptible,WGS,Good,MLST.ecoli_achtman_4.73,,Norway,,2017.0,1,0,0,0,0,0,0,0,0,0
562.57244,Susceptible,WGS,Good,MLST.ecoli_achtman_4.69,,,,2017.0,1,0,0,0,0,0,0,0,0,0
562.97304,Resistant,WGS,Good,MLST.ecoli_achtman_4.131,,United Kingdom,,,1,1,1,1,0,0,0,0,0,0
562.97023,Susceptible,WGS,Good,MLST.ecoli_achtman_4.58,,United Kingdom,,,1,0,0,0,0,0,1,0,0,0
562.99698,Susceptible,WGS,Good,MLST.ecoli_achtman_4.131,,Norway,,2013.0,1,0,0,0,0,0,0,0,0,0
562.37106,Susceptible,WGS,Good,MLST.ecoli_achtman_4.73,PRJEB23541,Tanzania,Moshi,2014.0,1,0,0,0,0,0,0,0,0,0
562.97942,Susceptible,WGS,Good,MLST.ecoli_achtman_4.10270,,Norway,,2004.0,1,0,0,0,0,0,0,0,0,0
562.22738,Susceptible,WGS,Good,MLST.ecoli_achtman_4.73,PRJEB4681,United Kingdom,,2012.0,0,0,0,0,0,0,0,0,0,0
562.97786,Susceptible,WGS,Good,MLST.ecoli_achtman_4.73,,Norway,,2002.0,1,1,1,0,0,0,0,0,0,0
562.42846,Susceptible,WGS,Good,MLST.ecoli_achtman_4.93,PRJNA288601,USA,United States,2014.0,1,0,0,0,0,0,0,0,0,0
562.100906,Susceptible,WGS,Good,MLST.ecoli_achtman_4.95,,Norway,,2017.0,1,0,0,0,0,0,0,0,0,0
562.99804,Susceptible,WGS,Good,MLST.ecoli_achtman_4.127,,Norway,,2014.0,1,0,0,0,0,0,0,0,0,0
562.57167,Susceptible,WGS,Good,MLST.ecoli_achtman_4.11,,,,,1,0,0,0,0,0,0,0,0,0
562.96833,Resistant,WGS,Good,MLST.ecoli_achtman_4.1193,,United Kingdom,,,1,1,1,1,0,0,0,0,0,0
562.98816,Susceptible,WGS,Good,MLST.ecoli_achtman_4.349,,Norway,,2009.0,1,0,0,0,0,0,0,0,0,0
562.100938,Susceptible,WGS,Good,MLST.ecoli_achtman_4.73,,Norway,,2017.0,1,0,0,0,0,0,0,0,0,0
562.58716,Resistant,WGS,Good,ST-156,,Italy,,2014.0,1,1,1,1,0,0,0,0,0,0
562.45624,Resistant,WGS,Good,MLST.ecoli_achtman_4.3856,PRJNA522294,Pakistan,Pakistan:Islamabad,2016.0,1,1,1,1,0,0,0,0,0,0
562.96918,Susceptible,WGS,Good,MLST.ecoli_achtman_4.162,,United Kingdom,,,1,0,0,0,0,0,0,0,0,0
562.97141,Susceptible,WGS,Good,MLST.ecoli_achtman_4.69,,United Kingdom,,,1,0,0,0,0,0,0,0,0,0
562.145400,Susceptible,WGS,Good,MLST.ecoli_achtman_4.38,PRJNA273513,Canada,British Columbia,2006.0,1,0,0,0,0,0,0,0,0,0
562.98263,Susceptible,WGS,Good,MLST.ecoli_achtman_4.73,,Norway,,2006.0,1,0,0,0,0,0,0,0,0,0
562.100914,Susceptible,WGS,Good,"MLST.Escherichia_coli_1.14,MLST.Escherichia_coli_2.6",,Norway,,2017.0,1,0,0,0,0,0,0,0,0,0
562.57419,Resistant,WGS,Good,MLST.ecoli_achtman_4.746,,Thailand,,2015.0,1,1,1,0,0,0,1,0,0,0
562.97412,Susceptible,WGS,Good,MLST.ecoli_achtman_4.540,,United Kingdom,,,1,0,0,0,0,0,0,0,0,0
562.97067,Resistant,WGS,Good,MLST.ecoli_achtman_4.1196,,United Kingdom,,,1,1,1,1,0,0,0,0,0,0
562.100558,Susceptible,WGS,Good,MLST.ecoli_achtman_4.69,,Norway,,2016.0,1,1,1,0,0,0,0,0,0,0
562.140912,Resistant,WGS,Good,MLST.ecoli_achtman_4.131,PRJNA530794,USA,"St. Louis, Missouri",2017.0,1,1,1,1,0,0,0,0,0,0
562.96810,Susceptible,WGS,Good,MLST.ecoli_achtman_4.73,,United Kingdom,,,1,0,0,0,0,0,0,0,0,0
562.99452,Susceptible,WGS,Good,MLST.ecoli_achtman_4.2015,,Norway,,2012.0,1,0,0,0,0,0,0,0,0,0
562.100586,Susceptible,WGS,Good,MLST.ecoli_achtman_4.14,,Norway,,2016.0,1,0,0,0,0,0,0,0,0,0
562.145065,Susceptible,WGS,Good,MLST.ecoli_achtman_4.21,PRJEB54735,Portugal,,2022.0,1,0,0,0,0,0,0,0,0,0
562.42796,Susceptible,WGS,Good,MLST.ecoli_achtman_4.131,PRJNA278886,USA,USA:Boston,2014.0,1,0,0,0,0,0,0,0,0,0
562.100293,Susceptible,WGS,Good,MLST.ecoli_achtman_4.10407,,Norway,,2015.0,1,1,1,1,0,0,0,0,0,0
562.97482,Susceptible,WGS,Good,MLST.ecoli_achtman_4.131,,United Kingdom,,,1,1,1,0,0,0,0,0,0,0
562.22537,Susceptible,WGS,Good,MLST.ecoli_achtman_4.73,PRJEB4681,United Kingdom,,2008.0,0,0,0,0,0,0,0,0,0,0
562.98443,Susceptible,WGS,Good,MLST.ecoli_achtman_4.73,,Norway,,2007.0,1,0,0,0,0,0,0,0,0,0
562.22646,Susceptible,WGS,Good,MLST.ecoli_achtman_4.131,PRJEB4681,United Kingdom,,2010.0,1,1,1,0,0,0,0,0,0,0
562.97351,Resistant,WGS,Good,MLST.ecoli_achtman_4.59,,United Kingdom,,,1,1,1,1,0,0,0,0,0,0
562.22701,Susceptible,WGS,Good,MLST.ecoli_achtman_4.93,PRJEB4681,United Kingdom,,2011.0,0,0,0,0,0,0,0,0,0,0
562.96869,Susceptible,WGS,Good,MLST.ecoli_achtman_4.155,,United Kingdom,,,1,0,0,0,0,0,0,0,0,0
562.99098,Susceptible,WGS,Good,MLST.ecoli_achtman_4.12,,Norway,,2011.0,1,0,0,0,0,0,0,0,0,0
562.97920,Susceptible,WGS,Good,MLST.ecoli_achtman_4.10297,,Norway,,2003.0,1,0,0,0,0,0,0,0,0,0
562.22470,Susceptible,WGS,Good,MLST.ecoli_achtman_4.1148,PRJEB4681,United Kingdom,,2007.0,0,0,0,0,0,0,0,0,0,0
562.99561,Susceptible,WGS,Good,MLST.ecoli_achtman_4.4624,,Norway,,2013.0,1,0,0,0,0,0,0,0,0,0
562.57456,Resistant,WGS,Good,MLST.ecoli_achtman_4.5942,,Thailand,,2015.0,1,1,1,1,0,0,1,0,0,0
562.98368,Susceptible,WGS,Good,MLST.ecoli_achtman_4.83,,Norway,,2007.0,1,0,0,0,0,0,0,0,0,0
562.135568,Resistant,WGS,Good,MLST.ecoli_achtman_4.8346,,India,Chattisgarh (Jan Swasthya Sahyog),2020.0,1,1,1,1,0,0,0,0,0,0
562.100407,Susceptible,WGS,Good,MLST.ecoli_achtman_4.73,,Norway,,2016.0,1,0,0,0,0,0,0,0,0,0
562.45668,Resistant,WGS,Good,MLST.ecoli_achtman_4.162,PRJNA522294,Pakistan,Pakistan:Khyber Pakhtunkhwa,2016.0,1,1,1,1,0,0,0,0,0,0
562.98614,Susceptible,WGS,Good,MLST.ecoli_achtman_4.141,,Norway,,2008.0,1,0,0,0,0,0,0,0,0,0
562.98502,Susceptible,WGS,Good,MLST.ecoli_achtman_4.80,,Norway,,2008.0,1,0,0,0,0,0,0,0,0,0
562.144989,Susceptible,WGS,Good,MLST.ecoli_achtman_4.738,PRJEB54735,Portugal,,2020.0,1,0,0,0,0,0,0,0,0,0
562.100700,Susceptible,WGS,Good,MLST.ecoli_achtman_4.38,,Norway,,2017.0,1,0,0,0,0,0,0,0,0,0
562.98764,Susceptible,WGS,Good,MLST.ecoli_achtman_4.73,,Norway,,2009.0,1,0,0,0,0,0,0,0,0,0
562.145002,Susceptible,WGS,Good,MLST.ecoli_achtman_4.738,PRJEB54735,Portugal,,2020.0,1,0,0,0,0,0,0,0,0,0
562.98002,Susceptible,WGS,Good,MLST.ecoli_achtman_4.5322,,Norway,,2004.0,1,0,0,0,0,0,0,0,0,0
562.98672,Susceptible,WGS,Good,MLST.ecoli_achtman_4.141,,Norway,,2009.0,1,0,0,0,0,0,0,0,0,0
562.140902,Resistant,WGS,Good,MLST.ecoli_achtman_4.405,PRJNA530794,USA,"St. Louis, Missouri",2017.0,1,1,1,1,0,0,0,0,0,1
562.42768,Resistant,WGS,Good,MLST.ecoli_achtman_4.131,PRJNA278886,USA,USA:Boston,2015.0,1,1,1,1,1,0,0,0,0,1
562.145383,Susceptible,WGS,Good,MLST.ecoli_achtman_4.38,PRJNA273513,Canada,British Columbia,2006.0,1,0,0,0,0,0,0,0,0,0
562.99597,Resistant,WGS,Good,MLST.ecoli_achtman_4.131,,Norway,,2013.0,1,1,1,1,0,0,0,0,0,1
562.99417,Susceptible,WGS,Good,MLST.ecoli_achtman_4.69,,Norway,,2012.0,1,0,0,0,0,0,0,0,0,0
562.145001,Susceptible,WGS,Good,MLST.Escherichia_coli_2.420,PRJEB54735,Portugal,,2020.0,1,0,0,0,0,0,0,0,0,0
562.97064,Susceptible,WGS,Good,MLST.ecoli_achtman_4.216,,United Kingdom,,,1,0,0,0,0,0,0,0,0,0
562.96902,Resistant,WGS,Good,MLST.ecoli_achtman_4.131,,United Kingdom,,,1,1,1,1,0,0,0,0,0,1
562.100594,Susceptible,WGS,Good,MLST.ecoli_achtman_4.919,,Norway,,2016.0,1,0,0,0,0,0,0,0,0,0
562.99552,Susceptible,WGS,Good,MLST.ecoli_achtman_4.95,,Norway,,2013.0,1,0,0,0,0,0,0,0,0,0
562.100452,Susceptible,WGS,Good,MLST.ecoli_achtman_4.405,,Norway,,2016.0,1,0,0,0,0,0,0,0,0,0
562.100772,Resistant,WGS,Good,MLST.ecoli_achtman_4.744,,Norway,,2017.0,1,1,1,1,0,0,0,0,0,0
562.97427,Resistant,WGS,Good,MLST.ecoli_achtman_4.69,,United Kingdom,,,1,1,1,1,0,0,0,0,0,0
562.99992,Susceptible,WGS,Good,MLST.ecoli_achtman_4.69,,Norway,,2014.0,1,0,0,0,0,0,0,0,0,0
562.96792,Resistant,WGS,Good,MLST.ecoli_achtman_4.443,,United Kingdom,,,1,1,1,1,0,0,0,0,0,0
562.97388,Susceptible,WGS,Good,MLST.ecoli_achtman_4.58,,United Kingdom,,,1,0,0,0,0,0,0,0,0,0
562.97802,Susceptible,WGS,Good,MLST.ecoli_achtman_4.73,,Norway,,2002.0,1,0,0,0,0,0,0,0,0,0
562.22588,Resistant,WGS,Good,MLST.ecoli_achtman_4.131,PRJEB4681,United Kingdom,,2009.0,1,1,1,1,0,0,0,0,0,1
562.22698,Susceptible,WGS,Good,MLST.ecoli_achtman_4.14,PRJEB4681,United Kingdom,,2011.0,0,0,0,0,0,0,0,0,0,0
562.99841,Resistant,WGS,Good,MLST.ecoli_achtman_4.162,,Norway,,2014.0,1,1,1,1,0,0,0,0,0,0
562.98448,Susceptible,WGS,Good,MLST.ecoli_achtman_4.73,,Norway,,2007.0,1,0,0,0,0,0,0,0,0,0
562.99009,Susceptible,WGS,Good,MLST.ecoli_achtman_4.73,,Norway,,2010.0,1,0,0,0,0,0,0,0,0,0
562.145040,Susceptible,WGS,Good,MLST.ecoli_achtman_4.738,PRJEB54735,Portugal,,2020.0,1,0,0,0,0,0,0,0,0,0
562.100485,Susceptible,WGS,Good,MLST.ecoli_achtman_4.62,,Norway,,2016.0,1,0,0,0,0,0,0,0,0,0
562.98260,Susceptible,WGS,Good,MLST.ecoli_achtman_4.131,,Norway,,2006.0,1,0,0,0,0,0,0,0,0,0
562.97281,Susceptible,WGS,Good,MLST.ecoli_achtman_4.69,,United Kingdom,,,1,0,0,0,0,0,0,0,0,0
562.99964,Susceptible,WGS,Good,MLST.ecoli_achtman_4.73,,Norway,,2014.0,1,0,0,0,0,0,0,0,0,0
562.22587,Susceptible,WGS,Good,MLST.ecoli_achtman_4.73,PRJEB4681,United Kingdom,,2009.0,0,0,0,0,0,0,0,0,0,0
562.98277,Susceptible,WGS,Good,MLST.ecoli_achtman_4.95,,Norway,,2006.0,1,0,0,0,0,0,0,0,0,0
562.100543,Susceptible,WGS,Good,MLST.ecoli_achtman_4.10,,Norway,,2016.0,1,0,0,0,0,0,0,0,0,0
562.98587,Susceptible,WGS,Good,MLST.ecoli_achtman_4.88,,Norway,,2008.0,1,0,0,0,0,0,0,0,0,0
562.97446,Susceptible,WGS,Good,MLST.ecoli_achtman_4.1494,,United Kingdom,,,1,0,0,0,0,0,0,0,0,0
562.99633,Resistant,WGS,Good,MLST.ecoli_achtman_4.131,,Norway,,2013.0,1,1,1,1,0,0,0,0,0,1
562.97901,Susceptible,WGS,Good,MLST.ecoli_achtman_4.144,,Norway,,2003.0,1,0,0,0,0,0,0,0,0,0
562.97332,Resistant,WGS,Good,MLST.ecoli_achtman_4.69,,United Kingdom,,,1,1,1,1,0,0,0,0,0,0
562.42750,Resistant,WGS,Good,MLST.ecoli_achtman_4.131,PRJNA278886,USA,USA:Boston,2017.0,1,1,1,1,0,0,0,0,0,1
562.42659,Resistant,WGS,Good,MLST.ecoli_achtman_4.131,PRJNA278886,USA,USA:Boston,2015.0,1,1,1,1,0,0,0,0,0,0
562.42745,Resistant,WGS,Good,MLST.ecoli_achtman_4.156,PRJNA278886,USA,USA:Boston,2017.0,1,1,1,1,0,0,0,0,0,0
562.99215,Susceptible,WGS,Good,MLST.ecoli_achtman_4.73,,Norway,,2011.0,1,0,0,0,0,0,0,0,0,0
562.97923,Susceptible,WGS,Good,MLST.ecoli_achtman_4.73,,Norway,,2003.0,1,0,0,0,0,0,0,0,0,0
562.57425,Susceptible,WGS,Good,MLST.ecoli_achtman_4.48,,Thailand,,2015.0,1,0,0,0,0,0,1,0,0,0
562.100623,Susceptible,WGS,Good,MLST.ecoli_achtman_4.73,,Norway,,2017.0,1,0,0,0,0,0,0,0,0,0
562.28839,Resistant,WGS,Good,MLST.ecoli_achtman_4.131,PRJEB23541,Tanzania,Moshi,2014.0,1,1,1,1,0,0,0,0,0,1
562.57111,Susceptible,WGS,Good,MLST.ecoli_achtman_4.93,,,,2017.0,1,0,0,0,0,0,0,0,0,0
562.99407,Susceptible,WGS,Good,MLST.ecoli_achtman_4.62,,Norway,,2012.0,1,0,0,0,0,0,0,0,0,0
562.100381,Susceptible,WGS,Good,MLST.ecoli_achtman_4.141,,Norway,,2016.0,1,0,0,0,0,0,0,0,0,0
562.57126,Susceptible,WGS,Good,MLST.ecoli_achtman_4.73,,,,2017.0,1,0,0,0,0,0,0,0,0,0
562.100716,Susceptible,WGS,Good,MLST.ecoli_achtman_4.73,,Norway,,2017.0,1,0,0,0,0,0,0,0,0,0
562.57368,Resistant,WGS,Good,MLST.ecoli_achtman_4.10,,Thailand,,2015.0,1,1,1,1,0,0,1,0,0,0
562.98134,Susceptible,WGS,Good,MLST.ecoli_achtman_4.2617,,Norway,,2005.0,1,0,0,0,0,0,0,0,0,0
562.97979,Susceptible,WGS,Good,MLST.ecoli_achtman_4.127,,Norway,,2004.0,1,0,0,0,0,0,0,0,0,0
562.97187,Susceptible,WGS,Good,MLST.ecoli_achtman_4.95,,United Kingdom,,,1,0,0,0,0,0,0,0,0,0
562.145013,Susceptible,WGS,Good,MLST.ecoli_achtman_4.13586,PRJEB54735,Portugal,,2021.0,1,0,0,0,0,0,0,0,0,0
562.98252,Susceptible,WGS,Good,MLST.ecoli_achtman_4.80,,Norway,,2006.0,1,0,0,0,0,0,0,0,0,0
562.97376,Susceptible,WGS,Good,MLST.ecoli_achtman_4.421,,United Kingdom,,,1,0,0,0,0,0,0,0,0,0
562.98108,Susceptible,WGS,Good,MLST.ecoli_achtman_4.59,,Norway,,2005.0,1,0,0,0,0,0,0,0,0,0
562.97862,Susceptible,WGS,Good,MLST.ecoli_achtman_4.421,,Norway,,2003.0,1,0,0,0,0,0,0,0,0,0
562.57396,Resistant,WGS,Good,MLST.ecoli_achtman_4.48,,Thailand,,2015.0,1,1,1,0,0,0,1,0,0,0
562.22431,Resistant,WGS,Good,MLST.ecoli_achtman_4.10,PRJEB4681,United Kingdom,,2006.0,1,1,1,1,0,0,0,0,0,0
562.99831,Susceptible,WGS,Good,MLST.ecoli_achtman_4.676,,Norway,,2014.0,1,0,0,0,0,0,0,0,0,0
562.22473,Susceptible,WGS,Good,MLST.ecoli_achtman_4.69,PRJEB4681,United Kingdom,,2007.0,0,0,0,0,0,0,0,0,0,0
562.98085,Susceptible,WGS,Good,MLST.ecoli_achtman_4.95,,Norway,,2005.0,1,0,0,0,0,0,0,0,0,0
562.99604,Susceptible,WGS,Good,MLST.ecoli_achtman_4.95,,Norway,,2013.0,1,0,0,0,0,0,0,0,0,0
562.99031,Susceptible,WGS,Good,MLST.ecoli_achtman_4.69,,Norway,,2011.0,1,0,0,0,0,0,0,0,0,0
562.98118,Susceptible,WGS,Good,MLST.ecoli_achtman_4.95,,Norway,,2005.0,1,0,0,0,0,0,0,0,0,0
562.99331,Susceptible,WGS,Good,MLST.ecoli_achtman_4.10248,,Norway,,2012.0,1,0,0,0,0,0,0,0,0,0
562.140868,Resistant,WGS,Good,MLST.ecoli_achtman_4.131,PRJNA530794,USA,"St. Louis, Missouri",2017.0,1,1,1,1,0,0,0,0,0,1
562.100359,Susceptible,WGS,Good,MLST.ecoli_achtman_4.12,,Norway,,2016.0,1,0,0,0,0,0,0,0,0,0
562.98901,Susceptible,WGS,Good,MLST.ecoli_achtman_4.73,,Norway,,2010.0,1,0,0,0,0,0,0,0,0,0
562.100857,Susceptible,WGS,Good,MLST.ecoli_achtman_4.69,,Norway,,2017.0,1,0,0,0,0,0,0,0,0,0
562.96610,Susceptible,WGS,Good,MLST.ecoli_achtman_4.59,,United Kingdom,,,1,0,0,0,0,0,0,0,0,0
562.140826,Resistant,WGS,Good,MLST.ecoli_achtman_4.131,PRJNA530794,USA,"St. Louis, Missouri",2017.0,1,1,1,1,0,0,0,0,0,0
562.98531,Susceptible,WGS,Good,MLST.ecoli_achtman_4.88,,Norway,,2008.0,1,0,0,0,0,0,0,0,0,0
562.22791,Susceptible,WGS,Good,MLST.ecoli_achtman_4.1170,PRJEB4681,United Kingdom,,2012.0,0,0,0,0,0,0,0,0,0,0
562.98728,Susceptible,WGS,Good,MLST.ecoli_achtman_4.12,,Norway,,2009.0,1,0,0,0,0,0,0,0,0,0
562.97784,Susceptible,WGS,Good,MLST.ecoli_achtman_4.59,,Norway,,2002.0,1,0,0,0,0,0,0,0,0,0
562.57163,Susceptible,WGS,Good,MLST.ecoli_achtman_4.100,,,,,1,0,0,0,0,0,0,0,0,0
562.96659,Resistant,WGS,Good,MLST.ecoli_achtman_4.6151,,United Kingdom,,,1,1,1,1,0,0,0,0,0,0
562.100785,Susceptible,WGS,Good,MLST.ecoli_achtman_4.141,,Norway,,2017.0,1,0,0,0,0,0,0,0,0,0
562.22766,Susceptible,WGS,Good,MLST.ecoli_achtman_4.95,PRJEB4681,United Kingdom,,2012.0,1,1,1,0,0,0,0,0,0,0
562.100638,Susceptible,WGS,Good,MLST.ecoli_achtman_4.131,,Norway,,2017.0,1,0,0,0,0,0,0,0,0,0
562.98649,Susceptible,WGS,Good,MLST.ecoli_achtman_4.73,,Norway,,2009.0,1,0,0,0,0,0,0,0,0,0
562.97125,Susceptible,WGS,Good,MLST.ecoli_achtman_4.635,,United Kingdom,,,1,0,0,0,0,0,0,0,0,0
562.23926,Resistant,WGS,Good,MLST.ecoli_achtman_4.95,PRJEB4681,United Kingdom,,2004.0,0,0,0,0,0,0,0,0,0,0
562.98119,Susceptible,WGS,Good,MLST.ecoli_achtman_4.73,,Norway,,2005.0,1,0,0,0,0,0,0,0,0,0
562.99757,Susceptible,WGS,Good,MLST.ecoli_achtman_4.127,,Norway,,2014.0,1,0,0,0,0,0,0,0,0,0
562.99918,Susceptible,WGS,Good,MLST.ecoli_achtman_4.73,,Norway,,2014.0,1,0,0,0,0,0,0,0,0,0
562.145440,Susceptible,WGS,Good,MLST.ecoli_achtman_4.141,PRJNA273513,Canada,British Columbia,2006.0,1,0,0,0,0,0,0,0,0,0
562.58644,Susceptible,WGS,Good,MLST.ecoli_achtman_4.38,,Pakistan,,,1,1,1,0,0,0,0,0,0,0
562.98555,Susceptible,WGS,Good,MLST.ecoli_achtman_4.963,,Norway,,2008.0,1,0,0,0,0,0,0,0,0,0
562.140865,Resistant,WGS,Good,MLST.ecoli_achtman_4.131,PRJNA530794,USA,"St. Louis, Missouri",2017.0,1,1,1,1,0,0,0,0,0,1
562.97990,Susceptible,WGS,Good,MLST.ecoli_achtman_4.95,,Norway,,2004.0,1,0,0,0,0,0,0,0,0,0
562.100383,Susceptible,WGS,Good,MLST.ecoli_achtman_4.127,,Norway,,2016.0,1,0,0,0,0,0,0,0,0,0
562.99511,Susceptible,WGS,Good,MLST.ecoli_achtman_4.130,,Norway,,2013.0,1,0,0,1,0,0,0,0,0,0
562.45674,Resistant,WGS,Good,MLST.ecoli_achtman_4.350,PRJNA522294,Pakistan,Pakistan:Islamabad,2016.0,1,1,1,1,0,0,0,0,0,0
562.100865,Susceptible,WGS,Good,MLST.ecoli_achtman_4.73,,Norway,,2017.0,1,0,0,0,0,0,0,0,0,0
562.98069,Susceptible,WGS,Good,MLST.ecoli_achtman_4.357,,Norway,,2004.0,1,0,0,0,0,0,0,0,0,0
562.22624,Susceptible,WGS,Good,MLST.ecoli_achtman_4.73,PRJEB4681,United Kingdom,,2010.0,0,0,0,0,0,0,0,0,0,0
562.42769,Resistant,WGS,Good,MLST.ecoli_achtman_4.744,PRJNA278886,USA,USA:Boston,2015.0,1,1,1,1,0,0,0,0,0,0
562.97448,Susceptible,WGS,Good,MLST.ecoli_achtman_4.131,,United Kingdom,,,1,0,0,0,0,0,0,0,0,0
562.99032,Susceptible,WGS,Good,MLST.ecoli_achtman_4.95,,Norway,,2011.0,1,0,0,0,0,0,0,0,0,0
562.57486,Resistant,WGS,Good,MLST.ecoli_achtman_4.38,,Thailand,,2014.0,1,1,1,1,0,0,0,0,0,0
562.99849,Susceptible,WGS,Good,MLST.ecoli_achtman_4.10223,,Norway,,2014.0,1,0,0,0,0,0,0,0,0,0
562.97475,Resistant,WGS,Good,MLST.ecoli_achtman_4.1193,,United Kingdom,,,1,1,1,1,0,0,0,0,0,0
562.97847,Susceptible,WGS,Good,MLST.ecoli_achtman_4.73,,Norway,,2003.0,1,0,0,0,0,0,0,0,0,0
562.100760,Susceptible,WGS,Good,MLST.ecoli_achtman_4.73,,Norway,,2017.0,1,0,0,0,0,0,0,0,0,0
562.96758,Resistant,WGS,Good,MLST.ecoli_achtman_4.354,,United Kingdom,,,1,1,1,1,0,0,0,0,0,0
562.58740,Resistant,WGS,Good,MLST.ecoli_achtman_4.117,,Italy,,2015.0,1,1,1,0,0,0,0,0,0,0
562.98389,Susceptible,WGS,Good,MLST.ecoli_achtman_4.69,,Norway,,2007.0,1,0,0,0,0,0,0,0,0,0
562.99869,Susceptible,WGS,Good,MLST.ecoli_achtman_4.127,,Norway,,2014.0,1,0,0,0,0,0,0,0,0,0
562.22793,Susceptible,WGS,Good,MLST.ecoli_achtman_4.95,PRJEB4681,United Kingdom,,2012.0,0,0,0,0,0,0,0,0,0,0
562.98732,Susceptible,WGS,Good,MLST.ecoli_achtman_4.69,,Norway,,2009.0,1,0,0,0,0,0,0,0,0,0
562.99582,Susceptible,WGS,Good,MLST.ecoli_achtman_4.410,,Norway,,2013.0,1,0,0,0,0,0,0,0,0,0
562.97767,Susceptible,WGS,Good,MLST.ecoli_achtman_4.706,,Norway,,2002.0,1,0,0,0,0,0,0,0,0,0
562.100910,Susceptible,WGS,Good,MLST.ecoli_achtman_4.23,,Norway,,2017.0,1,0,0,0,0,0,0,0,0,0
562.97502,Resistant,WGS,Good,MLST.ecoli_achtman_4.1193,,United Kingdom,,,1,1,1,1,0,0,0,0,0,0
562.98831,Susceptible,WGS,Good,MLST.ecoli_achtman_4.73,,Norway,,2009.0,1,0,0,0,0,0,0,0,0,0
562.100677,Susceptible,WGS,Good,MLST.ecoli_achtman_4.73,,Norway,,2017.0,1,0,0,0,0,0,0,0,0,0
562.98216,Susceptible,WGS,Good,MLST.ecoli_achtman_4.95,,Norway,,2005.0,1,0,0,0,0,0,0,0,0,0
562.99214,Susceptible,WGS,Good,MLST.ecoli_achtman_4.540,,Norway,,2011.0,1,0,0,0,0,0,0,0,0,0
562.42749,Resistant,WGS,Good,MLST.ecoli_achtman_4.131,PRJNA278886,USA,USA:Boston,2017.0,1,1,1,1,0,0,0,0,0,1
562.99647,Susceptible,WGS,Good,MLST.ecoli_achtman_4.75,,Norway,,2013.0,1,0,0,0,0,0,0,0,0,0
562.99791,Susceptible,WGS,Good,MLST.ecoli_achtman_4.117,,Norway,,2014.0,1,0,0,0,0,0,0,0,0,0
562.45618,Resistant,WGS,Good,MLST.ecoli_achtman_4.155,PRJNA522294,Pakistan,Pakistan:Balochistan,2016.0,1,1,1,1,0,0,0,0,0,0
562.99797,Susceptible,WGS,Good,MLST.ecoli_achtman_4.83,,Norway,,2014.0,1,0,0,0,0,0,0,0,0,0
562.97271,Resistant,WGS,Good,MLST.ecoli_achtman_4.1723,,United Kingdom,,,1,1,1,1,0,0,0,0,0,0
562.57470,Resistant,WGS,Good,MLST.ecoli_achtman_4.405,,Thailand,,2014.0,1,1,1,1,0,1,0,0,0,1
562.28132,Resistant,,,MLST.ecoli_achtman_4.167,PRJNA360013,China,China: Shenzhen,2013.0,1,0,0,0,0,0,0,1,1,1
562.97176,Susceptible,WGS,Good,MLST.ecoli_achtman_4.7098,,United Kingdom,,,1,0,0,0,0,0,0,0,0,0
562.98883,Susceptible,WGS,Good,MLST.ecoli_achtman_4.390,,Norway,,2010.0,1,0,0,0,0,0,0,0,0,0
562.100333,Susceptible,WGS,Good,MLST.ecoli_achtman_4.141,,Norway,,2016.0,1,0,0,0,0,0,0,0,0,0
562.97309,Resistant,WGS,Good,MLST.ecoli_achtman_4.131,,United Kingdom,,,1,1,1,1,0,0,0,0,0,0
562.22548,Susceptible,WGS,Good,MLST.ecoli_achtman_4.69,PRJEB4681,United Kingdom,,2009.0,0,0,0,0,0,0,0,0,0,0
562.100943,Susceptible,WGS,Good,MLST.ecoli_achtman_4.12,,Norway,,2017.0,1,0,0,0,0,0,0,0,0,0
562.99599,Susceptible,WGS,Good,MLST.ecoli_achtman_4.10230,,Norway,,2013.0,1,0,0,0,0,0,0,0,0,0
562.100633,Susceptible,WGS,Good,MLST.ecoli_achtman_4.5644,,Norway,,2017.0,1,0,0,0,0,0,0,0,0,0
562.98146,Susceptible,WGS,Good,MLST.ecoli_achtman_4.59,,Norway,,2005.0,1,0,0,0,0,0,0,0,0,0
562.100654,Susceptible,WGS,Good,MLST.ecoli_achtman_4.144,,Norway,,2017.0,1,0,0,0,0,0,0,0,0,0
562.100421,Susceptible,WGS,Good,MLST.ecoli_achtman_4.421,,Norway,,2016.0,1,0,0,0,0,0,0,0,0,0
562.97459,Susceptible,WGS,Good,MLST.ecoli_achtman_4.3006,,United Kingdom,,,1,0,0,0,0,0,0,0,0,0
562.57452,Resistant,WGS,Good,MLST.ecoli_achtman_4.131,,Thailand,,2015.0,1,1,1,1,0,0,0,0,0,0
562.100130,Susceptible,WGS,Good,MLST.ecoli_achtman_4.1859,,Norway,,2015.0,1,0,0,0,0,0,0,0,0,0
562.96932,Resistant,WGS,Good,MLST.ecoli_achtman_4.2006,,United Kingdom,,,1,1,1,1,0,0,0,0,0,1
562.99570,Susceptible,WGS,Good,MLST.ecoli_achtman_4.12,,Norway,,2013.0,1,0,0,0,0,0,0,0,0,0
562.56855,Resistant,WGS,Good,MLST.ecoli_achtman_4.393,,Germany,Lower Saxony,2012.0,1,1,1,1,0,0,0,0,0,0
562.96930,Susceptible,WGS,Good,MLST.ecoli_achtman_4.7092,,United Kingdom,,,1,0,0,0,0,0,0,0,0,0
562.98333,Susceptible,WGS,Good,MLST.ecoli_achtman_4.10,,Norway,,2006.0,1,0,0,0,0,0,0,0,0,0
562.97503,Resistant,WGS,Good,MLST.ecoli_achtman_4.1193,,United Kingdom,,,1,1,1,1,0,0,0,0,0,0
562.100718,Susceptible,WGS,Good,MLST.ecoli_achtman_4.95,,Norway,,2017.0,1,0,0,0,0,0,0,0,0,0
562.98619,Susceptible,WGS,Good,MLST.ecoli_achtman_4.73,,Norway,,2008.0,1,0,0,0,0,0,0,0,0,0
562.57506,Resistant,WGS,Good,MLST.ecoli_achtman_4.58,,Thailand,,2015.0,1,1,1,1,0,0,1,0,0,0
562.97106,Susceptible,WGS,Good,MLST.ecoli_achtman_4.7097,,United Kingdom,,,1,0,0,0,0,0,1,0,0,0
562.97274,Resistant,WGS,Good,MLST.ecoli_achtman_4.443,,United Kingdom,,,1,1,1,1,0,0,0,0,0,0
562.97075,Resistant,WGS,Good,MLST.ecoli_achtman_4.131,,United Kingdom,,,1,1,1,1,0,0,0,0,0,1
562.99171,Resistant,WGS,Good,MLST.ecoli_achtman_4.131,,Norway,,2011.0,1,1,1,1,0,0,0,0,0,0
562.22728,Susceptible,WGS,Good,MLST.ecoli_achtman_4.95,PRJEB4681,United Kingdom,,2011.0,0,0,0,0,0,0,0,0,0,0
562.28389,Susceptible,Complete,Good,MLST.ecoli_achtman_4.1276,PRJNA292904,,,,0,0,0,0,0,0,0,0,0,0
562.99810,Susceptible,WGS,Good,MLST.ecoli_achtman_4.73,,Norway,,2014.0,1,0,0,0,0,0,0,0,0,0
562.56794,Resistant,WGS,Good,MLST.ecoli_achtman_4.2450,,Germany,Saxony-Anhalt,2008.0,1,1,1,1,0,0,0,0,0,1
562.96801,Susceptible,WGS,Good,MLST.ecoli_achtman_4.73,,United Kingdom,,,1,0,0,0,0,0,0,0,0,0
562.57390,Resistant,WGS,Good,MLST.ecoli_achtman_4.2003,,Thailand,,2015.0,1,1,1,1,0,0,0,0,0,0
562.58759,Resistant,WGS,Good,MLST.Escherichia_coli_2.494,,Norway,Oslo,2006.0,1,1,1,1,0,0,0,0,0,0
562.97266,Resistant,WGS,Good,MLST.ecoli_achtman_4.443,,United Kingdom,,,1,1,1,1,0,0,0,0,0,0
562.99155,Susceptible,WGS,Good,MLST.ecoli_achtman_4.73,,Norway,,2011.0,1,0,0,0,0,0,0,0,0,0
562.98599,Susceptible,WGS,Good,MLST.ecoli_achtman_4.73,,Norway,,2008.0,1,0,0,0,0,0,0,0,0,0
562.99267,Susceptible,WGS,Good,MLST.ecoli_achtman_4.10,,Norway,,2012.0,1,0,0,0,0,0,0,0,0,0
562.100236,Susceptible,WGS,Good,MLST.ecoli_achtman_4.131,,Norway,,2015.0,1,0,0,0,0,0,0,0,0,0
562.97161,Resistant,WGS,Good,MLST.ecoli_achtman_4.443,,United Kingdom,,,1,1,1,1,0,0,0,0,0,0
562.97377,Susceptible,WGS,Good,MLST.ecoli_achtman_4.58,,United Kingdom,,,1,0,0,0,0,0,0,0,0,0
562.135582,Resistant,WGS,Good,MLST.ecoli_achtman_4.2083,,India,Chattisgarh (Jan Swasthya Sahyog),2019.0,1,1,1,1,0,0,0,0,0,1
562.145821,Susceptible,WGS,Good,MLST.ecoli_achtman_4.404,PRJNA273513,Canada,,1999.0,1,0,0,0,0,0,0,0,0,0
562.98472,Susceptible,WGS,Good,MLST.ecoli_achtman_4.52,,Norway,,2007.0,1,0,0,0,0,0,0,0,0,0
562.37108,Resistant,WGS,Good,MLST.ecoli_achtman_4.405,PRJEB23541,Tanzania,Moshi,2015.0,1,1,1,1,0,0,0,0,0,1
562.97911,Susceptible,WGS,Good,MLST.ecoli_achtman_4.88,,Norway,,2003.0,1,0,0,0,0,0,0,0,0,0
562.140876,Resistant,WGS,Good,MLST.ecoli_achtman_4.131,PRJNA530794,USA,"St. Louis, Missouri",2017.0,1,1,1,1,0,0,0,0,0,0
562.140879,Resistant,WGS,Good,MLST.ecoli_achtman_4.131,PRJNA530794,USA,"St. Louis, Missouri",2017.0,1,1,1,1,0,0,0,0,0,0
562.99049,Susceptible,WGS,Good,MLST.ecoli_achtman_4.95,,Norway,,2011.0,1,0,0,0,0,0,0,0,0,0
562.58733,Resistant,WGS,Good,ST-399,,Italy,,2015.0,1,1,1,0,0,0,0,0,0,0
562.99157,Susceptible,WGS,Good,MLST.ecoli_achtman_4.2619,,Norway,,2011.0,1,0,0,0,0,0,0,0,0,0
562.22711,Susceptible,WGS,Good,MLST.ecoli_achtman_4.95,PRJEB4681,United Kingdom,,2010.0,0,0,0,0,0,0,0,0,0,0
562.22535,Susceptible,WGS,Good,MLST.ecoli_achtman_4.12,PRJEB4681,United Kingdom,,2008.0,0,0,0,0,0,0,0,0,0,0
562.98282,Susceptible,WGS,Good,MLST.ecoli_achtman_4.73,,Norway,,2006.0,1,0,0,0,0,0,0,0,0,0
562.100355,Susceptible,WGS,Good,MLST.ecoli_achtman_4.101,,Norway,,2016.0,1,0,0,0,0,0,0,0,0,0
562.96755,Susceptible,WGS,Good,MLST.ecoli_achtman_4.428,,United Kingdom,,,1,1,1,0,0,0,0,0,0,0
562.98852,Susceptible,WGS,Good,MLST.ecoli_achtman_4.80,,Norway,,2010.0,1,0,0,0,0,0,0,0,0,0
562.42640,Resistant,WGS,Good,MLST.ecoli_achtman_4.131,PRJNA278886,USA,USA:Boston,2015.0,1,1,1,1,0,0,0,0,0,0
562.22827,Susceptible,WGS,Good,MLST.ecoli_achtman_4.12,PRJEB4681,United Kingdom,,2012.0,0,0,0,0,0,0,0,0,0,0
562.57301,Susceptible,WGS,Good,MLST.ecoli_achtman_4.586,,,,2017.0,1,0,0,0,0,0,0,0,0,0
562.98014,Susceptible,WGS,Good,MLST.ecoli_achtman_4.297,,Norway,,2004.0,1,0,0,0,0,0,0,0,0,0
562.98820,Susceptible,WGS,Good,MLST.ecoli_achtman_4.1665,,Norway,,2009.0,1,0,0,0,0,0,0,0,0,0
562.99071,Susceptible,WGS,Good,MLST.ecoli_achtman_4.547,,Norway,,2011.0,1,0,0,0,0,0,0,0,0,0
562.100941,Susceptible,WGS,Good,MLST.ecoli_achtman_4.131,,Norway,,2017.0,1,0,0,0,0,0,0,0,0,0
562.100240,Susceptible,WGS,Good,MLST.ecoli_achtman_4.144,,Norway,,2015.0,1,0,0,0,0,0,0,0,0,0
562.99624,Susceptible,WGS,Good,MLST.ecoli_achtman_4.10239,,Norway,,2013.0,1,0,0,0,0,0,0,0,0,0
562.98998,Susceptible,WGS,Good,MLST.ecoli_achtman_4.141,,Norway,,2010.0,1,0,0,0,0,0,0,0,0,0
562.97183,Susceptible,WGS,Good,MLST.ecoli_achtman_4.7098,,United Kingdom,,,1,0,0,0,0,0,0,0,0,0
562.99669,Susceptible,WGS,Good,MLST.ecoli_achtman_4.104,,Norway,,2013.0,1,0,0,0,0,0,0,0,0,0
562.97788,Susceptible,WGS,Good,MLST.ecoli_achtman_4.73,,Norway,,2002.0,1,0,0,0,0,0,0,0,0,0
562.100146,Susceptible,WGS,Good,MLST.ecoli_achtman_4.73,,Norway,,2015.0,1,0,0,0,0,0,0,0,0,0
562.58650,Susceptible,WGS,Good,MLST.ecoli_achtman_4.940,,Pakistan,,,1,0,0,0,0,0,0,0,0,0
562.145373,Resistant,WGS,Good,MLST.Escherichia_coli_2.2,PRJNA925003,India,Chattisgarh,,1,0,0,0,0,0,0,0,0,0
562.98868,Susceptible,WGS,Good,MLST.ecoli_achtman_4.2619,,Norway,,2010.0,1,0,0,0,0,0,0,0,0,0
562.145390,Susceptible,WGS,Good,MLST.ecoli_achtman_4.155,PRJNA273513,Canada,British Columbia,2006.0,1,0,0,0,0,0,0,0,0,0
562.100826,Susceptible,WGS,Good,MLST.ecoli_achtman_4.714,,Norway,,2017.0,1,0,0,0,0,0,0,0,0,0
562.96954,Susceptible,WGS,Good,MLST.ecoli_achtman_4.3877,,United Kingdom,,,1,0,0,0,0,0,0,0,0,0
562.99238,Susceptible,WGS,Good,MLST.ecoli_achtman_4.69,,Norway,,2011.0,1,0,0,0,0,0,0,0,0,0
562.57087,Resistant,WGS,Good,MLST.ecoli_achtman_4.131,,,,2008.0,1,1,1,1,0,0,0,0,0,0
562.96950,Susceptible,WGS,Good,MLST.ecoli_achtman_4.3877,,United Kingdom,,,1,0,0,0,0,0,0,0,0,0
562.98411,Susceptible,WGS,Good,MLST.ecoli_achtman_4.421,,Norway,,2007.0,1,0,0,0,0,0,0,0,0,0
562.97148,Susceptible,WGS,Good,MLST.ecoli_achtman_4.141,,United Kingdom,,,1,0,0,0,0,0,0,0,0,0
562.100024,Susceptible,WGS,Good,MLST.ecoli_achtman_4.127,,Norway,,2015.0,1,0,0,0,0,0,0,0,0,0
562.99492,Resistant,WGS,Good,MLST.ecoli_achtman_4.131,,Norway,,2013.0,1,1,1,1,0,0,0,0,0,0
562.140828,Resistant,WGS,Good,MLST.ecoli_achtman_4.131,PRJNA530794,USA,"St. Louis, Missouri",2017.0,1,1,1,1,0,0,0,0,0,0
562.97453,Susceptible,WGS,Good,MLST.ecoli_achtman_4.131,,United Kingdom,,,1,0,0,0,0,0,0,0,0,0
562.97804,Susceptible,WGS,Good,MLST.ecoli_achtman_4.73,,Norway,,2002.0,1,0,0,0,0,0,0,0,0,0
562.96687,Susceptible,WGS,Good,MLST.ecoli_achtman_4.428,,United Kingdom,,,1,1,1,0,0,0,0,0,0,0
562.98661,Susceptible,WGS,Good,MLST.ecoli_achtman_4.95,,Norway,,2009.0,1,0,0,0,0,0,0,0,0,0
562.57254,Susceptible,WGS,Good,MLST.ecoli_achtman_4.131,,,,2008.0,1,0,0,0,0,0,0,0,0,0
562.144917,Resistant,WGS,Good,MLST.ecoli_achtman_4.405,PRJNA925003,India,Chattisgarh,,1,1,1,1,0,0,0,0,0,0
562.97972,Susceptible,WGS,Good,MLST.ecoli_achtman_4.10412,,Norway,,2004.0,1,0,0,0,0,0,0,0,0,0
562.99345,Resistant,WGS,Good,MLST.ecoli_achtman_4.131,,Norway,,2012.0,1,1,1,1,0,0,0,0,0,0
562.98534,Susceptible,WGS,Good,MLST.ecoli_achtman_4.12,,Norway,,2008.0,1,0,0,0,0,0,0,0,0,0
562.145076,Resistant,WGS,Good,MLST.ecoli_achtman_4.1011,PRJEB54735,Portugal,,2018.0,1,1,1,1,0,0,0,0,0,0
562.99868,Susceptible,WGS,Good,MLST.ecoli_achtman_4.95,,Norway,,2014.0,1,0,0,0,0,0,0,0,0,0
562.98908,Susceptible,WGS,Good,MLST.ecoli_achtman_4.390,,Norway,,2010.0,1,0,0,0,0,0,0,0,0,0
562.100647,Susceptible,WGS,Good,MLST.ecoli_achtman_4.12,,Norway,,2017.0,1,0,0,0,0,0,0,0,0,0
562.96820,Susceptible,WGS,Good,MLST.ecoli_achtman_4.1079,,United Kingdom,,,1,0,0,0,0,0,0,0,0,0
562.42696,Resistant,WGS,Good,MLST.ecoli_achtman_4.131,PRJNA278886,USA,USA:Boston,2016.0,1,1,1,1,0,0,0,0,0,1
562.145404,Susceptible,WGS,Good,MLST.ecoli_achtman_4.57,PRJNA273513,Canada,British Columbia,2006.0,1,1,1,0,0,0,0,0,0,0
562.100320,Susceptible,WGS,Good,MLST.ecoli_achtman_4.12,,Norway,,2016.0,1,0,0,0,0,0,0,0,0,0
562.145032,Susceptible,WGS,Good,MLST.ecoli_achtman_4.2086,PRJEB54735,Portugal,,2019.0,1,0,0,0,0,0,0,0,0,0
562.99666,Susceptible,WGS,Good,MLST.ecoli_achtman_4.14,,Norway,,2013.0,1,0,0,0,0,0,0,0,0,0
562.99522,Susceptible,WGS,Good,MLST.ecoli_achtman_4.131,,Norway,,2013.0,1,0,0,0,0,0,0,0,0,0
562.57181,Resistant,WGS,Good,MLST.ecoli_achtman_4.73,,,,,1,1,1,0,0,0,0,0,0,0
562.96541,Susceptible,WGS,Good,MLST.ecoli_achtman_4.93,,United Kingdom,,,1,0,0,0,0,0,0,0,0,0
562.135561,Resistant,WGS,Good,MLST.Escherichia_coli_2.692,,India,Chattisgarh (Jan Swasthya Sahyog),2020.0,1,1,1,1,0,0,0,0,0,1
562.97432,Susceptible,WGS,Good,MLST.ecoli_achtman_4.7095,,United Kingdom,,,1,1,1,0,0,0,0,0,0,0
562.57103,Susceptible,WGS,Good,MLST.ecoli_achtman_4.337,,,,2017.0,1,0,0,0,0,0,0,0,0,0
562.100044,Resistant,WGS,Good,MLST.ecoli_achtman_4.131,,Norway,,2015.0,1,1,1,1,0,0,0,0,0,1
562.99142,Susceptible,WGS,Good,MLST.ecoli_achtman_4.2619,,Norway,,2011.0,1,0,0,0,0,0,0,0,0,0
562.99598,Susceptible,WGS,Good,MLST.ecoli_achtman_4.73,,Norway,,2013.0,1,0,0,0,0,0,0,0,0,0
562.96485,Resistant,WGS,Good,MLST.ecoli_achtman_4.131,,United Kingdom,,,1,1,1,1,0,0,0,0,0,0
562.145049,Susceptible,WGS,Good,MLST.ecoli_achtman_4.590,PRJEB54735,Portugal,,2020.0,1,0,0,0,0,0,0,0,0,0
562.98854,Susceptible,WGS,Good,MLST.ecoli_achtman_4.69,,Norway,,2010.0,1,0,0,0,0,0,0,0,0,0
562.29007,Resistant,Complete,Good,MLST.ecoli_achtman_4.167,PRJNA316321,,,,1,1,1,1,0,0,0,0,0,0
562.98933,Susceptible,WGS,Good,MLST.ecoli_achtman_4.127,,Norway,,2010.0,1,0,0,0,0,0,0,0,0,0
562.99232,Susceptible,WGS,Good,MLST.ecoli_achtman_4.394,,Norway,,2011.0,1,0,0,0,0,0,0,0,0,0
562.57420,Susceptible,WGS,Good,MLST.ecoli_achtman_4.1295,,Thailand,,2015.0,1,0,0,0,0,0,1,0,0,0
562.97932,Susceptible,WGS,Good,MLST.ecoli_achtman_4.550,,Norway,,2003.0,1,0,0,0,0,0,0,0,0,0
562.56840,Resistant,WGS,Good,MLST.ecoli_achtman_4.1196,,Germany,Saxony-Anhalt,2014.0,1,1,1,1,0,0,0,0,0,0
562.100845,Susceptible,WGS,Good,MLST.ecoli_achtman_4.83,,Norway,,2017.0,1,0,0,0,0,0,0,0,0,0
562.98359,Susceptible,WGS,Good,MLST.Escherichia_coli_2.1,,Norway,,2007.0,1,1,1,0,0,0,0,0,0,0
562.22560,Resistant,WGS,Good,MLST.ecoli_achtman_4.73,PRJEB4681,United Kingdom,,2009.0,1,1,1,1,0,0,0,0,0,0
562.96880,Susceptible,WGS,Good,MLST.ecoli_achtman_4.3877,,United Kingdom,,,1,0,0,0,0,0,0,0,0,0
562.98755,Susceptible,WGS,Good,MLST.ecoli_achtman_4.800,,Norway,,2009.0,1,0,0,0,0,0,0,0,0,0
562.145007,Susceptible,WGS,Good,MLST.ecoli_achtman_4.101,PRJEB54735,Portugal,,2021.0,1,1,1,0,0,0,0,0,0,0
562.97842,Susceptible,WGS,Good,MLST.ecoli_achtman_4.14,,Norway,,2002.0,1,0,0,0,0,0,0,0,0,0
562.100777,Susceptible,WGS,Good,MLST.ecoli_achtman_4.569,,Norway,,2017.0,1,0,0,0,0,0,0,0,0,0
562.98509,Susceptible,WGS,Good,MLST.ecoli_achtman_4.95,,Norway,,2008.0,1,0,0,0,0,0,0,0,0,0
562.98262,Susceptible,WGS,Good,MLST.ecoli_achtman_4.10,,Norway,,2006.0,1,0,0,0,0,0,0,0,0,0
562.22516,Susceptible,WGS,Good,MLST.ecoli_achtman_4.69,PRJEB4681,United Kingdom,,2008.0,0,0,0,0,0,0,0,0,0,0
562.98877,Susceptible,WGS,Good,MLST.ecoli_achtman_4.95,,Norway,,2010.0,1,0,0,0,0,0,0,0,0,0
562.99639,Susceptible,WGS,Good,MLST.ecoli_achtman_4.1228,,Norway,,2013.0,1,0,0,0,0,0,0,0,0,0
562.96616,Resistant,WGS,Good,MLST.ecoli_achtman_4.162,,United Kingdom,,,1,1,1,1,0,0,0,0,0,0
562.22522,Susceptible,WGS,Good,MLST.ecoli_achtman_4.2773,PRJEB4681,United Kingdom,,2008.0,0,0,0,0,0,0,0,0,0,0
562.97963,Susceptible,WGS,Good,MLST.ecoli_achtman_4.141,,Norway,,2003.0,1,0,0,0,0,0,0,0,0,0
562.22514,Susceptible,WGS,Good,MLST.ecoli_achtman_4.131,PRJEB4681,United Kingdom,,2008.0,0,0,0,0,0,0,0,0,0,0
562.22778,Susceptible,WGS,Good,MLST.ecoli_achtman_4.131,PRJEB4681,United Kingdom,,2012.0,1,1,1,0,0,0,0,0,0,0
562.29139,Resistant,Complete,Good,MLST.ecoli_achtman_4.131,PRJNA292904,,,,1,0,0,0,0,0,0,0,0,0
562.98347,Susceptible,WGS,Good,MLST.ecoli_achtman_4.127,,Norway,,2006.0,1,0,0,0,0,0,0,0,0,0
562.96999,Resistant,WGS,Good,MLST.ecoli_achtman_4.648,,United Kingdom,,,1,1,1,1,0,0,0,0,0,1
562.98882,Susceptible,WGS,Good,MLST.ecoli_achtman_4.59,,Norway,,2010.0,1,0,0,0,0,0,0,0,0,0
562.99942,Susceptible,WGS,Good,MLST.ecoli_achtman_4.38,,Norway,,2014.0,1,0,0,0,0,0,0,0,0,0
562.45659,Resistant,WGS,Good,MLST.ecoli_achtman_4.1011,PRJNA522294,Pakistan,Pakistan:Punjab,2017.0,1,1,1,1,0,0,0,0,0,0
562.98029,Susceptible,WGS,Good,MLST.ecoli_achtman_4.144,,Norway,,2004.0,1,0,0,0,0,0,0,0,0,0
562.96894,Resistant,WGS,Good,MLST.ecoli_achtman_4.131,,United Kingdom,,,1,1,1,1,0,0,0,0,0,1
562.99057,Susceptible,WGS,Good,MLST.ecoli_achtman_4.95,,Norway,,2011.0,1,0,0,0,0,0,0,0,0,0
562.145038,Susceptible,WGS,Good,MLST.ecoli_achtman_4.13,PRJEB54735,Portugal,,2020.0,0,0,0,0,0,0,0,0,0,0
562.22668,Susceptible,WGS,Good,MLST.ecoli_achtman_4.95,PRJEB4681,United Kingdom,,2011.0,1,1,1,0,0,0,0,0,0,0
562.96431,Susceptible,WGS,Good,MLST.ecoli_achtman_4.7091,,United Kingdom,,,1,0,0,0,0,0,0,0,0,0
562.97086,Susceptible,WGS,Good,MLST.ecoli_achtman_4.404,,United Kingdom,,,1,0,0,0,0,0,0,0,0,0
562.99596,Susceptible,WGS,Good,MLST.ecoli_achtman_4.95,,Norway,,2013.0,1,0,0,0,0,0,0,0,0,0
562.99360,Susceptible,WGS,Good,MLST.ecoli_achtman_4.69,,Norway,,2012.0,1,0,0,0,0,0,0,0,0,0
562.42787,Resistant,WGS,Good,MLST.ecoli_achtman_4.131,PRJNA278886,USA,USA:Boston,2014.0,1,1,1,1,0,0,0,0,0,1
562.42784,Resistant,WGS,Good,MLST.ecoli_achtman_4.131,PRJNA278886,USA,USA:Boston,2015.0,1,1,1,1,0,0,0,0,0,1
562.57432,Resistant,WGS,Good,MLST.ecoli_achtman_4.88,,Thailand,,2015.0,1,1,1,0,0,0,1,0,0,0
562.100649,Susceptible,WGS,Good,MLST.ecoli_achtman_4.10218,,Norway,,2017.0,1,0,0,0,0,0,0,0,0,0
562.97456,Susceptible,WGS,Good,MLST.ecoli_achtman_4.88,,United Kingdom,,,1,0,0,0,0,0,0,0,0,0
562.97343,Susceptible,WGS,Good,MLST.ecoli_achtman_4.59,,United Kingdom,,,1,0,0,0,0,0,0,0,0,0
562.98845,Resistant,WGS,Good,MLST.ecoli_achtman_4.10,,Norway,,2010.0,1,1,1,1,0,0,0,0,0,0
562.100534,Susceptible,WGS,Good,MLST.ecoli_achtman_4.6994,,Norway,,2016.0,1,0,0,0,0,0,0,0,0,0
562.100560,Resistant,WGS,Good,MLST.ecoli_achtman_4.1193,,Norway,,2016.0,1,1,1,1,0,0,0,0,0,0
562.98905,Susceptible,WGS,Good,MLST.ecoli_achtman_4.73,,Norway,,2010.0,1,0,0,0,0,0,0,0,0,0
562.97246,Resistant,WGS,Good,MLST.ecoli_achtman_4.1723,,United Kingdom,,,1,1,1,1,0,0,0,0,0,0
562.57466,Susceptible,WGS,Good,MLST.ecoli_achtman_4.421,,Thailand,,2015.0,1,1,1,0,0,0,0,0,0,0
562.99034,Susceptible,WGS,Good,MLST.ecoli_achtman_4.59,,Norway,,2011.0,1,0,0,0,0,0,0,0,0,0
562.96549,Resistant,WGS,Good,MLST.ecoli_achtman_4.131,,United Kingdom,,,1,1,1,1,0,0,0,0,0,0
562.98434,Susceptible,WGS,Good,MLST.ecoli_achtman_4.73,,Norway,,2007.0,1,0,0,0,0,0,0,0,0,0
562.58715,Resistant,WGS,Good,MLST.ecoli_achtman_4.6875,,Italy,,2014.0,1,1,1,1,0,0,0,0,0,0
562.96921,Susceptible,WGS,Good,MLST.ecoli_achtman_4.7092,,United Kingdom,,,1,0,0,0,0,0,0,0,0,0
562.22465,Resistant,WGS,Good,MLST.ecoli_achtman_4.131,PRJEB4681,United Kingdom,,2007.0,1,1,1,1,0,0,0,0,0,0
562.98172,Susceptible,WGS,Good,MLST.ecoli_achtman_4.127,,Norway,,2005.0,1,0,0,0,0,0,0,0,0,0
562.97837,Susceptible,WGS,Good,MLST.ecoli_achtman_4.95,,Norway,,2002.0,1,0,0,0,0,0,0,0,0,0
562.100651,Susceptible,WGS,Good,MLST.ecoli_achtman_4.348,,Norway,,2017.0,1,0,0,0,0,0,0,0,0,0
562.144926,Resistant,WGS,Good,MLST.ecoli_achtman_4.648,PRJNA925003,India,Chattisgarh,,1,1,1,1,0,0,0,0,0,1
562.22497,Susceptible,WGS,Good,MLST.ecoli_achtman_4.73,PRJEB4681,United Kingdom,,2008.0,0,0,0,0,0,0,0,0,0,0
562.100551,Susceptible,WGS,Good,MLST.ecoli_achtman_4.73,,Norway,,2016.0,1,0,0,0,0,0,0,0,0,0
562.99628,Susceptible,WGS,Good,MLST.ecoli_achtman_4.1406,,Norway,,2013.0,1,0,0,0,0,0,0,0,0,0
562.97209,Susceptible,WGS,Good,MLST.ecoli_achtman_4.69,,United Kingdom,,,1,0,0,0,0,0,0,0,0,0
562.42713,Resistant,WGS,Good,MLST.ecoli_achtman_4.648,PRJNA278886,USA,USA:Boston,2016.0,1,1,1,1,0,0,0,0,0,1
562.96482,Susceptible,WGS,Good,MLST.ecoli_achtman_4.131,,United Kingdom,,,1,1,1,0,0,0,0,0,0,0
562.98818,Susceptible,WGS,Good,MLST.ecoli_achtman_4.550,,Norway,,2009.0,1,0,0,0,0,0,0,0,0,0
562.97072,Resistant,WGS,Good,MLST.ecoli_achtman_4.131,,United Kingdom,,,1,1,1,1,0,0,0,0,0,1
562.99887,Susceptible,WGS,Good,MLST.ecoli_achtman_4.372,,Norway,,2014.0,1,0,0,0,0,0,0,0,0,0
562.98132,Susceptible,WGS,Good,MLST.ecoli_achtman_4.538,,Norway,,2005.0,1,0,0,0,0,0,0,0,0,0
562.22758,Susceptible,WGS,Good,MLST.ecoli_achtman_4.58,PRJEB4681,United Kingdom,,2012.0,0,0,0,0,0,0,0,0,0,0
562.98349,Susceptible,WGS,Good,MLST.ecoli_achtman_4.73,,Norway,,2007.0,1,0,0,0,0,0,0,0,0,0
562.42646,Resistant,WGS,Good,MLST.ecoli_achtman_4.10,PRJNA278886,USA,USA:Boston,2015.0,1,1,1,1,0,0,0,0,0,0
562.97827,Susceptible,WGS,Good,MLST.ecoli_achtman_4.10219,,Norway,,2002.0,1,0,0,0,0,0,0,0,0,0
562.22622,Resistant,WGS,Good,MLST.ecoli_achtman_4.131,PRJEB4681,United Kingdom,,2010.0,1,1,1,1,0,0,0,0,0,0
562.98495,Susceptible,WGS,Good,MLST.ecoli_achtman_4.141,,Norway,,2008.0,1,0,0,0,0,0,0,0,0,0
562.98529,Susceptible,WGS,Good,MLST.ecoli_achtman_4.14,,Norway,,2008.0,1,0,0,0,0,0,0,0,0,0
562.99753,Resistant,WGS,Good,MLST.ecoli_achtman_4.131,,Norway,,2014.0,1,1,1,1,0,0,0,0,0,0
562.98881,Susceptible,WGS,Good,MLST.ecoli_achtman_4.10249,,Norway,,2010.0,1,0,0,0,0,0,0,0,0,0
562.42726,Resistant,WGS,Good,MLST.ecoli_achtman_4.131,PRJNA278886,USA,USA:Boston,2016.0,1,1,1,1,0,0,0,0,0,0
562.98689,Susceptible,WGS,Good,MLST.ecoli_achtman_4.127,,Norway,,2009.0,1,0,0,0,0,0,0,0,0,0
562.56841,Resistant,WGS,Good,MLST.ecoli_achtman_4.4937,,Germany,Saxony,2013.0,1,0,0,0,0,1,0,0,0,0
562.57240,Susceptible,WGS,Good,MLST.ecoli_achtman_4.9781,,,,2017.0,1,0,0,0,0,0,0,0,0,0
562.98431,Susceptible,WGS,Good,MLST.ecoli_achtman_4.127,,Norway,,2007.0,1,0,0,0,0,0,0,0,0,0
562.100656,Susceptible,WGS,Good,MLST.ecoli_achtman_4.101,,Norway,,2017.0,1,0,0,0,0,0,0,0,0,0
562.98483,Resistant,WGS,Good,MLST.ecoli_achtman_4.131,,Norway,,2008.0,1,1,1,1,0,0,0,0,0,1
562.23580,Resistant,WGS,Good,MLST.ecoli_achtman_4.38,PRJEB4681,United Kingdom,,2009.0,1,1,1,0,0,0,0,0,0,0
562.98447,Susceptible,WGS,Good,MLST.ecoli_achtman_4.117,,Norway,,2007.0,1,0,0,0,0,0,0,0,0,0
562.57120,Resistant,WGS,Good,MLST.ecoli_achtman_4.131,,,,2008.0,1,1,1,1,0,0,0,0,0,1
562.98948,Susceptible,WGS,Good,MLST.ecoli_achtman_4.10271,,Norway,,2010.0,1,0,0,0,0,0,0,0,0,0
562.100678,Resistant,WGS,Good,MLST.ecoli_achtman_4.131,,Norway,,2017.0,1,1,1,0,0,0,0,0,0,0
562.98491,Susceptible,WGS,Good,MLST.ecoli_achtman_4.80,,Norway,,2008.0,1,0,0,0,0,0,0,0,0,0
562.100741,Susceptible,WGS,Good,MLST.ecoli_achtman_4.95,,Norway,,2017.0,1,0,0,0,0,0,0,0,0,0
562.99982,Susceptible,WGS,Good,MLST.ecoli_achtman_4.95,,Norway,,2014.0,1,0,0,0,0,0,0,0,0,0
562.98648,Susceptible,WGS,Good,MLST.ecoli_achtman_4.8318,,Norway,,2009.0,1,0,0,0,0,0,0,0,0,0
562.100750,Susceptible,WGS,Good,MLST.ecoli_achtman_4.69,,Norway,,2017.0,1,0,0,0,0,0,0,0,0,0
562.100207,Susceptible,WGS,Good,MLST.ecoli_achtman_4.73,,Norway,,2015.0,1,0,0,0,0,0,0,0,0,0
562.57413,Susceptible,WGS,Good,MLST.ecoli_achtman_4.1001,,Thailand,,2015.0,1,0,0,0,0,0,1,0,0,0
562.99915,Susceptible,WGS,Good,MLST.ecoli_achtman_4.73,,Norway,,2014.0,1,0,0,0,0,0,0,0,0,0
562.99103,Susceptible,WGS,Good,MLST.ecoli_achtman_4.95,,Norway,,2011.0,1,0,0,0,0,0,0,0,0,0
562.97114,Susceptible,WGS,Good,MLST.ecoli_achtman_4.7097,,United Kingdom,,,1,0,0,0,0,0,1,0,0,0
562.100370,Susceptible,WGS,Good,MLST.ecoli_achtman_4.28,,Norway,,2016.0,1,0,0,0,0,0,0,0,0,0
562.98073,Susceptible,WGS,Good,MLST.ecoli_achtman_4.93,,Norway,,2004.0,1,0,0,0,0,0,0,0,0,0
562.99741,Susceptible,WGS,Good,MLST.ecoli_achtman_4.95,,Norway,,2014.0,1,1,1,0,0,0,0,0,0,0
562.96923,Susceptible,WGS,Good,MLST.ecoli_achtman_4.1434,,United Kingdom,,,1,0,0,0,0,0,0,0,0,0
562.96948,Susceptible,WGS,Good,MLST.ecoli_achtman_4.3877,,United Kingdom,,,1,0,0,0,0,0,0,0,0,0
562.99508,Susceptible,WGS,Good,MLST.ecoli_achtman_4.550,,Norway,,2013.0,1,0,0,0,0,0,0,0,0,0
562.97105,Susceptible,WGS,Good,MLST.ecoli_achtman_4.7097,,United Kingdom,,,1,0,0,0,0,0,1,0,0,0
562.58714,Resistant,WGS,Good,MLST.ecoli_achtman_4.744,,Italy,,2014.0,1,1,1,1,0,0,0,0,0,0
562.145063,Susceptible,WGS,Good,MLST.ecoli_achtman_4.11,PRJEB54735,Portugal,,2021.0,1,0,0,0,0,0,0,0,0,0
562.73385,Resistant,WGS,Good,MLST.ecoli_achtman_4.224,PRJEB34557,Spain,Barcelona,2013.0,1,1,1,1,0,0,0,0,0,0
562.97033,Susceptible,WGS,Good,MLST.ecoli_achtman_4.58,,United Kingdom,,,1,0,0,0,0,0,1,0,0,0
562.30362,Resistant,Complete,Good,MLST.ecoli_achtman_4.4,PRJNA292904,,,,1,0,0,0,0,0,0,0,0,0
562.144948,Susceptible,WGS,Good,MLST.ecoli_achtman_4.332,PRJEB54735,Portugal,,2021.0,1,0,0,0,0,0,0,0,0,0
562.145405,Susceptible,WGS,Good,MLST.ecoli_achtman_4.38,PRJNA273513,Canada,British Columbia,2006.0,1,0,0,0,0,0,0,0,0,0
562.98623,Susceptible,WGS,Good,MLST.ecoli_achtman_4.5261,,Norway,,2008.0,1,0,0,0,0,0,0,0,0,0
562.99950,Susceptible,WGS,Good,MLST.ecoli_achtman_4.998,,Norway,,2014.0,1,0,0,0,0,0,0,0,0,0
562.100500,Susceptible,WGS,Good,MLST.ecoli_achtman_4.73,,Norway,,2016.0,1,0,0,0,0,0,0,0,0,0
562.100025,Susceptible,WGS,Good,MLST.ecoli_achtman_4.88,,Norway,,2015.0,1,0,0,0,0,0,0,0,0,0
562.22826,Susceptible,WGS,Good,MLST.ecoli_achtman_4.12,PRJEB4681,United Kingdom,,2012.0,0,0,0,0,0,0,0,0,0,0
562.140825,Resistant,WGS,Good,MLST.ecoli_achtman_4.131,PRJNA530794,USA,"St. Louis, Missouri",2017.0,1,1,1,1,0,0,0,0,0,0
562.22524,Susceptible,WGS,Good,MLST.ecoli_achtman_4.144,PRJEB4681,United Kingdom,,2008.0,0,0,0,0,0,0,0,0,0,0
562.99023,Susceptible,WGS,Good,MLST.ecoli_achtman_4.69,,Norway,,2010.0,1,0,0,0,0,0,0,0,0,0
562.96744,Resistant,WGS,Good,MLST.ecoli_achtman_4.131,,United Kingdom,,,1,1,1,1,0,0,0,0,0,1
562.100887,Susceptible,WGS,Good,MLST.ecoli_achtman_4.2619,,Norway,,2017.0,1,0,0,0,0,0,0,0,0,0
562.45601,Resistant,WGS,Good,MLST.ecoli_achtman_4.162,PRJNA522294,Pakistan,Pakistan:Punjab,2016.0,1,1,1,1,0,0,0,0,0,0
562.100683,Susceptible,WGS,Good,MLST.ecoli_achtman_4.38,,Norway,,2017.0,1,1,1,0,0,0,0,0,0,0
562.98757,Susceptible,WGS,Good,MLST.ecoli_achtman_4.88,,Norway,,2009.0,1,0,0,0,0,0,0,0,0,0
562.97927,Susceptible,WGS,Good,MLST.ecoli_achtman_4.420,,Norway,,2003.0,1,1,1,0,0,0,0,0,0,0
562.57243,Susceptible,WGS,Good,MLST.ecoli_achtman_4.10,,,,,1,0,0,0,0,0,0,0,0,0
562.97147,Susceptible,WGS,Good,MLST.ecoli_achtman_4.69,,United Kingdom,,,1,0,0,0,0,0,0,0,0,0
562.100525,Susceptible,WGS,Good,MLST.ecoli_achtman_4.162,,Norway,,2016.0,1,0,0,0,0,0,0,0,0,0
562.96489,Resistant,WGS,Good,MLST.ecoli_achtman_4.131,,United Kingdom,,,1,1,1,1,0,0,0,0,0,0
562.100430,Susceptible,WGS,Good,MLST.ecoli_achtman_4.218,,Norway,,2016.0,1,0,0,0,0,0,0,0,0,0
562.22523,Susceptible,WGS,Good,MLST.ecoli_achtman_4.73,PRJEB4681,United Kingdom,,2008.0,0,0,0,0,0,0,0,0,0,0
562.99651,Susceptible,WGS,Good,MLST.ecoli_achtman_4.58,,Norway,,2013.0,1,0,0,0,0,0,0,0,0,0
562.144978,Susceptible,WGS,Good,MLST.ecoli_achtman_4.753,PRJEB54735,Portugal,,2020.0,1,0,0,0,0,0,0,0,0,0
562.22498,Susceptible,WGS,Good,MLST.ecoli_achtman_4.46,PRJEB4681,United Kingdom,,2008.0,0,0,0,0,0,0,0,0,0,0
562.56767,Resistant,WGS,Good,MLST.ecoli_achtman_4.1463,,Germany,North Rhine-Westphalia,2014.0,1,1,1,1,0,0,0,0,0,0
562.100890,Susceptible,WGS,Good,MLST.ecoli_achtman_4.12,,Norway,,2017.0,1,0,0,0,0,0,0,0,0,0
562.98518,Susceptible,WGS,Good,MLST.ecoli_achtman_4.95,,Norway,,2008.0,1,0,0,0,0,0,0,0,0,0
562.98733,Susceptible,WGS,Good,MLST.ecoli_achtman_4.73,,Norway,,2009.0,1,0,0,0,0,0,0,0,0,0
562.65795,Resistant,WGS,Good,MLST.ecoli_achtman_4.410,,Germany,Bavaria,2013.0,1,1,1,1,0,0,0,0,0,0
562.144954,Susceptible,WGS,Good,MLST.ecoli_achtman_4.442,PRJEB54735,Portugal,,2020.0,1,0,0,0,0,0,0,0,0,0
562.98358,Susceptible,WGS,Good,MLST.ecoli_achtman_4.978,,Norway,,2007.0,1,0,0,0,0,0,0,0,0,0
562.145418,Susceptible,WGS,Good,MLST.ecoli_achtman_4.2852,PRJNA273513,Canada,British Columbia,2006.0,1,0,0,0,0,0,0,0,0,0
562.98982,Susceptible,WGS,Good,MLST.ecoli_achtman_4.69,,Norway,,2010.0,1,0,0,0,0,0,0,0,0,0
562.100642,Susceptible,WGS,Good,MLST.ecoli_achtman_4.95,,Norway,,2017.0,1,0,0,0,0,0,0,0,0,0
562.98546,Susceptible,WGS,Good,MLST.ecoli_achtman_4.3721,,Norway,,2008.0,1,0,0,0,0,0,0,0,0,0
562.57105,Susceptible,WGS,Good,MLST.ecoli_achtman_4.224,,,,2017.0,1,0,0,0,0,0,0,0,0,0
562.99673,Resistant,WGS,Good,MLST.ecoli_achtman_4.224,,Norway,,2013.0,1,1,1,1,0,0,0,0,0,0
562.97925,Susceptible,WGS,Good,MLST.ecoli_achtman_4.95,,Norway,,2003.0,1,0,0,0,0,0,0,0,0,0
562.99927,Resistant,WGS,Good,MLST.ecoli_achtman_4.131,,Norway,,2014.0,1,1,1,1,0,0,0,0,0,0
562.96602,Resistant,WGS,Good,MLST.ecoli_achtman_4.648,,United Kingdom,,,1,1,1,1,0,0,0,0,0,0
562.96642,Susceptible,WGS,Good,MLST.ecoli_achtman_4.1297,,United Kingdom,,,1,0,0,0,0,0,0,0,0,0
562.57118,Susceptible,WGS,Good,MLST.ecoli_achtman_4.23,,,,2017.0,1,0,0,0,0,0,0,0,0,0
562.99692,Resistant,WGS,Good,MLST.ecoli_achtman_4.131,,Norway,,2013.0,1,1,1,1,0,0,0,0,0,0
562.57488,Resistant,WGS,Good,MLST.ecoli_achtman_4.617,,Thailand,,2015.0,1,1,1,1,0,0,0,0,0,0
562.31450,Resistant,WGS,Good,MLST.ecoli_achtman_4.167,PRJEB23541,Tanzania,Moshi,2014.0,1,1,1,1,0,0,0,0,0,1
562.97856,Susceptible,WGS,Good,MLST.ecoli_achtman_4.10247,,Norway,,2003.0,1,0,0,0,0,0,0,0,0,0
562.96875,Susceptible,WGS,Good,MLST.ecoli_achtman_4.3877,,United Kingdom,,,1,0,0,0,0,0,0,0,0,0
562.100247,Susceptible,WGS,Good,MLST.ecoli_achtman_4.73,,Norway,,2015.0,1,0,0,0,0,0,0,0,0,0
562.98070,Susceptible,WGS,Good,MLST.ecoli_achtman_4.12,,Norway,,2004.0,1,0,0,0,0,0,0,0,0,0
562.97398,Susceptible,WGS,Good,MLST.ecoli_achtman_4.131,,United Kingdom,,,1,0,0,0,0,0,0,0,0,0
562.98507,Susceptible,WGS,Good,MLST.ecoli_achtman_4.95,,Norway,,2008.0,1,0,0,0,0,0,0,0,0,0
562.97471,Susceptible,WGS,Good,MLST.ecoli_achtman_4.3006,,United Kingdom,,,1,0,0,0,0,0,0,0,0,0
562.96532,Susceptible,WGS,Good,MLST.ecoli_achtman_4.93,,United Kingdom,,,1,0,0,0,0,0,0,0,0,0
562.22691,Resistant,WGS,Good,MLST.ecoli_achtman_4.131,PRJEB4681,United Kingdom,,2011.0,1,1,1,1,0,0,0,0,0,0
562.42661,Resistant,WGS,Good,MLST.ecoli_achtman_4.131,PRJNA278886,USA,USA:Boston,2015.0,1,1,1,1,0,0,0,0,0,0
562.100436,Susceptible,WGS,Good,MLST.ecoli_achtman_4.919,,Norway,,2016.0,1,0,0,0,0,0,0,0,0,0
562.31457,Resistant,WGS,Good,MLST.ecoli_achtman_4.1284,PRJEB23541,Tanzania,Moshi,2013.0,1,1,1,1,0,0,0,0,0,1
562.99894,Susceptible,WGS,Good,MLST.ecoli_achtman_4.69,,Norway,,2014.0,1,1,1,1,0,0,0,0,0,0
562.145000,Susceptible,WGS,Good,MLST.ecoli_achtman_4.13,PRJEB54735,Portugal,,2020.0,1,0,0,0,0,0,0,0,0,0
562.98008,Susceptible,WGS,Good,MLST.ecoli_achtman_4.393,,Norway,,2004.0,1,0,0,1,0,0,0,0,0,0
562.99565,Susceptible,WGS,Good,MLST.ecoli_achtman_4.73,,Norway,,2013.0,1,0,0,0,0,0,0,0,0,0
562.98046,Susceptible,WGS,Good,MLST.ecoli_achtman_4.372,,Norway,,2004.0,1,0,0,0,0,0,0,0,0,0
562.98802,Susceptible,WGS,Good,MLST.ecoli_achtman_4.73,,Norway,,2009.0,1,0,0,0,0,0,0,0,0,0
562.145388,Susceptible,WGS,Good,MLST.ecoli_achtman_4.350,PRJNA273513,Canada,British Columbia,2006.0,1,0,0,0,0,0,0,0,0,0
562.98815,Susceptible,WGS,Good,MLST.ecoli_achtman_4.10,,Norway,,2009.0,1,0,0,0,0,0,0,0,0,0
562.58765,Susceptible,WGS,Good,MLST.Escherichia_coli_2.305,,Norway,Oslo,2007.0,1,0,0,0,0,0,0,0,0,0
562.42647,Resistant,WGS,Good,MLST.ecoli_achtman_4.410,PRJNA278886,USA,USA:Boston,2015.0,1,1,1,1,0,0,0,0,0,1
562.97807,Susceptible,WGS,Good,MLST.ecoli_achtman_4.95,,Norway,,2003.0,1,0,0,0,0,0,0,0,0,0
562.100632,Resistant,WGS,Good,MLST.ecoli_achtman_4.131,,Norway,,2017.0,1,1,1,1,0,0,0,0,0,0
562.97171,Resistant,WGS,Good,MLST.ecoli_achtman_4.443,,United Kingdom,,,1,1,1,1,0,0,0,0,0,0
562.99760,Susceptible,WGS,Good,MLST.ecoli_achtman_4.95,,Norway,,2014.0,1,0,0,0,0,0,0,0,0,0
562.42870,Susceptible,WGS,Good,MLST.ecoli_achtman_4.38,PRJNA288601,USA,United States,2013.0,1,1,1,0,0,0,0,0,0,0
562.99459,Susceptible,WGS,Good,MLST.ecoli_achtman_4.73,,Norway,,2012.0,1,0,0,0,0,0,0,0,0,0
562.96885,Susceptible,WGS,Good,MLST.ecoli_achtman_4.3877,,United Kingdom,,,1,0,0,0,0,0,0,0,0,0
562.100434,Susceptible,WGS,Good,MLST.ecoli_achtman_4.95,,Norway,,2016.0,1,0,0,0,0,0,0,0,0,0
562.99377,Susceptible,WGS,Good,MLST.ecoli_achtman_4.135,,Norway,,2012.0,1,0,0,0,0,0,0,0,0,0
562.96762,Susceptible,WGS,Good,MLST.ecoli_achtman_4.428,,United Kingdom,,,1,1,1,0,0,0,0,0,0,0
562.96816,Susceptible,WGS,Good,MLST.ecoli_achtman_4.1079,,United Kingdom,,,1,0,0,0,0,0,0,0,0,0
562.98342,Susceptible,WGS,Good,MLST.ecoli_achtman_4.14,,Norway,,2007.0,1,0,0,0,0,0,0,0,0,0
562.57291,Susceptible,WGS,Good,MLST.ecoli_achtman_4.48,,,,2009.0,1,1,1,0,0,0,0,0,0,0
562.100609,Susceptible,WGS,Good,MLST.ecoli_achtman_4.95,,Norway,,2016.0,1,0,0,0,0,0,0,0,0,0
562.99414,Susceptible,WGS,Good,MLST.ecoli_achtman_4.10284,,Norway,,2012.0,1,0,0,0,0,0,0,0,0,0
562.73393,Susceptible,WGS,Good,MLST.ecoli_achtman_4.607,PRJEB34557,Spain,Barcelona,2013.0,1,0,0,0,1,0,0,0,0,0
562.97180,Susceptible,WGS,Good,MLST.ecoli_achtman_4.95,,United Kingdom,,,1,0,0,0,0,0,0,0,0,0
562.42662,Resistant,WGS,Good,MLST.ecoli_achtman_4.131,PRJNA278886,USA,USA:Boston,2015.0,1,1,1,1,0,0,0,0,0,1
562.57239,Susceptible,WGS,Good,MLST.ecoli_achtman_4.710,,,,2017.0,1,0,0,0,0,0,0,0,0,0
562.99194,Susceptible,WGS,Good,MLST.ecoli_achtman_4.88,,Norway,,2011.0,1,0,0,0,0,0,0,0,0,0
562.22550,Susceptible,WGS,Good,MLST.ecoli_achtman_4.95,PRJEB4681,United Kingdom,,2009.0,0,0,0,0,0,0,0,0,0,0
562.22672,Resistant,WGS,Good,MLST.ecoli_achtman_4.69,PRJEB4681,United Kingdom,,2011.0,1,1,1,1,0,0,0,0,0,0
562.96879,Susceptible,WGS,Good,MLST.ecoli_achtman_4.58,,United Kingdom,,,1,0,0,0,0,0,0,0,0,0
562.98009,Susceptible,WGS,Good,MLST.ecoli_achtman_4.69,,Norway,,2004.0,1,0,0,0,0,0,0,0,0,0
562.22601,Resistant,WGS,Good,MLST.ecoli_achtman_4.131,PRJEB4681,United Kingdom,,2009.0,1,1,1,1,0,0,0,0,0,0
562.97194,Susceptible,WGS,Good,MLST.ecoli_achtman_4.14,,United Kingdom,,,1,0,0,0,0,0,0,0,0,0
562.97273,Resistant,WGS,Good,MLST.ecoli_achtman_4.443,,United Kingdom,,,1,1,1,1,0,0,0,0,0,0
562.100209,Resistant,WGS,Good,MLST.ecoli_achtman_4.131,,Norway,,2015.0,1,1,1,1,0,0,0,0,0,0
562.97941,Susceptible,WGS,Good,MLST.ecoli_achtman_4.10,,Norway,,2004.0,1,0,0,0,0,0,0,0,0,0
562.97173,Resistant,WGS,Good,MLST.ecoli_achtman_4.443,,United Kingdom,,,1,1,1,1,0,0,0,0,0,0
562.97300,Resistant,WGS,Good,MLST.ecoli_achtman_4.131,,United Kingdom,,,1,1,1,1,0,0,0,0,0,0
562.58706,Resistant,WGS,Good,ST-155,,Italy,,2014.0,1,1,1,1,0,0,0,0,0,0
562.97796,Susceptible,WGS,Good,MLST.ecoli_achtman_4.392,,Norway,,2002.0,1,0,0,0,0,0,0,0,0,0
562.99379,Susceptible,WGS,Good,MLST.ecoli_achtman_4.10,,Norway,,2012.0,1,0,0,0,0,0,0,0,0,0
562.96657,Resistant,WGS,Good,MLST.ecoli_achtman_4.1193,,United Kingdom,,,1,1,1,1,0,0,0,0,0,0
562.99030,Susceptible,WGS,Good,MLST.ecoli_achtman_4.73,,Norway,,2011.0,1,0,0,0,0,0,0,0,0,0
562.45623,Resistant,WGS,Good,MLST.ecoli_achtman_4.23,PRJNA522294,Pakistan,Pakistan:Balochistan,2016.0,1,1,1,1,0,0,0,0,0,0
562.96451,Susceptible,WGS,Good,MLST.ecoli_achtman_4.3202,,United Kingdom,,,1,0,0,0,0,0,0,0,0,0
562.97346,Resistant,WGS,Good,MLST.ecoli_achtman_4.69,,United Kingdom,,,1,1,1,1,0,0,0,0,0,0
562.42860,Susceptible,WGS,Good,MLST.ecoli_achtman_4.68,PRJNA288601,USA,United States,2013.0,1,0,0,0,0,0,0,0,0,0
562.100159,Susceptible,WGS,Good,MLST.ecoli_achtman_4.73,,Norway,,2015.0,1,0,0,0,0,0,0,0,0,0
562.42676,Susceptible,WGS,Good,MLST.ecoli_achtman_4.131,PRJNA278886,USA,USA:Boston,2016.0,1,0,0,0,0,0,0,0,0,0
562.22872,Susceptible,WGS,Good,MLST.ecoli_achtman_4.144,PRJEB4681,United Kingdom,,2010.0,0,0,0,0,0,0,0,0,0,0
562.100674,Susceptible,WGS,Good,MLST.ecoli_achtman_4.58,,Norway,,2017.0,1,0,0,0,0,0,0,0,0,0
562.140896,Resistant,WGS,Good,MLST.ecoli_achtman_4.131,PRJNA530794,USA,"St. Louis, Missouri",2017.0,1,1,1,1,0,0,0,0,0,1
562.96913,Susceptible,WGS,Good,MLST.ecoli_achtman_4.162,,United Kingdom,,,1,0,0,0,0,0,0,0,0,0
562.42725,Resistant,WGS,Good,MLST.ecoli_achtman_4.131,PRJNA278886,USA,USA:Boston,2016.0,1,1,1,1,0,0,0,0,0,0
562.57471,Resistant,WGS,Good,MLST.ecoli_achtman_4.34,,Thailand,,2015.0,1,1,1,0,0,0,1,0,0,0
562.99301,Susceptible,WGS,Good,MLST.ecoli_achtman_4.69,,Norway,,2012.0,1,0,0,0,0,0,0,0,0,0
562.98713,Susceptible,WGS,Good,MLST.ecoli_achtman_4.144,,Norway,,2009.0,1,0,0,0,0,0,0,0,0,0
562.97286,Resistant,WGS,Good,MLST.ecoli_achtman_4.131,,United Kingdom,,,1,1,1,1,0,0,0,0,0,1
562.98902,Susceptible,WGS,Good,MLST.ecoli_achtman_4.95,,Norway,,2010.0,1,0,0,0,0,0,0,0,0,0
562.97391,Resistant,WGS,Good,MLST.ecoli_achtman_4.1193,,United Kingdom,,,1,1,1,1,0,0,0,0,0,0
562.145385,Susceptible,WGS,Good,MLST.ecoli_achtman_4.155,PRJNA273513,Canada,British Columbia,2006.0,1,0,0,0,0,0,0,0,0,0
562.99546,Susceptible,WGS,Good,MLST.ecoli_achtman_4.12,,Norway,,2013.0,1,0,0,0,0,0,0,0,0,0
562.145059,Susceptible,WGS,Good,MLST.ecoli_achtman_4.306,PRJEB54735,Portugal,,2020.0,1,0,0,0,0,0,0,0,0,0
562.97455,Susceptible,WGS,Good,MLST.ecoli_achtman_4.2690,,United Kingdom,,,1,0,0,0,0,0,0,0,0,0
562.98060,Susceptible,WGS,Good,MLST.ecoli_achtman_4.73,,Norway,,2005.0,1,0,0,0,0,0,0,0,0,0
562.97372,Susceptible,WGS,Good,MLST.ecoli_achtman_4.58,,United Kingdom,,,1,0,0,0,0,0,0,0,0,0
562.145421,Susceptible,WGS,Good,MLST.ecoli_achtman_4.155,PRJNA273513,Canada,British Columbia,2006.0,1,0,0,0,0,0,0,0,0,0
562.100397,Susceptible,WGS,Good,MLST.ecoli_achtman_4.69,,Norway,,2016.0,1,0,0,0,0,0,0,0,0,0
562.98191,Susceptible,WGS,Good,MLST.ecoli_achtman_4.73,,Norway,,2005.0,1,0,0,0,0,0,0,0,0,0
562.99130,Susceptible,WGS,Good,MLST.ecoli_achtman_4.10410,,Norway,,2011.0,1,0,0,0,0,0,0,0,0,0
562.96677,Resistant,WGS,Good,MLST.ecoli_achtman_4.131,,United Kingdom,,,1,1,1,1,0,0,0,0,0,0
562.42652,Resistant,WGS,Good,MLST.ecoli_achtman_4.131,PRJNA278886,USA,USA:Boston,2015.0,1,1,1,1,0,0,0,0,0,0
562.99617,Susceptible,WGS,Good,MLST.ecoli_achtman_4.10289,,Norway,,2013.0,1,0,0,0,0,0,0,0,0,0
562.145057,Susceptible,WGS,Good,MLST.ecoli_achtman_4.29,PRJEB54735,Portugal,,2020.0,1,0,0,0,0,0,0,0,0,0
562.97991,Susceptible,WGS,Good,MLST.ecoli_achtman_4.357,,Norway,,2004.0,1,0,0,0,0,0,0,0,0,0
562.22639,Susceptible,WGS,Good,MLST.ecoli_achtman_4.38,PRJEB4681,United Kingdom,,2010.0,0,0,0,0,0,0,0,0,0,0
562.96995,Resistant,WGS,Good,MLST.ecoli_achtman_4.648,,United Kingdom,,,1,1,1,1,0,0,0,0,0,1
562.100575,Susceptible,WGS,Good,MLST.ecoli_achtman_4.73,,Norway,,2016.0,1,0,0,0,0,0,0,0,0,0
562.98530,Susceptible,WGS,Good,MLST.ecoli_achtman_4.73,,Norway,,2008.0,1,0,0,0,0,0,0,0,0,0
562.98841,Susceptible,WGS,Good,MLST.ecoli_achtman_4.127,,Norway,,2010.0,1,0,0,0,0,0,0,0,0,0
562.98839,Resistant,WGS,Good,MLST.ecoli_achtman_4.1011,,Norway,,2010.0,1,1,1,1,0,0,0,0,0,0
562.140901,Resistant,WGS,Good,MLST.ecoli_achtman_4.405,PRJNA530794,USA,"St. Louis, Missouri",2017.0,1,1,1,1,0,0,0,0,0,1
562.42775,Resistant,WGS,Good,MLST.ecoli_achtman_4.744,PRJNA278886,USA,USA:Boston,2015.0,1,1,1,1,0,0,0,0,0,0
562.96870,Susceptible,WGS,Good,MLST.ecoli_achtman_4.38,,United Kingdom,,,1,0,0,0,0,0,0,0,0,0
562.97214,Susceptible,WGS,Good,MLST.ecoli_achtman_4.7095,,United Kingdom,,,1,1,1,0,0,0,0,0,0,0
562.100465,Susceptible,WGS,Good,MLST.ecoli_achtman_4.73,,Norway,,2016.0,1,0,0,0,0,0,0,0,0,0
562.98395,Susceptible,WGS,Good,MLST.ecoli_achtman_4.3604,,Norway,,2007.0,1,0,0,0,0,0,0,0,0,0
562.98007,Susceptible,WGS,Good,MLST.ecoli_achtman_4.127,,Norway,,2004.0,1,0,0,0,0,0,0,0,0,0
562.98989,Susceptible,WGS,Good,MLST.ecoli_achtman_4.95,,Norway,,2010.0,1,0,0,0,0,0,0,0,0,0
562.98228,Susceptible,WGS,Good,MLST.ecoli_achtman_4.73,,Norway,,2006.0,1,0,0,0,0,0,0,0,0,0
562.22642,Resistant,WGS,Good,MLST.ecoli_achtman_4.131,PRJEB4681,United Kingdom,,2010.0,1,1,1,1,0,0,0,0,0,0
562.100372,Susceptible,WGS,Good,MLST.ecoli_achtman_4.131,,Norway,,2016.0,1,1,1,0,0,0,0,0,0,0
562.98441,Susceptible,WGS,Good,MLST.ecoli_achtman_4.10242,,Norway,,2007.0,1,0,0,0,0,0,0,0,0,0
562.99829,Susceptible,WGS,Good,MLST.ecoli_achtman_4.131,,Norway,,2014.0,1,0,0,0,0,0,0,0,0,0
562.98143,Susceptible,WGS,Good,MLST.ecoli_achtman_4.38,,Norway,,2005.0,1,0,0,0,0,0,0,0,0,0
562.58762,Susceptible,WGS,Good,MLST.ecoli_achtman_4.165,,Norway,Oslo,2008.0,1,0,0,0,0,0,0,0,0,0
562.99738,Susceptible,WGS,Good,MLST.ecoli_achtman_4.1236,,Norway,,2013.0,1,0,0,0,0,0,0,0,0,0
562.140911,Resistant,WGS,Good,MLST.ecoli_achtman_4.131,PRJNA530794,USA,"St. Louis, Missouri",2017.0,1,1,1,1,0,0,0,0,0,0
562.98921,Susceptible,WGS,Good,MLST.ecoli_achtman_4.162,,Norway,,2010.0,1,0,0,0,0,0,0,0,0,0
562.97051,Resistant,WGS,Good,MLST.ecoli_achtman_4.1431,,United Kingdom,,,1,1,1,1,0,0,0,0,0,0
562.42779,Resistant,WGS,Good,MLST.ecoli_achtman_4.131,PRJNA278886,USA,USA:Boston,2015.0,1,1,1,1,0,0,0,0,0,1
562.99272,Resistant,WGS,Good,MLST.ecoli_achtman_4.131,,Norway,,2012.0,1,1,1,1,0,0,0,0,0,1
562.98344,Susceptible,WGS,Good,MLST.ecoli_achtman_4.10,,Norway,,2007.0,1,0,0,0,0,0,0,0,0,0
562.145441,Susceptible,WGS,Good,MLST.ecoli_achtman_4.10756,PRJNA273513,Canada,,2009.0,1,0,0,0,0,0,0,0,0,0
562.97049,Susceptible,WGS,Good,MLST.ecoli_achtman_4.2967,,United Kingdom,,,1,0,0,0,0,0,0,0,0,0
562.99920,Susceptible,WGS,Good,MLST.ecoli_achtman_4.88,,Norway,,2014.0,1,0,0,0,0,0,0,0,0,0
562.100498,Susceptible,WGS,Good,MLST.ecoli_achtman_4.144,,Norway,,2016.0,1,0,0,0,0,0,0,0,0,0
562.98466,Susceptible,WGS,Good,MLST.ecoli_achtman_4.104,,Norway,,2007.0,1,0,0,0,0,0,0,0,0,0
562.97303,Resistant,WGS,Good,MLST.ecoli_achtman_4.131,,United Kingdom,,,1,1,1,1,0,0,0,0,0,0
562.98695,Susceptible,WGS,Good,MLST.ecoli_achtman_4.12,,Norway,,2009.0,1,0,0,0,0,0,0,0,0,0
562.99564,Susceptible,WGS,Good,MLST.ecoli_achtman_4.95,,Norway,,2013.0,1,1,1,0,0,0,0,0,0,0
562.98456,Susceptible,WGS,Good,MLST.ecoli_achtman_4.69,,Norway,,2007.0,1,0,0,0,0,0,0,0,0,0
562.99141,Susceptible,WGS,Good,MLST.ecoli_achtman_4.73,,Norway,,2011.0,1,0,0,0,0,0,0,0,0,0
562.98406,Resistant,WGS,Good,MLST.ecoli_achtman_4.393,,Norway,,2007.0,1,1,1,1,0,0,0,0,0,0
562.96699,Resistant,WGS,Good,MLST.ecoli_achtman_4.1193,,United Kingdom,,,1,1,1,1,0,0,0,0,0,0
562.96650,Susceptible,WGS,Good,MLST.ecoli_achtman_4.155,,United Kingdom,,,1,0,0,0,0,0,0,0,0,0
562.145069,Susceptible,WGS,Good,MLST.ecoli_achtman_4.13537,PRJEB54735,Portugal,,2019.0,1,0,0,0,0,0,0,0,0,0
562.22481,Resistant,WGS,Good,MLST.ecoli_achtman_4.648,PRJEB4681,United Kingdom,,2007.0,1,1,1,1,0,0,0,0,0,0
562.98316,Susceptible,WGS,Good,MLST.ecoli_achtman_4.73,,Norway,,2006.0,1,0,0,0,0,0,0,0,0,0
562.58760,Susceptible,WGS,Good,MLST.ecoli_achtman_4.88,,Norway,Oslo,2006.0,1,0,0,0,0,0,0,0,0,0
562.145043,Susceptible,WGS,Good,MLST.ecoli_achtman_4.446,PRJEB54735,Portugal,,2019.0,1,0,0,0,0,0,0,0,0,0
562.100822,Susceptible,WGS,Good,MLST.ecoli_achtman_4.131,,Norway,,2017.0,1,0,0,0,0,0,0,0,0,0
562.99199,Susceptible,WGS,Good,MLST.ecoli_achtman_4.59,,Norway,,2011.0,1,0,0,0,0,0,0,0,0,0
562.96624,Resistant,WGS,Good,MLST.ecoli_achtman_4.226,,United Kingdom,,,1,1,1,1,0,0,0,0,0,0
562.99463,Susceptible,WGS,Good,MLST.ecoli_achtman_4.58,,Norway,,2012.0,1,0,0,0,0,0,0,0,0,0
562.7569,Susceptible,WGS,Good,MLST.ecoli_achtman_4.517,PRJEB2827,Kenya,East Africa,2008.0,1,0,0,0,0,0,0,0,0,0
562.97464,Susceptible,WGS,Good,MLST.ecoli_achtman_4.3006,,United Kingdom,,,1,0,0,0,0,0,0,0,0,0
562.22764,Susceptible,WGS,Good,MLST.ecoli_achtman_4.38,PRJEB4681,United Kingdom,,2012.0,0,0,0,0,0,0,0,0,0,0
562.96805,Susceptible,WGS,Good,MLST.ecoli_achtman_4.73,,United Kingdom,,,1,0,0,0,0,0,0,0,0,0
562.100114,Resistant,WGS,Good,MLST.ecoli_achtman_4.131,,Norway,,2015.0,1,1,1,1,0,0,0,0,0,1
562.57219,Resistant,WGS,Good,MLST.ecoli_achtman_4.354,,,,2017.0,1,1,1,1,0,0,0,0,0,0
562.98023,Susceptible,WGS,Good,MLST.ecoli_achtman_4.372,,Norway,,2004.0,1,0,0,0,0,0,0,0,0,0
562.100068,Susceptible,WGS,Good,MLST.ecoli_achtman_4.73,,Norway,,2015.0,1,0,0,0,0,0,0,0,0,0
562.99484,Susceptible,WGS,Good,MLST.ecoli_achtman_4.80,,Norway,,2013.0,1,0,0,0,0,0,0,0,0,0
562.97760,Susceptible,WGS,Good,MLST.ecoli_achtman_4.12,,Norway,,2002.0,1,0,0,0,0,0,0,0,0,0
562.145025,Susceptible,WGS,Good,MLST.ecoli_achtman_4.13581,PRJEB54735,Portugal,,2020.0,1,0,0,0,0,0,0,0,0,0
562.98775,Susceptible,WGS,Good,MLST.ecoli_achtman_4.73,,Norway,,2009.0,1,1,1,0,0,0,0,0,0,0
562.145812,Susceptible,WGS,Good,MLST.ecoli_achtman_4.117,PRJNA273513,Canada,,2007.0,1,0,0,0,0,0,0,0,0,0
562.99187,Susceptible,WGS,Good,MLST.ecoli_achtman_4.95,,Norway,,2011.0,1,0,0,0,0,0,0,0,0,0
562.99688,Susceptible,WGS,Good,MLST.ecoli_achtman_4.95,,Norway,,2013.0,1,0,0,0,0,0,0,0,0,0
562.99143,Susceptible,WGS,Good,MLST.ecoli_achtman_4.117,,Norway,,2011.0,1,0,0,0,0,0,0,0,0,0
562.22499,Resistant,WGS,Good,MLST.ecoli_achtman_4.131,PRJEB4681,United Kingdom,,2008.0,1,1,1,1,0,0,0,0,0,0
562.56771,Resistant,WGS,Good,MLST.ecoli_achtman_4.448,,Germany,North Rhine-Westphalia,2014.0,1,1,1,1,0,0,1,0,0,1
562.97004,Resistant,WGS,Good,MLST.ecoli_achtman_4.648,,United Kingdom,,,1,1,1,1,0,0,0,0,0,1
562.96598,Resistant,WGS,Good,MLST.ecoli_achtman_4.1196,,United Kingdom,,,1,1,1,1,0,0,0,0,0,0
562.17621,Resistant,Complete,Good,MLST.ecoli_achtman_4.167,PRJNA292902,,,,1,0,0,0,0,0,0,0,0,0
562.98814,Susceptible,WGS,Good,MLST.ecoli_achtman_4.10,,Norway,,2009.0,1,0,0,0,0,0,0,0,0,0
562.57104,Susceptible,WGS,Good,MLST.ecoli_achtman_4.69,,,,2017.0,1,0,0,0,0,0,0,0,0,0
562.98442,Susceptible,WGS,Good,MLST.ecoli_achtman_4.10,,Norway,,2007.0,1,0,0,0,0,0,0,0,0,0
562.99710,Susceptible,WGS,Good,MLST.ecoli_achtman_4.69,,Norway,,2013.0,1,0,0,0,0,0,0,0,0,0
562.100791,Resistant,WGS,Good,MLST.ecoli_achtman_4.1193,,Norway,,2017.0,1,1,1,1,0,0,0,0,0,0
562.96682,Susceptible,WGS,Good,MLST.ecoli_achtman_4.428,,United Kingdom,,,1,1,1,0,0,0,0,0,0,0
562.97291,Resistant,WGS,Good,MLST.ecoli_achtman_4.131,,United Kingdom,,,1,1,1,1,0,0,0,0,0,0
562.96425,Resistant,WGS,Good,MLST.ecoli_achtman_4.443,,United Kingdom,,,1,1,1,1,0,0,0,0,0,0
562.23140,Resistant,WGS,Good,MLST.ecoli_achtman_4.393,PRJEB4681,United Kingdom,,2002.0,1,1,1,1,0,0,0,0,0,0
562.145409,Susceptible,WGS,Good,MLST.ecoli_achtman_4.101,PRJNA273513,Canada,British Columbia,2006.0,1,0,0,0,0,0,0,0,0,0
562.99070,Susceptible,WGS,Good,MLST.ecoli_achtman_4.127,,Norway,,2011.0,1,0,0,0,0,0,0,0,0,0
562.57235,Resistant,WGS,Good,MLST.ecoli_achtman_4.131,,,,2017.0,1,1,1,1,0,0,0,0,0,0
562.96839,Susceptible,WGS,Good,MLST.ecoli_achtman_4.7094,,United Kingdom,,,1,0,0,0,0,0,0,0,0,0
562.100050,Resistant,WGS,Good,MLST.ecoli_achtman_4.405,,Norway,,2015.0,1,1,1,1,0,0,0,0,0,1
562.97486,Resistant,WGS,Good,MLST.ecoli_achtman_4.617,,United Kingdom,,,1,1,1,1,0,0,0,0,0,0
562.97421,Susceptible,WGS,Good,MLST.ecoli_achtman_4.7095,,United Kingdom,,,1,1,1,0,0,0,0,0,0,0
562.100570,Resistant,WGS,Good,MLST.ecoli_achtman_4.69,,Norway,,2016.0,1,1,1,1,0,0,0,0,0,0
562.98081,Susceptible,WGS,Good,MLST.ecoli_achtman_4.12,,Norway,,2005.0,1,0,0,0,0,0,0,0,0,0
562.96678,Resistant,WGS,Good,MLST.ecoli_achtman_4.131,,United Kingdom,,,1,1,1,1,0,0,0,0,0,0
562.98104,Resistant,WGS,Good,MLST.ecoli_achtman_4.501,,Norway,,2005.0,1,1,1,1,0,0,0,0,0,0
562.98276,Susceptible,WGS,Good,MLST.ecoli_achtman_4.127,,Norway,,2006.0,1,0,0,0,0,0,0,0,0,0
562.99028,Susceptible,WGS,Good,MLST.ecoli_achtman_4.569,,Norway,,2010.0,1,0,0,0,0,0,0,0,0,0
562.98897,Susceptible,WGS,Good,MLST.ecoli_achtman_4.73,,Norway,,2010.0,1,0,0,0,0,0,0,0,0,0
562.98370,Susceptible,WGS,Good,MLST.ecoli_achtman_4.167,,Norway,,2007.0,1,0,0,0,0,0,0,0,0,0
562.99456,Susceptible,WGS,Good,MLST.ecoli_achtman_4.73,,Norway,,2012.0,1,0,0,0,0,0,0,0,0,0
562.145389,Susceptible,WGS,Good,MLST.ecoli_achtman_4.155,PRJNA273513,Canada,British Columbia,2006.0,1,0,0,0,0,0,0,0,0,0
562.97028,Susceptible,WGS,Good,MLST.ecoli_achtman_4.58,,United Kingdom,,,1,0,0,0,0,0,1,0,0,0
562.99083,Susceptible,WGS,Good,MLST.ecoli_achtman_4.10288,,Norway,,2011.0,1,0,0,0,0,0,0,0,0,0
562.97791,Susceptible,WGS,Good,MLST.ecoli_achtman_4.640,,Norway,,2002.0,1,0,0,0,0,0,0,0,0,0
562.140846,Resistant,WGS,Good,MLST.ecoli_achtman_4.131,PRJNA530794,USA,"St. Louis, Missouri",2017.0,1,1,1,1,0,0,0,0,0,0
562.96658,Resistant,WGS,Good,MLST.ecoli_achtman_4.1193,,United Kingdom,,,1,1,1,1,0,0,0,0,0,0
562.98337,Susceptible,WGS,Good,MLST.ecoli_achtman_4.10267,,Norway,,2006.0,1,0,0,0,0,0,0,0,0,0
562.58646,Susceptible,WGS,Good,MLST.ecoli_achtman_4.95,,USA,,,1,0,0,0,0,0,0,0,0,0
562.99396,Susceptible,WGS,Good,MLST.ecoli_achtman_4.10298,,Norway,,2012.0,1,0,0,0,0,0,0,0,0,0
562.98612,Susceptible,WGS,Good,MLST.ecoli_achtman_4.80,,Norway,,2008.0,1,0,0,0,0,0,0,0,0,0
562.73359,Resistant,WGS,Good,MLST.ecoli_achtman_4.224,PRJEB34557,Spain,Barcelona,2013.0,1,1,1,1,0,0,0,0,0,0
562.99962,Resistant,WGS,Good,MLST.ecoli_achtman_4.141,,Norway,,2014.0,1,0,0,0,0,0,0,0,0,0
562.97887,Susceptible,WGS,Good,MLST.ecoli_achtman_4.73,,Norway,,2003.0,1,0,0,0,0,0,0,0,0,0
562.100097,Susceptible,WGS,Good,MLST.ecoli_achtman_4.95,,Norway,,2015.0,1,0,0,0,0,0,0,0,0,0
562.140892,Resistant,WGS,Good,MLST.ecoli_achtman_4.131,PRJNA530794,USA,"St. Louis, Missouri",2017.0,1,1,1,1,0,0,0,0,0,1
562.98403,Susceptible,WGS,Good,MLST.ecoli_achtman_4.73,,Norway,,2007.0,1,0,0,0,0,0,0,0,0,0
562.100610,Susceptible,WGS,Good,MLST.ecoli_achtman_4.10409,,Norway,,2016.0,1,0,0,0,0,0,0,0,0,0
562.100100,Susceptible,WGS,Good,MLST.ecoli_achtman_4.73,,Norway,,2015.0,1,0,0,0,0,0,0,0,0,0
562.100438,Susceptible,WGS,Good,MLST.ecoli_achtman_4.69,,Norway,,2016.0,1,0,0,0,0,0,0,0,0,0
562.57381,Susceptible,WGS,Good,MLST.ecoli_achtman_4.131,,Thailand,,2015.0,1,1,1,0,0,0,0,0,0,0
562.97077,Resistant,WGS,Good,MLST.ecoli_achtman_4.648,,United Kingdom,,,1,1,1,1,0,0,0,0,0,1
562.100546,Susceptible,WGS,Good,MLST.ecoli_achtman_4.69,,Norway,,2016.0,1,0,0,0,0,0,0,0,0,0
562.99543,Susceptible,WGS,Good,MLST.ecoli_achtman_4.69,,Norway,,2013.0,1,0,0,0,0,0,0,0,0,0
562.97814,Susceptible,WGS,Good,MLST.ecoli_achtman_4.88,,Norway,,2003.0,1,0,0,0,0,0,0,0,0,0
562.99747,Susceptible,WGS,Good,MLST.ecoli_achtman_4.69,,Norway,,2014.0,1,0,0,0,0,0,0,0,0,0
562.96733,Susceptible,WGS,Good,MLST.ecoli_achtman_4.7095,,United Kingdom,,,1,1,1,0,0,0,0,0,0,0
562.96763,Susceptible,WGS,Good,MLST.ecoli_achtman_4.448,,United Kingdom,,,1,0,0,0,0,0,0,0,0,0
562.98743,Resistant,WGS,Good,MLST.ecoli_achtman_4.405,,Norway,,2009.0,1,1,1,1,0,0,0,0,0,1
562.57106,Susceptible,WGS,Good,MLST.ecoli_achtman_4.43,,,,2017.0,1,0,0,0,0,0,0,0,0,0
562.98020,Susceptible,WGS,Good,MLST.ecoli_achtman_4.95,,Norway,,2004.0,1,0,0,0,0,0,0,0,0,0
562.57369,Resistant,WGS,Good,MLST.ecoli_achtman_4.131,,Thailand,,2015.0,1,1,1,1,0,0,0,0,0,0
562.100233,Susceptible,WGS,Good,MLST.ecoli_achtman_4.10243,,Norway,,2015.0,1,0,0,0,0,0,0,0,0,0
562.99145,Susceptible,WGS,Good,MLST.ecoli_achtman_4.538,,Norway,,2011.0,1,0,0,0,0,0,0,0,0,0
562.98062,Susceptible,WGS,Good,MLST.ecoli_achtman_4.95,,Norway,,2004.0,1,0,0,0,0,0,0,0,0,0
562.98074,Susceptible,WGS,Good,MLST.ecoli_achtman_4.409,,Norway,,2004.0,1,0,0,0,0,0,0,0,0,0
562.98130,Susceptible,WGS,Good,MLST.ecoli_achtman_4.10216,,Norway,,2005.0,1,0,0,0,0,0,0,0,0,0
562.97363,Resistant,WGS,Good,MLST.ecoli_achtman_4.1193,,United Kingdom,,,1,1,1,1,0,0,0,0,0,0
562.97305,Resistant,WGS,Good,MLST.ecoli_achtman_4.131,,United Kingdom,,,1,1,1,1,0,0,0,0,0,0
562.22752,Susceptible,WGS,Good,MLST.ecoli_achtman_4.14,PRJEB4681,United Kingdom,,2012.0,0,0,0,0,0,0,0,0,0,0
562.42634,Resistant,WGS,Good,MLST.ecoli_achtman_4.131,PRJNA278886,USA,USA:Boston,2015.0,1,1,1,1,0,1,0,0,0,0
562.97034,Susceptible,WGS,Good,MLST.ecoli_achtman_4.2598,,United Kingdom,,,1,0,0,0,0,0,0,0,0,0
562.100289,Susceptible,WGS,Good,MLST.ecoli_achtman_4.349,,Norway,,2015.0,1,0,0,0,0,0,0,0,0,0
562.99649,Susceptible,WGS,Good,MLST.ecoli_achtman_4.73,,Norway,,2013.0,1,0,0,0,0,0,0,0,0,0
562.100663,Susceptible,WGS,Good,MLST.ecoli_achtman_4.88,,Norway,,2017.0,1,0,0,0,0,0,0,0,0,0
562.96424,Resistant,WGS,Good,MLST.ecoli_achtman_4.443,,United Kingdom,,,1,1,1,1,0,0,0,0,0,0
562.97834,Susceptible,WGS,Good,MLST.ecoli_achtman_4.69,,Norway,,2002.0,1,0,0,0,0,0,0,0,0,0
562.97949,Susceptible,WGS,Good,MLST.ecoli_achtman_4.10,,Norway,,2004.0,1,0,0,0,0,0,0,0,0,0
562.22533,Susceptible,WGS,Good,MLST.ecoli_achtman_4.127,PRJEB4681,United Kingdom,,2008.0,0,0,0,0,0,0,0,0,0,0
562.100279,Susceptible,WGS,Good,MLST.ecoli_achtman_4.95,,Norway,,2015.0,1,0,0,0,0,0,0,0,0,0
562.100392,Susceptible,WGS,Good,MLST.ecoli_achtman_4.1444,,Norway,,2016.0,1,0,0,0,0,0,0,0,0,0
562.57196,Susceptible,WGS,Good,MLST.ecoli_achtman_4.12,,,,,1,0,0,0,0,0,0,0,0,0
562.98244,Resistant,WGS,Good,MLST.ecoli_achtman_4.393,,Norway,,2006.0,1,1,1,1,0,0,0,0,0,0
562.96552,Resistant,WGS,Good,MLST.ecoli_achtman_4.90,,United Kingdom,,,1,1,1,1,0,0,0,0,0,0
562.100751,Resistant,WGS,Good,MLST.ecoli_achtman_4.131,,Norway,,2017.0,1,1,1,1,0,0,0,0,0,1
562.96500,Susceptible,WGS,Good,MLST.ecoli_achtman_4.3202,,United Kingdom,,,1,0,0,0,0,0,0,0,0,0
562.99781,Susceptible,WGS,Good,MLST.ecoli_achtman_4.131,,Norway,,2014.0,1,0,0,0,0,0,0,0,0,0
562.96907,Resistant,WGS,Good,MLST.ecoli_achtman_4.131,,United Kingdom,,,1,1,1,1,0,0,0,0,0,1
562.96533,Resistant,WGS,Good,MLST.ecoli_achtman_4.1196,,United Kingdom,,,1,1,1,1,0,0,0,0,0,0
562.96525,Susceptible,WGS,Good,MLST.ecoli_achtman_4.69,,United Kingdom,,,1,0,0,0,0,0,0,0,0,0
562.22707,Susceptible,WGS,Good,MLST.ecoli_achtman_4.540,PRJEB4681,United Kingdom,,2010.0,0,0,0,0,0,0,0,0,0,0
562.96619,Resistant,WGS,Good,MLST.ecoli_achtman_4.226,,United Kingdom,,,1,1,1,1,0,0,0,0,0,0
562.135579,Resistant,WGS,Good,MLST.ecoli_achtman_4.167,,India,Chattisgarh (Jan Swasthya Sahyog),2021.0,1,1,1,1,0,0,1,0,0,1
562.97806,Susceptible,WGS,Good,MLST.ecoli_achtman_4.106,,Norway,,2003.0,1,0,0,1,0,0,0,0,0,0
562.100653,Resistant,WGS,Good,MLST.ecoli_achtman_4.131,,Norway,,2017.0,1,1,1,1,0,0,0,0,0,0
562.42703,Susceptible,WGS,Good,MLST.ecoli_achtman_4.38,PRJNA278886,USA,USA:Boston,2016.0,1,0,0,0,0,0,1,0,0,0
562.145023,Susceptible,WGS,Good,MLST.ecoli_achtman_4.3546,PRJEB54735,Portugal,,2021.0,1,0,0,0,0,0,0,0,0,0
562.56842,Resistant,WGS,Good,MLST.ecoli_achtman_4.1196,,Germany,Saxony-Anhalt,2014.0,1,1,1,1,0,0,0,0,0,0
562.57389,Susceptible,WGS,Good,MLST.ecoli_achtman_4.218,,Thailand,,2015.0,1,0,0,0,0,0,1,0,0,0
562.100329,Susceptible,WGS,Good,MLST.ecoli_achtman_4.144,,Norway,,2016.0,1,0,0,0,0,0,0,0,0,0
562.57216,Susceptible,WGS,Good,MLST.ecoli_achtman_4.6152,,,,2017.0,1,0,0,0,0,0,0,0,0,0
562.45672,Susceptible,WGS,Good,MLST.ecoli_achtman_4.10,PRJNA522294,Pakistan,Pakistan:Islamabad,2016.0,1,0,0,0,0,0,0,0,0,0
562.145393,Susceptible,WGS,Good,MLST.ecoli_achtman_4.38,PRJNA273513,Canada,British Columbia,2006.0,1,0,0,0,0,0,0,0,0,0
562.96568,Susceptible,WGS,Good,MLST.ecoli_achtman_4.10,,United Kingdom,,,1,0,0,0,0,0,0,0,0,0
562.97200,Susceptible,WGS,Good,MLST.ecoli_achtman_4.196,,United Kingdom,,,1,0,0,0,0,0,0,0,0,0
562.100325,Susceptible,WGS,Good,MLST.ecoli_achtman_4.73,,Norway,,2016.0,1,0,0,0,0,0,0,0,0,0
562.58748,Resistant,WGS,Good,MLST.ecoli_achtman_4.156,,Norway,Oslo,2006.0,1,1,1,1,0,0,0,0,0,0
562.96630,Resistant,WGS,Good,MLST.ecoli_achtman_4.6151,,United Kingdom,,,1,1,1,1,0,0,0,0,0,0
562.98603,Susceptible,WGS,Good,MLST.ecoli_achtman_4.115,,Norway,,2008.0,1,0,0,0,0,0,0,0,0,0
562.58757,Susceptible,WGS,Good,MLST.ecoli_achtman_4.1326,,Norway,Oslo,2006.0,1,0,0,0,0,0,0,0,0,0
562.96543,Susceptible,WGS,Good,MLST.ecoli_achtman_4.69,,United Kingdom,,,1,0,0,0,0,0,0,0,0,0
562.100694,Susceptible,WGS,Good,MLST.ecoli_achtman_4.58,,Norway,,2017.0,1,0,0,0,0,0,0,0,0,0
562.99418,Susceptible,WGS,Good,MLST.ecoli_achtman_4.131,,Norway,,2012.0,1,0,0,0,0,0,0,0,0,0
562.22802,Susceptible,WGS,Good,MLST.ecoli_achtman_4.23,PRJEB4681,United Kingdom,,2012.0,1,1,1,0,0,0,0,0,0,0
562.97192,Susceptible,WGS,Good,MLST.ecoli_achtman_4.14,,United Kingdom,,,1,0,0,0,0,0,0,0,0,0
562.100143,Resistant,WGS,Good,MLST.ecoli_achtman_4.5705,,Norway,,2015.0,1,1,1,1,0,0,0,0,0,0
562.100083,Resistant,WGS,Good,MLST.ecoli_achtman_4.617,,Norway,,2015.0,1,1,1,1,0,0,0,0,0,0
562.99607,Susceptible,WGS,Good,MLST.ecoli_achtman_4.95,,Norway,,2013.0,1,0,0,0,0,0,0,0,0,0
562.100275,Susceptible,WGS,Good,MLST.ecoli_achtman_4.131,,Norway,,2015.0,1,0,0,0,0,0,0,0,0,0
562.99697,Susceptible,WGS,Good,MLST.ecoli_achtman_4.73,,Norway,,2013.0,1,0,0,0,0,0,0,0,0,0
562.96665,Resistant,WGS,Good,MLST.ecoli_achtman_4.6151,,United Kingdom,,,1,1,1,1,0,0,0,0,0,0
562.45660,Resistant,WGS,Good,MLST.ecoli_achtman_4.2852,PRJNA522294,Pakistan,Pakistan:Punjab,2017.0,1,1,1,1,0,0,1,0,0,0
562.145413,Susceptible,WGS,Good,MLST.ecoli_achtman_4.38,PRJNA273513,Canada,British Columbia,2006.0,1,0,0,0,0,0,0,0,0,0
562.100536,Susceptible,WGS,Good,MLST.ecoli_achtman_4.538,,Norway,,2016.0,1,0,0,0,0,0,0,0,0,0
562.96661,Resistant,WGS,Good,MLST.ecoli_achtman_4.6151,,United Kingdom,,,1,1,1,1,0,0,0,0,0,0
562.100617,Susceptible,WGS,Good,MLST.ecoli_achtman_4.538,,Norway,,2017.0,1,0,0,0,0,0,0,0,0,0
562.100900,Susceptible,WGS,Good,MLST.ecoli_achtman_4.95,,Norway,,2017.0,1,0,0,0,0,0,0,0,0,0
562.97007,Susceptible,WGS,Good,MLST.ecoli_achtman_4.131,,United Kingdom,,,1,0,0,0,0,0,0,0,0,0
562.100109,Susceptible,WGS,Good,MLST.ecoli_achtman_4.155,,Norway,,2015.0,1,0,0,0,0,0,0,0,0,0
562.22874,Susceptible,WGS,Good,MLST.ecoli_achtman_4.1494,PRJEB4681,United Kingdom,,2011.0,0,0,0,0,0,0,0,0,0,0
562.100903,Susceptible,WGS,Good,MLST.ecoli_achtman_4.1643,,Norway,,2017.0,1,0,0,0,0,0,0,0,0,0
562.58649,Resistant,WGS,Good,MLST.ecoli_achtman_4.131,,USA,,,1,1,1,1,0,0,0,0,0,1
562.97928,Susceptible,WGS,Good,MLST.ecoli_achtman_4.95,,Norway,,2003.0,1,0,0,0,0,0,0,0,0,0
562.100834,Susceptible,WGS,Good,MLST.ecoli_achtman_4.131,,Norway,,2017.0,1,0,0,0,0,0,0,0,0,0
562.97992,Susceptible,WGS,Good,MLST.ecoli_achtman_4.69,,Norway,,2004.0,1,0,0,0,0,0,0,0,0,0
562.98000,Susceptible,WGS,Good,MLST.ecoli_achtman_4.968,,Norway,,2004.0,1,0,0,0,0,0,0,0,0,0
562.22627,Susceptible,WGS,Good,MLST.ecoli_achtman_4.144,PRJEB4681,United Kingdom,,2010.0,0,0,0,0,0,0,0,0,0,0
562.22783,Resistant,WGS,Good,MLST.ecoli_achtman_4.131,PRJEB4681,United Kingdom,,2012.0,1,1,1,1,0,0,0,0,0,1
562.97499,Resistant,WGS,Good,MLST.ecoli_achtman_4.131,,United Kingdom,,,1,1,1,1,0,0,0,0,0,0
562.100518,Susceptible,WGS,Good,MLST.ecoli_achtman_4.95,,Norway,,2016.0,1,0,0,0,0,0,0,0,0,0
562.100965,Resistant,WGS,Good,MLST.ecoli_achtman_4.131,,Norway,,2017.0,1,1,1,0,0,0,0,0,0,0
562.22468,Susceptible,WGS,Good,MLST.ecoli_achtman_4.73,PRJEB4681,United Kingdom,,2007.0,0,0,0,0,0,0,0,0,0,0
562.96926,Susceptible,WGS,Good,MLST.ecoli_achtman_4.7092,,United Kingdom,,,1,0,0,0,0,0,0,0,0,0
562.22630,Resistant,WGS,Good,MLST.ecoli_achtman_4.131,PRJEB4681,United Kingdom,,2010.0,1,1,1,1,0,0,0,0,0,0
562.99896,Susceptible,WGS,Good,MLST.ecoli_achtman_4.393,,Norway,,2014.0,1,1,1,1,0,0,0,0,0,0
562.96827,Susceptible,WGS,Good,MLST.ecoli_achtman_4.7102,,United Kingdom,,,1,0,0,0,0,0,0,0,0,0
562.96593,Susceptible,WGS,Good,MLST.ecoli_achtman_4.4959,,United Kingdom,,,1,0,0,0,0,0,0,0,0,0
562.97227,Resistant,WGS,Good,MLST.ecoli_achtman_4.443,,United Kingdom,,,1,1,1,1,0,0,0,0,0,0
562.58725,Resistant,WGS,Good,MLST.ecoli_achtman_4.354,,Italy,,2014.0,1,1,1,1,0,0,0,0,0,0
562.97175,Resistant,WGS,Good,MLST.ecoli_achtman_4.443,,United Kingdom,,,1,1,1,1,0,0,0,0,0,0
562.97002,Susceptible,WGS,Good,MLST.ecoli_achtman_4.88,,United Kingdom,,,1,0,0,0,0,0,0,0,0,0
562.99252,Susceptible,WGS,Good,MLST.ecoli_achtman_4.517,,Norway,,2011.0,1,0,0,0,0,0,0,0,0,0
562.96915,Susceptible,WGS,Good,MLST.ecoli_achtman_4.162,,United Kingdom,,,1,0,0,0,0,0,0,0,0,0
562.100615,Susceptible,WGS,Good,MLST.ecoli_achtman_4.69,,Norway,,2017.0,1,0,0,0,0,0,0,0,0,0
562.96507,Susceptible,WGS,Good,MLST.ecoli_achtman_4.117,,United Kingdom,,,1,0,0,0,0,0,0,0,0,0
562.100413,Susceptible,WGS,Good,MLST.ecoli_achtman_4.95,,Norway,,2016.0,1,0,0,0,0,0,0,0,0,0
562.57393,Resistant,WGS,Good,MLST.ecoli_achtman_4.5943,,Thailand,,2015.0,1,1,1,1,0,0,1,0,0,0
562.99890,Susceptible,WGS,Good,MLST.ecoli_achtman_4.127,,Norway,,2014.0,1,0,0,0,0,0,0,0,0,0
562.96611,Susceptible,WGS,Good,MLST.ecoli_achtman_4.7095,,United Kingdom,,,1,1,1,0,0,0,0,0,0,0
562.96554,Resistant,WGS,Good,MLST.ecoli_achtman_4.90,,United Kingdom,,,1,1,1,1,0,0,0,0,0,0
562.96692,Susceptible,WGS,Good,MLST.ecoli_achtman_4.428,,United Kingdom,,,1,1,1,0,0,0,0,0,0,0
562.99885,Resistant,WGS,Good,MLST.ecoli_achtman_4.4566,,Norway,,2014.0,1,1,1,1,0,0,0,0,0,0
562.98452,Susceptible,WGS,Good,MLST.ecoli_achtman_4.95,,Norway,,2007.0,1,0,0,0,0,0,0,0,0,0
562.99611,Susceptible,WGS,Good,MLST.ecoli_achtman_4.1057,,Norway,,2013.0,1,0,0,0,0,0,0,0,0,0
562.12961,Susceptible,WGS,Good,MLST.klebsiella.3839,PRJEB11403,Thailand,Bangkok,2015.0,1,0,0,0,0,0,1,1,1,0
562.99310,Susceptible,WGS,Good,MLST.ecoli_achtman_4.141,,Norway,,2012.0,1,0,0,0,0,0,0,0,0,0
562.140833,Resistant,WGS,Good,MLST.ecoli_achtman_4.131,PRJNA530794,USA,"St. Louis, Missouri",2017.0,1,1,1,1,0,0,0,0,0,0
562.98122,Susceptible,WGS,Good,MLST.ecoli_achtman_4.58,,Norway,,2005.0,1,0,0,0,0,0,0,0,0,0
562.97959,Susceptible,WGS,Good,MLST.ecoli_achtman_4.73,,Norway,,2003.0,1,0,0,0,0,0,0,0,0,0
562.99560,Susceptible,WGS,Good,MLST.ecoli_achtman_4.131,,Norway,,2013.0,1,0,0,0,0,0,0,0,0,0
562.98756,Susceptible,WGS,Good,MLST.ecoli_achtman_4.73,,Norway,,2009.0,1,0,0,0,0,0,0,0,0,0
562.99251,Susceptible,WGS,Good,MLST.ecoli_achtman_4.58,,Norway,,2011.0,1,0,0,0,0,0,0,0,0,0
562.57220,Susceptible,WGS,Good,MLST.ecoli_achtman_4.543,,,,2017.0,1,0,0,0,0,0,0,0,0,0
562.57217,Susceptible,WGS,Good,MLST.ecoli_achtman_4.69,,,,2017.0,1,1,1,0,0,0,0,0,0,0
562.98625,Susceptible,WGS,Good,MLST.ecoli_achtman_4.540,,Norway,,2008.0,1,0,0,0,0,0,0,0,0,0
562.98054,Susceptible,WGS,Good,MLST.ecoli_achtman_4.69,,Norway,,2004.0,1,0,0,0,0,0,0,0,0,0
1328432.3,Susceptible,WGS,Good,MLST.ecoli_achtman_4.2569,PRJNA201972,USA,"Boston, MA, USA",2012.0,0,0,0,0,0,0,0,0,0,0
562.99006,Susceptible,WGS,Good,MLST.ecoli_achtman_4.131,,Norway,,2010.0,1,1,1,0,0,0,0,0,0,0
562.99807,Susceptible,WGS,Good,MLST.ecoli_achtman_4.10,,Norway,,2014.0,1,0,0,0,0,0,0,0,0,0
562.100872,Susceptible,WGS,Good,MLST.ecoli_achtman_4.648,,Norway,,2017.0,1,0,0,0,0,0,0,0,0,0
562.98859,Susceptible,WGS,Good,MLST.ecoli_achtman_4.59,,Norway,,2010.0,1,0,0,0,0,0,0,0,0,0
562.100891,Susceptible,WGS,Good,MLST.ecoli_achtman_4.73,,Norway,,2017.0,1,0,0,0,0,0,0,0,0,0
562.97365,Susceptible,WGS,Good,MLST.ecoli_achtman_4.5430,,United Kingdom,,,1,0,0,0,0,0,0,0,0,0
562.98773,Resistant,WGS,Good,MLST.ecoli_achtman_4.131,,Norway,,2009.0,1,1,1,1,0,0,0,0,0,0
562.100255,Susceptible,WGS,Good,MLST.ecoli_achtman_4.73,,Norway,,2015.0,1,0,0,0,0,0,0,0,0,0
562.45640,Susceptible,WGS,Good,MLST.ecoli_achtman_4.155,PRJNA522294,Pakistan,Pakistan:Islambad,2016.0,1,1,1,0,0,0,0,0,0,0
562.22679,Susceptible,WGS,Good,MLST.ecoli_achtman_4.963,PRJEB4681,United Kingdom,,2011.0,0,0,0,0,0,0,0,0,0,0
562.100928,Susceptible,WGS,Good,MLST.ecoli_achtman_4.69,,Norway,,2017.0,1,0,0,0,0,0,0,0,0,0
562.97017,Susceptible,WGS,Good,MLST.ecoli_achtman_4.58,,United Kingdom,,,1,0,0,0,0,0,1,0,0,0
562.97466,Resistant,WGS,Good,MLST.ecoli_achtman_4.131,,United Kingdom,,,1,1,1,1,0,0,0,0,0,1
562.97256,Susceptible,WGS,Good,MLST.ecoli_achtman_4.409,,United Kingdom,,,1,0,0,0,0,0,0,0,0,0
562.96826,Susceptible,WGS,Good,MLST.ecoli_achtman_4.7102,,United Kingdom,,,1,0,0,0,0,0,0,0,0,0
562.57234,Resistant,WGS,Good,MLST.ecoli_achtman_4.88,,,,2017.0,1,1,1,1,0,0,0,0,0,0
562.57231,Susceptible,WGS,Good,MLST.ecoli_achtman_4.547,,,,2017.0,1,0,0,0,0,0,0,0,0,0
562.29008,Resistant,Complete,Good,MLST.ecoli_achtman_4.410,PRJNA316321,,,,1,1,1,1,0,0,0,0,0,1
562.42817,Resistant,WGS,Good,MLST.ecoli_achtman_4.131,PRJNA278886,USA,USA:Boston,2015.0,1,1,1,1,0,0,0,0,0,1
562.99658,Susceptible,WGS,Good,MLST.ecoli_achtman_4.108,,Norway,,2013.0,1,0,0,0,0,0,0,0,0,0
562.100285,Susceptible,WGS,Good,MLST.ecoli_achtman_4.117,,Norway,,2015.0,1,0,0,0,0,0,0,0,0,0
562.100589,Susceptible,WGS,Good,MLST.ecoli_achtman_4.504,,Norway,,2016.0,1,0,0,0,0,0,0,0,0,0
562.42671,Resistant,WGS,Good,MLST.ecoli_achtman_4.131,PRJNA278886,USA,USA:Boston,2016.0,1,1,1,1,0,0,0,0,0,0
562.96601,Susceptible,WGS,Good,MLST.ecoli_achtman_4.59,,United Kingdom,,,1,0,0,0,0,0,0,0,0,0
562.99973,Susceptible,WGS,Good,MLST.ecoli_achtman_4.73,,Norway,,2014.0,1,0,0,0,0,0,0,0,0,0
562.58766,Resistant,WGS,Good,MLST.ecoli_achtman_4.167,,Norway,Oslo,2000.0,1,1,1,1,0,0,0,0,0,0
562.99322,Susceptible,WGS,Good,MLST.ecoli_achtman_4.73,,Norway,,2012.0,1,0,0,0,0,0,0,0,0,0
562.99529,Susceptible,WGS,Good,MLST.ecoli_achtman_4.135,,Norway,,2013.0,1,0,0,0,0,0,0,0,0,0
562.97882,Susceptible,WGS,Good,MLST.ecoli_achtman_4.73,,Norway,,2003.0,1,0,0,0,0,0,0,0,0,0
562.98229,Susceptible,WGS,Good,MLST.ecoli_achtman_4.1084,,Norway,,2006.0,1,0,0,0,0,0,0,0,0,0
562.98211,Susceptible,WGS,Good,MLST.ecoli_achtman_4.321,,Norway,,2006.0,1,0,0,0,0,0,0,0,0,0
562.98034,Susceptible,WGS,Good,MLST.ecoli_achtman_4.393,,Norway,,2004.0,1,0,0,1,0,0,0,0,0,0
562.97458,Susceptible,WGS,Good,MLST.ecoli_achtman_4.3006,,United Kingdom,,,1,0,0,0,0,0,0,0,0,0
562.96628,Resistant,WGS,Good,MLST.ecoli_achtman_4.162,,United Kingdom,,,1,1,1,1,0,0,0,0,0,0
562.96997,Resistant,WGS,Good,MLST.ecoli_achtman_4.648,,United Kingdom,,,1,1,1,1,0,0,0,0,0,1
562.98222,Resistant,WGS,Good,MLST.ecoli_achtman_4.46,,Norway,,2006.0,1,1,1,1,0,0,0,0,0,0
562.145014,Susceptible,WGS,Good,,PRJEB54735,Portugal,,2021.0,1,0,0,0,0,0,0,0,0,0
562.45399,Resistant,Complete,Good,MLST.ecoli_achtman_4.641,PRJNA511007,Brazil,"Brazil: Botucatu, Sao Paulo State",2015.0,1,1,1,1,0,0,0,0,0,0
562.57200,Susceptible,WGS,Good,MLST.ecoli_achtman_4.59,,,,2014.0,1,0,0,0,0,0,0,0,0,0
562.42636,Resistant,WGS,Good,MLST.ecoli_achtman_4.1193,PRJNA278886,USA,USA:Boston,2015.0,1,1,1,1,0,0,0,0,0,0
562.96970,Resistant,WGS,Good,MLST.ecoli_achtman_4.648,,United Kingdom,,,1,1,1,1,0,0,0,0,0,1
562.100640,Resistant,WGS,Good,MLST.ecoli_achtman_4.1193,,Norway,,2017.0,1,1,1,1,0,0,0,0,0,0
562.99754,Resistant,WGS,Good,MLST.ecoli_achtman_4.38,,Norway,,2014.0,1,1,1,1,0,0,0,0,0,1
562.57507,Resistant,WGS,Good,MLST.ecoli_achtman_4.354,,Thailand,,2015.0,1,1,1,1,0,0,0,0,0,0
562.57112,Susceptible,WGS,Good,MLST.ecoli_achtman_4.69,,,,2017.0,1,0,0,0,0,0,0,0,0,0
562.100862,Susceptible,WGS,Good,MLST.ecoli_achtman_4.14,,Norway,,2017.0,1,0,0,0,0,0,0,0,0,0
562.100813,Susceptible,WGS,Good,MLST.ecoli_achtman_4.12,,Norway,,2017.0,1,0,0,0,0,0,0,0,0,0
562.42682,Susceptible,WGS,Good,MLST.ecoli_achtman_4.131,PRJNA278886,USA,USA:Boston,2016.0,1,1,1,0,0,0,0,0,0,0
562.97327,Susceptible,WGS,Good,MLST.ecoli_achtman_4.59,,United Kingdom,,,1,0,0,0,0,0,0,0,0,0
562.98590,Susceptible,WGS,Good,MLST.ecoli_achtman_4.12,,Norway,,2008.0,1,0,0,0,0,0,0,0,0,0
562.99402,Susceptible,WGS,Good,MLST.ecoli_achtman_4.73,,Norway,,2012.0,1,0,0,0,0,0,0,0,0,0
562.100727,Susceptible,WGS,Good,MLST.ecoli_achtman_4.127,,Norway,,2017.0,1,0,0,0,0,0,0,0,0,0
562.100344,Resistant,WGS,Good,MLST.ecoli_achtman_4.224,,Norway,,2016.0,1,1,1,1,0,1,0,0,0,0
562.99359,Susceptible,WGS,Good,MLST.ecoli_achtman_4.1057,,Norway,,2012.0,1,1,1,0,0,0,0,0,0,0
562.99265,Susceptible,WGS,Good,MLST.ecoli_achtman_4.69,,Norway,,2012.0,1,1,1,0,0,0,0,0,0,0
562.97907,Susceptible,WGS,Good,MLST.ecoli_achtman_4.88,,Norway,,2003.0,1,0,0,0,0,0,0,0,0,0
562.98560,Resistant,WGS,Good,MLST.ecoli_achtman_4.10,,Norway,,2008.0,1,1,1,1,0,0,0,0,0,0
562.22689,Susceptible,WGS,Good,MLST.ecoli_achtman_4.12,PRJEB4681,United Kingdom,,2011.0,1,1,1,0,0,0,0,0,0,0
562.57186,Susceptible,WGS,Good,MLST.ecoli_achtman_4.1679,,,,,1,0,0,0,0,0,0,0,0,0
562.42689,Susceptible,WGS,Good,MLST.ecoli_achtman_4.648,PRJNA278886,USA,USA:Boston,2016.0,1,1,1,1,0,0,0,0,0,1
562.99632,Resistant,WGS,Good,MLST.ecoli_achtman_4.648,,Norway,,2013.0,1,1,1,1,0,0,0,0,0,1
562.100237,Susceptible,WGS,Good,MLST.ecoli_achtman_4.95,,Norway,,2015.0,1,0,0,0,0,0,0,0,0,0
562.96559,Resistant,WGS,Good,MLST.ecoli_achtman_4.90,,United Kingdom,,,1,1,1,1,0,0,0,0,0,0
562.98872,Susceptible,WGS,Good,MLST.ecoli_achtman_4.73,,Norway,,2010.0,1,0,0,0,0,0,0,0,0,0
562.100742,Resistant,WGS,Good,MLST.ecoli_achtman_4.131,,Norway,,2017.0,1,1,1,1,0,0,0,0,0,0
562.98285,Susceptible,WGS,Good,MLST.ecoli_achtman_4.95,,Norway,,2006.0,1,0,0,0,0,0,0,0,0,0
562.96734,Resistant,WGS,Good,MLST.ecoli_achtman_4.7095,,United Kingdom,,,1,1,1,0,0,0,0,0,0,0
562.22609,Susceptible,WGS,Good,MLST.ecoli_achtman_4.73,PRJEB4681,United Kingdom,,2009.0,0,0,0,0,0,0,0,0,0,0
562.96795,Resistant,WGS,Good,MLST.ecoli_achtman_4.443,,United Kingdom,,,1,1,1,1,0,0,0,0,0,0
562.42774,Resistant,WGS,Good,MLST.ecoli_achtman_4.744,PRJNA278886,USA,USA:Boston,2015.0,1,1,1,1,0,0,0,0,0,0
562.97819,Susceptible,WGS,Good,MLST.ecoli_achtman_4.73,,Norway,,2003.0,1,0,0,0,0,0,0,0,0,0
562.97134,Susceptible,WGS,Good,MLST.ecoli_achtman_4.1122,,United Kingdom,,,1,0,0,0,0,0,0,0,0,0
562.97820,Susceptible,WGS,Good,MLST.ecoli_achtman_4.59,,Norway,,2002.0,1,0,0,0,0,0,0,0,0,0
562.57316,Susceptible,WGS,Good,MLST.ecoli_achtman_4.131,,,,2017.0,1,0,0,0,0,0,0,0,0,0
562.98876,Susceptible,WGS,Good,MLST.ecoli_achtman_4.144,,Norway,,2010.0,1,0,0,0,0,0,0,0,0,0
562.145423,Susceptible,WGS,Good,MLST.ecoli_achtman_4.38,PRJNA273513,Canada,British Columbia,2006.0,1,0,0,0,0,0,0,0,0,0
562.98306,Susceptible,WGS,Good,MLST.ecoli_achtman_4.59,,Norway,,2006.0,1,0,0,0,0,0,0,0,0,0
562.97998,Susceptible,WGS,Good,MLST.ecoli_achtman_4.131,,Norway,,2004.0,1,0,0,0,0,0,0,0,0,0
562.56850,Resistant,WGS,Good,MLST.ecoli_achtman_4.57,,Germany,North Rhine-Westphalia,2012.0,1,1,1,1,0,0,0,0,0,0
562.97005,Susceptible,WGS,Good,MLST.ecoli_achtman_4.88,,United Kingdom,,,1,0,0,0,0,0,0,0,0,0
562.96641,Susceptible,WGS,Good,MLST.ecoli_achtman_4.1297,,United Kingdom,,,1,0,0,0,0,0,0,0,0,0
562.97295,Resistant,WGS,Good,MLST.ecoli_achtman_4.131,,United Kingdom,,,1,1,1,1,0,0,0,0,0,1
562.97841,Susceptible,WGS,Good,MLST.ecoli_achtman_4.69,,Norway,,2002.0,1,0,0,0,0,0,0,0,0,0
562.98673,Susceptible,WGS,Good,MLST.ecoli_achtman_4.12,,Norway,,2009.0,1,0,0,0,0,0,0,0,0,0
562.57143,Susceptible,WGS,Good,MLST.ecoli_achtman_4.141,,,,,1,0,0,0,0,0,0,0,0,0
562.98719,Susceptible,WGS,Good,MLST.ecoli_achtman_4.362,,Norway,,2009.0,1,0,0,0,0,0,0,0,0,0
562.99437,Susceptible,WGS,Good,MLST.ecoli_achtman_4.73,,Norway,,2012.0,1,0,0,1,0,0,0,0,0,0
562.42667,Resistant,WGS,Good,MLST.ecoli_achtman_4.131,PRJNA278886,USA,USA:Boston,2016.0,1,1,1,1,0,0,0,0,0,1
562.42737,Resistant,WGS,Good,MLST.ecoli_achtman_4.648,PRJNA278886,USA,USA:Boston,2017.0,1,1,1,1,0,0,0,0,0,0
562.98680,Resistant,WGS,Good,MLST.ecoli_achtman_4.10,,Norway,,2009.0,1,1,1,1,0,0,0,0,0,0
562.22687,Susceptible,WGS,Good,MLST.ecoli_achtman_4.10,PRJEB4681,United Kingdom,,2011.0,0,0,0,0,0,0,0,0,0,0
562.96544,Resistant,WGS,Good,MLST.ecoli_achtman_4.1196,,United Kingdom,,,1,1,1,1,0,0,0,0,0,0
562.96924,Susceptible,WGS,Good,MLST.ecoli_achtman_4.1434,,United Kingdom,,,1,0,0,0,0,0,0,0,0,0
562.98798,Susceptible,WGS,Good,MLST.ecoli_achtman_4.73,,Norway,,2009.0,1,0,0,0,0,0,0,0,0,0
562.65803,Resistant,WGS,Good,MLST.ecoli_achtman_4.410,,Germany,North Rhine-Westphalia,,1,1,1,1,0,0,0,0,0,0
562.57170,Susceptible,WGS,Good,MLST.ecoli_achtman_4.10,,,,,1,0,0,0,0,0,0,0,0,0
562.99227,Susceptible,WGS,Good,MLST.ecoli_achtman_4.1629,,Norway,,2011.0,1,0,0,0,0,0,0,0,0,0
562.45964,Susceptible,WGS,Good,MLST.ecoli_achtman_4.38,PRJNA510429,USA,"USA: Rochester, NY",2017.0,1,0,0,0,0,0,1,0,0,0
562.100081,Susceptible,WGS,Good,MLST.ecoli_achtman_4.73,,Norway,,2015.0,1,0,0,0,0,0,0,0,0,0
562.99353,Susceptible,WGS,Good,MLST.ecoli_achtman_4.372,,Norway,,2012.0,1,0,0,0,0,0,0,0,0,0
562.96868,Susceptible,WGS,Good,MLST.ecoli_achtman_4.155,,United Kingdom,,,1,0,0,0,0,0,0,0,0,0
562.22544,Susceptible,WGS,Good,MLST.ecoli_achtman_4.69,PRJEB4681,United Kingdom,,2009.0,1,1,1,0,0,0,0,0,0,0
562.100235,Susceptible,WGS,Good,MLST.ecoli_achtman_4.550,,Norway,,2015.0,1,0,0,0,0,0,0,0,0,0
562.145019,Susceptible,WGS,Good,MLST.ecoli_achtman_4.11,PRJEB54735,Portugal,,2020.0,1,0,0,0,0,0,0,0,0,0
562.99496,Susceptible,WGS,Good,MLST.ecoli_achtman_4.69,,Norway,,2013.0,1,1,1,0,0,0,0,0,0,0
562.140873,Resistant,WGS,Good,MLST.ecoli_achtman_4.131,PRJNA530794,USA,"St. Louis, Missouri",2017.0,1,1,1,1,0,0,0,0,0,1
562.99899,Susceptible,WGS,Good,MLST.ecoli_achtman_4.73,,Norway,,2014.0,1,0,0,0,0,0,0,0,0,0
562.57125,Susceptible,WGS,Good,MLST.ecoli_achtman_4.2350,,,,,1,0,0,0,0,0,0,0,0,0
562.96946,Susceptible,WGS,Good,MLST.ecoli_achtman_4.3877,,United Kingdom,,,1,0,0,0,0,0,0,0,0,0
562.96783,Resistant,WGS,Good,MLST.ecoli_achtman_4.443,,United Kingdom,,,1,1,1,1,0,0,0,0,0,0
562.98037,Susceptible,WGS,Good,MLST.ecoli_achtman_4.104,,Norway,,2004.0,1,0,0,0,0,0,0,0,0,0
562.96749,Susceptible,WGS,Good,MLST.ecoli_achtman_4.10,,United Kingdom,,,1,0,0,0,0,0,0,0,0,0
562.145432,Susceptible,WGS,Good,MLST.ecoli_achtman_4.362,PRJNA273513,Canada,British Columbia,2006.0,1,0,0,0,0,0,0,0,0,0
562.100227,Susceptible,WGS,Good,MLST.ecoli_achtman_4.2015,,Norway,,2015.0,1,0,0,0,0,0,0,0,0,0
562.98785,Susceptible,WGS,Good,MLST.ecoli_achtman_4.10,,Norway,,2009.0,1,0,0,0,0,0,0,0,0,0
562.99387,Susceptible,WGS,Good,MLST.ecoli_achtman_4.73,,Norway,,2012.0,1,0,0,0,0,0,0,0,0,0
562.23171,Resistant,WGS,Good,MLST.ecoli_achtman_4.393,PRJEB4681,United Kingdom,,2004.0,1,1,1,1,0,0,0,0,0,0
562.98438,Susceptible,WGS,Good,MLST.ecoli_achtman_4.38,,Norway,,2007.0,1,1,1,0,0,0,0,0,0,0
562.100039,Susceptible,WGS,Good,MLST.ecoli_achtman_4.10,,Norway,,2015.0,1,0,0,0,0,0,0,0,0,0
562.42738,Resistant,WGS,Good,MLST.ecoli_achtman_4.131,PRJNA278886,USA,USA:Boston,2017.0,1,1,1,1,0,0,0,0,0,1
562.140839,Resistant,WGS,Good,MLST.ecoli_achtman_4.131,PRJNA530794,USA,"St. Louis, Missouri",2017.0,1,1,1,1,0,0,0,0,0,0
562.96912,Susceptible,WGS,Good,MLST.ecoli_achtman_4.162,,United Kingdom,,,1,0,0,0,0,0,0,0,0,0
562.99330,Susceptible,WGS,Good,MLST.ecoli_achtman_4.73,,Norway,,2012.0,1,0,0,0,0,0,0,0,0,0
562.98292,Susceptible,WGS,Good,MLST.ecoli_achtman_4.95,,Norway,,2006.0,1,0,0,0,0,0,0,0,0,0
562.42648,Resistant,WGS,Good,MLST.ecoli_achtman_4.6480,PRJNA278886,USA,USA:Boston,2015.0,1,1,1,1,0,0,1,0,0,0
562.100256,Susceptible,WGS,Good,MLST.ecoli_achtman_4.12,,Norway,,2015.0,1,1,1,0,0,0,0,0,0,0
562.99056,Susceptible,WGS,Good,MLST.ecoli_achtman_4.357,,Norway,,2011.0,1,0,0,0,0,0,0,0,0,0
562.99073,Susceptible,WGS,Good,MLST.ecoli_achtman_4.416,,Norway,,2011.0,1,0,0,0,0,0,0,0,0,0
562.57212,Susceptible,WGS,Good,MLST.ecoli_achtman_4.2320,,,,2017.0,1,0,0,0,0,0,0,0,0,0
562.96773,Susceptible,WGS,Good,MLST.ecoli_achtman_4.405,,United Kingdom,,,1,0,0,0,0,0,0,0,0,0
562.98334,Susceptible,WGS,Good,MLST.ecoli_achtman_4.1236,,Norway,,2006.0,1,0,0,0,0,0,0,0,0,0
562.98110,Susceptible,WGS,Good,MLST.ecoli_achtman_4.1167,,Norway,,2005.0,1,0,0,0,0,0,0,0,0,0
562.57094,Susceptible,WGS,Good,MLST.ecoli_achtman_4.69,,,,2017.0,1,1,1,0,0,0,0,0,0,0
562.99961,Susceptible,WGS,Good,MLST.ecoli_achtman_4.421,,Norway,,2014.0,1,0,0,0,0,0,0,0,0,0
562.99811,Susceptible,WGS,Good,MLST.ecoli_achtman_4.141,,Norway,,2014.0,1,0,0,0,0,0,0,0,0,0
562.42706,Resistant,WGS,Good,MLST.ecoli_achtman_4.131,PRJNA278886,USA,USA:Boston,2016.0,1,1,1,1,0,0,0,0,0,1
562.57246,Susceptible,WGS,Good,MLST.ecoli_achtman_4.720,,,,2017.0,1,0,0,1,0,0,0,0,0,0
562.98072,Susceptible,WGS,Good,MLST.ecoli_achtman_4.372,,Norway,,2004.0,1,0,0,0,0,0,0,0,0,0
562.100204,Susceptible,WGS,Good,MLST.ecoli_achtman_4.1316,,Norway,,2015.0,1,0,0,0,0,0,0,0,0,0
562.100298,Susceptible,WGS,Good,MLST.ecoli_achtman_4.136,,Norway,,2015.0,1,0,0,0,0,0,0,0,0,0
562.97835,Susceptible,WGS,Good,MLST.ecoli_achtman_4.372,,Norway,,2002.0,1,0,0,0,0,0,0,0,0,0
562.22759,Susceptible,WGS,Good,MLST.ecoli_achtman_4.73,PRJEB4681,United Kingdom,,2012.0,0,0,0,0,0,0,0,0,0,0
562.22649,Susceptible,WGS,Good,MLST.ecoli_achtman_4.95,PRJEB4681,United Kingdom,,2010.0,0,0,0,0,0,0,0,0,0,0
562.98576,Susceptible,WGS,Good,MLST.ecoli_achtman_4.95,,Norway,,2008.0,1,0,0,0,0,0,0,0,0,0
562.99439,Susceptible,WGS,Good,MLST.ecoli_achtman_4.357,,Norway,,2012.0,1,0,0,0,0,0,0,0,0,0
562.57108,Susceptible,WGS,Good,MLST.ecoli_achtman_4.4598,,,,2017.0,1,0,0,0,0,0,0,0,0,0
562.57460,Susceptible,WGS,Good,MLST.ecoli_achtman_4.127,,Thailand,,2015.0,1,0,0,0,0,0,1,0,0,0
562.100266,Susceptible,WGS,Good,MLST.ecoli_achtman_4.69,,Norway,,2015.0,1,1,1,0,0,0,0,0,0,0
562.22703,Susceptible,WGS,Good,MLST.ecoli_achtman_4.95,PRJEB4681,United Kingdom,,2011.0,0,0,0,0,0,0,0,0,0,0
562.96555,Resistant,WGS,Good,MLST.ecoli_achtman_4.90,,United Kingdom,,,1,1,1,1,0,0,0,0,0,0
562.100157,Susceptible,WGS,Good,MLST.ecoli_achtman_4.95,,Norway,,2015.0,1,0,0,0,0,0,0,0,0,0
562.97314,Susceptible,WGS,Good,MLST.ecoli_achtman_4.569,,United Kingdom,,,1,0,0,0,0,0,0,0,0,0
562.135588,Resistant,WGS,Good,MLST.ecoli_achtman_4.131,,India,Chattisgarh (Jan Swasthya Sahyog),2020.0,1,1,1,1,0,0,0,0,0,1
562.98396,Susceptible,WGS,Good,MLST.ecoli_achtman_4.141,,Norway,,2007.0,1,0,0,0,0,0,0,0,0,0
562.97818,Susceptible,WGS,Good,MLST.ecoli_achtman_4.73,,Norway,,2002.0,1,0,0,0,0,0,0,0,0,0
562.100850,Susceptible,WGS,Good,MLST.ecoli_achtman_4.73,,Norway,,2017.0,1,0,0,0,0,0,0,0,0,0
562.96490,Resistant,WGS,Good,MLST.ecoli_achtman_4.131,,United Kingdom,,,1,1,1,1,0,0,0,0,0,0
562.97444,Susceptible,WGS,Good,MLST.ecoli_achtman_4.10,,United Kingdom,,,1,0,0,0,0,0,0,0,0,0
562.99720,Resistant,WGS,Good,MLST.ecoli_achtman_4.393,,Norway,,2013.0,1,1,1,1,0,0,0,0,0,0
562.99095,Susceptible,WGS,Good,MLST.ecoli_achtman_4.108,,Norway,,2011.0,1,0,0,0,0,0,0,0,0,0
562.99468,Susceptible,WGS,Good,MLST.ecoli_achtman_4.761,,Norway,,2012.0,1,0,0,0,0,0,0,0,0,0
562.98036,Susceptible,WGS,Good,MLST.ecoli_achtman_4.95,,Norway,,2004.0,1,1,1,0,0,0,0,0,0,0
562.96498,Susceptible,WGS,Good,MLST.ecoli_achtman_4.10,,United Kingdom,,,1,0,0,0,0,0,0,0,0,0
562.97263,Susceptible,WGS,Good,MLST.ecoli_achtman_4.131,,United Kingdom,,,1,0,0,0,0,0,0,0,0,0
562.99001,Susceptible,WGS,Good,MLST.ecoli_achtman_4.95,,Norway,,2010.0,1,0,0,0,0,0,0,0,0,0
562.57510,Resistant,WGS,Good,MLST.ecoli_achtman_4.1602,,Thailand,,2015.0,1,1,1,0,0,0,1,0,0,0
562.45848,Resistant,WGS,Good,MLST.ecoli_achtman_4.349,PRJNA510429,USA,"USA: Rochester, NY",2017.0,1,0,0,0,0,0,0,0,0,0
562.98738,Susceptible,WGS,Good,MLST.ecoli_achtman_4.73,,Norway,,2009.0,1,0,0,0,0,0,0,0,0,0
562.45643,Susceptible,WGS,Good,MLST.ecoli_achtman_4.117,PRJNA522294,Pakistan,Pakistan:Punjab,2016.0,1,1,1,0,0,0,0,0,0,0
562.135587,Resistant,WGS,Good,MLST.ecoli_achtman_4.167,,India,Chattisgarh (Jan Swasthya Sahyog),2020.0,1,1,1,1,0,0,1,0,0,0
562.100613,Resistant,WGS,Good,MLST.ecoli_achtman_4.405,,Norway,,2017.0,1,1,1,1,0,0,0,0,0,0
562.98886,Susceptible,WGS,Good,MLST.ecoli_achtman_4.73,,Norway,,2010.0,1,0,0,0,0,0,0,0,0,0
562.98488,Susceptible,WGS,Good,MLST.ecoli_achtman_4.131,,Norway,,2008.0,1,0,0,0,0,0,0,0,0,0
562.97766,Susceptible,WGS,Good,MLST.ecoli_achtman_4.80,,Norway,,2002.0,1,0,0,0,0,0,0,0,0,0
562.135559,Resistant,WGS,Good,MLST.ecoli_achtman_4.167,,India,Chattisgarh (Jan Swasthya Sahyog),2020.0,1,1,1,1,0,0,0,0,0,0
562.99806,Resistant,WGS,Good,MLST.ecoli_achtman_4.393,,Norway,,2014.0,1,1,1,1,0,0,0,0,0,0
562.96644,Resistant,WGS,Good,MLST.ecoli_achtman_4.648,,United Kingdom,,,1,1,1,1,0,0,0,0,0,0
562.96958,Resistant,WGS,Good,MLST.ecoli_achtman_4.131,,United Kingdom,,,1,1,1,1,0,0,0,0,0,1
562.135572,Resistant,WGS,Good,MLST.ecoli_achtman_4.156,,India,Chattisgarh (Jan Swasthya Sahyog),2020.0,1,1,1,1,0,0,0,0,0,0
562.100258,Susceptible,WGS,Good,MLST.ecoli_achtman_4.10263,,Norway,,2015.0,1,0,0,0,0,0,0,0,0,0
562.99106,Susceptible,WGS,Good,MLST.ecoli_achtman_4.10237,,Norway,,2011.0,1,0,0,0,0,0,0,0,0,0
562.97219,Susceptible,WGS,Good,MLST.ecoli_achtman_4.7095,,United Kingdom,,,1,1,1,0,0,0,0,0,0,0
562.99822,Susceptible,WGS,Good,MLST.ecoli_achtman_4.428,,Norway,,2014.0,1,0,0,0,0,0,0,0,0,0
562.22808,Susceptible,WGS,Good,MLST.ecoli_achtman_4.95,PRJEB4681,United Kingdom,,2012.0,0,0,0,0,0,0,0,0,0,0
562.100730,Susceptible,WGS,Good,MLST.ecoli_achtman_4.12,,Norway,,2017.0,1,0,0,0,0,0,0,0,0,0
562.57179,Susceptible,WGS,Good,MLST.ecoli_achtman_4.660,,,,,1,0,0,0,0,0,0,0,0,0
562.140860,Resistant,WGS,Good,,PRJNA530794,USA,"St. Louis, Missouri",2017.0,1,1,1,1,0,0,0,0,0,0
562.57494,Resistant,WGS,Good,MLST.ecoli_achtman_4.131,,Thailand,,2015.0,1,1,1,1,0,0,0,0,0,0
562.22744,Susceptible,WGS,Good,MLST.ecoli_achtman_4.12,PRJEB4681,United Kingdom,,2012.0,0,0,0,0,0,0,0,0,0,0
562.100002,Susceptible,WGS,Good,MLST.ecoli_achtman_4.141,,Norway,,2014.0,1,0,0,0,0,0,0,0,0,0
562.145434,Susceptible,WGS,Good,MLST.ecoli_achtman_4.117,PRJNA273513,Canada,British Columbia,2006.0,1,0,0,0,0,0,0,0,0,0
562.145379,Susceptible,WGS,Good,MLST.ecoli_achtman_4.155,PRJNA273513,Canada,British Columbia,2006.0,1,0,0,0,0,0,0,0,0,0
562.97336,Resistant,WGS,Good,MLST.ecoli_achtman_4.69,,United Kingdom,,,1,1,1,1,0,0,0,0,0,0
562.57223,Susceptible,WGS,Good,MLST.ecoli_achtman_4.117,,,,2017.0,1,0,0,0,0,0,0,0,0,0
562.100107,Susceptible,WGS,Good,MLST.ecoli_achtman_4.69,,Norway,,2015.0,1,0,0,0,0,0,0,0,0,0
562.22878,Susceptible,WGS,Good,MLST.ecoli_achtman_4.131,PRJEB4681,United Kingdom,,2012.0,0,0,0,0,0,0,0,0,0,0
562.100358,Resistant,WGS,Good,MLST.ecoli_achtman_4.131,,Norway,,2016.0,1,1,1,1,0,0,0,0,0,0
562.22439,Susceptible,WGS,Good,MLST.ecoli_achtman_4.5561,PRJEB4681,United Kingdom,,2007.0,0,0,0,0,0,0,0,0,0,0
562.98364,Susceptible,WGS,Good,MLST.ecoli_achtman_4.73,,Norway,,2007.0,1,0,0,0,0,0,0,0,0,0
562.96613,Resistant,WGS,Good,MLST.ecoli_achtman_4.1196,,United Kingdom,,,1,1,1,1,0,0,0,0,0,0
562.96740,Resistant,WGS,Good,MLST.ecoli_achtman_4.448,,United Kingdom,,,1,1,1,1,0,0,0,0,0,0
562.98526,Resistant,WGS,Good,MLST.ecoli_achtman_4.10261,,Norway,,2008.0,1,1,1,1,0,0,0,0,0,0
562.57154,Susceptible,WGS,Good,MLST.ecoli_achtman_4.12,,,,,1,0,0,0,0,0,0,0,0,0
562.98156,Susceptible,WGS,Good,MLST.ecoli_achtman_4.127,,Norway,,2005.0,1,0,0,0,0,0,0,0,0,0
562.96829,Susceptible,WGS,Good,MLST.ecoli_achtman_4.58,,United Kingdom,,,1,0,0,0,0,0,0,0,0,0
562.97317,Resistant,WGS,Good,MLST.ecoli_achtman_4.59,,United Kingdom,,,1,1,1,1,0,0,0,0,0,0
562.97757,Susceptible,WGS,Good,MLST.ecoli_achtman_4.95,,Norway,,2002.0,1,0,0,0,0,0,0,0,0,0
562.145398,Susceptible,WGS,Good,MLST.ecoli_achtman_4.1640,PRJNA273513,Canada,British Columbia,2006.0,1,0,0,0,0,0,0,0,0,0
562.98245,Susceptible,WGS,Good,MLST.ecoli_achtman_4.95,,Norway,,2006.0,1,0,0,0,0,0,0,0,0,0
562.99989,Susceptible,WGS,Good,MLST.ecoli_achtman_4.73,,Norway,,2014.0,1,0,0,0,0,0,0,0,0,0
562.135567,Resistant,WGS,Good,MLST.ecoli_achtman_4.167,,India,Chattisgarh (Jan Swasthya Sahyog),2020.0,1,1,1,1,0,0,0,0,0,0
562.13671,Susceptible,WGS,Good,MLST.ecoli_achtman_4.6393,PRJNA349231,Norway,Oslo,2015.0,1,0,0,0,0,0,0,0,0,0
562.98437,Resistant,WGS,Good,MLST.ecoli_achtman_4.131,,Norway,,2007.0,1,1,1,1,0,0,0,0,0,0
562.100806,Susceptible,WGS,Good,MLST.ecoli_achtman_4.69,,Norway,,2017.0,1,0,0,0,0,0,0,0,0,0
562.96968,Susceptible,WGS,Good,MLST.ecoli_achtman_4.409,,United Kingdom,,,1,0,0,0,0,0,0,0,0,0
562.96441,Resistant,WGS,Good,MLST.ecoli_achtman_4.131,,United Kingdom,,,1,1,1,1,0,0,0,0,0,1
562.145073,Susceptible,WGS,Good,MLST.ecoli_achtman_4.442,PRJEB54735,Portugal,,2020.0,1,0,0,0,0,0,0,0,0,0
562.58738,Susceptible,WGS,Good,MLST.ecoli_achtman_4.5708,,Italy,,2015.0,1,0,0,0,0,0,0,0,0,0
562.57464,Resistant,WGS,Good,MLST.ecoli_achtman_4.648,,Thailand,,2015.0,1,1,1,1,0,0,0,0,0,0
562.100106,Susceptible,WGS,Good,MLST.ecoli_achtman_4.135,,Norway,,2015.0,1,0,0,0,0,0,0,0,0,0
562.96711,Resistant,WGS,Good,MLST.ecoli_achtman_4.1193,,United Kingdom,,,1,1,1,1,0,0,0,0,0,0
562.100530,Susceptible,WGS,Good,MLST.ecoli_achtman_4.69,,Norway,,2016.0,1,0,0,0,0,0,0,0,0,0
562.57150,Susceptible,WGS,Good,MLST.ecoli_achtman_4.7100,,,,,1,0,0,0,0,0,0,0,0,0
562.96640,Susceptible,WGS,Good,MLST.ecoli_achtman_4.1297,,United Kingdom,,,1,0,0,0,0,0,0,0,0,0
562.100954,Susceptible,WGS,Good,MLST.ecoli_achtman_4.73,,Norway,,2017.0,1,0,0,0,0,0,0,0,0,0
562.98825,Resistant,WGS,Good,MLST.ecoli_achtman_4.393,,Norway,,2009.0,1,1,1,1,0,0,0,0,0,0
562.100140,Susceptible,WGS,Good,MLST.ecoli_achtman_4.127,,Norway,,2015.0,1,0,0,0,0,0,0,0,0,0
562.100685,Susceptible,WGS,Good,MLST.ecoli_achtman_4.141,,Norway,,2017.0,1,0,0,0,0,0,0,0,0,0
562.22518,Resistant,WGS,Good,MLST.ecoli_achtman_4.131,PRJEB4681,United Kingdom,,2008.0,1,1,1,1,0,0,0,0,0,1
562.97182,Susceptible,WGS,Good,MLST.ecoli_achtman_4.7098,,United Kingdom,,,1,0,0,0,0,0,0,0,0,0
562.22823,Susceptible,WGS,Good,MLST.ecoli_achtman_4.357,PRJEB4681,United Kingdom,,2012.0,0,0,0,0,0,0,0,0,0,0
562.99848,Susceptible,WGS,Good,MLST.ecoli_achtman_4.69,,Norway,,2014.0,1,0,0,0,0,0,0,0,0,0
562.100516,Susceptible,WGS,Good,MLST.ecoli_achtman_4.362,,Norway,,2016.0,1,0,0,0,0,0,0,0,0,0
562.100915,Susceptible,WGS,Good,MLST.ecoli_achtman_4.127,,Norway,,2017.0,1,0,0,0,0,0,0,0,0,0
562.99824,Susceptible,WGS,Good,MLST.ecoli_achtman_4.95,,Norway,,2014.0,1,0,0,0,0,0,0,0,0,0
562.100476,Resistant,WGS,Good,MLST.ecoli_achtman_4.95,,Norway,,2016.0,1,1,1,1,0,0,0,0,0,0
562.98087,Resistant,WGS,Good,MLST.ecoli_achtman_4.393,,Norway,,2005.0,1,1,1,1,0,0,0,0,0,0
562.99755,Resistant,WGS,Good,MLST.ecoli_achtman_4.1193,,Norway,,2014.0,1,1,1,1,0,0,0,0,0,0
562.100347,Susceptible,WGS,Good,MLST.ecoli_achtman_4.1170,,Norway,,2016.0,1,0,0,0,0,0,0,0,0,0
562.99059,Susceptible,WGS,Good,MLST.ecoli_achtman_4.73,,Norway,,2011.0,1,0,0,0,0,0,0,0,0,0
562.57148,Susceptible,WGS,Good,MLST.ecoli_achtman_4.394,,,,,1,0,0,0,0,0,0,0,0,0
562.98808,Susceptible,WGS,Good,MLST.ecoli_achtman_4.404,,Norway,,2009.0,1,0,0,0,0,0,0,0,0,0
562.22590,Susceptible,WGS,Good,MLST.ecoli_achtman_4.428,PRJEB4681,United Kingdom,,2009.0,0,0,0,0,0,0,0,0,0,0
562.99045,Susceptible,WGS,Good,MLST.ecoli_achtman_4.95,,Norway,,2011.0,1,0,0,0,0,0,0,0,0,0
562.96914,Susceptible,WGS,Good,MLST.ecoli_achtman_4.155,,United Kingdom,,,1,0,0,0,0,0,0,0,0,0
562.99499,Susceptible,WGS,Good,MLST.ecoli_achtman_4.69,,Norway,,2012.0,1,0,0,0,0,0,0,0,0,0
562.100591,Susceptible,WGS,Good,MLST.ecoli_achtman_4.126,,Norway,,2016.0,1,0,0,0,0,0,0,0,0,0
562.97495,Resistant,WGS,Good,MLST.ecoli_achtman_4.162,,United Kingdom,,,1,1,1,1,0,0,0,0,0,0
562.98480,Susceptible,WGS,Good,MLST.ecoli_achtman_4.88,,Norway,,2008.0,1,0,0,0,0,0,0,0,0,0
562.97359,Resistant,WGS,Good,MLST.ecoli_achtman_4.1193,,United Kingdom,,,1,1,1,1,0,0,0,0,0,0
562.99491,Susceptible,WGS,Good,MLST.ecoli_achtman_4.95,,Norway,,2012.0,1,0,0,0,0,0,0,0,0,0
562.97817,Susceptible,WGS,Good,MLST.ecoli_achtman_4.73,,Norway,,2003.0,1,0,0,0,0,0,0,0,0,0
562.22556,Susceptible,WGS,Good,MLST.ecoli_achtman_4.5663,PRJEB4681,United Kingdom,,2009.0,0,0,0,0,0,0,0,0,0,0
562.96986,Resistant,WGS,Good,MLST.ecoli_achtman_4.354,,United Kingdom,,,1,1,1,1,0,0,0,0,0,0
562.57284,Susceptible,WGS,Good,MLST.ecoli_achtman_4.131,,,,2009.0,1,1,1,0,0,0,0,0,0,0
562.96457,Resistant,WGS,Good,MLST.ecoli_achtman_4.131,,United Kingdom,,,1,1,1,1,0,0,0,0,0,1
562.99207,Susceptible,WGS,Good,MLST.ecoli_achtman_4.998,,Norway,,2011.0,1,0,0,0,0,0,0,0,0,0
562.140856,Resistant,WGS,Good,MLST.ecoli_achtman_4.131,PRJNA530794,USA,"St. Louis, Missouri",2017.0,1,1,1,1,0,0,0,0,0,0
562.22589,Susceptible,WGS,Good,MLST.ecoli_achtman_4.569,PRJEB4681,United Kingdom,,2009.0,0,0,0,0,0,0,0,0,0,0
562.97424,Resistant,WGS,Good,MLST.ecoli_achtman_4.69,,United Kingdom,,,1,1,1,1,0,0,0,0,0,0
562.99122,Resistant,WGS,Good,MLST.ecoli_achtman_4.43,,Norway,,2011.0,1,1,1,1,0,0,0,0,0,1
562.98976,Susceptible,WGS,Good,MLST.ecoli_achtman_4.5451,,Norway,,2010.0,1,0,0,0,0,0,0,0,0,0
562.99170,Susceptible,WGS,Good,MLST.ecoli_achtman_4.12,,Norway,,2011.0,1,0,0,0,0,0,0,0,0,0
562.57450,Resistant,WGS,Good,MLST.ecoli_achtman_4.46,,Thailand,,2015.0,1,1,1,1,0,0,0,0,0,0
562.100553,Resistant,WGS,Good,MLST.ecoli_achtman_4.1193,,Norway,,2016.0,1,1,1,1,0,0,0,0,0,0
562.98120,Susceptible,WGS,Good,MLST.ecoli_achtman_4.10,,Norway,,2005.0,1,0,0,0,0,0,0,0,0,0
562.100682,Susceptible,WGS,Good,MLST.ecoli_achtman_4.10,,Norway,,2017.0,1,0,0,0,0,0,0,0,0,0
562.97851,Susceptible,WGS,Good,MLST.ecoli_achtman_4.95,,Norway,,2003.0,1,0,0,0,0,0,0,0,0,0
562.145397,Susceptible,WGS,Good,MLST.ecoli_achtman_4.155,PRJNA273513,Canada,British Columbia,2006.0,1,0,0,0,0,0,0,0,0,0
562.99997,Susceptible,WGS,Good,MLST.ecoli_achtman_4.80,,Norway,,2014.0,1,0,0,0,0,0,0,0,0,0
562.97889,Susceptible,WGS,Good,MLST.ecoli_achtman_4.95,,Norway,,2003.0,1,0,0,0,0,0,0,0,0,0
562.57400,Susceptible,WGS,Good,MLST.ecoli_achtman_4.38,,Thailand,,2015.0,1,0,0,0,0,0,1,0,0,0
562.23195,Resistant,WGS,Good,MLST.ecoli_achtman_4.131,PRJEB4681,United Kingdom,,2004.0,1,1,1,1,0,0,0,0,0,1
562.22613,Susceptible,WGS,Good,MLST.ecoli_achtman_4.73,PRJEB4681,United Kingdom,,2010.0,0,0,0,0,0,0,0,0,0,0
562.98907,Susceptible,WGS,Good,MLST.ecoli_achtman_4.95,,Norway,,2010.0,1,1,1,0,0,0,0,0,0,0
562.22812,Susceptible,WGS,Good,MLST.ecoli_achtman_4.73,PRJEB4681,United Kingdom,,2012.0,0,0,0,0,0,0,0,0,0,0
562.98356,Susceptible,WGS,Good,MLST.ecoli_achtman_4.73,,Norway,,2007.0,1,0,0,0,0,0,0,0,0,0
562.56829,Resistant,WGS,Good,MLST.ecoli_achtman_4.420,,Germany,Brandenburg,2012.0,1,1,1,0,0,0,0,0,0,0
562.99483,Susceptible,WGS,Good,MLST.ecoli_achtman_4.69,,Norway,,2013.0,1,1,1,0,0,0,0,0,0,0
562.42786,Resistant,WGS,Good,MLST.ecoli_achtman_4.405,PRJNA278886,USA,USA:Boston,2014.0,1,1,1,1,0,0,0,0,0,1
562.73386,Resistant,WGS,Good,MLST.ecoli_achtman_4.1196,PRJEB34557,Spain,Barcelona,2013.0,1,1,1,1,0,0,0,0,0,0
562.97858,Susceptible,WGS,Good,MLST.ecoli_achtman_4.95,,Norway,,2003.0,1,0,0,0,0,0,0,0,0,0
562.100667,Susceptible,WGS,Good,MLST.ecoli_achtman_4.73,,Norway,,2017.0,1,0,0,0,0,0,0,0,0,0
562.96844,Susceptible,WGS,Good,MLST.ecoli_achtman_4.38,,United Kingdom,,,1,0,0,1,0,0,0,0,0,0
562.96865,Susceptible,WGS,Good,MLST.ecoli_achtman_4.155,,United Kingdom,,,1,0,0,0,0,0,0,0,0,0
562.100193,Susceptible,WGS,Good,MLST.ecoli_achtman_4.12,,Norway,,2015.0,1,0,0,0,0,0,0,0,0,0
562.98398,Susceptible,WGS,Good,MLST.ecoli_achtman_4.46,,Norway,,2007.0,1,0,0,0,0,0,0,0,0,0
562.31464,Susceptible,WGS,Good,MLST.ecoli_achtman_4.2332,PRJEB23541,Tanzania,Moshi,2013.0,0,0,0,0,0,0,0,0,0,0
562.135594,Resistant,WGS,Good,MLST.ecoli_achtman_4.405,,India,Chattisgarh (Jan Swasthya Sahyog),2019.0,1,1,1,1,0,0,0,0,0,0
562.97950,Susceptible,WGS,Good,MLST.ecoli_achtman_4.10401,,Norway,,2004.0,1,0,0,0,0,0,0,0,0,0
562.98278,Susceptible,WGS,Good,MLST.ecoli_achtman_4.1882,,Norway,,2006.0,1,0,0,0,0,0,0,0,0,0
562.99477,Susceptible,WGS,Good,MLST.ecoli_achtman_4.355,,Norway,,2013.0,1,0,0,0,0,0,0,0,0,0
562.98894,Susceptible,WGS,Good,MLST.ecoli_achtman_4.69,,Norway,,2010.0,1,0,0,0,0,0,0,0,0,0
562.42848,Resistant,WGS,Good,MLST.ecoli_achtman_4.1193,PRJNA288601,USA,United States,2014.0,1,1,1,1,0,0,0,0,0,0
562.145372,Resistant,WGS,Good,MLST.Escherichia_coli_1.448,PRJNA925003,India,Chattisgarh,,1,0,0,0,0,0,1,0,0,0
562.22801,Susceptible,WGS,Good,MLST.ecoli_achtman_4.95,PRJEB4681,United Kingdom,,2012.0,0,0,0,0,0,0,0,0,0,0
562.98505,Susceptible,WGS,Good,MLST.ecoli_achtman_4.73,,Norway,,2008.0,1,0,0,0,0,0,0,0,0,0
562.99210,Susceptible,WGS,Good,MLST.ecoli_achtman_4.95,,Norway,,2011.0,1,0,0,0,0,0,0,0,0,0
562.98563,Susceptible,WGS,Good,MLST.ecoli_achtman_4.73,,Norway,,2008.0,1,0,0,0,0,0,0,0,0,0
562.22652,Susceptible,WGS,Good,MLST.ecoli_achtman_4.69,PRJEB4681,United Kingdom,,2010.0,0,0,0,0,0,0,0,0,0,0
562.98420,Susceptible,WGS,Good,MLST.ecoli_achtman_4.12,,Norway,,2007.0,1,0,0,0,0,0,0,0,0,0
562.22612,Susceptible,WGS,Good,MLST.ecoli_achtman_4.131,PRJEB4681,United Kingdom,,2010.0,0,0,0,0,0,0,0,0,0,0
562.22449,Susceptible,WGS,Good,MLST.ecoli_achtman_4.93,PRJEB4681,United Kingdom,,2007.0,1,1,1,0,0,0,0,0,0,0
562.42853,Resistant,WGS,Good,MLST.ecoli_achtman_4.131,PRJNA288601,USA,United States,2014.0,1,1,1,1,0,0,0,0,0,0
562.22803,Susceptible,WGS,Good,MLST.ecoli_achtman_4.95,PRJEB4681,United Kingdom,,2012.0,0,0,0,0,0,0,0,0,0,0
562.97504,Resistant,WGS,Good,MLST.ecoli_achtman_4.1193,,United Kingdom,,,1,1,1,1,0,0,0,0,0,0
562.65800,Resistant,WGS,Good,MLST.ecoli_achtman_4.410,,Germany,North Rhine-Westphalia,,1,1,1,1,0,0,0,0,0,0
562.140845,Resistant,WGS,Good,MLST.ecoli_achtman_4.131,PRJNA530794,USA,"St. Louis, Missouri",2017.0,1,1,1,1,0,0,0,0,0,0
562.96786,Resistant,WGS,Good,MLST.ecoli_achtman_4.443,,United Kingdom,,,1,1,1,1,0,0,0,0,0,0
562.144995,Susceptible,WGS,Good,MLST.ecoli_achtman_4.443,PRJEB54735,Portugal,,2020.0,1,0,0,0,0,0,0,0,0,0
562.100041,Susceptible,WGS,Good,MLST.ecoli_achtman_4.127,,Norway,,2015.0,1,0,0,0,0,0,0,0,0,0
562.42643,Resistant,WGS,Good,MLST.ecoli_achtman_4.491,PRJNA278886,USA,USA:Boston,2015.0,1,0,0,0,0,0,0,0,0,0
562.96591,Susceptible,WGS,Good,MLST.ecoli_achtman_4.4959,,United Kingdom,,,1,0,0,0,0,0,0,0,0,0
562.145424,Susceptible,WGS,Good,MLST.ecoli_achtman_4.155,PRJNA273513,Canada,British Columbia,2006.0,1,0,0,0,0,0,0,0,0,0
562.96467,Susceptible,WGS,Good,MLST.ecoli_achtman_4.5351,,United Kingdom,,,1,0,0,0,0,0,0,0,0,0
562.100319,Susceptible,WGS,Good,MLST.ecoli_achtman_4.968,,Norway,,2016.0,1,0,0,0,0,0,0,0,0,0
562.96874,Susceptible,WGS,Good,MLST.ecoli_achtman_4.3877,,United Kingdom,,,1,0,0,0,0,0,0,0,0,0
562.99403,Susceptible,WGS,Good,MLST.ecoli_achtman_4.117,,Norway,,2012.0,1,1,1,0,0,0,0,0,0,0
562.98321,Susceptible,WGS,Good,MLST.ecoli_achtman_4.10231,,Norway,,2006.0,1,0,0,0,0,0,0,0,0,0
562.96445,Resistant,WGS,Good,MLST.ecoli_achtman_4.131,,United Kingdom,,,1,1,1,1,0,0,0,0,0,1
562.57455,Resistant,WGS,Good,MLST.ecoli_achtman_4.744,,Thailand,,2015.0,1,1,1,1,0,0,0,0,0,0
562.99648,Susceptible,WGS,Good,MLST.ecoli_achtman_4.14,,Norway,,2013.0,1,0,0,0,0,0,0,0,0,0
562.57468,Susceptible,WGS,Good,MLST.ecoli_achtman_4.428,,Thailand,,2014.0,1,0,0,0,0,0,1,0,0,0
562.13502,Resistant,WGS,Good,MLST.ecoli_achtman_4.10,PRJNA322664,Brazil,Brazil: Santos,2013.0,1,0,0,0,0,0,0,0,0,0
562.73352,Susceptible,WGS,Good,MLST.ecoli_achtman_4.607,PRJEB34557,Spain,Barcelona,2013.0,1,0,0,0,1,0,0,0,0,0
562.22716,Susceptible,WGS,Good,MLST.ecoli_achtman_4.428,PRJEB4681,United Kingdom,,2011.0,0,0,0,0,0,0,0,0,0,0
562.99381,Susceptible,WGS,Good,MLST.ecoli_achtman_4.399,,Norway,,2012.0,1,0,0,0,0,0,0,0,0,0
562.98653,Susceptible,WGS,Good,MLST.ecoli_achtman_4.95,,Norway,,2009.0,1,0,0,0,0,0,0,0,0,0
562.100624,Susceptible,WGS,Good,MLST.ecoli_achtman_4.95,,Norway,,2017.0,1,0,0,0,0,0,0,0,0,0
562.100477,Susceptible,WGS,Good,MLST.ecoli_achtman_4.95,,Norway,,2016.0,1,0,0,0,0,0,0,0,0,0
562.22735,Susceptible,WGS,Good,MLST.ecoli_achtman_4.69,PRJEB4681,United Kingdom,,2011.0,1,1,1,0,0,0,0,0,0,0
562.73373,Resistant,WGS,Good,MLST.ecoli_achtman_4.224,PRJEB34557,Spain,Barcelona,2013.0,1,1,1,1,0,0,0,0,0,0
562.97221,Susceptible,WGS,Good,MLST.ecoli_achtman_4.7095,,United Kingdom,,,1,1,1,0,0,0,0,0,0,0
562.98651,Susceptible,WGS,Good,MLST.ecoli_achtman_4.73,,Norway,,2009.0,1,0,0,0,0,0,0,0,0,0
562.100121,Resistant,WGS,Good,MLST.ecoli_achtman_4.131,,Norway,,2015.0,1,1,1,1,0,0,0,0,0,0
562.96427,Resistant,WGS,Good,MLST.ecoli_achtman_4.443,,United Kingdom,,,1,1,1,1,0,0,0,0,0,0
562.96522,Resistant,WGS,Good,MLST.ecoli_achtman_4.131,,United Kingdom,,,1,1,1,1,0,0,0,0,0,0
562.42861,Resistant,WGS,Good,MLST.ecoli_achtman_4.131,PRJNA288601,USA,United States,2013.0,1,1,1,1,0,0,0,0,0,1
562.42830,Resistant,WGS,Good,MLST.ecoli_achtman_4.410,PRJNA288601,USA,United States,2014.0,1,1,1,1,0,0,0,0,0,0
562.99616,Susceptible,WGS,Good,MLST.ecoli_achtman_4.127,,Norway,,2013.0,1,0,0,0,0,0,0,0,0,0
562.100823,Resistant,WGS,Good,MLST.ecoli_achtman_4.1193,,Norway,,2017.0,1,1,1,1,0,0,0,0,0,0
562.98235,Resistant,WGS,Good,MLST.ecoli_achtman_4.131,,Norway,,2006.0,1,1,1,1,0,0,0,0,0,0
562.45853,Susceptible,WGS,Good,MLST.ecoli_achtman_4.315,PRJNA510429,USA,"USA: Rochester, NY",2017.0,1,0,0,0,0,0,0,0,0,0
562.100932,Susceptible,WGS,Good,MLST.ecoli_achtman_4.73,,Norway,,2017.0,1,0,0,0,0,0,0,0,0,0
562.57155,Susceptible,WGS,Good,MLST.ecoli_achtman_4.95,,,,,1,0,0,0,0,0,0,0,0,0
562.97946,Susceptible,WGS,Good,MLST.ecoli_achtman_4.95,,Norway,,2004.0,1,0,0,0,0,0,0,0,0,0
562.98153,Susceptible,WGS,Good,MLST.ecoli_achtman_4.117,,Norway,,2005.0,1,0,0,0,0,0,0,0,0,0
562.98885,Susceptible,WGS,Good,MLST.ecoli_achtman_4.95,,Norway,,2010.0,1,0,0,0,0,0,0,0,0,0
562.96705,Resistant,WGS,Good,MLST.ecoli_achtman_4.1193,,United Kingdom,,,1,1,1,1,0,0,0,0,0,0
562.100842,Susceptible,WGS,Good,MLST.ecoli_achtman_4.69,,Norway,,2017.0,1,0,0,0,0,0,0,0,0,0
562.97052,Resistant,WGS,Good,MLST.ecoli_achtman_4.1431,,United Kingdom,,,1,1,1,1,0,0,0,0,0,0
562.42670,Resistant,WGS,Good,MLST.ecoli_achtman_4.131,PRJNA278886,USA,USA:Boston,2016.0,1,1,1,1,0,0,0,0,0,1
562.98812,Susceptible,WGS,Good,MLST.ecoli_achtman_4.38,,Norway,,2009.0,1,0,0,0,0,0,0,0,0,0
562.45662,Resistant,WGS,Good,MLST.ecoli_achtman_4.746,PRJNA522294,Pakistan,Pakistan:Islamabad,2017.0,1,1,1,1,0,0,0,0,0,0
562.100533,Susceptible,WGS,Good,MLST.ecoli_achtman_4.131,,Norway,,2016.0,1,0,0,0,0,0,0,0,0,0
562.98224,Susceptible,WGS,Good,MLST.ecoli_achtman_4.95,,Norway,,2006.0,1,0,0,0,0,0,0,0,0,0
562.98662,Susceptible,WGS,Good,MLST.ecoli_achtman_4.69,,Norway,,2009.0,1,0,0,0,0,0,0,0,0,0
562.98402,Susceptible,WGS,Good,MLST.ecoli_achtman_4.73,,Norway,,2007.0,1,0,0,0,0,0,0,0,0,0
562.42776,Resistant,WGS,Good,MLST.ecoli_achtman_4.131,PRJNA278886,USA,USA:Boston,2015.0,1,1,1,1,0,0,0,0,0,0
562.97400,Susceptible,WGS,Good,MLST.ecoli_achtman_4.131,,United Kingdom,,,1,0,0,0,0,0,0,0,0,0
562.57214,Susceptible,WGS,Good,MLST.ecoli_achtman_4.390,,,,2017.0,1,0,0,0,0,0,0,0,0,0
562.96998,Resistant,WGS,Good,MLST.ecoli_achtman_4.648,,United Kingdom,,,1,1,1,1,0,0,0,0,0,1
562.100182,Susceptible,WGS,Good,MLST.ecoli_achtman_4.12,,Norway,,2015.0,1,0,0,0,0,0,0,0,0,0
562.98028,Susceptible,WGS,Good,MLST.ecoli_achtman_4.73,,Norway,,2004.0,1,0,0,0,0,0,0,0,0,0
562.57122,Susceptible,WGS,Good,MLST.ecoli_achtman_4.398,,,,,1,0,0,0,0,0,0,0,0,0
562.98634,Resistant,WGS,Good,MLST.ecoli_achtman_4.393,,Norway,,2008.0,1,1,1,1,0,0,0,0,0,0
562.96935,Resistant,WGS,Good,MLST.ecoli_achtman_4.131,,United Kingdom,,,1,1,1,1,0,0,0,0,0,1
562.97846,Resistant,WGS,Good,MLST.ecoli_achtman_4.405,,Norway,,2002.0,1,1,1,1,0,0,0,0,0,0
562.96607,Resistant,WGS,Good,MLST.ecoli_achtman_4.1196,,United Kingdom,,,1,1,1,1,0,0,0,0,0,0
562.97975,Susceptible,WGS,Good,MLST.ecoli_achtman_4.80,,Norway,,2004.0,1,0,0,0,0,0,0,0,0,0
562.98425,Susceptible,WGS,Good,MLST.ecoli_achtman_4.998,,Norway,,2007.0,1,0,0,0,0,0,0,0,0,0
562.100043,Susceptible,WGS,Good,MLST.ecoli_achtman_4.69,,Norway,,2015.0,1,0,0,0,0,0,0,0,0,0
562.99703,Susceptible,WGS,Good,MLST.ecoli_achtman_4.59,,Norway,,2013.0,1,0,0,0,0,0,0,0,0,0
562.97172,Resistant,WGS,Good,MLST.ecoli_achtman_4.443,,United Kingdom,,,1,1,1,1,0,0,0,0,0,0
562.17359,Resistant,Complete,Good,MLST.ecoli_achtman_4.131,PRJNA383781,United Arab Emirates,"United Arab Emirates: Tawam Hospital, Al Ain",2009.0,1,1,1,1,0,0,0,0,0,0
562.97462,Susceptible,WGS,Good,MLST.ecoli_achtman_4.3006,,United Kingdom,,,1,0,0,0,0,0,0,0,0,0
562.98033,Susceptible,WGS,Good,MLST.ecoli_achtman_4.1170,,Norway,,2004.0,1,0,0,0,0,0,0,0,0,0
562.100217,Susceptible,WGS,Good,MLST.ecoli_achtman_4.73,,Norway,,2015.0,1,0,0,0,0,0,0,0,0,0
562.100011,Susceptible,WGS,Good,MLST.ecoli_achtman_4.73,,Norway,,2015.0,1,0,0,0,0,0,0,0,0,0
562.100841,Susceptible,WGS,Good,MLST.ecoli_achtman_4.127,,Norway,,2017.0,1,0,0,0,0,0,0,0,0,0
562.96760,Resistant,WGS,Good,MLST.ecoli_achtman_4.354,,United Kingdom,,,1,1,1,1,0,0,0,0,0,0
562.99823,Susceptible,WGS,Good,MLST.ecoli_achtman_4.135,,Norway,,2014.0,1,0,0,0,0,0,0,0,0,0
562.57437,Susceptible,WGS,Good,MLST.ecoli_achtman_4.1056,,Thailand,,2015.0,1,0,0,0,0,0,1,0,0,0
562.99061,Susceptible,WGS,Good,MLST.ecoli_achtman_4.69,,Norway,,2011.0,1,0,0,0,0,0,0,0,0,0
562.97780,Susceptible,WGS,Good,MLST.ecoli_achtman_4.69,,Norway,,2002.0,1,0,0,0,0,0,0,0,0,0
562.98352,Resistant,WGS,Good,MLST.ecoli_achtman_4.131,,Norway,,2007.0,1,1,1,1,0,0,0,0,0,1
562.99279,Susceptible,WGS,Good,MLST.ecoli_achtman_4.73,,Norway,,2012.0,1,0,0,0,0,0,0,0,0,0
562.97900,Susceptible,WGS,Good,MLST.ecoli_achtman_4.348,,Norway,,2003.0,1,0,0,0,0,0,0,0,0,0
562.56762,Resistant,WGS,Good,MLST.ecoli_achtman_4.10,,Germany,North Rhine-Westphalia,2014.0,1,1,1,1,0,1,0,0,0,1
562.98953,Susceptible,WGS,Good,MLST.ecoli_achtman_4.73,,Norway,,2010.0,1,0,0,0,0,0,0,0,0,0
562.57127,Susceptible,WGS,Good,MLST.ecoli_achtman_4.69,,,,,1,1,1,0,0,0,0,0,0,0
562.56769,Resistant,WGS,Good,MLST.ecoli_achtman_4.224,,Germany,Hesse,2012.0,1,1,1,1,0,0,0,0,0,0
562.58622,Resistant,WGS,Good,MLST.ecoli_achtman_4.131,,Pakistan,,,1,1,1,1,0,0,0,0,0,1
562.98075,Susceptible,WGS,Good,MLST.ecoli_achtman_4.607,,Norway,,2004.0,1,0,0,0,0,0,0,0,0,0
562.100363,Susceptible,WGS,Good,MLST.ecoli_achtman_4.357,,Norway,,2016.0,1,0,0,0,0,0,0,0,0,0
562.96439,Susceptible,WGS,Good,MLST.ecoli_achtman_4.7101,,United Kingdom,,,1,0,0,0,0,1,0,0,0,0
562.99312,Susceptible,WGS,Good,MLST.ecoli_achtman_4.127,,Norway,,2012.0,1,0,0,0,0,0,0,0,0,0
562.97880,Susceptible,WGS,Good,MLST.ecoli_achtman_4.88,,Norway,,2003.0,1,0,0,0,0,0,0,0,0,0
562.98117,Resistant,WGS,Good,MLST.ecoli_achtman_4.393,,Norway,,2005.0,1,1,1,1,0,0,0,0,0,0
562.99501,Resistant,WGS,Good,MLST.ecoli_achtman_4.131,,Norway,,2012.0,1,1,1,1,0,0,0,0,0,1
562.99733,Susceptible,WGS,Good,MLST.ecoli_achtman_4.648,,Norway,,2013.0,1,1,1,1,0,0,0,0,0,1
562.30434,Resistant,Complete,Good,MLST.ecoli_achtman_4.156,PRJNA316321,,,,1,1,1,1,0,0,0,0,0,0
562.56802,Resistant,WGS,Good,MLST.ecoli_achtman_4.57,,Germany,Lower Saxony,2011.0,1,1,1,0,0,0,0,0,0,0
562.135586,Resistant,WGS,Good,MLST.ecoli_achtman_4.167,,India,Chattisgarh (Jan Swasthya Sahyog),2020.0,1,1,1,1,0,0,0,0,0,0
562.42850,Resistant,WGS,Good,MLST.ecoli_achtman_4.410,PRJNA288601,USA,United States,2014.0,1,1,1,1,0,0,0,0,0,1
562.22828,Susceptible,WGS,Good,MLST.ecoli_achtman_4.421,PRJEB4681,United Kingdom,,2001.0,0,0,0,0,0,0,0,0,0,0
562.22829,Susceptible,WGS,Good,MLST.ecoli_achtman_4.73,PRJEB4681,United Kingdom,,2001.0,0,0,0,0,0,0,0,0,0,0
562.22830,Susceptible,WGS,Good,MLST.ecoli_achtman_4.127,PRJEB4681,United Kingdom,,2001.0,0,0,0,0,0,0,0,0,0,0
562.22831,Susceptible,WGS,Good,MLST.ecoli_achtman_4.5346,PRJEB4681,United Kingdom,,2001.0,0,0,0,0,0,0,0,0,0,0
562.22832,Susceptible,WGS,Good,MLST.ecoli_achtman_4.73,PRJEB4681,United Kingdom,,2001.0,0,0,0,0,0,0,0,0,0,0
562.22833,Susceptible,WGS,Good,MLST.ecoli_achtman_4.73,PRJEB4681,United Kingdom,,2001.0,0,0,0,0,0,0,0,0,0,0
562.22834,Susceptible,WGS,Good,MLST.ecoli_achtman_4.967,PRJEB4681,United Kingdom,,2001.0,0,0,0,0,0,0,0,0,0,0
562.22835,Susceptible,WGS,Good,MLST.ecoli_achtman_4.405,PRJEB4681,United Kingdom,,2001.0,0,0,0,0,0,0,0,0,0,0
562.22836,Susceptible,WGS,Good,MLST.ecoli_achtman_4.73,PRJEB4681,United Kingdom,,2001.0,0,0,0,0,0,0,0,0,0,0
562.22837,Susceptible,WGS,Good,MLST.ecoli_achtman_4.95,PRJEB4681,United Kingdom,,2001.0,0,0,0,0,0,0,0,0,0,0
562.22838,Susceptible,WGS,Good,MLST.ecoli_achtman_4.14,PRJEB4681,United Kingdom,,2001.0,1,1,1,0,0,0,0,0,0,0
562.22839,Susceptible,WGS,Good,MLST.ecoli_achtman_4.12,PRJEB4681,United Kingdom,,2001.0,0,0,0,0,0,0,0,0,0,0
562.22840,Susceptible,WGS,Good,MLST.ecoli_achtman_4.14,PRJEB4681,United Kingdom,,2001.0,1,1,1,0,0,0,0,0,0,0
562.22841,Susceptible,WGS,Good,MLST.ecoli_achtman_4.14,PRJEB4681,United Kingdom,,2001.0,0,0,0,0,0,0,0,0,0,0
562.22842,Susceptible,WGS,Good,MLST.ecoli_achtman_4.681,PRJEB4681,United Kingdom,,2001.0,0,0,0,0,0,0,0,0,0,0
562.22843,Resistant,WGS,Good,MLST.ecoli_achtman_4.155,PRJEB4681,United Kingdom,,2001.0,1,1,1,1,0,0,0,0,0,0
562.22844,Susceptible,WGS,Good,MLST.ecoli_achtman_4.95,PRJEB4681,United Kingdom,,2001.0,0,0,0,0,0,0,0,0,0,0
562.22845,Susceptible,WGS,Good,MLST.ecoli_achtman_4.95,PRJEB4681,United Kingdom,,2001.0,0,0,0,0,0,0,0,0,0,0
562.22846,Susceptible,WGS,Good,MLST.ecoli_achtman_4.73,PRJEB4681,United Kingdom,,2001.0,0,0,0,0,0,0,0,0,0,0
562.22847,Resistant,WGS,Good,MLST.ecoli_achtman_4.405,PRJEB4681,United Kingdom,,2001.0,1,1,1,1,0,0,0,0,0,1
562.22848,Susceptible,WGS,Good,MLST.ecoli_achtman_4.144,PRJEB4681,United Kingdom,,2001.0,0,0,0,0,0,0,0,0,0,0
562.22849,Susceptible,WGS,Good,MLST.ecoli_achtman_4.12,PRJEB4681,United Kingdom,,2001.0,0,0,0,0,0,0,0,0,0,0
562.22850,Susceptible,WGS,Good,MLST.ecoli_achtman_4.126,PRJEB4681,United Kingdom,,2001.0,0,0,0,0,0,0,0,0,0,0
562.22851,Susceptible,WGS,Good,MLST.ecoli_achtman_4.144,PRJEB4681,United Kingdom,,2001.0,0,0,0,0,0,0,0,0,0,0
562.22852,Susceptible,WGS,Good,MLST.ecoli_achtman_4.550,PRJEB4681,United Kingdom,,2001.0,0,0,0,0,0,0,0,0,0,0
562.22853,Susceptible,WGS,Good,MLST.ecoli_achtman_4.372,PRJEB4681,United Kingdom,,2001.0,0,0,0,0,0,0,0,0,0,0
562.22854,Resistant,WGS,Good,MLST.ecoli_achtman_4.68,PRJEB4681,United Kingdom,,2001.0,1,1,1,1,0,0,0,0,0,0
562.22855,Susceptible,WGS,Good,MLST.ecoli_achtman_4.80,PRJEB4681,United Kingdom,,2001.0,0,0,0,0,0,0,0,0,0,0
562.22856,Susceptible,WGS,Good,MLST.ecoli_achtman_4.73,PRJEB4681,United Kingdom,,2001.0,0,0,0,0,0,0,0,0,0,0
562.22857,Susceptible,WGS,Good,MLST.ecoli_achtman_4.73,PRJEB4681,United Kingdom,,2001.0,0,0,0,0,0,0,0,0,0,0
562.22858,Susceptible,WGS,Good,MLST.ecoli_achtman_4.10,PRJEB4681,United Kingdom,,2001.0,0,0,0,0,0,0,0,0,0,0
562.22859,Susceptible,WGS,Good,MLST.ecoli_achtman_4.95,PRJEB4681,United Kingdom,,2001.0,0,0,0,0,0,0,0,0,0,0
562.22860,Resistant,WGS,Good,MLST.ecoli_achtman_4.405,PRJEB4681,United Kingdom,,2001.0,1,1,1,1,0,0,0,0,0,1
562.22861,Susceptible,WGS,Good,MLST.ecoli_achtman_4.1257,PRJEB4681,United Kingdom,,2001.0,0,0,0,0,0,0,0,0,0,0
562.22862,Susceptible,WGS,Good,MLST.ecoli_achtman_4.10,PRJEB4681,United Kingdom,,2001.0,0,0,0,0,0,0,0,0,0,0
562.22863,Susceptible,WGS,Good,MLST.ecoli_achtman_4.91,PRJEB4681,United Kingdom,,2001.0,0,0,0,0,0,0,0,0,0,0
562.22864,Susceptible,WGS,Good,MLST.ecoli_achtman_4.79,PRJEB4681,United Kingdom,,2001.0,0,0,0,0,0,0,0,0,0,0
562.22865,Resistant,WGS,Good,MLST.ecoli_achtman_4.410,PRJEB4681,United Kingdom,,2001.0,1,1,1,1,0,0,0,0,0,0
562.22866,Susceptible,WGS,Good,MLST.ecoli_achtman_4.127,PRJEB4681,United Kingdom,,2001.0,0,0,0,0,0,0,0,0,0,0
562.22867,Resistant,WGS,Good,MLST.ecoli_achtman_4.410,PRJEB4681,United Kingdom,,2001.0,1,1,1,1,0,0,0,0,0,0
562.22868,Resistant,WGS,Good,MLST.ecoli_achtman_4.73,PRJEB4681,United Kingdom,,2001.0,0,0,0,0,0,0,0,0,0,0
562.22869,Susceptible,WGS,Good,MLST.ecoli_achtman_4.10,PRJEB4681,United Kingdom,,2001.0,0,0,0,0,0,0,0,0,0,0
562.22870,Susceptible,WGS,Good,MLST.ecoli_achtman_4.372,PRJEB4681,United Kingdom,,2001.0,0,0,0,0,0,0,0,0,0,0
562.22871,Susceptible,WGS,Good,MLST.ecoli_achtman_4.73,PRJEB4681,United Kingdom,,2001.0,0,0,0,0,0,0,0,0,0,0
562.22881,Susceptible,WGS,Good,MLST.ecoli_achtman_4.10,PRJEB4681,United Kingdom,,2001.0,0,0,0,0,0,0,0,0,0,0
562.22882,Susceptible,WGS,Good,MLST.ecoli_achtman_4.95,PRJEB4681,United Kingdom,,2001.0,0,0,0,0,0,0,0,0,0,0
562.22883,Susceptible,WGS,Good,MLST.ecoli_achtman_4.357,PRJEB4681,United Kingdom,,2001.0,0,0,0,0,0,0,0,0,0,0
562.22884,Susceptible,WGS,Good,MLST.ecoli_achtman_4.73,PRJEB4681,United Kingdom,,2001.0,0,0,0,0,0,0,0,0,0,0
562.22885,Susceptible,WGS,Good,MLST.ecoli_achtman_4.1288,PRJEB4681,United Kingdom,,2001.0,0,0,0,0,0,0,0,0,0,0
562.22886,Susceptible,WGS,Good,MLST.ecoli_achtman_4.1670,PRJEB4681,United Kingdom,,2001.0,0,0,0,0,0,0,0,0,0,0
562.22887,Susceptible,WGS,Good,MLST.ecoli_achtman_4.297,PRJEB4681,United Kingdom,,2001.0,0,0,0,0,0,0,0,0,0,0
562.22888,Susceptible,WGS,Good,MLST.ecoli_achtman_4.144,PRJEB4681,United Kingdom,,2001.0,0,0,0,0,0,0,0,0,0,0
562.22889,Susceptible,WGS,Good,MLST.ecoli_achtman_4.95,PRJEB4681,United Kingdom,,2001.0,0,0,0,0,0,0,0,0,0,0
562.22890,Susceptible,WGS,Good,MLST.ecoli_achtman_4.345,PRJEB4681,United Kingdom,,2001.0,0,0,0,0,0,0,0,0,0,0
562.22891,Susceptible,WGS,Good,MLST.ecoli_achtman_4.5417,PRJEB4681,United Kingdom,,2001.0,0,0,0,0,0,0,0,0,0,0
562.22892,Susceptible,WGS,Good,MLST.ecoli_achtman_4.404,PRJEB4681,United Kingdom,,2001.0,0,0,0,0,0,0,0,0,0,0
562.22893,Susceptible,WGS,Good,MLST.ecoli_achtman_4.12,PRJEB4681,United Kingdom,,2001.0,0,0,0,0,0,0,0,0,0,0
562.22894,Susceptible,WGS,Good,MLST.ecoli_achtman_4.80,PRJEB4681,United Kingdom,,2001.0,0,0,0,0,0,0,0,0,0,0
562.22895,Susceptible,WGS,Good,MLST.ecoli_achtman_4.10,PRJEB4681,United Kingdom,,2001.0,0,0,0,0,0,0,0,0,0,0
562.22896,Susceptible,WGS,Good,MLST.ecoli_achtman_4.1531,PRJEB4681,United Kingdom,,2001.0,0,0,0,0,0,0,0,0,0,0
562.22897,Susceptible,WGS,Good,MLST.ecoli_achtman_4.393,PRJEB4681,United Kingdom,,2001.0,0,0,0,1,0,0,0,0,0,0
562.22898,Susceptible,WGS,Good,MLST.ecoli_achtman_4.12,PRJEB4681,United Kingdom,,2001.0,0,0,0,0,0,0,0,0,0,0
562.22899,Susceptible,WGS,Good,MLST.ecoli_achtman_4.73,PRJEB4681,United Kingdom,,2001.0,0,0,0,0,0,0,0,0,0,0
562.22901,Susceptible,WGS,Good,MLST.ecoli_achtman_4.404,PRJEB4681,United Kingdom,,2001.0,0,0,0,0,0,0,0,0,0,0
562.22902,Susceptible,WGS,Good,MLST.ecoli_achtman_4.641,PRJEB4681,United Kingdom,,2001.0,0,0,0,0,0,0,0,0,0,0
562.22903,Susceptible,WGS,Good,MLST.ecoli_achtman_4.117,PRJEB4681,United Kingdom,,2001.0,1,1,1,0,0,0,0,0,0,0
562.22904,Susceptible,WGS,Good,MLST.ecoli_achtman_4.73,PRJEB4681,United Kingdom,,2001.0,0,0,0,0,0,0,0,0,0,0
562.22905,Susceptible,WGS,Good,MLST.ecoli_achtman_4.73,PRJEB4681,United Kingdom,,2001.0,0,0,0,0,0,0,0,0,0,0
562.22906,Susceptible,WGS,Good,MLST.ecoli_achtman_4.12,PRJEB4681,United Kingdom,,2001.0,0,0,0,0,0,0,0,0,0,0
562.22907,Susceptible,WGS,Good,MLST.ecoli_achtman_4.91,PRJEB4681,United Kingdom,,2001.0,0,0,0,0,0,0,0,0,0,0
562.22908,Susceptible,WGS,Good,MLST.ecoli_achtman_4.767,PRJEB4681,United Kingdom,,2001.0,0,0,0,0,0,0,0,0,0,0
562.22909,Susceptible,WGS,Good,MLST.ecoli_achtman_4.5082,PRJEB4681,United Kingdom,,2002.0,0,0,0,0,0,0,0,0,0,0
562.22910,Susceptible,WGS,Good,MLST.ecoli_achtman_4.95,PRJEB4681,United Kingdom,,2002.0,0,0,0,0,0,0,0,0,0,0
562.22911,Susceptible,WGS,Good,MLST.ecoli_achtman_4.73,PRJEB4681,United Kingdom,,2002.0,0,0,0,0,0,0,0,0,0,0
562.22912,Susceptible,WGS,Good,MLST.ecoli_achtman_4.12,PRJEB4681,United Kingdom,,2002.0,0,0,0,0,0,0,0,0,0,0
562.22914,Susceptible,WGS,Good,MLST.ecoli_achtman_4.73,PRJEB4681,United Kingdom,,2002.0,1,0,0,0,0,0,0,0,0,0
562.22915,Susceptible,WGS,Good,MLST.ecoli_achtman_4.12,PRJEB4681,United Kingdom,,2002.0,0,0,0,0,0,0,0,0,0,0
562.22916,Susceptible,WGS,Good,MLST.ecoli_achtman_4.73,PRJEB4681,United Kingdom,,2002.0,0,0,0,0,0,0,0,0,0,0
562.22917,Susceptible,WGS,Good,MLST.ecoli_achtman_4.95,PRJEB4681,United Kingdom,,2002.0,0,0,0,0,0,0,0,0,0,0
562.22918,Resistant,WGS,Good,MLST.ecoli_achtman_4.5476,PRJEB4681,United Kingdom,,2002.0,1,1,1,1,0,0,0,0,0,0
562.22919,Susceptible,WGS,Good,MLST.ecoli_achtman_4.95,PRJEB4681,United Kingdom,,2002.0,0,0,0,0,0,0,0,0,0,0
562.22920,Resistant,WGS,Good,MLST.ecoli_achtman_4.393,PRJEB4681,United Kingdom,,2002.0,1,1,1,1,0,0,0,0,0,0
562.22921,Susceptible,WGS,Good,MLST.ecoli_achtman_4.10,PRJEB4681,United Kingdom,,2002.0,0,0,0,0,0,0,0,0,0,0
562.22922,Susceptible,WGS,Good,MLST.ecoli_achtman_4.73,PRJEB4681,United Kingdom,,2002.0,0,0,0,0,0,0,0,0,0,0
562.22923,Resistant,WGS,Good,MLST.ecoli_achtman_4.354,PRJEB4681,United Kingdom,,2002.0,1,1,1,1,0,0,0,0,0,0
562.22924,Susceptible,WGS,Good,MLST.ecoli_achtman_4.73,PRJEB4681,United Kingdom,,2002.0,0,0,0,0,0,0,0,0,0,0
562.22925,Susceptible,WGS,Good,MLST.ecoli_achtman_4.363,PRJEB4681,United Kingdom,,2002.0,0,0,0,0,0,0,0,0,0,0
562.22926,Susceptible,WGS,Good,MLST.ecoli_achtman_4.95,PRJEB4681,United Kingdom,,2002.0,0,0,0,0,0,0,0,0,0,0
562.22927,Resistant,WGS,Good,MLST.ecoli_achtman_4.641,PRJEB4681,United Kingdom,,2002.0,1,1,1,1,0,0,0,0,0,0
562.22928,Susceptible,WGS,Good,MLST.ecoli_achtman_4.12,PRJEB4681,United Kingdom,,2002.0,0,0,0,0,0,0,0,0,0,0
562.22929,Susceptible,WGS,Good,MLST.ecoli_achtman_4.106,PRJEB4681,United Kingdom,,2002.0,0,0,0,1,0,0,0,0,0,0
562.22930,Susceptible,WGS,Good,MLST.ecoli_achtman_4.711,PRJEB4681,United Kingdom,,2002.0,0,0,0,0,0,0,0,0,0,0
562.22931,Susceptible,WGS,Good,MLST.ecoli_achtman_4.95,PRJEB4681,United Kingdom,,2002.0,0,0,0,0,0,0,0,0,0,0
562.22932,Susceptible,WGS,Good,MLST.ecoli_achtman_4.12,PRJEB4681,United Kingdom,,2002.0,0,0,0,0,0,0,0,0,0,0
562.22933,Resistant,WGS,Good,MLST.ecoli_achtman_4.405,PRJEB4681,United Kingdom,,2002.0,1,1,1,1,0,0,0,0,0,1
562.22934,Susceptible,WGS,Good,MLST.ecoli_achtman_4.88,PRJEB4681,United Kingdom,,2002.0,0,0,0,0,0,0,0,0,0,0
562.22935,Susceptible,WGS,Good,MLST.ecoli_achtman_4.12,PRJEB4681,United Kingdom,,2002.0,0,0,0,0,0,0,0,0,0,0
562.22936,Susceptible,WGS,Good,MLST.ecoli_achtman_4.399,PRJEB4681,United Kingdom,,2002.0,0,0,0,0,0,0,0,0,0,0
562.22937,Susceptible,WGS,Good,MLST.ecoli_achtman_4.5519,PRJEB4681,United Kingdom,,2002.0,0,0,0,0,0,0,0,0,0,0
562.22938,Susceptible,WGS,Good,MLST.ecoli_achtman_4.95,PRJEB4681,United Kingdom,,2002.0,0,0,0,0,0,0,0,0,0,0
562.22939,Susceptible,WGS,Good,MLST.ecoli_achtman_4.550,PRJEB4681,United Kingdom,,2002.0,0,0,0,0,0,0,0,0,0,0
562.22940,Susceptible,WGS,Good,MLST.ecoli_achtman_4.73,PRJEB4681,United Kingdom,,2002.0,0,0,0,0,0,0,0,0,0,0
562.22941,Susceptible,WGS,Good,MLST.ecoli_achtman_4.73,PRJEB4681,United Kingdom,,2002.0,0,0,0,0,0,0,0,0,0,0
562.22942,Resistant,WGS,Good,MLST.ecoli_achtman_4.393,PRJEB4681,United Kingdom,,2002.0,1,1,1,1,0,0,0,0,0,0
562.22943,Susceptible,WGS,Good,MLST.ecoli_achtman_4.73,PRJEB4681,United Kingdom,,2002.0,0,0,0,0,0,0,0,0,0,0
562.22944,Susceptible,WGS,Good,MLST.ecoli_achtman_4.73,PRJEB4681,United Kingdom,,2002.0,0,0,0,0,0,0,0,0,0,0
562.22945,Susceptible,WGS,Good,MLST.ecoli_achtman_4.357,PRJEB4681,United Kingdom,,2002.0,0,0,0,0,0,0,0,0,0,0
562.22946,Susceptible,WGS,Good,MLST.ecoli_achtman_4.127,PRJEB4681,United Kingdom,,2002.0,0,0,0,0,0,0,0,0,0,0
562.22947,Susceptible,WGS,Good,MLST.ecoli_achtman_4.452,PRJEB4681,United Kingdom,,2002.0,0,0,0,0,0,0,0,0,0,0
562.22948,Susceptible,WGS,Good,MLST.ecoli_achtman_4.5461,PRJEB4681,United Kingdom,,2002.0,0,0,0,0,0,0,0,0,0,0
562.22949,Susceptible,WGS,Good,MLST.ecoli_achtman_4.73,PRJEB4681,United Kingdom,,2002.0,0,0,0,0,0,0,0,0,0,0
562.22950,Susceptible,WGS,Good,MLST.ecoli_achtman_4.5363,PRJEB4681,United Kingdom,,2002.0,0,0,0,0,0,0,0,0,0,0
562.22951,Susceptible,WGS,Good,MLST.ecoli_achtman_4.59,PRJEB4681,United Kingdom,,2002.0,0,0,0,0,0,0,0,0,0,0
562.22952,Susceptible,WGS,Good,MLST.ecoli_achtman_4.91,PRJEB4681,United Kingdom,,2002.0,0,0,0,0,0,0,0,0,0,0
562.22953,Susceptible,WGS,Good,MLST.ecoli_achtman_4.372,PRJEB4681,United Kingdom,,2002.0,0,0,0,0,0,0,0,0,0,0
562.22954,Susceptible,WGS,Good,MLST.ecoli_achtman_4.963,PRJEB4681,United Kingdom,,2002.0,0,0,0,0,0,0,0,0,0,0
562.22955,Susceptible,WGS,Good,MLST.ecoli_achtman_4.59,PRJEB4681,United Kingdom,,2002.0,0,0,0,0,0,0,0,0,0,0
562.22956,Susceptible,WGS,Good,MLST.ecoli_achtman_4.59,PRJEB4681,United Kingdom,,2002.0,0,0,0,0,0,0,0,0,0,0
562.22957,Susceptible,WGS,Good,MLST.ecoli_achtman_4.73,PRJEB4681,United Kingdom,,2002.0,0,0,0,0,0,0,0,0,0,0
562.22958,Susceptible,WGS,Good,MLST.ecoli_achtman_4.14,PRJEB4681,United Kingdom,,2002.0,1,1,1,0,0,0,0,0,0,0
562.22959,Susceptible,WGS,Good,MLST.ecoli_achtman_4.73,PRJEB4681,United Kingdom,,2002.0,0,0,0,0,0,0,0,0,0,0
562.22960,Susceptible,WGS,Good,MLST.ecoli_achtman_4.5630,PRJEB4681,United Kingdom,,2002.0,0,0,0,0,0,0,0,0,0,0
562.22961,Susceptible,WGS,Good,MLST.ecoli_achtman_4.73,PRJEB4681,United Kingdom,,2002.0,0,0,0,0,0,0,0,0,0,0
562.22962,Susceptible,WGS,Good,MLST.ecoli_achtman_4.366,PRJEB4681,United Kingdom,,2002.0,0,0,0,0,0,0,0,0,0,0
562.22963,Susceptible,WGS,Good,MLST.ecoli_achtman_4.59,PRJEB4681,United Kingdom,,2002.0,0,0,0,0,0,0,0,0,0,0
562.22964,Susceptible,WGS,Good,MLST.ecoli_achtman_4.83,PRJEB4681,United Kingdom,,2002.0,0,0,0,0,0,0,0,0,0,0
562.22965,Susceptible,WGS,Good,MLST.ecoli_achtman_4.73,PRJEB4681,United Kingdom,,2002.0,0,0,0,0,0,0,0,0,0,0
562.22966,Susceptible,WGS,Good,MLST.ecoli_achtman_4.38,PRJEB4681,United Kingdom,,2002.0,0,0,0,0,0,0,0,0,0,0
562.22967,Susceptible,WGS,Good,MLST.ecoli_achtman_4.73,PRJEB4681,United Kingdom,,2002.0,0,0,0,0,0,0,0,0,0,0
562.22968,Susceptible,WGS,Good,MLST.ecoli_achtman_4.73,PRJEB4681,United Kingdom,,2002.0,1,1,1,0,0,0,0,0,0,0
562.22969,Susceptible,WGS,Good,MLST.ecoli_achtman_4.79,PRJEB4681,United Kingdom,,2002.0,0,0,0,0,0,0,0,0,0,0
562.22970,Susceptible,WGS,Good,MLST.ecoli_achtman_4.618,PRJEB4681,United Kingdom,,2002.0,0,0,0,0,0,0,0,0,0,0
562.22971,Susceptible,WGS,Good,MLST.ecoli_achtman_4.88,PRJEB4681,United Kingdom,,2002.0,0,0,0,0,0,0,0,0,0,0
562.22972,Susceptible,WGS,Good,MLST.ecoli_achtman_4.117,PRJEB4681,United Kingdom,,2002.0,1,1,1,0,0,0,0,0,0,0
562.22973,Susceptible,WGS,Good,MLST.ecoli_achtman_4.73,PRJEB4681,United Kingdom,,2002.0,0,0,0,0,0,0,0,0,0,0
562.22974,Susceptible,WGS,Good,MLST.ecoli_achtman_4.73,PRJEB4681,United Kingdom,,2002.0,0,0,0,0,0,0,0,0,0,0
562.22975,Susceptible,WGS,Good,MLST.ecoli_achtman_4.73,PRJEB4681,United Kingdom,,2002.0,0,0,0,0,0,0,0,0,0,0
562.22976,Susceptible,WGS,Good,MLST.ecoli_achtman_4.58,PRJEB4681,United Kingdom,,2002.0,0,0,0,0,0,0,0,0,0,0
562.22977,Susceptible,WGS,Good,MLST.ecoli_achtman_4.95,PRJEB4681,United Kingdom,,2002.0,0,0,0,0,0,0,0,0,0,0
562.22978,Susceptible,WGS,Good,MLST.ecoli_achtman_4.73,PRJEB4681,United Kingdom,,2002.0,0,0,0,0,0,0,0,0,0,0
562.22979,Susceptible,WGS,Good,MLST.ecoli_achtman_4.73,PRJEB4681,United Kingdom,,2002.0,0,0,0,0,1,0,0,0,0,0
562.22980,Susceptible,WGS,Good,MLST.ecoli_achtman_4.141,PRJEB4681,United Kingdom,,2002.0,0,0,0,0,0,0,0,0,0,0
562.22981,Susceptible,WGS,Good,MLST.ecoli_achtman_4.420,PRJEB4681,United Kingdom,,2002.0,0,0,0,0,0,0,0,0,0,0
562.22982,Susceptible,WGS,Good,MLST.ecoli_achtman_4.88,PRJEB4681,United Kingdom,,2002.0,0,0,0,0,0,0,0,0,0,0
562.22983,Susceptible,WGS,Good,MLST.ecoli_achtman_4.73,PRJEB4681,United Kingdom,,2002.0,0,0,0,0,0,0,0,0,0,0
562.22984,Susceptible,WGS,Good,MLST.ecoli_achtman_4.12,PRJEB4681,United Kingdom,,2002.0,1,1,1,0,0,0,0,0,0,0
562.22985,Susceptible,WGS,Good,MLST.ecoli_achtman_4.38,PRJEB4681,United Kingdom,,2002.0,1,1,1,0,0,0,0,0,0,0
562.22986,Susceptible,WGS,Good,MLST.ecoli_achtman_4.73,PRJEB4681,United Kingdom,,2002.0,0,0,0,0,0,0,0,0,0,0
562.22987,Susceptible,WGS,Good,MLST.ecoli_achtman_4.141,PRJEB4681,United Kingdom,,2002.0,0,0,0,0,0,0,0,0,0,0
562.22988,Susceptible,WGS,Good,MLST.ecoli_achtman_4.1001,PRJEB4681,United Kingdom,,2002.0,0,0,0,0,0,0,0,0,0,0
562.22989,Susceptible,WGS,Good,MLST.ecoli_achtman_4.106,PRJEB4681,United Kingdom,,2002.0,0,0,0,1,0,0,0,0,0,0
562.22990,Susceptible,WGS,Good,MLST.ecoli_achtman_4.1155,PRJEB4681,United Kingdom,,2002.0,0,0,0,0,0,0,0,0,0,0
562.22991,Susceptible,WGS,Good,MLST.ecoli_achtman_4.59,PRJEB4681,United Kingdom,,2002.0,0,0,0,0,0,0,0,0,0,0
562.22992,Susceptible,WGS,Good,MLST.ecoli_achtman_4.59,PRJEB4681,United Kingdom,,2002.0,0,0,0,0,0,0,0,0,0,0
562.22993,Susceptible,WGS,Good,MLST.ecoli_achtman_4.420,PRJEB4681,United Kingdom,,2002.0,0,0,0,0,0,0,0,0,0,0
562.22994,Susceptible,WGS,Good,MLST.ecoli_achtman_4.141,PRJEB4681,United Kingdom,,2002.0,0,0,0,0,0,0,0,0,0,0
562.22995,Susceptible,WGS,Good,MLST.ecoli_achtman_4.127,PRJEB4681,United Kingdom,,2002.0,0,0,0,0,0,0,0,0,0,0
562.22996,Susceptible,WGS,Good,MLST.ecoli_achtman_4.691,PRJEB4681,United Kingdom,,2002.0,0,0,0,0,0,0,0,0,0,0
562.22997,Resistant,WGS,Good,MLST.ecoli_achtman_4.405,PRJEB4681,United Kingdom,,2002.0,1,1,1,1,0,0,0,0,0,0
562.22998,Susceptible,WGS,Good,MLST.ecoli_achtman_4.95,PRJEB4681,United Kingdom,,2003.0,0,0,0,0,0,0,0,0,0,0
562.22999,Susceptible,WGS,Good,MLST.ecoli_achtman_4.369,PRJEB4681,United Kingdom,,2003.0,0,0,0,0,0,0,0,0,0,0
562.23000,Susceptible,WGS,Good,MLST.ecoli_achtman_4.73,PRJEB4681,United Kingdom,,2003.0,0,0,0,0,0,0,0,0,0,0
562.23001,Susceptible,WGS,Good,MLST.ecoli_achtman_4.12,PRJEB4681,United Kingdom,,2003.0,0,0,0,0,0,0,0,0,0,0
562.23002,Susceptible,WGS,Good,MLST.ecoli_achtman_4.95,PRJEB4681,United Kingdom,,2003.0,0,0,0,0,0,0,0,0,0,0
562.23003,Susceptible,WGS,Good,MLST.ecoli_achtman_4.141,PRJEB4681,United Kingdom,,2003.0,0,0,0,0,0,0,0,0,0,0
562.23004,Susceptible,WGS,Good,MLST.ecoli_achtman_4.10,PRJEB4681,United Kingdom,,2003.0,0,0,0,0,0,0,0,0,0,0
562.23005,Susceptible,WGS,Good,MLST.ecoli_achtman_4.69,PRJEB4681,United Kingdom,,2003.0,0,0,0,0,0,0,0,0,0,0
562.23006,Susceptible,WGS,Good,MLST.ecoli_achtman_4.48,PRJEB4681,United Kingdom,,2003.0,0,0,0,0,0,0,0,0,0,0
562.23007,Susceptible,WGS,Good,MLST.ecoli_achtman_4.95,PRJEB4681,United Kingdom,,2003.0,0,0,0,0,0,0,0,0,0,0
562.23008,Susceptible,WGS,Good,MLST.ecoli_achtman_4.12,PRJEB4681,United Kingdom,,2003.0,0,0,0,0,0,0,0,0,0,0
562.23009,Susceptible,WGS,Good,MLST.ecoli_achtman_4.73,PRJEB4681,United Kingdom,,2003.0,0,0,0,0,0,0,0,0,0,0
562.23010,Susceptible,WGS,Good,MLST.ecoli_achtman_4.73,PRJEB4681,United Kingdom,,2003.0,0,0,0,0,0,0,0,0,0,0
562.23011,Susceptible,WGS,Good,MLST.ecoli_achtman_4.73,PRJEB4681,United Kingdom,,2003.0,0,0,0,0,0,0,0,0,0,0
562.23012,Susceptible,WGS,Good,MLST.ecoli_achtman_4.62,PRJEB4681,United Kingdom,,2003.0,0,0,0,0,0,0,0,0,0,0
562.23013,Susceptible,WGS,Good,MLST.ecoli_achtman_4.62,PRJEB4681,United Kingdom,,2003.0,0,0,0,0,0,0,0,0,0,0
562.23014,Susceptible,WGS,Good,MLST.ecoli_achtman_4.10,PRJEB4681,United Kingdom,,2003.0,0,0,0,0,0,0,0,0,0,0
562.23015,Susceptible,WGS,Good,MLST.ecoli_achtman_4.95,PRJEB4681,United Kingdom,,2003.0,0,0,0,0,0,0,0,0,0,0
562.23016,Susceptible,WGS,Good,MLST.ecoli_achtman_4.537,PRJEB4681,United Kingdom,,2003.0,0,0,0,0,0,0,0,0,0,0
562.23017,Susceptible,WGS,Good,MLST.ecoli_achtman_4.62,PRJEB4681,United Kingdom,,2003.0,0,0,0,0,0,0,0,0,0,0
562.23018,Susceptible,WGS,Good,MLST.ecoli_achtman_4.131,PRJEB4681,United Kingdom,,2003.0,1,1,1,0,0,0,0,0,0,0
562.23019,Susceptible,WGS,Good,MLST.ecoli_achtman_4.363,PRJEB4681,United Kingdom,,2003.0,1,1,1,0,0,0,0,0,0,0
562.23020,Susceptible,WGS,Good,MLST.ecoli_achtman_4.73,PRJEB4681,United Kingdom,,2003.0,0,0,0,0,0,0,0,0,0,0
562.23021,Susceptible,WGS,Good,MLST.ecoli_achtman_4.62,PRJEB4681,United Kingdom,,2003.0,0,0,0,0,0,0,0,0,0,0
562.23022,Susceptible,WGS,Good,MLST.ecoli_achtman_4.4260,PRJEB4681,United Kingdom,,2003.0,1,1,1,0,0,0,0,0,0,0
562.23023,Susceptible,WGS,Good,MLST.ecoli_achtman_4.131,PRJEB4681,United Kingdom,,2003.0,0,0,0,0,0,0,0,0,0,0
562.23025,Susceptible,WGS,Good,MLST.ecoli_achtman_4.131,PRJEB4681,United Kingdom,,2003.0,0,0,0,0,0,0,0,0,0,0
562.23026,Susceptible,WGS,Good,MLST.ecoli_achtman_4.2494,PRJEB4681,United Kingdom,,2003.0,0,0,0,0,0,0,0,0,0,0
562.23027,Susceptible,WGS,Good,MLST.ecoli_achtman_4.80,PRJEB4681,United Kingdom,,2003.0,0,0,0,0,0,0,0,0,0,0
562.23028,Resistant,WGS,Good,MLST.ecoli_achtman_4.131,PRJEB4681,United Kingdom,,2003.0,1,1,1,1,0,0,0,0,0,0
562.23029,Resistant,WGS,Good,MLST.ecoli_achtman_4.1394,PRJEB4681,United Kingdom,,2003.0,1,1,1,1,0,0,0,0,0,0
562.23030,Susceptible,WGS,Good,MLST.ecoli_achtman_4.144,PRJEB4681,United Kingdom,,2003.0,0,0,0,0,0,0,0,0,0,0
562.23031,Susceptible,WGS,Good,MLST.ecoli_achtman_4.369,PRJEB4681,United Kingdom,,2003.0,1,1,1,0,0,0,0,0,0,0
562.23032,Susceptible,WGS,Good,MLST.ecoli_achtman_4.131,PRJEB4681,United Kingdom,,2003.0,0,0,0,0,0,0,0,0,0,0
562.23033,Susceptible,WGS,Good,MLST.ecoli_achtman_4.73,PRJEB4681,United Kingdom,,2003.0,0,0,0,0,0,0,0,0,0,0
562.23034,Susceptible,WGS,Good,MLST.ecoli_achtman_4.80,PRJEB4681,United Kingdom,,2003.0,0,0,0,0,0,0,0,0,0,0
562.23035,Susceptible,WGS,Good,MLST.ecoli_achtman_4.491,PRJEB4681,United Kingdom,,2003.0,0,0,0,0,0,0,0,0,0,0
562.23036,Susceptible,WGS,Good,MLST.ecoli_achtman_4.491,PRJEB4681,United Kingdom,,2003.0,0,0,0,0,0,0,0,0,0,0
562.23037,Susceptible,WGS,Good,MLST.ecoli_achtman_4.73,PRJEB4681,United Kingdom,,2003.0,0,0,0,0,0,0,0,0,0,0
562.23038,Susceptible,WGS,Good,MLST.ecoli_achtman_4.73,PRJEB4681,United Kingdom,,2003.0,0,0,0,0,0,0,0,0,0,0
562.23039,Susceptible,WGS,Good,MLST.ecoli_achtman_4.12,PRJEB4681,United Kingdom,,2003.0,0,0,0,0,0,0,0,0,0,0
562.23040,Susceptible,WGS,Good,MLST.ecoli_achtman_4.12,PRJEB4681,United Kingdom,,2003.0,0,0,0,0,0,0,0,0,0,0
562.23041,Susceptible,WGS,Good,MLST.ecoli_achtman_4.73,PRJEB4681,United Kingdom,,2003.0,0,0,0,0,0,0,0,0,0,0
562.23042,Susceptible,WGS,Good,MLST.ecoli_achtman_4.5552,PRJEB4681,United Kingdom,,2003.0,0,0,0,0,0,0,0,0,0,0
562.23043,Susceptible,WGS,Good,MLST.ecoli_achtman_4.127,PRJEB4681,United Kingdom,,2003.0,0,0,0,0,0,0,0,0,0,0
562.23044,Susceptible,WGS,Good,MLST.ecoli_achtman_4.685,PRJEB4681,United Kingdom,,2003.0,0,0,0,0,0,0,0,0,0,0
562.23045,Susceptible,WGS,Good,MLST.ecoli_achtman_4.141,PRJEB4681,United Kingdom,,2002.0,0,0,0,0,0,0,0,0,0,0
562.23046,Susceptible,WGS,Good,MLST.ecoli_achtman_4.2230,PRJEB4681,United Kingdom,,2002.0,0,0,0,0,0,0,0,0,0,0
562.23047,Resistant,WGS,Good,MLST.ecoli_achtman_4.167,PRJEB4681,United Kingdom,,2003.0,1,1,1,1,0,0,0,0,0,1
562.23048,Susceptible,WGS,Good,MLST.ecoli_achtman_4.95,PRJEB4681,United Kingdom,,2003.0,0,0,0,0,0,0,0,0,0,0
562.23049,Susceptible,WGS,Good,MLST.ecoli_achtman_4.405,PRJEB4681,United Kingdom,,2003.0,0,0,0,0,0,0,0,0,0,0
562.23050,Susceptible,WGS,Good,MLST.ecoli_achtman_4.73,PRJEB4681,United Kingdom,,2003.0,0,0,0,0,0,0,0,0,0,0
562.23051,Susceptible,WGS,Good,MLST.ecoli_achtman_4.12,PRJEB4681,United Kingdom,,2003.0,0,0,0,0,0,0,0,0,0,0
562.23052,Susceptible,WGS,Good,MLST.ecoli_achtman_4.405,PRJEB4681,United Kingdom,,2003.0,0,0,0,0,0,0,0,0,0,0
562.23053,Resistant,WGS,Good,MLST.ecoli_achtman_4.131,PRJEB4681,United Kingdom,,2003.0,1,1,1,1,0,0,0,0,0,0
562.23054,Susceptible,WGS,Good,MLST.ecoli_achtman_4.58,PRJEB4681,United Kingdom,,2003.0,0,0,0,0,0,0,0,0,0,0
562.23055,Susceptible,WGS,Good,MLST.ecoli_achtman_4.1810,PRJEB4681,United Kingdom,,2003.0,0,0,0,0,0,0,0,0,0,0
562.23056,Susceptible,WGS,Good,MLST.ecoli_achtman_4.2567,PRJEB4681,United Kingdom,,2003.0,0,0,0,0,0,0,0,0,0,0
562.23057,Susceptible,WGS,Good,MLST.ecoli_achtman_4.38,PRJEB4681,United Kingdom,,2003.0,0,0,0,0,0,0,0,0,0,0
562.23058,Susceptible,WGS,Good,MLST.ecoli_achtman_4.69,PRJEB4681,United Kingdom,,2003.0,0,0,0,0,0,0,0,0,0,0
562.23059,Susceptible,WGS,Good,MLST.ecoli_achtman_4.127,PRJEB4681,United Kingdom,,2003.0,0,0,0,0,0,0,0,0,0,0
562.23060,Susceptible,WGS,Good,MLST.ecoli_achtman_4.69,PRJEB4681,United Kingdom,,2003.0,0,0,0,0,0,0,0,0,0,0
562.23061,Susceptible,WGS,Good,MLST.ecoli_achtman_4.131,PRJEB4681,United Kingdom,,2003.0,0,0,0,0,0,0,0,0,0,0
562.23062,Susceptible,WGS,Good,MLST.ecoli_achtman_4.95,PRJEB4681,United Kingdom,,2003.0,0,0,0,0,0,0,0,0,0,0
562.23063,Susceptible,WGS,Good,MLST.ecoli_achtman_4.117,PRJEB4681,United Kingdom,,2003.0,0,0,0,0,0,0,0,0,0,0
562.23064,Susceptible,WGS,Good,MLST.ecoli_achtman_4.5440,PRJEB4681,United Kingdom,,2003.0,0,0,0,0,0,0,0,0,0,0
562.23065,Susceptible,WGS,Good,MLST.ecoli_achtman_4.131,PRJEB4681,United Kingdom,,2003.0,1,1,1,0,0,0,0,0,0,0
562.23066,Resistant,WGS,Good,MLST.ecoli_achtman_4.131,PRJEB4681,United Kingdom,,2003.0,1,1,1,1,0,0,0,0,0,0
562.23067,Susceptible,WGS,Good,MLST.ecoli_achtman_4.405,PRJEB4681,United Kingdom,,2003.0,0,0,0,0,0,0,0,0,0,0
562.23068,Susceptible,WGS,Good,MLST.ecoli_achtman_4.131,PRJEB4681,United Kingdom,,2003.0,0,0,0,0,0,0,0,0,0,0
562.23069,Susceptible,WGS,Good,MLST.ecoli_achtman_4.73,PRJEB4681,United Kingdom,,2003.0,0,0,0,0,0,0,0,0,0,0
562.23070,Susceptible,WGS,Good,MLST.ecoli_achtman_4.12,PRJEB4681,United Kingdom,,2003.0,0,0,0,0,0,0,0,0,0,0
562.23071,Susceptible,WGS,Good,MLST.ecoli_achtman_4.73,PRJEB4681,United Kingdom,,2003.0,0,0,0,0,0,0,0,0,0,0
562.23072,Susceptible,WGS,Good,MLST.ecoli_achtman_4.73,PRJEB4681,United Kingdom,,2003.0,0,0,0,0,0,0,0,0,0,0
562.23073,Susceptible,WGS,Good,MLST.ecoli_achtman_4.12,PRJEB4681,United Kingdom,,2003.0,0,0,0,0,0,0,0,0,0,0
562.23074,Susceptible,WGS,Good,MLST.ecoli_achtman_4.131,PRJEB4681,United Kingdom,,2003.0,0,0,0,0,0,0,0,0,0,0
562.23075,Susceptible,WGS,Good,MLST.ecoli_achtman_4.95,PRJEB4681,United Kingdom,,2003.0,0,0,0,0,0,0,0,0,0,0
562.23076,Resistant,WGS,Good,MLST.ecoli_achtman_4.648,PRJEB4681,United Kingdom,,2003.0,1,1,1,1,0,0,0,0,0,0
562.23077,Susceptible,WGS,Good,MLST.ecoli_achtman_4.14,PRJEB4681,United Kingdom,,2003.0,0,0,0,0,0,0,0,0,0,0
562.23078,Resistant,WGS,Good,MLST.ecoli_achtman_4.393,PRJEB4681,United Kingdom,,2003.0,1,1,1,1,0,0,0,0,0,0
562.23079,Resistant,WGS,Good,MLST.ecoli_achtman_4.393,PRJEB4681,United Kingdom,,2003.0,1,1,1,1,0,0,0,0,0,0
562.23081,Susceptible,WGS,Good,MLST.ecoli_achtman_4.127,PRJEB4681,United Kingdom,,2003.0,0,0,0,0,0,0,0,0,0,0
562.23082,Susceptible,WGS,Good,MLST.ecoli_achtman_4.80,PRJEB4681,United Kingdom,,2003.0,0,0,0,0,0,0,0,0,0,0
562.23083,Susceptible,WGS,Good,MLST.ecoli_achtman_4.127,PRJEB4681,United Kingdom,,2003.0,0,0,0,0,0,0,0,0,0,0
562.23084,Susceptible,WGS,Good,MLST.ecoli_achtman_4.73,PRJEB4681,United Kingdom,,2003.0,0,0,0,0,0,0,0,0,0,0
562.23085,Susceptible,WGS,Good,MLST.ecoli_achtman_4.73,PRJEB4681,United Kingdom,,2003.0,0,0,0,0,0,0,0,0,0,0
562.23086,Susceptible,WGS,Good,MLST.ecoli_achtman_4.73,PRJEB4681,United Kingdom,,2003.0,0,0,0,0,0,0,0,0,0,0
562.23087,Susceptible,WGS,Good,MLST.ecoli_achtman_4.95,PRJEB4681,United Kingdom,,2003.0,0,0,0,0,0,0,0,0,0,0
562.23088,Susceptible,WGS,Good,MLST.ecoli_achtman_4.10,PRJEB4681,United Kingdom,,2003.0,0,0,0,0,0,0,0,0,0,0
562.23089,Susceptible,WGS,Good,MLST.ecoli_achtman_4.73,PRJEB4681,United Kingdom,,2004.0,0,0,0,0,0,0,0,0,0,0
562.23090,Susceptible,WGS,Good,MLST.ecoli_achtman_4.73,PRJEB4681,United Kingdom,,2004.0,0,0,0,0,0,0,0,0,0,0
562.23091,Susceptible,WGS,Good,MLST.ecoli_achtman_4.73,PRJEB4681,United Kingdom,,2004.0,0,0,0,0,0,0,0,0,0,0
562.23092,Susceptible,WGS,Good,MLST.ecoli_achtman_4.69,PRJEB4681,United Kingdom,,2004.0,0,0,0,0,0,0,0,0,0,0
562.23093,Susceptible,WGS,Good,MLST.ecoli_achtman_4.73,PRJEB4681,United Kingdom,,2004.0,0,0,0,0,0,0,0,0,0,0
562.23094,Susceptible,WGS,Good,MLST.ecoli_achtman_4.73,PRJEB4681,United Kingdom,,2004.0,0,0,0,0,0,0,0,0,0,0
562.23095,Resistant,WGS,Good,MLST.ecoli_achtman_4.127,PRJEB4681,United Kingdom,,2004.0,0,0,0,0,0,0,0,0,0,0
562.23096,Resistant,WGS,Good,MLST.ecoli_achtman_4.131,PRJEB4681,United Kingdom,,2004.0,1,1,1,1,0,0,0,0,0,0
562.23097,Susceptible,WGS,Good,MLST.ecoli_achtman_4.73,PRJEB4681,United Kingdom,,2004.0,0,0,0,0,0,0,0,0,0,0
562.23098,Resistant,WGS,Good,MLST.ecoli_achtman_4.393,PRJEB4681,United Kingdom,,2004.0,1,1,1,1,0,0,0,0,0,0
562.23099,Susceptible,WGS,Good,MLST.ecoli_achtman_4.95,PRJEB4681,United Kingdom,,2004.0,0,0,0,0,0,0,0,0,0,0
562.23100,Resistant,WGS,Good,MLST.ecoli_achtman_4.131,PRJEB4681,United Kingdom,,2004.0,1,1,1,1,0,0,0,0,0,0
562.23101,Susceptible,WGS,Good,MLST.ecoli_achtman_4.10,PRJEB4681,United Kingdom,,2004.0,0,0,0,0,0,0,0,0,0,0
562.23103,Susceptible,WGS,Good,MLST.ecoli_achtman_4.73,PRJEB4681,United Kingdom,,2004.0,0,0,0,0,0,0,0,0,0,0
562.23104,Susceptible,WGS,Good,MLST.ecoli_achtman_4.5609,PRJEB4681,United Kingdom,,2004.0,0,0,0,0,0,0,0,0,0,0
562.23105,Susceptible,WGS,Good,MLST.ecoli_achtman_4.144,PRJEB4681,United Kingdom,,2004.0,0,0,0,0,0,0,0,0,0,0
562.23106,Susceptible,WGS,Good,MLST.ecoli_achtman_4.537,PRJEB4681,United Kingdom,,2004.0,0,0,0,0,0,0,0,0,0,0
562.23107,Susceptible,WGS,Good,MLST.ecoli_achtman_4.73,PRJEB4681,United Kingdom,,2004.0,0,0,0,0,0,0,0,0,0,0
562.23108,Resistant,WGS,Good,MLST.ecoli_achtman_4.131,PRJEB4681,United Kingdom,,2004.0,1,1,1,1,0,0,0,0,0,0
562.23109,Susceptible,WGS,Good,MLST.ecoli_achtman_4.80,PRJEB4681,United Kingdom,,2004.0,0,0,0,0,0,0,0,0,0,0
562.23110,Susceptible,WGS,Good,MLST.ecoli_achtman_4.95,PRJEB4681,United Kingdom,,2004.0,0,0,0,0,0,0,0,0,0,0
562.23111,Susceptible,WGS,Good,MLST.ecoli_achtman_4.95,PRJEB4681,United Kingdom,,2004.0,0,0,0,0,0,0,0,0,0,0
562.23112,Susceptible,WGS,Good,MLST.ecoli_achtman_4.131,PRJEB4681,United Kingdom,,2004.0,1,1,1,0,0,0,0,0,0,0
562.23113,Susceptible,WGS,Good,MLST.ecoli_achtman_4.73,PRJEB4681,United Kingdom,,2004.0,0,0,0,0,0,0,0,0,0,0
562.23114,Susceptible,WGS,Good,MLST.ecoli_achtman_4.567,PRJEB4681,United Kingdom,,2004.0,0,0,0,0,0,0,0,0,0,0
562.23115,Susceptible,WGS,Good,MLST.ecoli_achtman_4.1604,PRJEB4681,United Kingdom,,2004.0,0,0,0,0,0,0,0,0,0,0
562.23116,Susceptible,WGS,Good,MLST.ecoli_achtman_4.69,PRJEB4681,United Kingdom,,2004.0,0,0,0,0,0,0,0,0,0,0
562.23117,Resistant,WGS,Good,MLST.ecoli_achtman_4.393,PRJEB4681,United Kingdom,,2004.0,1,1,1,1,0,0,0,0,0,0
562.23118,Susceptible,WGS,Good,MLST.ecoli_achtman_4.95,PRJEB4681,United Kingdom,,2004.0,0,0,0,0,0,0,0,0,0,0
562.23119,Susceptible,WGS,Good,MLST.ecoli_achtman_4.73,PRJEB4681,United Kingdom,,2004.0,0,0,0,0,0,0,0,0,0,0
562.23120,Susceptible,WGS,Good,MLST.ecoli_achtman_4.537,PRJEB4681,United Kingdom,,2004.0,0,0,0,0,0,0,0,0,0,0
562.23121,Susceptible,WGS,Good,MLST.ecoli_achtman_4.12,PRJEB4681,United Kingdom,,2004.0,0,0,0,0,0,0,0,0,0,0
562.23122,Susceptible,WGS,Good,MLST.ecoli_achtman_4.95,PRJEB4681,United Kingdom,,2004.0,0,0,0,0,0,0,0,0,0,0
562.23123,Susceptible,WGS,Good,MLST.ecoli_achtman_4.95,PRJEB4681,United Kingdom,,2004.0,0,0,0,0,0,0,0,0,0,0
562.23124,Susceptible,WGS,Good,MLST.ecoli_achtman_4.961,PRJEB4681,United Kingdom,,2004.0,0,0,0,0,0,0,0,0,0,0
562.23125,Susceptible,WGS,Good,MLST.ecoli_achtman_4.69,PRJEB4681,United Kingdom,,2004.0,0,0,0,0,0,0,0,0,0,0
562.23126,Susceptible,WGS,Good,MLST.ecoli_achtman_4.69,PRJEB4681,United Kingdom,,2004.0,0,0,0,0,0,0,0,0,0,0
562.23127,Susceptible,WGS,Good,MLST.ecoli_achtman_4.141,PRJEB4681,United Kingdom,,2004.0,0,0,0,0,0,0,0,0,0,0
562.23128,Susceptible,WGS,Good,MLST.ecoli_achtman_4.95,PRJEB4681,United Kingdom,,2004.0,0,0,0,0,0,0,0,0,0,0
562.23129,Resistant,WGS,Good,MLST.ecoli_achtman_4.393,PRJEB4681,United Kingdom,,2004.0,1,1,1,1,0,0,0,0,0,0
562.23130,Susceptible,WGS,Good,MLST.ecoli_achtman_4.10,PRJEB4681,United Kingdom,,2002.0,0,0,0,0,0,0,0,0,0,0
562.23131,Susceptible,WGS,Good,MLST.ecoli_achtman_4.2230,PRJEB4681,United Kingdom,,2002.0,0,0,0,0,0,0,0,0,0,0
562.23132,Susceptible,WGS,Good,MLST.ecoli_achtman_4.38,PRJEB4681,United Kingdom,,2002.0,1,1,1,0,0,0,0,0,0,0
562.23133,Susceptible,WGS,Good,MLST.ecoli_achtman_4.38,PRJEB4681,United Kingdom,,2003.0,1,1,1,0,0,0,0,0,0,0
562.23134,Resistant,WGS,Good,MLST.ecoli_achtman_4.167,PRJEB4681,United Kingdom,,2003.0,1,1,1,1,0,0,0,0,0,0
562.23135,Susceptible,WGS,Good,MLST.ecoli_achtman_4.88,PRJEB4681,United Kingdom,,2001.0,0,0,0,0,0,0,0,0,0,0
562.23136,Susceptible,WGS,Good,MLST.ecoli_achtman_4.73,PRJEB4681,United Kingdom,,2002.0,0,0,0,0,0,0,0,0,0,0
562.23137,Susceptible,WGS,Good,MLST.ecoli_achtman_4.12,PRJEB4681,United Kingdom,,2002.0,0,0,0,0,0,0,0,0,0,0
562.23138,Susceptible,WGS,Good,MLST.ecoli_achtman_4.1486,PRJEB4681,United Kingdom,,2002.0,0,0,0,0,0,0,0,0,0,0
562.23139,Susceptible,WGS,Good,MLST.ecoli_achtman_4.73,PRJEB4681,United Kingdom,,2002.0,0,0,0,0,0,0,0,0,0,0
562.23141,Resistant,WGS,Good,MLST.ecoli_achtman_4.539,PRJEB4681,United Kingdom,,2001.0,1,1,1,1,0,0,0,0,0,0
562.23143,Susceptible,WGS,Good,MLST.ecoli_achtman_4.95,PRJEB4681,United Kingdom,,2002.0,0,0,0,0,0,0,0,0,0,0
562.23144,Resistant,WGS,Good,MLST.ecoli_achtman_4.131,PRJEB4681,United Kingdom,,2003.0,1,1,1,1,0,0,0,0,0,1
562.23145,Susceptible,WGS,Good,MLST.ecoli_achtman_4.38,PRJEB4681,United Kingdom,,2003.0,0,0,0,0,0,0,0,0,0,0
562.23146,Susceptible,WGS,Good,MLST.ecoli_achtman_4.73,PRJEB4681,United Kingdom,,2003.0,0,0,0,0,0,0,0,0,0,0
562.23147,Susceptible,WGS,Good,MLST.ecoli_achtman_4.73,PRJEB4681,United Kingdom,,2003.0,0,0,0,0,0,0,0,0,0,0
562.23148,Susceptible,WGS,Good,MLST.ecoli_achtman_4.79,PRJEB4681,United Kingdom,,2003.0,1,1,1,0,0,0,0,0,0,0
562.23149,Susceptible,WGS,Good,MLST.ecoli_achtman_4.62,PRJEB4681,United Kingdom,,2003.0,0,0,0,0,0,0,0,0,0,0
562.23150,Susceptible,WGS,Good,MLST.ecoli_achtman_4.69,PRJEB4681,United Kingdom,,2003.0,0,0,0,0,0,0,0,0,0,0
562.23151,Susceptible,WGS,Good,MLST.ecoli_achtman_4.12,PRJEB4681,United Kingdom,,2003.0,0,0,0,0,0,0,0,0,0,0
562.23152,Susceptible,WGS,Good,MLST.ecoli_achtman_4.144,PRJEB4681,United Kingdom,,2002.0,0,0,0,0,0,0,0,0,0,0
562.23153,Susceptible,WGS,Good,MLST.ecoli_achtman_4.58,PRJEB4681,United Kingdom,,2004.0,0,0,0,0,0,0,0,0,0,0
562.23154,Susceptible,WGS,Good,MLST.ecoli_achtman_4.95,PRJEB4681,United Kingdom,,2004.0,0,0,0,0,0,0,0,0,0,0
562.23155,Susceptible,WGS,Good,MLST.ecoli_achtman_4.79,PRJEB4681,United Kingdom,,2004.0,0,0,0,0,0,0,0,0,0,0
562.23156,Susceptible,WGS,Good,MLST.ecoli_achtman_4.73,PRJEB4681,United Kingdom,,2005.0,0,0,0,0,0,0,0,0,0,0
562.23157,Susceptible,WGS,Good,MLST.ecoli_achtman_4.59,PRJEB4681,United Kingdom,,2004.0,0,0,0,0,0,0,0,0,0,0
562.23158,Susceptible,WGS,Good,MLST.ecoli_achtman_4.69,PRJEB4681,United Kingdom,,2005.0,0,0,0,0,0,0,0,0,0,0
562.23159,Resistant,WGS,Good,MLST.ecoli_achtman_4.131,PRJEB4681,United Kingdom,,2005.0,1,1,1,1,0,0,0,0,0,0
562.23160,Susceptible,WGS,Good,MLST.ecoli_achtman_4.73,PRJEB4681,United Kingdom,,2005.0,0,0,0,0,0,0,0,0,0,0
562.23161,Susceptible,WGS,Good,MLST.ecoli_achtman_4.73,PRJEB4681,United Kingdom,,2005.0,0,0,0,0,0,0,0,0,0,0
562.23162,Susceptible,WGS,Good,MLST.ecoli_achtman_4.73,PRJEB4681,United Kingdom,,2005.0,0,0,0,0,0,0,0,0,0,0
562.23163,Susceptible,WGS,Good,MLST.ecoli_achtman_4.48,PRJEB4681,United Kingdom,,2005.0,0,0,0,0,0,0,0,0,0,0
562.23164,Susceptible,WGS,Good,MLST.ecoli_achtman_4.2617,PRJEB4681,United Kingdom,,2005.0,0,0,0,0,0,0,0,0,0,0
562.23165,Susceptible,WGS,Good,MLST.ecoli_achtman_4.974,PRJEB4681,United Kingdom,,2005.0,0,0,0,0,0,0,0,0,0,0
562.23166,Susceptible,WGS,Good,MLST.ecoli_achtman_4.1431,PRJEB4681,United Kingdom,,2004.0,0,0,0,0,0,0,1,0,0,0
562.23167,Resistant,WGS,Good,MLST.ecoli_achtman_4.131,PRJEB4681,United Kingdom,,2004.0,1,1,1,1,0,0,0,0,0,0
562.23168,Susceptible,WGS,Good,MLST.ecoli_achtman_4.567,PRJEB4681,United Kingdom,,2004.0,0,0,0,0,0,0,0,0,0,0
562.23169,Susceptible,WGS,Good,MLST.ecoli_achtman_4.550,PRJEB4681,United Kingdom,,2004.0,0,0,0,0,0,0,0,0,0,0
562.23170,Resistant,WGS,Good,MLST.ecoli_achtman_4.393,PRJEB4681,United Kingdom,,2004.0,1,1,1,1,0,0,0,0,0,0
562.23172,Susceptible,WGS,Good,MLST.ecoli_achtman_4.131,PRJEB4681,United Kingdom,,2004.0,0,0,0,0,0,0,0,0,0,0
562.23173,Susceptible,WGS,Good,MLST.ecoli_achtman_4.62,PRJEB4681,United Kingdom,,2004.0,0,0,0,0,0,0,0,0,0,0
562.23174,Susceptible,WGS,Good,MLST.ecoli_achtman_4.12,PRJEB4681,United Kingdom,,2004.0,0,0,0,0,0,0,0,0,0,0
562.23175,Susceptible,WGS,Good,MLST.ecoli_achtman_4.144,PRJEB4681,United Kingdom,,2004.0,0,0,0,0,0,0,0,0,0,0
562.23176,Susceptible,WGS,Good,MLST.ecoli_achtman_4.62,PRJEB4681,United Kingdom,,2004.0,0,0,0,0,0,0,0,0,0,0
562.23177,Susceptible,WGS,Good,MLST.ecoli_achtman_4.117,PRJEB4681,United Kingdom,,2004.0,0,0,0,0,0,0,0,0,0,0
562.23178,Susceptible,WGS,Good,MLST.ecoli_achtman_4.349,PRJEB4681,United Kingdom,,2004.0,0,0,0,0,0,0,0,0,0,0
562.23179,Susceptible,WGS,Good,MLST.ecoli_achtman_4.141,PRJEB4681,United Kingdom,,2004.0,0,0,0,0,0,0,0,0,0,0
562.23180,Susceptible,WGS,Good,MLST.ecoli_achtman_4.421,PRJEB4681,United Kingdom,,2004.0,1,1,1,0,0,0,0,0,0,0
562.23181,Resistant,WGS,Good,MLST.ecoli_achtman_4.131,PRJEB4681,United Kingdom,,2004.0,1,1,1,1,0,0,0,0,0,0
562.23182,Susceptible,WGS,Good,MLST.ecoli_achtman_4.73,PRJEB4681,United Kingdom,,2004.0,0,0,0,0,0,0,0,0,0,0
562.23183,Susceptible,WGS,Good,MLST.ecoli_achtman_4.73,PRJEB4681,United Kingdom,,2004.0,0,0,0,0,0,0,0,0,0,0
562.23184,Susceptible,WGS,Good,MLST.ecoli_achtman_4.1946,PRJEB4681,United Kingdom,,2004.0,0,0,0,0,0,0,0,0,0,0
562.23185,Susceptible,WGS,Good,MLST.ecoli_achtman_4.95,PRJEB4681,United Kingdom,,2004.0,0,0,0,0,0,0,0,0,0,0
562.23187,Susceptible,WGS,Good,MLST.ecoli_achtman_4.73,PRJEB4681,United Kingdom,,2004.0,0,0,0,0,0,0,0,0,0,0
562.23188,Susceptible,WGS,Good,MLST.ecoli_achtman_4.12,PRJEB4681,United Kingdom,,2004.0,0,0,0,0,0,0,0,0,0,0
562.23189,Resistant,WGS,Good,MLST.ecoli_achtman_4.131,PRJEB4681,United Kingdom,,2004.0,1,1,1,1,0,0,0,0,0,1
562.23190,Susceptible,WGS,Good,MLST.ecoli_achtman_4.706,PRJEB4681,United Kingdom,,2004.0,0,0,0,0,0,0,0,0,0,0
562.23191,Resistant,WGS,Good,MLST.ecoli_achtman_4.131,PRJEB4681,United Kingdom,,2004.0,1,1,1,1,0,0,0,0,0,0
562.23192,Susceptible,WGS,Good,MLST.ecoli_achtman_4.95,PRJEB4681,United Kingdom,,2004.0,0,0,0,0,0,0,0,0,0,0
562.23193,Susceptible,WGS,Good,MLST.ecoli_achtman_4.95,PRJEB4681,United Kingdom,,2004.0,0,0,0,0,0,0,0,0,0,0
562.23194,Resistant,WGS,Good,MLST.ecoli_achtman_4.131,PRJEB4681,United Kingdom,,2004.0,1,1,1,1,0,0,0,0,0,1
562.23196,Susceptible,WGS,Good,MLST.ecoli_achtman_4.73,PRJEB4681,United Kingdom,,2004.0,0,0,0,0,0,0,0,0,0,0
562.23197,Susceptible,WGS,Good,MLST.ecoli_achtman_4.491,PRJEB4681,United Kingdom,,2004.0,0,0,0,0,0,0,0,0,0,0
562.23198,Susceptible,WGS,Good,MLST.ecoli_achtman_4.421,PRJEB4681,United Kingdom,,2004.0,1,1,1,0,0,0,0,0,0,0
562.23199,Resistant,WGS,Good,MLST.ecoli_achtman_4.131,PRJEB4681,United Kingdom,,2004.0,1,1,1,1,0,0,0,0,0,0
562.23200,Resistant,WGS,Good,MLST.ecoli_achtman_4.131,PRJEB4681,United Kingdom,,2004.0,1,1,1,1,0,0,0,0,0,1
562.23201,Susceptible,WGS,Good,MLST.ecoli_achtman_4.73,PRJEB4681,United Kingdom,,2004.0,0,0,0,0,0,0,0,0,0,0
562.23202,Susceptible,WGS,Good,MLST.ecoli_achtman_4.95,PRJEB4681,United Kingdom,,2004.0,0,0,0,0,0,0,0,0,0,0
562.23203,Susceptible,WGS,Good,MLST.ecoli_achtman_4.95,PRJEB4681,United Kingdom,,2004.0,0,0,0,0,0,0,0,0,0,0
562.23204,Susceptible,WGS,Good,MLST.ecoli_achtman_4.141,PRJEB4681,United Kingdom,,2004.0,0,0,0,0,0,0,0,0,0,0
562.23205,Resistant,WGS,Good,MLST.ecoli_achtman_4.38,PRJEB4681,United Kingdom,,2004.0,1,1,1,1,0,0,0,0,0,0
562.23206,Susceptible,WGS,Good,MLST.ecoli_achtman_4.23,PRJEB4681,United Kingdom,,2004.0,0,0,0,0,0,0,0,0,0,0
562.23207,Susceptible,WGS,Good,MLST.ecoli_achtman_4.144,PRJEB4681,United Kingdom,,2004.0,0,0,0,0,0,0,0,0,0,0
562.23208,Susceptible,WGS,Good,MLST.ecoli_achtman_4.2802,PRJEB4681,United Kingdom,,2004.0,0,0,0,0,0,0,0,0,0,0
562.23209,Susceptible,WGS,Good,MLST.ecoli_achtman_4.73,PRJEB4681,United Kingdom,,2004.0,0,0,0,0,0,0,0,0,0,0
562.23210,Susceptible,WGS,Good,MLST.ecoli_achtman_4.372,PRJEB4681,United Kingdom,,2004.0,0,0,0,0,0,0,0,0,0,0
562.23211,Susceptible,WGS,Good,MLST.ecoli_achtman_4.73,PRJEB4681,United Kingdom,,2004.0,0,0,0,0,0,0,0,0,0,0
562.23212,Resistant,WGS,Good,MLST.ecoli_achtman_4.131,PRJEB4681,United Kingdom,,2004.0,1,1,1,1,0,0,0,0,0,0
562.23213,Susceptible,WGS,Good,MLST.ecoli_achtman_4.73,PRJEB4681,United Kingdom,,2004.0,0,0,0,0,0,0,0,0,0,0
562.23214,Susceptible,WGS,Good,MLST.ecoli_achtman_4.73,PRJEB4681,United Kingdom,,2004.0,0,0,0,0,0,0,0,0,0,0
562.23215,Susceptible,WGS,Good,MLST.ecoli_achtman_4.83,PRJEB4681,United Kingdom,,2004.0,0,0,0,0,0,0,0,0,0,0
562.23216,Susceptible,WGS,Good,MLST.ecoli_achtman_4.652,PRJEB4681,United Kingdom,,2005.0,0,0,0,0,0,0,0,0,0,0
562.23217,Susceptible,WGS,Good,MLST.ecoli_achtman_4.95,PRJEB4681,United Kingdom,,2005.0,0,0,0,0,0,0,0,0,0,0
562.23218,Susceptible,WGS,Good,MLST.ecoli_achtman_4.73,PRJEB4681,United Kingdom,,2005.0,0,0,0,0,0,0,0,0,0,0
562.23219,Susceptible,WGS,Good,MLST.ecoli_achtman_4.73,PRJEB4681,United Kingdom,,2005.0,0,0,0,0,0,0,0,0,0,0
562.23220,Susceptible,WGS,Good,MLST.ecoli_achtman_4.1231,PRJEB4681,United Kingdom,,2005.0,0,0,0,0,0,0,0,0,0,0
562.23222,Susceptible,WGS,Good,MLST.ecoli_achtman_4.95,PRJEB4681,United Kingdom,,2005.0,0,0,0,0,0,0,0,0,0,0
562.23223,Susceptible,WGS,Good,MLST.ecoli_achtman_4.538,PRJEB4681,United Kingdom,,2005.0,0,0,0,0,0,0,0,0,0,0
562.23224,Susceptible,WGS,Good,MLST.ecoli_achtman_4.73,PRJEB4681,United Kingdom,,2005.0,0,0,0,0,0,0,0,0,0,0
562.23225,Susceptible,WGS,Good,MLST.ecoli_achtman_4.95,PRJEB4681,United Kingdom,,2005.0,0,0,0,0,0,0,0,0,0,0
562.23226,Resistant,WGS,Good,MLST.ecoli_achtman_4.131,PRJEB4681,United Kingdom,,2005.0,1,1,1,1,0,0,0,0,0,1
562.23227,Susceptible,WGS,Good,MLST.ecoli_achtman_4.73,PRJEB4681,United Kingdom,,2005.0,0,0,0,0,0,0,0,0,0,0
562.23228,Susceptible,WGS,Good,MLST.ecoli_achtman_4.14,PRJEB4681,United Kingdom,,2005.0,0,0,0,0,0,0,0,0,0,0
562.23229,Resistant,WGS,Good,MLST.ecoli_achtman_4.131,PRJEB4681,United Kingdom,,2005.0,1,1,1,1,0,0,0,0,0,1
562.23230,Susceptible,WGS,Good,MLST.ecoli_achtman_4.73,PRJEB4681,United Kingdom,,2005.0,0,0,0,0,0,0,0,0,0,0
562.23231,Resistant,WGS,Good,MLST.ecoli_achtman_4.131,PRJEB4681,United Kingdom,,2005.0,1,1,1,1,0,0,0,0,0,1
562.23232,Susceptible,WGS,Good,MLST.ecoli_achtman_4.295,PRJEB4681,United Kingdom,,2005.0,0,0,0,0,0,0,0,0,0,0
562.23233,Resistant,WGS,Good,MLST.ecoli_achtman_4.393,PRJEB4681,United Kingdom,,2003.0,1,1,1,1,0,0,0,0,0,0
562.23234,Susceptible,WGS,Good,MLST.ecoli_achtman_4.73,PRJEB4681,United Kingdom,,2005.0,0,0,0,0,0,0,0,0,0,0
562.23235,Susceptible,WGS,Good,MLST.ecoli_achtman_4.131,PRJEB4681,United Kingdom,,2005.0,0,0,0,0,0,0,0,0,0,0
562.23236,Susceptible,WGS,Good,MLST.ecoli_achtman_4.95,PRJEB4681,United Kingdom,,2005.0,0,0,0,0,0,0,0,0,0,0
562.23237,Susceptible,WGS,Good,MLST.ecoli_achtman_4.73,PRJEB4681,United Kingdom,,2005.0,0,0,0,0,0,0,0,0,0,0
562.23238,Susceptible,WGS,Good,MLST.ecoli_achtman_4.95,PRJEB4681,United Kingdom,,2005.0,0,0,0,0,0,0,0,0,0,0
562.23239,Resistant,WGS,Good,MLST.ecoli_achtman_4.131,PRJEB4681,United Kingdom,,2005.0,1,1,1,1,0,0,0,0,0,0
562.23240,Susceptible,WGS,Good,MLST.ecoli_achtman_4.95,PRJEB4681,United Kingdom,,2005.0,1,0,0,0,0,0,0,0,0,1
562.23241,Susceptible,WGS,Good,MLST.ecoli_achtman_4.73,PRJEB4681,United Kingdom,,2005.0,0,0,0,0,0,0,0,0,0,0
562.23242,Susceptible,WGS,Good,MLST.ecoli_achtman_4.95,PRJEB4681,United Kingdom,,2005.0,0,0,0,0,0,0,0,0,0,0
562.23243,Susceptible,WGS,Good,MLST.ecoli_achtman_4.73,PRJEB4681,United Kingdom,,2005.0,0,0,0,0,0,0,0,0,0,0
562.23244,Susceptible,WGS,Good,MLST.ecoli_achtman_4.73,PRJEB4681,United Kingdom,,2005.0,0,0,0,0,0,0,0,0,0,0
562.23245,Susceptible,WGS,Good,MLST.ecoli_achtman_4.62,PRJEB4681,United Kingdom,,2005.0,0,0,0,0,0,0,0,0,0,0
562.23246,Susceptible,WGS,Good,MLST.ecoli_achtman_4.69,PRJEB4681,United Kingdom,,2005.0,0,0,0,0,0,0,0,0,0,0
562.23247,Susceptible,WGS,Good,MLST.ecoli_achtman_4.73,PRJEB4681,United Kingdom,,2005.0,0,0,0,0,0,0,0,0,0,0
562.23248,Resistant,WGS,Good,MLST.ecoli_achtman_4.131,PRJEB4681,United Kingdom,,2005.0,1,1,1,1,0,0,0,0,0,0
562.23249,Susceptible,WGS,Good,MLST.ecoli_achtman_4.73,PRJEB4681,United Kingdom,,2005.0,0,0,0,0,0,0,0,0,0,0
562.23250,Susceptible,WGS,Good,MLST.ecoli_achtman_4.69,PRJEB4681,United Kingdom,,2005.0,0,0,0,0,0,0,0,0,0,0
562.23251,Susceptible,WGS,Good,MLST.ecoli_achtman_4.95,PRJEB4681,United Kingdom,,2005.0,0,0,0,0,0,0,0,0,0,0
562.23252,Susceptible,WGS,Good,MLST.ecoli_achtman_4.59,PRJEB4681,United Kingdom,,2005.0,0,0,0,0,0,0,0,0,0,0
562.23253,Susceptible,WGS,Good,MLST.ecoli_achtman_4.91,PRJEB4681,United Kingdom,,2005.0,0,0,0,0,0,0,0,0,0,0
562.23254,Susceptible,WGS,Good,MLST.ecoli_achtman_4.88,PRJEB4681,United Kingdom,,2005.0,0,0,0,0,0,0,0,0,0,0
562.23255,Resistant,WGS,Good,MLST.ecoli_achtman_4.648,PRJEB4681,United Kingdom,,2005.0,1,1,1,1,0,0,0,0,0,1
562.23256,Susceptible,WGS,Good,MLST.ecoli_achtman_4.62,PRJEB4681,United Kingdom,,2005.0,0,0,0,0,0,0,0,0,0,0
562.23257,Susceptible,WGS,Good,MLST.ecoli_achtman_4.95,PRJEB4681,United Kingdom,,2005.0,0,0,0,0,0,0,0,0,0,0
562.23258,Susceptible,WGS,Good,MLST.ecoli_achtman_4.58,PRJEB4681,United Kingdom,,2005.0,0,0,0,0,0,0,0,0,0,0
562.23259,Resistant,WGS,Good,MLST.ecoli_achtman_4.131,PRJEB4681,United Kingdom,,2005.0,1,1,1,1,0,0,0,0,0,0
562.23260,Susceptible,WGS,Good,MLST.ecoli_achtman_4.2272,PRJEB4681,United Kingdom,,2005.0,0,0,0,0,0,0,0,0,0,0
562.23261,Resistant,WGS,Good,MLST.ecoli_achtman_4.131,PRJEB4681,United Kingdom,,2005.0,1,1,1,1,0,0,0,0,0,0
562.23262,Susceptible,WGS,Good,MLST.ecoli_achtman_4.127,PRJEB4681,United Kingdom,,2005.0,0,0,0,0,0,0,0,0,0,0
562.23263,Susceptible,WGS,Good,MLST.ecoli_achtman_4.357,PRJEB4681,United Kingdom,,2005.0,0,0,0,0,0,0,0,0,0,0
562.23264,Susceptible,WGS,Good,MLST.ecoli_achtman_4.69,PRJEB4681,United Kingdom,,2005.0,0,0,0,0,0,0,0,0,0,0
562.23265,Susceptible,WGS,Good,MLST.ecoli_achtman_4.69,PRJEB4681,United Kingdom,,2005.0,0,0,0,0,0,0,0,0,0,0
562.23266,Susceptible,WGS,Good,MLST.ecoli_achtman_4.73,PRJEB4681,United Kingdom,,2005.0,0,0,0,0,0,0,0,0,0,0
562.23267,Susceptible,WGS,Good,MLST.ecoli_achtman_4.73,PRJEB4681,United Kingdom,,2005.0,0,0,0,0,0,0,0,0,0,0
562.23268,Susceptible,WGS,Good,MLST.ecoli_achtman_4.73,PRJEB4681,United Kingdom,,2005.0,0,0,0,0,0,0,0,0,0,0
562.23269,Susceptible,WGS,Good,MLST.ecoli_achtman_4.131,PRJEB4681,United Kingdom,,2005.0,0,0,0,0,0,0,0,0,0,0
562.23270,Susceptible,WGS,Good,MLST.ecoli_achtman_4.95,PRJEB4681,United Kingdom,,2005.0,0,0,0,0,0,0,0,0,0,0
562.23271,Susceptible,WGS,Good,MLST.ecoli_achtman_4.73,PRJEB4681,United Kingdom,,2005.0,0,0,0,0,0,0,0,0,0,0
562.23272,Resistant,WGS,Good,MLST.ecoli_achtman_4.533,PRJEB4681,United Kingdom,,2005.0,1,1,1,1,0,0,0,0,0,0
562.23273,Resistant,WGS,Good,MLST.ecoli_achtman_4.131,PRJEB4681,United Kingdom,,2005.0,1,1,1,1,0,0,0,0,0,1
562.23274,Susceptible,WGS,Good,MLST.ecoli_achtman_4.95,PRJEB4681,United Kingdom,,2005.0,0,0,0,0,0,0,0,0,0,0
562.23275,Susceptible,WGS,Good,MLST.ecoli_achtman_4.12,PRJEB4681,United Kingdom,,2005.0,0,0,0,0,0,0,0,0,0,0
562.23276,Susceptible,WGS,Good,MLST.ecoli_achtman_4.1057,PRJEB4681,United Kingdom,,2005.0,0,0,0,0,0,0,0,0,0,0
562.23277,Susceptible,WGS,Good,MLST.ecoli_achtman_4.14,PRJEB4681,United Kingdom,,2005.0,0,0,0,0,0,0,0,0,0,0
562.23278,Susceptible,WGS,Good,MLST.ecoli_achtman_4.69,PRJEB4681,United Kingdom,,2005.0,0,0,0,0,0,0,0,0,0,0
562.23279,Susceptible,WGS,Good,MLST.ecoli_achtman_4.69,PRJEB4681,United Kingdom,,2005.0,0,0,0,0,0,0,0,0,0,0
562.23280,Susceptible,WGS,Good,MLST.ecoli_achtman_4.95,PRJEB4681,United Kingdom,,2005.0,0,0,0,0,0,0,0,0,0,0
562.23281,Susceptible,WGS,Good,MLST.ecoli_achtman_4.23,PRJEB4681,United Kingdom,,2005.0,1,1,1,0,0,0,0,0,0,0
562.23282,Resistant,WGS,Good,MLST.ecoli_achtman_4.131,PRJEB4681,United Kingdom,,2005.0,1,1,1,1,0,0,0,0,0,1
562.23283,Susceptible,WGS,Good,MLST.ecoli_achtman_4.452,PRJEB4681,United Kingdom,,2005.0,1,1,1,0,0,0,0,0,0,0
562.23284,Resistant,WGS,Good,MLST.ecoli_achtman_4.131,PRJEB4681,United Kingdom,,2005.0,1,1,1,1,0,0,0,0,0,1
562.23285,Susceptible,WGS,Good,MLST.ecoli_achtman_4.131,PRJEB4681,United Kingdom,,2005.0,0,0,0,0,0,0,0,0,0,0
562.23286,Resistant,WGS,Good,MLST.ecoli_achtman_4.10,PRJEB4681,United Kingdom,,2005.0,1,1,1,1,0,0,0,0,0,1
562.23287,Resistant,WGS,Good,MLST.ecoli_achtman_4.38,PRJEB4681,United Kingdom,,2005.0,1,1,1,1,0,0,0,0,0,0
562.23288,Resistant,WGS,Good,MLST.ecoli_achtman_4.5648,PRJEB4681,United Kingdom,,2005.0,1,1,1,1,0,0,0,0,0,0
562.23289,Susceptible,WGS,Good,MLST.ecoli_achtman_4.95,PRJEB4681,United Kingdom,,2005.0,0,0,0,0,0,0,0,0,0,0
562.23290,Susceptible,WGS,Good,MLST.ecoli_achtman_4.5628,PRJEB4681,United Kingdom,,2005.0,0,0,0,0,0,0,0,0,0,0
562.23291,Susceptible,WGS,Good,MLST.ecoli_achtman_4.73,PRJEB4681,United Kingdom,,2005.0,0,0,0,0,0,0,0,0,0,0
562.23292,Susceptible,WGS,Good,MLST.ecoli_achtman_4.95,PRJEB4681,United Kingdom,,2005.0,0,0,0,0,0,0,0,0,0,0
562.23293,Susceptible,WGS,Good,MLST.ecoli_achtman_4.73,PRJEB4681,United Kingdom,,2005.0,0,0,0,0,0,0,0,0,0,0
562.23294,Susceptible,WGS,Good,MLST.ecoli_achtman_4.73,PRJEB4681,United Kingdom,,2005.0,0,0,0,0,0,0,0,0,0,0
562.23295,Susceptible,WGS,Good,MLST.ecoli_achtman_4.73,PRJEB4681,United Kingdom,,2005.0,0,0,0,0,0,0,0,0,0,0
562.23296,Susceptible,WGS,Good,MLST.ecoli_achtman_4.95,PRJEB4681,United Kingdom,,2005.0,0,0,0,0,0,0,0,0,0,0
562.23297,Susceptible,WGS,Good,MLST.ecoli_achtman_4.131,PRJEB4681,United Kingdom,,2005.0,0,0,0,0,0,0,0,0,0,0
562.23298,Susceptible,WGS,Good,MLST.ecoli_achtman_4.847,PRJEB4681,United Kingdom,,2006.0,0,0,0,0,0,0,0,0,0,0
562.23299,Susceptible,WGS,Good,MLST.ecoli_achtman_4.95,PRJEB4681,United Kingdom,,2006.0,0,0,0,0,0,0,0,0,0,0
562.23300,Susceptible,WGS,Good,MLST.ecoli_achtman_4.104,PRJEB4681,United Kingdom,,2006.0,0,0,0,0,0,0,0,0,0,0
562.23301,Susceptible,WGS,Good,MLST.ecoli_achtman_4.95,PRJEB4681,United Kingdom,,2006.0,1,1,1,0,0,0,0,0,0,0
562.23302,Susceptible,WGS,Good,MLST.ecoli_achtman_4.48,PRJEB4681,United Kingdom,,2006.0,0,0,0,0,0,0,0,0,0,0
562.23303,Susceptible,WGS,Good,MLST.ecoli_achtman_4.372,PRJEB4681,United Kingdom,,2006.0,0,0,0,0,0,0,0,0,0,0
562.23304,Susceptible,WGS,Good,MLST.ecoli_achtman_4.127,PRJEB4681,United Kingdom,,2006.0,0,0,0,0,0,0,0,0,0,0
562.23305,Resistant,WGS,Good,MLST.ecoli_achtman_4.131,PRJEB4681,United Kingdom,,2006.0,1,1,1,1,0,0,0,0,0,0
562.23306,Resistant,WGS,Good,MLST.ecoli_achtman_4.131,PRJEB4681,United Kingdom,,2006.0,1,1,1,1,0,0,0,0,0,1
562.23307,Resistant,WGS,Good,MLST.ecoli_achtman_4.131,PRJEB4681,United Kingdom,,2006.0,1,1,1,1,0,0,0,0,0,1
562.23308,Susceptible,WGS,Good,MLST.ecoli_achtman_4.73,PRJEB4681,United Kingdom,,2006.0,0,0,0,0,0,0,0,0,0,0
562.23309,Susceptible,WGS,Good,MLST.ecoli_achtman_4.73,PRJEB4681,United Kingdom,,2006.0,0,0,0,0,0,0,0,0,0,0
562.23310,Susceptible,WGS,Good,MLST.ecoli_achtman_4.73,PRJEB4681,United Kingdom,,2006.0,0,0,0,0,0,0,0,0,0,0
562.23311,Resistant,WGS,Good,MLST.ecoli_achtman_4.131,PRJEB4681,United Kingdom,,2006.0,1,1,1,1,0,0,0,0,0,1
562.23312,Susceptible,WGS,Good,MLST.ecoli_achtman_4.73,PRJEB4681,United Kingdom,,2006.0,0,0,0,0,0,0,0,0,0,0
562.23313,Susceptible,WGS,Good,MLST.ecoli_achtman_4.73,PRJEB4681,United Kingdom,,2006.0,0,0,0,0,0,0,0,0,0,0
562.23314,Resistant,WGS,Good,MLST.ecoli_achtman_4.5491,PRJEB4681,United Kingdom,,2006.0,1,1,1,1,0,0,0,0,0,1
562.23315,Susceptible,WGS,Good,MLST.ecoli_achtman_4.14,PRJEB4681,United Kingdom,,2006.0,0,0,0,0,0,0,0,0,0,0
562.23316,Susceptible,WGS,Good,MLST.ecoli_achtman_4.127,PRJEB4681,United Kingdom,,2006.0,0,0,0,0,0,0,0,0,0,0
562.23317,Resistant,WGS,Good,MLST.ecoli_achtman_4.410,PRJEB4681,United Kingdom,,2006.0,1,1,1,1,0,0,0,0,0,1
562.23318,Susceptible,WGS,Good,MLST.ecoli_achtman_4.357,PRJEB4681,United Kingdom,,2006.0,0,0,0,0,0,0,0,0,0,0
562.23319,Susceptible,WGS,Good,MLST.ecoli_achtman_4.95,PRJEB4681,United Kingdom,,2006.0,0,0,0,0,0,0,0,0,0,0
562.23320,Susceptible,WGS,Good,MLST.ecoli_achtman_4.127,PRJEB4681,United Kingdom,,2006.0,0,0,0,0,0,0,0,0,0,0
562.23321,Resistant,WGS,Good,MLST.ecoli_achtman_4.131,PRJEB4681,United Kingdom,,2006.0,1,1,1,1,0,0,0,0,0,0
562.23322,Susceptible,WGS,Good,MLST.ecoli_achtman_4.58,PRJEB4681,United Kingdom,,2006.0,0,0,0,0,0,0,0,0,0,0
562.23323,Susceptible,WGS,Good,MLST.ecoli_achtman_4.95,PRJEB4681,United Kingdom,,2006.0,0,0,0,0,0,0,0,0,0,0
562.23324,Susceptible,WGS,Good,MLST.ecoli_achtman_4.5425,PRJEB4681,United Kingdom,,2006.0,0,0,0,0,0,0,0,0,0,0
562.23325,Susceptible,WGS,Good,MLST.ecoli_achtman_4.5384,PRJEB4681,United Kingdom,,2006.0,0,0,0,0,0,0,0,0,0,0
562.23326,Susceptible,WGS,Good,MLST.ecoli_achtman_4.131,PRJEB4681,United Kingdom,,2007.0,0,0,0,0,0,0,0,0,0,0
562.23327,Susceptible,WGS,Good,MLST.ecoli_achtman_4.69,PRJEB4681,United Kingdom,,2006.0,0,0,0,0,0,0,0,0,0,0
562.23328,Susceptible,WGS,Good,MLST.ecoli_achtman_4.131,PRJEB4681,United Kingdom,,2007.0,0,0,0,0,0,0,0,0,0,0
562.23330,Resistant,WGS,Good,MLST.ecoli_achtman_4.57,PRJEB4681,United Kingdom,,2007.0,1,1,1,1,0,0,0,0,0,0
562.23331,Susceptible,WGS,Good,MLST.ecoli_achtman_4.95,PRJEB4681,United Kingdom,,2007.0,0,0,0,0,0,0,0,0,0,0
562.23332,Susceptible,WGS,Good,MLST.ecoli_achtman_4.62,PRJEB4681,United Kingdom,,2007.0,0,0,0,0,0,0,0,0,0,0
562.23333,Susceptible,WGS,Good,MLST.ecoli_achtman_4.95,PRJEB4681,United Kingdom,,2007.0,0,0,0,0,0,0,0,0,0,0
562.23334,Susceptible,WGS,Good,MLST.ecoli_achtman_4.73,PRJEB4681,United Kingdom,,2007.0,0,0,0,0,0,0,0,0,0,0
562.23335,Susceptible,WGS,Good,MLST.ecoli_achtman_4.95,PRJEB4681,United Kingdom,,2007.0,0,0,0,0,0,0,0,0,0,0
562.23336,Susceptible,WGS,Good,MLST.ecoli_achtman_4.131,PRJEB4681,United Kingdom,,2007.0,0,0,0,0,0,0,0,0,0,0
562.23337,Susceptible,WGS,Good,MLST.ecoli_achtman_4.416,PRJEB4681,United Kingdom,,2007.0,0,0,0,0,0,0,0,0,0,0
562.23338,Resistant,WGS,Good,MLST.ecoli_achtman_4.131,PRJEB4681,United Kingdom,,2007.0,1,1,1,1,0,0,0,0,0,0
562.23339,Susceptible,WGS,Good,MLST.ecoli_achtman_4.95,PRJEB4681,United Kingdom,,2007.0,0,0,0,0,0,0,0,0,0,0
562.23340,Susceptible,WGS,Good,MLST.ecoli_achtman_4.95,PRJEB4681,United Kingdom,,2007.0,0,0,0,0,0,0,0,0,0,0
562.23341,Susceptible,WGS,Good,MLST.ecoli_achtman_4.69,PRJEB4681,United Kingdom,,2007.0,0,0,0,0,0,0,0,0,0,0
562.23342,Susceptible,WGS,Good,MLST.ecoli_achtman_4.12,PRJEB4681,United Kingdom,,2007.0,1,1,1,0,0,0,0,0,0,0
562.23343,Susceptible,WGS,Good,MLST.ecoli_achtman_4.73,PRJEB4681,United Kingdom,,2007.0,0,0,0,0,0,0,0,0,0,0
562.23344,Resistant,WGS,Good,MLST.ecoli_achtman_4.357,PRJEB4681,United Kingdom,,2007.0,0,0,0,0,0,0,0,0,0,0
562.23346,Susceptible,WGS,Good,MLST.ecoli_achtman_4.429,PRJEB4681,United Kingdom,,2007.0,0,0,0,0,0,0,0,0,0,0
562.23347,Susceptible,WGS,Good,MLST.ecoli_achtman_4.131,PRJEB4681,United Kingdom,,2007.0,0,0,0,0,0,0,0,0,0,0
562.23348,Resistant,WGS,Good,MLST.ecoli_achtman_4.131,PRJEB4681,United Kingdom,,2007.0,1,1,1,1,0,0,0,0,0,0
562.23349,Susceptible,WGS,Good,MLST.ecoli_achtman_4.95,PRJEB4681,United Kingdom,,2007.0,0,0,0,0,0,0,0,0,0,0
562.23350,Susceptible,WGS,Good,MLST.ecoli_achtman_4.95,PRJEB4681,United Kingdom,,2007.0,0,0,0,0,0,0,0,0,0,0
562.23351,Resistant,WGS,Good,MLST.ecoli_achtman_4.131,PRJEB4681,United Kingdom,,2007.0,1,1,1,1,0,0,0,0,0,0
562.23352,Susceptible,WGS,Good,MLST.ecoli_achtman_4.95,PRJEB4681,United Kingdom,,2007.0,0,0,0,0,0,0,0,0,0,0
562.23353,Susceptible,WGS,Good,MLST.ecoli_achtman_4.58,PRJEB4681,United Kingdom,,2007.0,0,0,0,0,0,0,0,0,0,0
562.23354,Susceptible,WGS,Good,MLST.ecoli_achtman_4.372,PRJEB4681,United Kingdom,,2007.0,0,0,0,0,0,0,0,0,0,0
562.23355,Resistant,WGS,Good,MLST.ecoli_achtman_4.95,PRJEB4681,United Kingdom,,2007.0,1,1,1,0,0,0,0,0,0,0
562.23356,Resistant,WGS,Good,MLST.ecoli_achtman_4.405,PRJEB4681,United Kingdom,,2007.0,0,0,0,0,0,0,0,0,0,0
562.23358,Susceptible,WGS,Good,MLST.ecoli_achtman_4.73,PRJEB4681,United Kingdom,,2007.0,0,0,0,0,0,0,0,0,0,0
562.23359,Resistant,WGS,Good,MLST.ecoli_achtman_4.131,PRJEB4681,United Kingdom,,2007.0,1,1,1,1,0,0,0,0,0,1
562.23360,Susceptible,WGS,Good,MLST.ecoli_achtman_4.538,PRJEB4681,United Kingdom,,2007.0,0,0,0,0,0,0,0,0,0,0
562.23361,Susceptible,WGS,Good,MLST.ecoli_achtman_4.141,PRJEB4681,United Kingdom,,2007.0,0,0,0,0,0,0,0,0,0,0
562.23362,Susceptible,WGS,Good,MLST.ecoli_achtman_4.117,PRJEB4681,United Kingdom,,2007.0,0,0,0,0,0,0,0,0,0,0
562.23363,Susceptible,WGS,Good,MLST.ecoli_achtman_4.12,PRJEB4681,United Kingdom,,2006.0,0,0,0,0,0,0,0,0,0,0
562.23364,Susceptible,WGS,Good,MLST.ecoli_achtman_4.117,PRJEB4681,United Kingdom,,2007.0,0,0,0,0,0,0,0,0,0,0
562.23365,Resistant,WGS,Good,MLST.ecoli_achtman_4.131,PRJEB4681,United Kingdom,,2007.0,1,1,1,1,0,0,0,0,0,1
562.23366,Susceptible,WGS,Good,MLST.ecoli_achtman_4.1972,PRJEB4681,United Kingdom,,2007.0,0,0,0,0,0,0,0,0,0,0
562.23367,Resistant,WGS,Good,MLST.ecoli_achtman_4.354,PRJEB4681,United Kingdom,,2007.0,1,1,1,1,0,0,0,0,0,0
562.23368,Susceptible,WGS,Good,MLST.ecoli_achtman_4.5662,PRJEB4681,United Kingdom,,2007.0,0,0,0,0,0,0,0,0,0,0
562.23369,Resistant,WGS,Good,MLST.ecoli_achtman_4.167,PRJEB4681,United Kingdom,,2007.0,1,1,1,1,0,0,0,0,0,1
562.23370,Susceptible,WGS,Good,MLST.ecoli_achtman_4.69,PRJEB4681,United Kingdom,,2007.0,0,0,0,0,0,0,0,0,0,0
562.23371,Resistant,WGS,Good,MLST.ecoli_achtman_4.131,PRJEB4681,United Kingdom,,2009.0,1,1,1,1,0,0,0,0,0,0
562.23372,Susceptible,WGS,Good,MLST.ecoli_achtman_4.405,PRJEB4681,United Kingdom,,2006.0,0,0,0,0,0,0,0,0,0,0
562.23373,Resistant,WGS,Good,MLST.ecoli_achtman_4.393,PRJEB4681,United Kingdom,,2007.0,1,1,1,1,0,0,0,0,0,0
562.23374,Susceptible,WGS,Good,MLST.ecoli_achtman_4.5360,PRJEB4681,United Kingdom,,2007.0,0,0,0,0,0,0,0,0,0,0
562.23375,Resistant,WGS,Good,MLST.ecoli_achtman_4.131,PRJEB4681,United Kingdom,,2007.0,1,1,1,1,0,0,0,0,0,1
562.23376,Susceptible,WGS,Good,MLST.ecoli_achtman_4.95,PRJEB4681,United Kingdom,,2007.0,0,0,0,0,0,0,0,0,0,0
562.23377,Resistant,WGS,Good,MLST.ecoli_achtman_4.131,PRJEB4681,United Kingdom,,2007.0,1,1,1,1,0,0,0,0,0,1
562.23378,Susceptible,WGS,Good,MLST.ecoli_achtman_4.95,PRJEB4681,United Kingdom,,2007.0,0,0,0,0,0,0,0,0,0,0
562.23379,Susceptible,WGS,Good,MLST.ecoli_achtman_4.681,PRJEB4681,United Kingdom,,2007.0,0,0,0,0,0,0,0,0,0,0
562.23380,Susceptible,WGS,Good,MLST.ecoli_achtman_4.127,PRJEB4681,United Kingdom,,2007.0,0,0,0,0,0,0,0,0,0,0
562.23381,Susceptible,WGS,Good,MLST.ecoli_achtman_4.73,PRJEB4681,United Kingdom,,2007.0,0,0,0,0,0,0,0,0,0,0
562.23382,Susceptible,WGS,Good,MLST.ecoli_achtman_4.83,PRJEB4681,United Kingdom,,2007.0,0,0,0,0,0,0,0,0,0,0
562.23383,Susceptible,WGS,Good,MLST.ecoli_achtman_4.23,PRJEB4681,United Kingdom,,2007.0,0,0,0,0,0,0,0,0,0,0
562.23384,Resistant,WGS,Good,MLST.ecoli_achtman_4.648,PRJEB4681,United Kingdom,,2007.0,1,1,1,1,0,0,0,0,0,1
562.23385,Resistant,WGS,Good,MLST.ecoli_achtman_4.443,PRJEB4681,United Kingdom,,2008.0,1,1,1,1,0,0,0,0,0,0
562.23386,Susceptible,WGS,Good,MLST.ecoli_achtman_4.80,PRJEB4681,United Kingdom,,2008.0,0,0,0,0,0,0,0,0,0,0
562.23387,Resistant,WGS,Good,MLST.ecoli_achtman_4.393,PRJEB4681,United Kingdom,,2006.0,1,1,1,1,0,0,0,0,0,0
562.23388,Susceptible,WGS,Good,MLST.ecoli_achtman_4.1262,PRJEB4681,United Kingdom,,2009.0,0,0,0,0,0,0,0,0,0,0
562.23390,Susceptible,WGS,Good,MLST.ecoli_achtman_4.106,PRJEB4681,United Kingdom,,2008.0,0,0,0,1,0,0,0,0,0,0
562.23391,Resistant,WGS,Good,MLST.ecoli_achtman_4.405,PRJEB4681,United Kingdom,,2008.0,1,1,1,1,0,0,0,0,0,1
562.23392,Susceptible,WGS,Good,MLST.ecoli_achtman_4.12,PRJEB4681,United Kingdom,,2008.0,0,0,0,0,0,0,0,0,0,0
562.23393,Resistant,WGS,Good,MLST.ecoli_achtman_4.131,PRJEB4681,United Kingdom,,2007.0,1,1,1,1,0,0,0,0,0,0
562.23394,Susceptible,WGS,Good,MLST.ecoli_achtman_4.141,PRJEB4681,United Kingdom,,2008.0,0,0,0,0,0,0,0,0,0,0
562.23395,Resistant,WGS,Good,MLST.ecoli_achtman_4.131,PRJEB4681,United Kingdom,,2008.0,1,1,1,1,0,0,0,0,0,0
562.23396,Resistant,WGS,Good,MLST.ecoli_achtman_4.131,PRJEB4681,United Kingdom,,2008.0,1,1,1,1,0,0,0,0,0,1
562.23397,Susceptible,WGS,Good,MLST.ecoli_achtman_4.95,PRJEB4681,United Kingdom,,2008.0,0,0,0,0,0,0,0,0,0,0
562.23398,Resistant,WGS,Good,MLST.ecoli_achtman_4.131,PRJEB4681,United Kingdom,,2008.0,1,1,1,1,0,0,0,0,0,1
562.23399,Resistant,WGS,Good,MLST.ecoli_achtman_4.131,PRJEB4681,United Kingdom,,2009.0,1,1,1,1,0,0,0,0,0,0
562.23400,Susceptible,WGS,Good,MLST.ecoli_achtman_4.540,PRJEB4681,United Kingdom,,2009.0,0,0,0,0,0,0,0,0,0,0
562.23401,Susceptible,WGS,Good,MLST.ecoli_achtman_4.131,PRJEB4681,United Kingdom,,2009.0,1,1,1,0,0,0,0,0,0,0
562.23402,Susceptible,WGS,Good,MLST.ecoli_achtman_4.38,PRJEB4681,United Kingdom,,2008.0,0,0,0,0,0,0,0,0,0,0
562.23403,Resistant,WGS,Good,MLST.ecoli_achtman_4.131,PRJEB4681,United Kingdom,,2008.0,1,1,1,1,0,0,0,0,0,1
562.23405,Susceptible,WGS,Good,MLST.ecoli_achtman_4.131,PRJEB4681,United Kingdom,,2008.0,0,0,0,0,0,0,0,0,0,0
562.23406,Susceptible,WGS,Good,MLST.ecoli_achtman_4.349,PRJEB4681,United Kingdom,,2008.0,0,0,0,0,0,0,0,0,0,0
562.23407,Susceptible,WGS,Good,MLST.ecoli_achtman_4.357,PRJEB4681,United Kingdom,,2008.0,0,0,0,0,0,0,0,0,0,0
562.23408,Susceptible,WGS,Good,MLST.ecoli_achtman_4.12,PRJEB4681,United Kingdom,,2008.0,0,0,0,0,0,0,0,0,0,0
562.23409,Susceptible,WGS,Good,MLST.ecoli_achtman_4.127,PRJEB4681,United Kingdom,,2007.0,0,0,0,0,0,0,0,0,0,0
562.23410,Resistant,WGS,Good,MLST.ecoli_achtman_4.131,PRJEB4681,United Kingdom,,2007.0,1,1,1,1,0,0,0,0,0,0
562.23411,Susceptible,WGS,Good,MLST.ecoli_achtman_4.73,PRJEB4681,United Kingdom,,2008.0,0,0,0,0,0,0,0,0,0,0
562.23412,Susceptible,WGS,Good,MLST.ecoli_achtman_4.95,PRJEB4681,United Kingdom,,2008.0,0,0,0,0,0,0,0,0,0,0
562.23413,Resistant,WGS,Good,MLST.ecoli_achtman_4.131,PRJEB4681,United Kingdom,,2008.0,1,1,1,1,0,0,0,0,0,1
562.23414,Susceptible,WGS,Good,MLST.ecoli_achtman_4.421,PRJEB4681,United Kingdom,,2008.0,0,0,0,0,0,0,0,0,0,0
562.23415,Susceptible,WGS,Good,MLST.ecoli_achtman_4.5383,PRJEB4681,United Kingdom,,2008.0,1,1,1,0,0,0,0,0,0,0
562.23416,Susceptible,WGS,Good,MLST.ecoli_achtman_4.978,PRJEB4681,United Kingdom,,2008.0,0,0,0,0,0,0,0,0,0,0
562.23417,Susceptible,WGS,Good,MLST.ecoli_achtman_4.5425,PRJEB4681,United Kingdom,,2006.0,0,0,0,0,0,0,0,0,0,0
562.23418,Susceptible,WGS,Good,MLST.ecoli_achtman_4.73,PRJEB4681,United Kingdom,,2008.0,0,0,0,0,0,0,0,0,0,0
562.23419,Susceptible,WGS,Good,MLST.ecoli_achtman_4.144,PRJEB4681,United Kingdom,,2006.0,0,0,0,0,0,0,0,0,0,0
562.23420,Susceptible,WGS,Good,MLST.ecoli_achtman_4.69,PRJEB4681,United Kingdom,,2006.0,0,0,0,0,0,0,0,0,0,0
562.23421,Susceptible,WGS,Good,MLST.ecoli_achtman_4.73,PRJEB4681,United Kingdom,,2006.0,0,0,0,0,0,0,0,0,0,0
562.23422,Susceptible,WGS,Good,MLST.ecoli_achtman_4.73,PRJEB4681,United Kingdom,,2006.0,0,0,0,0,0,0,0,0,0,0
562.23423,Susceptible,WGS,Good,MLST.ecoli_achtman_4.73,PRJEB4681,United Kingdom,,2006.0,0,0,0,0,0,0,0,0,0,0
562.23424,Susceptible,WGS,Good,MLST.ecoli_achtman_4.357,PRJEB4681,United Kingdom,,2006.0,0,0,0,0,0,0,0,0,0,0
562.23425,Susceptible,WGS,Good,MLST.ecoli_achtman_4.14,PRJEB4681,United Kingdom,,2006.0,0,0,0,0,0,0,0,0,0,0
562.23426,Susceptible,WGS,Good,MLST.ecoli_achtman_4.73,PRJEB4681,United Kingdom,,2006.0,0,0,0,0,0,0,0,0,0,0
562.23427,Susceptible,WGS,Good,MLST.ecoli_achtman_4.1858,PRJEB4681,United Kingdom,,2006.0,0,0,0,0,0,0,0,0,0,0
562.23428,Resistant,WGS,Good,MLST.ecoli_achtman_4.131,PRJEB4681,United Kingdom,,2006.0,1,1,1,1,0,0,0,0,0,1
562.23429,Susceptible,WGS,Good,MLST.ecoli_achtman_4.1081,PRJEB4681,United Kingdom,,2006.0,0,0,0,0,0,0,0,0,0,0
562.23430,Susceptible,WGS,Good,MLST.ecoli_achtman_4.12,PRJEB4681,United Kingdom,,2006.0,0,0,0,0,0,0,0,0,0,0
562.23431,Susceptible,WGS,Good,MLST.ecoli_achtman_4.372,PRJEB4681,United Kingdom,,2006.0,0,0,0,0,0,0,0,0,0,0
562.23432,Susceptible,WGS,Good,MLST.ecoli_achtman_4.93,PRJEB4681,United Kingdom,,2006.0,0,0,0,0,0,0,0,0,0,0
562.23433,Susceptible,WGS,Good,MLST.ecoli_achtman_4.767,PRJEB4681,United Kingdom,,2006.0,0,0,0,0,0,0,0,0,0,0
562.23434,Resistant,WGS,Good,MLST.ecoli_achtman_4.393,PRJEB4681,United Kingdom,,2006.0,1,1,1,1,0,0,0,0,0,0
562.23435,Resistant,WGS,Good,MLST.ecoli_achtman_4.405,PRJEB4681,United Kingdom,,2007.0,1,1,1,1,0,0,0,0,0,1
562.23436,Susceptible,WGS,Good,MLST.ecoli_achtman_4.69,PRJEB4681,United Kingdom,,2006.0,0,0,0,0,0,0,0,0,0,0
562.23437,Susceptible,WGS,Good,MLST.ecoli_achtman_4.10,PRJEB4681,United Kingdom,,2007.0,0,0,0,0,0,0,0,0,0,0
562.23438,Susceptible,WGS,Good,MLST.ecoli_achtman_4.5363,PRJEB4681,United Kingdom,,2007.0,0,0,0,0,0,0,0,0,0,0
562.23439,Susceptible,WGS,Good,MLST.ecoli_achtman_4.1459,PRJEB4681,United Kingdom,,2006.0,0,0,0,0,0,0,0,0,0,0
562.23440,Susceptible,WGS,Good,MLST.ecoli_achtman_4.69,PRJEB4681,United Kingdom,,2006.0,0,0,0,0,0,0,0,0,0,0
562.23441,Susceptible,WGS,Good,MLST.ecoli_achtman_4.394,PRJEB4681,United Kingdom,,2006.0,0,0,0,0,0,0,0,0,0,0
562.23442,Susceptible,WGS,Good,MLST.ecoli_achtman_4.73,PRJEB4681,United Kingdom,,2007.0,0,0,0,0,0,0,0,0,0,0
562.23443,Susceptible,WGS,Good,MLST.ecoli_achtman_4.641,PRJEB4681,United Kingdom,,2006.0,0,0,0,0,0,0,0,0,0,0
562.23444,Susceptible,WGS,Good,MLST.ecoli_achtman_4.95,PRJEB4681,United Kingdom,,2007.0,0,0,0,0,0,0,0,0,0,0
562.23445,Susceptible,WGS,Good,MLST.ecoli_achtman_4.95,PRJEB4681,United Kingdom,,2006.0,0,0,0,0,0,0,0,0,0,0
562.23446,Susceptible,WGS,Good,MLST.ecoli_achtman_4.80,PRJEB4681,United Kingdom,,2006.0,0,0,0,0,0,0,0,0,0,0
562.23447,Susceptible,WGS,Good,MLST.ecoli_achtman_4.648,PRJEB4681,United Kingdom,,2006.0,1,1,1,0,0,0,0,0,0,0
562.23448,Susceptible,WGS,Good,MLST.ecoli_achtman_4.38,PRJEB4681,United Kingdom,,2006.0,0,0,0,0,0,0,0,0,0,0
562.23449,Susceptible,WGS,Good,MLST.ecoli_achtman_4.416,PRJEB4681,United Kingdom,,2006.0,0,0,0,0,0,0,0,0,0,0
562.23450,Susceptible,WGS,Good,MLST.ecoli_achtman_4.405,PRJEB4681,United Kingdom,,2007.0,0,0,0,0,0,0,0,0,0,0
562.23451,Resistant,WGS,Good,MLST.ecoli_achtman_4.131,PRJEB4681,United Kingdom,,2006.0,1,1,1,1,0,0,0,0,0,1
562.23452,Resistant,WGS,Good,MLST.ecoli_achtman_4.10,PRJEB4681,United Kingdom,,2006.0,1,1,1,1,0,0,0,0,0,0
562.23453,Susceptible,WGS,Good,MLST.ecoli_achtman_4.5614,PRJEB4681,United Kingdom,,2006.0,0,0,0,0,0,0,0,0,0,0
562.23454,Resistant,WGS,Good,MLST.ecoli_achtman_4.131,PRJEB4681,United Kingdom,,2006.0,1,1,1,1,0,0,0,0,0,1
562.23455,Susceptible,WGS,Good,MLST.ecoli_achtman_4.998,PRJEB4681,United Kingdom,,2006.0,0,0,0,0,0,0,0,0,0,0
562.23456,Susceptible,WGS,Good,MLST.ecoli_achtman_4.131,PRJEB4681,United Kingdom,,2007.0,0,0,0,0,0,0,0,0,0,0
562.23457,Resistant,WGS,Good,MLST.ecoli_achtman_4.131,PRJEB4681,United Kingdom,,2006.0,1,1,1,1,0,0,0,0,0,1
562.23458,Resistant,WGS,Good,MLST.ecoli_achtman_4.131,PRJEB4681,United Kingdom,,2006.0,1,1,1,1,0,0,0,0,0,1
562.23459,Susceptible,WGS,Good,MLST.ecoli_achtman_4.73,PRJEB4681,United Kingdom,,2007.0,0,0,0,0,0,0,0,0,0,0
562.23460,Susceptible,WGS,Good,MLST.ecoli_achtman_4.95,PRJEB4681,United Kingdom,,2006.0,0,0,0,0,0,0,0,0,0,0
562.23461,Resistant,WGS,Good,MLST.ecoli_achtman_4.131,PRJEB4681,United Kingdom,,2006.0,1,1,1,1,0,0,0,0,0,1
562.23462,Resistant,WGS,Good,MLST.ecoli_achtman_4.393,PRJEB4681,United Kingdom,,2007.0,1,1,1,1,0,0,0,0,0,0
562.23463,Resistant,WGS,Good,MLST.ecoli_achtman_4.131,PRJEB4681,United Kingdom,,2006.0,1,1,1,1,0,0,0,0,0,1
562.23464,Susceptible,WGS,Good,MLST.ecoli_achtman_4.73,PRJEB4681,United Kingdom,,2006.0,0,0,0,0,0,0,0,0,0,0
562.23465,Susceptible,WGS,Good,MLST.ecoli_achtman_4.88,PRJEB4681,United Kingdom,,2007.0,0,0,0,0,0,0,0,0,0,0
562.23466,Susceptible,WGS,Good,MLST.ecoli_achtman_4.95,PRJEB4681,United Kingdom,,2006.0,0,0,0,0,0,0,0,0,0,0
562.23467,Susceptible,WGS,Good,MLST.ecoli_achtman_4.69,PRJEB4681,United Kingdom,,2006.0,0,0,0,0,0,0,0,0,0,0
562.23468,Susceptible,WGS,Good,MLST.ecoli_achtman_4.367,PRJEB4681,United Kingdom,,2006.0,0,0,0,0,0,0,0,0,0,0
562.23469,Susceptible,WGS,Good,MLST.ecoli_achtman_4.12,PRJEB4681,United Kingdom,,2006.0,1,1,1,0,0,0,0,0,0,0
562.23470,Resistant,WGS,Good,MLST.ecoli_achtman_4.964,PRJEB4681,United Kingdom,,2006.0,1,1,1,1,0,0,0,0,0,0
562.23471,Susceptible,WGS,Good,MLST.ecoli_achtman_4.73,PRJEB4681,United Kingdom,,2006.0,0,0,0,0,0,0,0,0,0,0
562.23472,Susceptible,WGS,Good,MLST.ecoli_achtman_4.10,PRJEB4681,United Kingdom,,2006.0,0,0,0,0,0,0,0,0,0,0
562.23473,Susceptible,WGS,Good,MLST.ecoli_achtman_4.69,PRJEB4681,United Kingdom,,2007.0,0,0,0,0,0,0,0,0,0,0
562.23474,Resistant,WGS,Good,MLST.ecoli_achtman_4.131,PRJEB4681,United Kingdom,,2006.0,1,1,1,1,0,0,0,0,0,0
562.23475,Susceptible,WGS,Good,MLST.ecoli_achtman_4.12,PRJEB4681,United Kingdom,,2006.0,0,0,0,0,0,0,0,0,0,0
562.23476,Susceptible,WGS,Good,MLST.ecoli_achtman_4.10,PRJEB4681,United Kingdom,,2007.0,0,0,0,0,0,0,0,0,0,0
562.23477,Susceptible,WGS,Good,MLST.ecoli_achtman_4.10,PRJEB4681,United Kingdom,,2007.0,0,0,0,0,0,0,0,0,0,0
562.23478,Resistant,WGS,Good,MLST.ecoli_achtman_4.131,PRJEB4681,United Kingdom,,2006.0,1,1,1,1,0,0,0,0,0,0
562.23479,Susceptible,WGS,Good,MLST.ecoli_achtman_4.95,PRJEB4681,United Kingdom,,2006.0,0,0,0,0,0,0,0,0,0,0
562.23480,Resistant,WGS,Good,MLST.ecoli_achtman_4.131,PRJEB4681,United Kingdom,,2006.0,1,1,1,1,0,0,0,0,0,0
562.23481,Resistant,WGS,Good,MLST.ecoli_achtman_4.648,PRJEB4681,United Kingdom,,2006.0,1,1,1,1,0,0,0,0,0,0
562.23482,Susceptible,WGS,Good,MLST.ecoli_achtman_4.12,PRJEB4681,United Kingdom,,2006.0,0,0,0,0,0,0,0,0,0,0
562.23483,Susceptible,WGS,Good,MLST.ecoli_achtman_4.131,PRJEB4681,United Kingdom,,2006.0,0,0,0,0,0,0,0,0,0,0
562.23484,Susceptible,WGS,Good,MLST.ecoli_achtman_4.69,PRJEB4681,United Kingdom,,2006.0,0,0,0,0,0,0,0,0,0,0
562.23485,Susceptible,WGS,Good,MLST.ecoli_achtman_4.12,PRJEB4681,United Kingdom,,2007.0,0,0,0,0,0,0,0,0,0,0
562.23486,Resistant,WGS,Good,MLST.ecoli_achtman_4.393,PRJEB4681,United Kingdom,,2007.0,1,1,1,1,0,0,0,0,0,0
562.23487,Resistant,WGS,Good,MLST.ecoli_achtman_4.131,PRJEB4681,United Kingdom,,2007.0,1,1,1,1,0,0,0,0,0,1
562.23488,Resistant,WGS,Good,MLST.ecoli_achtman_4.131,PRJEB4681,United Kingdom,,2007.0,1,1,1,1,0,0,0,0,0,1
562.23489,Susceptible,WGS,Good,MLST.ecoli_achtman_4.73,PRJEB4681,United Kingdom,,2007.0,0,0,0,0,0,0,0,0,0,0
562.23490,Susceptible,WGS,Good,MLST.ecoli_achtman_4.348,PRJEB4681,United Kingdom,,2007.0,0,0,0,0,0,0,0,0,0,0
562.23491,Susceptible,WGS,Good,MLST.ecoli_achtman_4.88,PRJEB4681,United Kingdom,,2007.0,0,0,0,0,0,0,0,0,0,0
562.23492,Susceptible,WGS,Good,MLST.ecoli_achtman_4.5360,PRJEB4681,United Kingdom,,2006.0,0,0,0,0,0,0,0,0,0,0
562.23493,Susceptible,WGS,Good,MLST.ecoli_achtman_4.131,PRJEB4681,United Kingdom,,2006.0,0,0,0,0,0,0,0,0,0,0
562.23494,Resistant,WGS,Good,MLST.ecoli_achtman_4.405,PRJEB4681,United Kingdom,,2006.0,1,1,1,1,0,0,0,0,0,1
562.23495,Susceptible,WGS,Good,MLST.ecoli_achtman_4.14,PRJEB4681,United Kingdom,,2006.0,0,0,0,0,0,0,0,0,0,0
562.23496,Susceptible,WGS,Good,MLST.ecoli_achtman_4.95,PRJEB4681,United Kingdom,,2006.0,0,0,0,0,0,0,0,0,0,0
562.23497,Susceptible,WGS,Good,MLST.ecoli_achtman_4.115,PRJEB4681,United Kingdom,,2006.0,0,0,0,0,0,0,0,0,0,0
562.23498,Susceptible,WGS,Good,MLST.ecoli_achtman_4.73,PRJEB4681,United Kingdom,,2006.0,0,0,0,0,0,0,0,0,0,0
562.23499,Resistant,WGS,Good,MLST.ecoli_achtman_4.648,PRJEB4681,United Kingdom,,2006.0,1,1,1,1,0,0,0,0,0,0
562.23500,Susceptible,WGS,Good,MLST.ecoli_achtman_4.14,PRJEB4681,United Kingdom,,2007.0,0,0,0,0,0,0,0,0,0,0
562.23501,Resistant,WGS,Good,MLST.ecoli_achtman_4.131,PRJEB4681,United Kingdom,,2006.0,1,1,1,1,0,0,0,0,0,1
562.23502,Susceptible,WGS,Good,MLST.ecoli_achtman_4.73,PRJEB4681,United Kingdom,,2008.0,0,0,0,0,0,0,0,0,0,0
562.23503,Susceptible,WGS,Good,MLST.ecoli_achtman_4.69,PRJEB4681,United Kingdom,,2008.0,0,0,0,0,0,0,0,0,0,0
562.23504,Susceptible,WGS,Good,MLST.ecoli_achtman_4.59,PRJEB4681,United Kingdom,,2008.0,0,0,0,0,0,0,0,0,0,0
562.23505,Resistant,WGS,Good,MLST.ecoli_achtman_4.131,PRJEB4681,United Kingdom,,2008.0,1,1,1,1,0,0,0,0,0,1
562.23506,Susceptible,WGS,Good,MLST.ecoli_achtman_4.95,PRJEB4681,United Kingdom,,2008.0,0,0,0,0,0,0,0,0,0,0
562.23507,Resistant,WGS,Good,MLST.ecoli_achtman_4.393,PRJEB4681,United Kingdom,,2009.0,1,1,1,1,0,0,0,0,0,0
562.23508,Resistant,WGS,Good,MLST.ecoli_achtman_4.131,PRJEB4681,United Kingdom,,2009.0,1,1,1,1,0,0,0,0,0,0
562.23509,Susceptible,WGS,Good,MLST.ecoli_achtman_4.131,PRJEB4681,United Kingdom,,2008.0,0,0,0,0,0,0,0,0,0,0
562.23510,Susceptible,WGS,Good,MLST.ecoli_achtman_4.10,PRJEB4681,United Kingdom,,2008.0,0,0,0,0,0,0,0,0,0,0
562.23511,Susceptible,WGS,Good,MLST.ecoli_achtman_4.10,PRJEB4681,United Kingdom,,2008.0,0,0,0,0,0,0,0,0,0,0
562.23512,Susceptible,WGS,Good,MLST.ecoli_achtman_4.95,PRJEB4681,United Kingdom,,2008.0,0,0,0,0,0,0,0,0,0,0
562.23513,Susceptible,WGS,Good,MLST.ecoli_achtman_4.73,PRJEB4681,United Kingdom,,2008.0,0,0,0,0,0,0,0,0,0,0
562.23514,Susceptible,WGS,Good,MLST.ecoli_achtman_4.93,PRJEB4681,United Kingdom,,2008.0,0,0,0,0,0,0,0,0,0,0
562.23515,Susceptible,WGS,Good,MLST.ecoli_achtman_4.5470,PRJEB4681,United Kingdom,,2008.0,0,0,0,0,0,0,0,0,0,0
562.23516,Susceptible,WGS,Good,MLST.ecoli_achtman_4.95,PRJEB4681,United Kingdom,,2008.0,0,0,0,0,0,0,0,0,0,0
562.23517,Susceptible,WGS,Good,MLST.ecoli_achtman_4.95,PRJEB4681,United Kingdom,,2007.0,0,0,0,0,0,0,0,0,0,0
562.23518,Susceptible,WGS,Good,MLST.ecoli_achtman_4.421,PRJEB4681,United Kingdom,,2008.0,0,0,0,0,0,0,0,0,0,0
562.23519,Susceptible,WGS,Good,MLST.ecoli_achtman_4.95,PRJEB4681,United Kingdom,,2008.0,0,0,0,0,0,0,0,0,0,0
562.23520,Susceptible,WGS,Good,MLST.ecoli_achtman_4.362,PRJEB4681,United Kingdom,,2008.0,0,0,0,0,0,0,0,0,0,0
562.23521,Susceptible,WGS,Good,MLST.ecoli_achtman_4.106,PRJEB4681,United Kingdom,,2008.0,0,0,0,1,0,0,0,0,0,0
562.23522,Susceptible,WGS,Good,MLST.ecoli_achtman_4.569,PRJEB4681,United Kingdom,,2008.0,0,0,0,0,0,0,0,0,0,0
562.23523,Susceptible,WGS,Good,MLST.ecoli_achtman_4.73,PRJEB4681,United Kingdom,,2008.0,0,0,0,0,0,0,0,0,0,0
562.23524,Susceptible,WGS,Good,MLST.ecoli_achtman_4.58,PRJEB4681,United Kingdom,,2008.0,0,0,0,0,0,0,0,0,0,0
562.23525,Susceptible,WGS,Good,MLST.ecoli_achtman_4.69,PRJEB4681,United Kingdom,,2008.0,0,0,0,0,0,0,0,0,0,0
562.23526,Susceptible,WGS,Good,MLST.ecoli_achtman_4.73,PRJEB4681,United Kingdom,,2008.0,0,0,0,0,0,0,0,0,0,0
562.23527,Susceptible,WGS,Good,MLST.ecoli_achtman_4.95,PRJEB4681,United Kingdom,,2008.0,0,0,0,0,0,0,0,0,0,0
562.23528,Susceptible,WGS,Good,MLST.ecoli_achtman_4.648,PRJEB4681,United Kingdom,,2008.0,1,1,1,0,0,0,0,0,0,0
562.23529,Susceptible,WGS,Good,MLST.ecoli_achtman_4.88,PRJEB4681,United Kingdom,,2008.0,1,1,1,0,0,0,0,0,0,0
562.23530,Resistant,WGS,Good,MLST.ecoli_achtman_4.393,PRJEB4681,United Kingdom,,2006.0,1,1,1,1,0,0,0,0,0,0
562.23531,Susceptible,WGS,Good,MLST.ecoli_achtman_4.124,PRJEB4681,United Kingdom,,2006.0,0,0,0,0,0,0,0,0,0,0
562.23532,Resistant,WGS,Good,MLST.ecoli_achtman_4.131,PRJEB4681,United Kingdom,,2006.0,1,1,1,1,0,0,0,0,0,1
562.23533,Susceptible,WGS,Good,MLST.ecoli_achtman_4.73,PRJEB4681,United Kingdom,,2008.0,0,0,0,0,0,0,0,0,0,0
562.23534,Susceptible,WGS,Good,MLST.ecoli_achtman_4.73,PRJEB4681,United Kingdom,,2008.0,0,0,0,0,0,0,0,0,0,0
562.23535,Susceptible,WGS,Good,MLST.ecoli_achtman_4.393,PRJEB4681,United Kingdom,,2008.0,1,1,1,1,0,0,0,0,0,0
562.23536,Susceptible,WGS,Good,MLST.ecoli_achtman_4.973,PRJEB4681,United Kingdom,,2008.0,0,0,0,0,0,0,0,0,0,0
562.23537,Susceptible,WGS,Good,MLST.ecoli_achtman_4.141,PRJEB4681,United Kingdom,,2008.0,0,0,0,0,0,0,0,0,0,0
562.23538,Susceptible,WGS,Good,MLST.ecoli_achtman_4.69,PRJEB4681,United Kingdom,,2008.0,0,0,0,0,0,0,0,0,0,0
562.23539,Resistant,WGS,Good,MLST.ecoli_achtman_4.131,PRJEB4681,United Kingdom,,2008.0,1,1,1,1,0,0,0,0,0,0
562.23540,Susceptible,WGS,Good,MLST.ecoli_achtman_4.5604,PRJEB4681,United Kingdom,,2009.0,0,0,0,0,0,0,0,0,0,0
562.23542,Resistant,WGS,Good,MLST.ecoli_achtman_4.131,PRJEB4681,United Kingdom,,2008.0,1,1,1,1,0,0,0,0,0,0
562.23543,Susceptible,WGS,Good,MLST.ecoli_achtman_4.38,PRJEB4681,United Kingdom,,2008.0,1,1,1,0,0,0,0,0,0,0
562.23544,Susceptible,WGS,Good,MLST.ecoli_achtman_4.12,PRJEB4681,United Kingdom,,2008.0,0,0,0,0,0,0,0,0,0,0
562.23545,Susceptible,WGS,Good,MLST.ecoli_achtman_4.12,PRJEB4681,United Kingdom,,2008.0,0,0,0,0,0,0,0,0,0,0
562.23546,Susceptible,WGS,Good,MLST.ecoli_achtman_4.73,PRJEB4681,United Kingdom,,2008.0,0,0,0,0,0,0,0,0,0,0
562.23547,Susceptible,WGS,Good,MLST.ecoli_achtman_4.144,PRJEB4681,United Kingdom,,2007.0,0,0,0,0,0,0,0,0,0,0
562.23549,Susceptible,WGS,Good,MLST.ecoli_achtman_4.127,PRJEB4681,United Kingdom,,2009.0,0,0,0,0,0,0,0,0,0,0
562.23550,Susceptible,WGS,Good,MLST.ecoli_achtman_4.405,PRJEB4681,United Kingdom,,2009.0,0,0,0,0,0,0,0,0,0,0
562.23551,Resistant,WGS,Good,MLST.ecoli_achtman_4.131,PRJEB4681,United Kingdom,,2009.0,1,1,1,1,0,0,0,0,0,1
562.23552,Susceptible,WGS,Good,MLST.ecoli_achtman_4.1231,PRJEB4681,United Kingdom,,2006.0,0,0,0,0,0,0,0,0,0,0
562.23553,Resistant,WGS,Good,MLST.ecoli_achtman_4.393,PRJEB4681,United Kingdom,,2006.0,1,1,1,1,0,0,0,0,0,0
562.23554,Susceptible,WGS,Good,MLST.ecoli_achtman_4.23,PRJEB4681,United Kingdom,,2006.0,0,0,0,0,0,0,0,0,0,0
562.23555,Susceptible,WGS,Good,MLST.ecoli_achtman_4.10,PRJEB4681,United Kingdom,,2007.0,0,0,0,0,0,0,0,0,0,0
562.23556,Susceptible,WGS,Good,MLST.ecoli_achtman_4.73,PRJEB4681,United Kingdom,,2008.0,0,0,0,0,0,0,0,0,0,0
562.23557,Susceptible,WGS,Good,MLST.ecoli_achtman_4.538,PRJEB4681,United Kingdom,,2008.0,0,0,0,0,0,0,0,0,0,0
562.23558,Resistant,WGS,Good,MLST.ecoli_achtman_4.131,PRJEB4681,United Kingdom,,2008.0,1,1,1,1,0,0,0,0,0,1
562.23559,Susceptible,WGS,Good,MLST.ecoli_achtman_4.62,PRJEB4681,United Kingdom,,2008.0,0,0,0,0,0,0,0,0,0,0
562.23560,Susceptible,WGS,Good,MLST.ecoli_achtman_4.73,PRJEB4681,United Kingdom,,2008.0,0,0,0,0,0,0,0,0,0,0
562.23561,Susceptible,WGS,Good,MLST.ecoli_achtman_4.73,PRJEB4681,United Kingdom,,2008.0,0,0,0,0,0,0,0,0,0,0
562.23562,Susceptible,WGS,Good,MLST.ecoli_achtman_4.393,PRJEB4681,United Kingdom,,2008.0,0,0,0,1,0,0,0,0,0,0
562.23563,Susceptible,WGS,Good,MLST.ecoli_achtman_4.73,PRJEB4681,United Kingdom,,2007.0,0,0,0,0,0,0,0,0,0,0
562.23564,Susceptible,WGS,Good,MLST.ecoli_achtman_4.95,PRJEB4681,United Kingdom,,2009.0,1,1,1,0,0,0,0,0,0,0
562.23565,Susceptible,WGS,Good,MLST.ecoli_achtman_4.131,PRJEB4681,United Kingdom,,2009.0,1,1,1,0,0,0,0,0,0,0
562.23566,Resistant,WGS,Good,MLST.ecoli_achtman_4.131,PRJEB4681,United Kingdom,,2009.0,1,1,1,1,0,0,0,0,0,0
562.23567,Susceptible,WGS,Good,MLST.ecoli_achtman_4.131,PRJEB4681,United Kingdom,,2009.0,1,1,1,0,0,0,0,0,0,0
562.23568,Susceptible,WGS,Good,MLST.ecoli_achtman_4.86,PRJEB4681,United Kingdom,,2009.0,0,0,0,0,0,0,0,0,0,0
562.23569,Susceptible,WGS,Good,MLST.ecoli_achtman_4.648,PRJEB4681,United Kingdom,,2009.0,0,0,0,0,0,0,0,0,0,0
562.23570,Susceptible,WGS,Good,MLST.ecoli_achtman_4.73,PRJEB4681,United Kingdom,,2009.0,0,0,0,0,0,0,0,0,0,0
562.23571,Resistant,WGS,Good,MLST.ecoli_achtman_4.131,PRJEB4681,United Kingdom,,2008.0,1,1,1,1,0,0,0,0,0,0
562.23572,Susceptible,WGS,Good,MLST.ecoli_achtman_4.131,PRJEB4681,United Kingdom,,2009.0,0,0,0,0,0,0,0,0,0,0
562.23573,Susceptible,WGS,Good,MLST.senterica_achtman_2.2998,PRJEB4681,United Kingdom,,2009.0,0,0,0,0,0,0,0,0,0,0
562.23574,Resistant,WGS,Good,MLST.ecoli_achtman_4.131,PRJEB4681,United Kingdom,,2009.0,1,1,1,1,0,0,0,0,0,1
562.23575,Susceptible,WGS,Good,MLST.ecoli_achtman_4.127,PRJEB4681,United Kingdom,,2009.0,0,0,0,0,0,0,0,0,0,0
562.23576,Susceptible,WGS,Good,MLST.ecoli_achtman_4.929,PRJEB4681,United Kingdom,,2008.0,0,0,0,0,0,0,0,0,0,0
562.23577,Susceptible,WGS,Good,MLST.ecoli_achtman_4.80,PRJEB4681,United Kingdom,,2008.0,0,0,0,0,0,0,0,0,0,0
562.23578,Susceptible,WGS,Good,MLST.ecoli_achtman_4.73,PRJEB4681,United Kingdom,,2008.0,0,0,0,0,0,0,0,0,0,0
562.23579,Susceptible,WGS,Good,MLST.ecoli_achtman_4.352,PRJEB4681,United Kingdom,,2008.0,0,0,0,0,0,0,0,0,0,0
562.23581,Susceptible,WGS,Good,MLST.ecoli_achtman_4.648,PRJEB4681,United Kingdom,,2009.0,0,0,0,0,0,0,0,0,0,0
562.23582,Susceptible,WGS,Good,MLST.ecoli_achtman_4.2020,PRJEB4681,United Kingdom,,2009.0,0,0,0,0,0,0,0,0,0,0
562.23583,Susceptible,WGS,Good,MLST.ecoli_achtman_4.409,PRJEB4681,United Kingdom,,2009.0,0,0,0,0,0,0,0,0,0,0
562.23584,Susceptible,WGS,Good,MLST.ecoli_achtman_4.73,PRJEB4681,United Kingdom,,2009.0,0,0,0,0,0,0,0,0,0,0
562.23585,Susceptible,WGS,Good,MLST.ecoli_achtman_4.73,PRJEB4681,United Kingdom,,2009.0,0,0,0,0,0,0,0,0,0,0
562.23586,Susceptible,WGS,Good,MLST.ecoli_achtman_4.127,PRJEB4681,United Kingdom,,2009.0,0,0,0,0,0,0,0,0,0,0
562.23587,Susceptible,WGS,Good,MLST.ecoli_achtman_4.144,PRJEB4681,United Kingdom,,2009.0,0,0,0,0,0,0,0,0,0,0
562.23588,Susceptible,WGS,Good,MLST.ecoli_achtman_4.12,PRJEB4681,United Kingdom,,2009.0,0,0,0,0,0,0,0,0,0,0
562.23589,Susceptible,WGS,Good,MLST.ecoli_achtman_4.657,PRJEB4681,United Kingdom,,2009.0,0,0,0,0,0,0,0,0,0,0
562.23590,Susceptible,WGS,Good,MLST.ecoli_achtman_4.14,PRJEB4681,United Kingdom,,2009.0,0,0,0,0,0,0,0,0,0,0
562.23591,Susceptible,WGS,Good,MLST.ecoli_achtman_4.540,PRJEB4681,United Kingdom,,2008.0,0,0,0,0,0,0,0,0,0,0
562.23592,Susceptible,WGS,Good,MLST.ecoli_achtman_4.540,PRJEB4681,United Kingdom,,2008.0,0,0,0,0,0,0,0,0,0,0
562.23593,Resistant,WGS,Good,MLST.ecoli_achtman_4.131,PRJEB4681,United Kingdom,,2008.0,1,1,1,1,0,0,0,0,0,0
562.23594,Resistant,WGS,Good,MLST.ecoli_achtman_4.38,PRJEB4681,United Kingdom,,2008.0,1,1,1,1,0,0,0,0,0,1
562.23595,Susceptible,WGS,Good,MLST.ecoli_achtman_4.405,PRJEB4681,United Kingdom,,2009.0,0,0,0,0,0,0,0,0,0,0
562.23596,Susceptible,WGS,Good,MLST.ecoli_achtman_4.127,PRJEB4681,United Kingdom,,2009.0,0,0,0,0,0,0,0,0,0,0
562.23597,Susceptible,WGS,Good,MLST.ecoli_achtman_4.73,PRJEB4681,United Kingdom,,2009.0,0,0,0,0,0,0,0,0,0,0
562.23598,Susceptible,WGS,Good,MLST.ecoli_achtman_4.73,PRJEB4681,United Kingdom,,2009.0,0,0,0,0,0,0,0,0,0,0
562.23599,Susceptible,WGS,Good,MLST.ecoli_achtman_4.73,PRJEB4681,United Kingdom,,2009.0,0,0,0,0,0,0,0,0,0,0
562.23600,Susceptible,WGS,Good,MLST.ecoli_achtman_4.69,PRJEB4681,United Kingdom,,2009.0,0,0,0,0,0,0,0,0,0,0
562.23601,Susceptible,WGS,Good,MLST.ecoli_achtman_4.405,PRJEB4681,United Kingdom,,2009.0,0,0,0,0,0,0,0,0,0,0
562.23602,Susceptible,WGS,Good,MLST.ecoli_achtman_4.73,PRJEB4681,United Kingdom,,2009.0,0,0,0,0,0,0,0,0,0,0
562.23603,Susceptible,WGS,Good,MLST.ecoli_achtman_4.88,PRJEB4681,United Kingdom,,2009.0,0,0,0,0,0,0,0,0,0,0
562.23604,Susceptible,WGS,Good,MLST.ecoli_achtman_4.80,PRJEB4681,United Kingdom,,2009.0,0,0,0,0,0,0,0,0,0,0
562.23605,Susceptible,WGS,Good,MLST.ecoli_achtman_4.95,PRJEB4681,United Kingdom,,2009.0,0,0,0,0,0,0,0,0,0,0
562.23606,Susceptible,WGS,Good,MLST.ecoli_achtman_4.162,PRJEB4681,United Kingdom,,2009.0,0,0,0,0,0,0,0,0,0,0
562.23607,Susceptible,WGS,Good,MLST.ecoli_achtman_4.10,PRJEB4681,United Kingdom,,2009.0,0,0,0,0,0,0,0,0,0,0
562.23608,Susceptible,WGS,Good,MLST.ecoli_achtman_4.88,PRJEB4681,United Kingdom,,2009.0,0,0,0,0,0,0,0,0,0,0
562.23609,Susceptible,WGS,Good,MLST.ecoli_achtman_4.73,PRJEB4681,United Kingdom,,2009.0,0,0,0,0,0,0,0,0,0,0
562.23610,Resistant,WGS,Good,MLST.ecoli_achtman_4.131,PRJEB4681,United Kingdom,,2009.0,1,1,1,1,0,0,0,0,0,0
562.23611,Susceptible,WGS,Good,MLST.ecoli_achtman_4.59,PRJEB4681,United Kingdom,,2009.0,0,0,0,0,0,0,0,0,0,0
562.23612,Susceptible,WGS,Good,MLST.ecoli_achtman_4.69,PRJEB4681,United Kingdom,,2009.0,0,0,0,0,0,0,0,0,0,0
562.23613,Susceptible,WGS,Good,MLST.ecoli_achtman_4.5328,PRJEB4681,United Kingdom,,2009.0,0,0,0,0,0,0,0,0,0,0
562.23614,Susceptible,WGS,Good,MLST.ecoli_achtman_4.676,PRJEB4681,United Kingdom,,2009.0,0,0,0,0,0,0,0,0,0,0
562.23615,Resistant,WGS,Good,MLST.ecoli_achtman_4.131,PRJEB4681,United Kingdom,,2009.0,1,1,1,1,0,0,0,0,0,1
562.23616,Susceptible,WGS,Good,MLST.ecoli_achtman_4.394,PRJEB4681,United Kingdom,,2009.0,0,0,0,0,0,0,0,0,0,0
562.23617,Susceptible,WGS,Good,MLST.ecoli_achtman_4.131,PRJEB4681,United Kingdom,,2009.0,1,1,1,0,0,0,0,0,0,0
562.23618,Susceptible,WGS,Good,MLST.ecoli_achtman_4.69,PRJEB4681,United Kingdom,,2009.0,0,0,0,0,0,0,0,0,0,0
562.23619,Susceptible,WGS,Good,MLST.ecoli_achtman_4.12,PRJEB4681,United Kingdom,,2009.0,1,1,1,0,0,0,0,0,0,0
562.23620,Susceptible,WGS,Good,MLST.ecoli_achtman_4.95,PRJEB4681,United Kingdom,,2009.0,0,0,0,0,0,0,0,0,0,0
562.23621,Susceptible,WGS,Good,MLST.ecoli_achtman_4.69,PRJEB4681,United Kingdom,,2009.0,0,0,0,0,0,0,0,0,0,0
562.23622,Susceptible,WGS,Good,MLST.ecoli_achtman_4.80,PRJEB4681,United Kingdom,,2009.0,0,0,0,0,0,0,0,0,0,0
562.23623,Resistant,WGS,Good,MLST.ecoli_achtman_4.131,PRJEB4681,United Kingdom,,2009.0,1,1,1,1,0,0,0,0,0,1
562.23624,Susceptible,WGS,Good,MLST.ecoli_achtman_4.117,PRJEB4681,United Kingdom,,2009.0,0,0,0,0,0,0,0,0,0,0
562.23625,Susceptible,WGS,Good,MLST.ecoli_achtman_4.141,PRJEB4681,United Kingdom,,2009.0,0,0,0,0,0,0,0,0,0,0
562.23626,Susceptible,WGS,Good,MLST.ecoli_achtman_4.69,PRJEB4681,United Kingdom,,2009.0,0,0,0,0,0,0,0,0,0,0
562.23627,Susceptible,WGS,Good,MLST.ecoli_achtman_4.12,PRJEB4681,United Kingdom,,2009.0,0,0,0,0,0,0,0,0,0,0
562.23628,Susceptible,WGS,Good,MLST.ecoli_achtman_4.73,PRJEB4681,United Kingdom,,2009.0,0,0,0,0,0,0,0,0,0,0
562.23630,Susceptible,WGS,Good,MLST.ecoli_achtman_4.117,PRJEB4681,United Kingdom,,2010.0,0,0,0,0,0,0,0,0,0,0
562.23631,Susceptible,WGS,Good,MLST.ecoli_achtman_4.131,PRJEB4681,United Kingdom,,2010.0,0,0,0,0,0,0,0,0,0,0
562.23632,Susceptible,WGS,Good,MLST.ecoli_achtman_4.12,PRJEB4681,United Kingdom,,2010.0,0,0,0,0,0,0,0,0,0,0
562.23634,Susceptible,WGS,Good,MLST.ecoli_achtman_4.12,PRJEB4681,United Kingdom,,2010.0,0,0,0,0,0,0,0,0,0,0
562.23635,Susceptible,WGS,Good,MLST.ecoli_achtman_4.144,PRJEB4681,United Kingdom,,2010.0,0,0,0,0,0,0,0,0,0,0
562.23636,Susceptible,WGS,Good,MLST.ecoli_achtman_4.58,PRJEB4681,United Kingdom,,2010.0,0,0,0,0,0,0,0,0,0,0
562.23637,Susceptible,WGS,Good,MLST.ecoli_achtman_4.73,PRJEB4681,United Kingdom,,2010.0,0,0,0,0,0,0,0,0,0,0
562.23638,Susceptible,WGS,Good,MLST.ecoli_achtman_4.141,PRJEB4681,United Kingdom,,2010.0,0,0,0,0,0,0,0,0,0,0
562.23639,Susceptible,WGS,Good,MLST.ecoli_achtman_4.69,PRJEB4681,United Kingdom,,2010.0,0,0,0,0,0,0,0,0,0,0
562.23640,Resistant,WGS,Good,MLST.ecoli_achtman_4.5491,PRJEB4681,United Kingdom,,2010.0,1,1,1,1,0,0,0,0,0,1
562.23641,Susceptible,WGS,Good,MLST.ecoli_achtman_4.415,PRJEB4681,United Kingdom,,2009.0,0,0,0,0,0,0,0,0,0,0
562.23642,Resistant,WGS,Good,MLST.ecoli_achtman_4.131,PRJEB4681,United Kingdom,,2010.0,1,1,1,1,0,0,0,0,0,0
562.23643,Susceptible,WGS,Good,MLST.ecoli_achtman_4.73,PRJEB4681,United Kingdom,,2010.0,0,0,0,1,0,0,0,0,0,0
562.23644,Susceptible,WGS,Good,MLST.ecoli_achtman_4.131,PRJEB4681,United Kingdom,,2010.0,0,0,0,0,0,0,0,0,0,0
562.23645,Resistant,WGS,Good,MLST.ecoli_achtman_4.393,PRJEB4681,United Kingdom,,2010.0,1,1,1,1,0,0,0,0,0,0
562.23646,Resistant,WGS,Good,MLST.ecoli_achtman_4.131,PRJEB4681,United Kingdom,,2010.0,1,1,1,1,0,0,0,0,0,1
562.23647,Susceptible,WGS,Good,MLST.ecoli_achtman_4.95,PRJEB4681,United Kingdom,,2010.0,0,0,0,0,0,0,0,0,0,0
562.23648,Susceptible,WGS,Good,MLST.ecoli_achtman_4.69,PRJEB4681,United Kingdom,,2010.0,0,0,0,0,0,0,0,0,0,0
562.23649,Susceptible,WGS,Good,MLST.ecoli_achtman_4.59,PRJEB4681,United Kingdom,,2010.0,0,0,0,0,0,0,0,0,0,0
562.23650,Susceptible,WGS,Good,MLST.ecoli_achtman_4.141,PRJEB4681,United Kingdom,,2010.0,0,0,0,0,0,0,0,0,0,0
562.23651,Susceptible,WGS,Good,MLST.ecoli_achtman_4.14,PRJEB4681,United Kingdom,,2010.0,0,0,0,0,0,0,0,0,0,0
562.23652,Susceptible,WGS,Good,MLST.ecoli_achtman_4.415,PRJEB4681,United Kingdom,,2010.0,0,0,0,0,0,0,0,0,0,0
562.23653,Resistant,WGS,Good,MLST.ecoli_achtman_4.131,PRJEB4681,United Kingdom,,2010.0,1,1,1,1,0,0,0,0,0,0
562.23654,Susceptible,WGS,Good,MLST.ecoli_achtman_4.404,PRJEB4681,United Kingdom,,2010.0,0,0,0,0,0,0,0,0,0,0
562.23655,Susceptible,WGS,Good,MLST.ecoli_achtman_4.104,PRJEB4681,United Kingdom,,2010.0,0,0,0,0,0,0,0,0,0,0
562.23656,Susceptible,WGS,Good,MLST.ecoli_achtman_4.12,PRJEB4681,United Kingdom,,2010.0,0,0,0,0,0,0,0,0,0,0
562.23657,Susceptible,WGS,Good,MLST.ecoli_achtman_4.12,PRJEB4681,United Kingdom,,2010.0,0,0,0,0,0,0,0,0,0,0
562.23658,Susceptible,WGS,Good,MLST.ecoli_achtman_4.38,PRJEB4681,United Kingdom,,2010.0,0,0,0,0,0,0,0,0,0,0
562.23659,Resistant,WGS,Good,MLST.ecoli_achtman_4.131,PRJEB4681,United Kingdom,,2010.0,1,1,1,1,0,0,0,0,0,0
562.23661,Susceptible,WGS,Good,MLST.ecoli_achtman_4.537,PRJEB4681,United Kingdom,,2010.0,0,0,0,0,0,0,0,0,0,0
562.23662,Susceptible,WGS,Good,MLST.ecoli_achtman_4.80,PRJEB4681,United Kingdom,,2010.0,0,0,0,0,0,0,0,0,0,0
562.23663,Susceptible,WGS,Good,MLST.ecoli_achtman_4.453,PRJEB4681,United Kingdom,,2010.0,0,0,0,0,0,0,0,0,0,0
562.23664,Resistant,WGS,Good,MLST.ecoli_achtman_4.131,PRJEB4681,United Kingdom,,2010.0,1,1,1,1,0,0,0,0,0,1
562.23665,Susceptible,WGS,Good,MLST.ecoli_achtman_4.357,PRJEB4681,United Kingdom,,2010.0,0,0,0,0,0,0,0,0,0,0
562.23666,Susceptible,WGS,Good,MLST.ecoli_achtman_4.73,PRJEB4681,United Kingdom,,2009.0,0,0,0,0,0,0,0,0,0,0
562.23667,Susceptible,WGS,Good,MLST.ecoli_achtman_4.95,PRJEB4681,United Kingdom,,2010.0,0,0,0,0,0,0,0,0,0,0
562.23668,Susceptible,WGS,Good,MLST.ecoli_achtman_4.998,PRJEB4681,United Kingdom,,2010.0,0,0,0,0,0,0,0,0,0,0
562.23669,Susceptible,WGS,Good,MLST.ecoli_achtman_4.80,PRJEB4681,United Kingdom,,2010.0,0,0,0,0,0,0,0,0,0,0
562.23670,Susceptible,WGS,Good,MLST.ecoli_achtman_4.2914,PRJEB4681,United Kingdom,,2010.0,0,0,0,0,0,0,0,0,0,0
562.23671,Susceptible,WGS,Good,MLST.ecoli_achtman_4.404,PRJEB4681,United Kingdom,,2010.0,1,1,1,0,0,0,0,0,0,0
562.23672,Susceptible,WGS,Good,MLST.ecoli_achtman_4.5661,PRJEB4681,United Kingdom,,2010.0,0,0,0,0,0,0,0,0,0,0
562.23673,Susceptible,WGS,Good,MLST.ecoli_achtman_4.117,PRJEB4681,United Kingdom,,2010.0,0,0,0,0,0,0,0,0,0,0
562.23674,Susceptible,WGS,Good,MLST.ecoli_achtman_4.12,PRJEB4681,United Kingdom,,2010.0,0,0,0,0,0,0,0,0,0,0
562.23675,Susceptible,WGS,Good,MLST.ecoli_achtman_4.10,PRJEB4681,United Kingdom,,2009.0,1,1,1,0,0,0,0,0,0,0
562.23676,Susceptible,WGS,Good,MLST.ecoli_achtman_4.95,PRJEB4681,United Kingdom,,2010.0,0,0,0,0,0,0,0,0,0,0
562.23677,Susceptible,WGS,Good,MLST.ecoli_achtman_4.73,PRJEB4681,United Kingdom,,2010.0,0,0,0,0,0,0,0,0,0,0
562.23678,Susceptible,WGS,Good,MLST.ecoli_achtman_4.73,PRJEB4681,United Kingdom,,2010.0,0,0,0,0,0,0,0,0,0,0
562.23679,Susceptible,WGS,Good,MLST.ecoli_achtman_4.73,PRJEB4681,United Kingdom,,2010.0,0,0,0,0,0,0,0,0,0,0
562.23680,Susceptible,WGS,Good,MLST.ecoli_achtman_4.73,PRJEB4681,United Kingdom,,2010.0,0,0,0,0,0,0,0,0,0,0
562.23681,Susceptible,WGS,Good,MLST.ecoli_achtman_4.349,PRJEB4681,United Kingdom,,2009.0,0,0,0,0,0,0,0,0,0,0
562.23682,Resistant,WGS,Good,MLST.ecoli_achtman_4.167,PRJEB4681,United Kingdom,,2010.0,1,1,1,1,0,0,0,0,0,0
562.23683,Susceptible,WGS,Good,MLST.ecoli_achtman_4.73,PRJEB4681,United Kingdom,,2009.0,0,0,0,0,0,0,0,0,0,0
562.23684,Susceptible,WGS,Good,MLST.ecoli_achtman_4.38,PRJEB4681,United Kingdom,,2009.0,0,0,0,0,0,0,0,0,0,0
562.23685,Susceptible,WGS,Good,MLST.ecoli_achtman_4.446,PRJEB4681,United Kingdom,,2010.0,0,0,0,0,0,0,0,0,0,0
562.23686,Susceptible,WGS,Good,MLST.ecoli_achtman_4.357,PRJEB4681,United Kingdom,,2009.0,0,0,0,0,0,0,0,0,0,0
562.23687,Susceptible,WGS,Good,MLST.ecoli_achtman_4.73,PRJEB4681,United Kingdom,,2009.0,0,0,0,0,0,0,0,0,0,0
562.23688,Susceptible,WGS,Good,MLST.ecoli_achtman_4.73,PRJEB4681,United Kingdom,,2010.0,0,0,0,0,0,0,0,0,0,0
562.23689,Susceptible,WGS,Good,MLST.ecoli_achtman_4.12,PRJEB4681,United Kingdom,,2010.0,0,0,0,0,0,0,0,0,0,0
562.23690,Susceptible,WGS,Good,MLST.ecoli_achtman_4.95,PRJEB4681,United Kingdom,,2010.0,0,0,0,0,0,0,0,0,0,0
562.23691,Susceptible,WGS,Good,MLST.ecoli_achtman_4.95,PRJEB4681,United Kingdom,,2010.0,1,1,1,0,0,0,0,0,0,0
562.23692,Susceptible,WGS,Good,MLST.ecoli_achtman_4.14,PRJEB4681,United Kingdom,,2010.0,1,1,1,0,0,0,0,0,0,0
562.23693,Susceptible,WGS,Good,MLST.ecoli_achtman_4.1618,PRJEB4681,United Kingdom,,2010.0,0,0,0,0,0,0,0,0,0,0
562.23694,Susceptible,WGS,Good,MLST.ecoli_achtman_4.62,PRJEB4681,United Kingdom,,2010.0,0,0,0,0,0,0,0,0,0,0
562.23695,Susceptible,WGS,Good,MLST.ecoli_achtman_4.62,PRJEB4681,United Kingdom,,2010.0,0,0,0,0,0,0,0,0,0,0
562.23696,Susceptible,WGS,Good,MLST.ecoli_achtman_4.73,PRJEB4681,United Kingdom,,2010.0,0,0,0,0,0,0,0,0,0,0
562.23697,Resistant,WGS,Good,MLST.ecoli_achtman_4.90,PRJEB4681,United Kingdom,,2010.0,1,1,1,1,0,0,0,0,0,0
562.23698,Susceptible,WGS,Good,MLST.ecoli_achtman_4.14,PRJEB4681,United Kingdom,,2010.0,0,0,0,0,0,0,0,0,0,0
562.23699,Susceptible,WGS,Good,MLST.ecoli_achtman_4.69,PRJEB4681,United Kingdom,,2010.0,0,0,0,0,0,0,0,0,0,0
562.23700,Susceptible,WGS,Good,MLST.ecoli_achtman_4.69,PRJEB4681,United Kingdom,,2010.0,0,0,0,0,0,0,0,0,0,0
562.23701,Susceptible,WGS,Good,MLST.ecoli_achtman_4.127,PRJEB4681,United Kingdom,,2010.0,0,0,0,0,0,0,0,0,0,0
562.23702,Susceptible,WGS,Good,MLST.ecoli_achtman_4.73,PRJEB4681,United Kingdom,,2010.0,0,0,0,0,0,0,0,0,0,0
562.23703,Susceptible,WGS,Good,MLST.ecoli_achtman_4.74,PRJEB4681,United Kingdom,,2010.0,0,0,0,0,0,0,0,0,0,0
562.23704,Susceptible,WGS,Good,MLST.ecoli_achtman_4.127,PRJEB4681,United Kingdom,,2010.0,0,0,0,0,0,0,0,0,0,0
562.23705,Susceptible,WGS,Good,MLST.ecoli_achtman_4.80,PRJEB4681,United Kingdom,,2010.0,0,0,0,0,0,0,0,0,0,0
562.23706,Susceptible,WGS,Good,MLST.ecoli_achtman_4.88,PRJEB4681,United Kingdom,,2010.0,0,0,0,0,0,0,0,0,0,0
562.23707,Susceptible,WGS,Good,MLST.ecoli_achtman_4.538,PRJEB4681,United Kingdom,,2010.0,0,0,0,0,0,0,0,0,0,0
562.23708,Susceptible,WGS,Good,MLST.ecoli_achtman_4.73,PRJEB4681,United Kingdom,,2010.0,0,0,0,0,0,0,0,0,0,0
562.23709,Susceptible,WGS,Good,MLST.ecoli_achtman_4.1423,PRJEB4681,United Kingdom,,2010.0,0,0,0,0,0,0,0,0,0,0
562.23710,Susceptible,WGS,Good,MLST.ecoli_achtman_4.127,PRJEB4681,United Kingdom,,2010.0,0,0,0,0,0,0,0,0,0,0
562.23711,Susceptible,WGS,Good,MLST.ecoli_achtman_4.73,PRJEB4681,United Kingdom,,2010.0,0,0,0,0,0,0,0,0,0,0
562.23712,Susceptible,WGS,Good,MLST.ecoli_achtman_4.117,PRJEB4681,United Kingdom,,2010.0,0,0,0,0,0,0,0,0,0,0
562.23713,Susceptible,WGS,Good,MLST.ecoli_achtman_4.91,PRJEB4681,United Kingdom,,2010.0,0,0,0,0,0,0,0,0,0,0
562.23714,Susceptible,WGS,Good,MLST.ecoli_achtman_4.3290,PRJEB4681,United Kingdom,,2010.0,0,0,0,0,0,0,0,0,0,0
562.23715,Susceptible,WGS,Good,MLST.ecoli_achtman_4.95,PRJEB4681,United Kingdom,,2011.0,0,0,0,0,0,0,0,0,0,0
562.23716,Susceptible,WGS,Good,MLST.ecoli_achtman_4.83,PRJEB4681,United Kingdom,,2011.0,0,0,0,0,0,0,0,0,0,0
562.23717,Susceptible,WGS,Good,MLST.ecoli_achtman_4.38,PRJEB4681,United Kingdom,,2011.0,1,1,1,0,0,0,0,0,0,0
562.23718,Susceptible,WGS,Good,MLST.ecoli_achtman_4.73,PRJEB4681,United Kingdom,,2011.0,0,0,0,0,0,0,0,0,0,0
562.23719,Susceptible,WGS,Good,MLST.ecoli_achtman_4.1972,PRJEB4681,United Kingdom,,2010.0,0,0,0,0,0,0,0,0,0,0
562.23720,Susceptible,WGS,Good,MLST.ecoli_achtman_4.73,PRJEB4681,United Kingdom,,2011.0,0,0,0,0,0,0,0,0,0,0
562.23721,Resistant,WGS,Good,MLST.ecoli_achtman_4.405,PRJEB4681,United Kingdom,,2011.0,1,1,1,1,0,0,0,0,0,0
562.23722,Susceptible,WGS,Good,MLST.ecoli_achtman_4.73,PRJEB4681,United Kingdom,,2011.0,0,0,0,0,0,0,0,0,0,0
562.23723,Susceptible,WGS,Good,MLST.ecoli_achtman_4.69,PRJEB4681,United Kingdom,,2011.0,0,0,0,0,0,0,0,0,0,0
562.23724,Resistant,WGS,Good,MLST.ecoli_achtman_4.69,PRJEB4681,United Kingdom,,2011.0,1,1,1,1,0,0,0,0,0,0
562.23725,Susceptible,WGS,Good,MLST.ecoli_achtman_4.95,PRJEB4681,United Kingdom,,2011.0,0,0,0,0,0,0,0,0,0,0
562.23726,Susceptible,WGS,Good,MLST.ecoli_achtman_4.95,PRJEB4681,United Kingdom,,2011.0,0,0,0,0,0,0,0,0,0,0
562.23727,Resistant,WGS,Good,MLST.ecoli_achtman_4.131,PRJEB4681,United Kingdom,,2011.0,1,1,1,1,0,0,0,0,0,1
562.23728,Susceptible,WGS,Good,MLST.ecoli_achtman_4.10,PRJEB4681,United Kingdom,,2011.0,1,1,1,0,0,0,0,0,0,0
562.23729,Susceptible,WGS,Good,MLST.ecoli_achtman_4.12,PRJEB4681,United Kingdom,,2011.0,0,0,0,0,0,0,0,0,0,0
562.23730,Susceptible,WGS,Good,MLST.ecoli_achtman_4.12,PRJEB4681,United Kingdom,,2011.0,0,0,0,0,0,0,0,0,0,0
562.23731,Susceptible,WGS,Good,MLST.ecoli_achtman_4.95,PRJEB4681,United Kingdom,,2011.0,0,0,0,0,0,0,0,0,0,0
562.23732,Susceptible,WGS,Good,MLST.ecoli_achtman_4.127,PRJEB4681,United Kingdom,,2011.0,0,0,0,0,0,0,0,0,0,0
562.23733,Susceptible,WGS,Good,MLST.ecoli_achtman_4.567,PRJEB4681,United Kingdom,,2011.0,0,0,0,0,0,0,0,0,0,0
562.23734,Resistant,WGS,Good,MLST.ecoli_achtman_4.617,PRJEB4681,United Kingdom,,2011.0,1,1,1,1,0,0,0,0,0,1
562.23735,Susceptible,WGS,Good,MLST.ecoli_achtman_4.372,PRJEB4681,United Kingdom,,2011.0,0,0,0,0,0,0,0,0,0,0
562.23736,Susceptible,WGS,Good,MLST.ecoli_achtman_4.73,PRJEB4681,United Kingdom,,2011.0,0,0,0,0,0,0,0,0,0,0
562.23737,Resistant,WGS,Good,MLST.ecoli_achtman_4.131,PRJEB4681,United Kingdom,,2011.0,1,1,1,1,0,0,0,0,0,0
562.23738,Susceptible,WGS,Good,MLST.ecoli_achtman_4.95,PRJEB4681,United Kingdom,,2011.0,0,0,0,0,0,0,0,0,0,0
562.23739,Susceptible,WGS,Good,MLST.ecoli_achtman_4.73,PRJEB4681,United Kingdom,,2011.0,0,0,0,0,0,0,0,0,0,0
562.23740,Susceptible,WGS,Good,MLST.ecoli_achtman_4.69,PRJEB4681,United Kingdom,,2011.0,0,0,0,0,0,0,0,0,0,0
562.23741,Susceptible,WGS,Good,MLST.ecoli_achtman_4.131,PRJEB4681,United Kingdom,,2011.0,0,0,0,0,0,0,0,0,0,0
562.23742,Susceptible,WGS,Good,MLST.ecoli_achtman_4.73,PRJEB4681,United Kingdom,,2011.0,0,0,0,0,0,0,0,0,0,0
562.23743,Susceptible,WGS,Good,MLST.ecoli_achtman_4.88,PRJEB4681,United Kingdom,,2011.0,0,0,0,0,0,0,0,0,0,0
562.23744,Susceptible,WGS,Good,MLST.ecoli_achtman_4.73,PRJEB4681,United Kingdom,,2011.0,0,0,0,0,0,0,0,0,0,0
562.23745,Susceptible,WGS,Good,MLST.ecoli_achtman_4.127,PRJEB4681,United Kingdom,,2011.0,0,0,0,0,0,0,0,0,0,0
562.23746,Susceptible,WGS,Good,MLST.ecoli_achtman_4.73,PRJEB4681,United Kingdom,,2011.0,0,0,0,0,0,0,0,0,0,0
562.23747,Susceptible,WGS,Good,MLST.ecoli_achtman_4.69,PRJEB4681,United Kingdom,,2011.0,0,0,0,0,0,0,0,0,0,0
562.23748,Susceptible,WGS,Good,MLST.ecoli_achtman_4.421,PRJEB4681,United Kingdom,,2011.0,0,0,0,0,0,0,0,0,0,0
562.23749,Susceptible,WGS,Good,MLST.ecoli_achtman_4.69,PRJEB4681,United Kingdom,,2011.0,0,0,0,0,0,0,0,0,0,0
562.23750,Susceptible,WGS,Good,MLST.ecoli_achtman_4.131,PRJEB4681,United Kingdom,,2011.0,1,1,1,0,0,0,0,0,0,0
562.23751,Susceptible,WGS,Good,MLST.ecoli_achtman_4.73,PRJEB4681,United Kingdom,,2011.0,0,0,0,0,0,0,0,0,0,0
562.23752,Susceptible,WGS,Good,MLST.ecoli_achtman_4.95,PRJEB4681,United Kingdom,,2011.0,0,0,0,0,0,0,0,0,0,0
562.23753,Susceptible,WGS,Good,MLST.ecoli_achtman_4.410,PRJEB4681,United Kingdom,,2011.0,0,0,0,0,0,0,0,0,0,0
562.23754,Susceptible,WGS,Good,MLST.ecoli_achtman_4.73,PRJEB4681,United Kingdom,,2011.0,0,0,0,0,0,0,0,0,0,0
562.23755,Susceptible,WGS,Good,MLST.ecoli_achtman_4.95,PRJEB4681,United Kingdom,,2011.0,0,0,0,0,0,0,0,0,0,0
562.23756,Resistant,WGS,Good,MLST.ecoli_achtman_4.10,PRJEB4681,United Kingdom,,2011.0,1,1,1,1,0,0,0,0,0,0
562.23757,Susceptible,WGS,Good,MLST.ecoli_achtman_4.95,PRJEB4681,United Kingdom,,2011.0,0,0,0,0,0,0,0,0,0,0
562.23758,Resistant,WGS,Good,MLST.ecoli_achtman_4.131,PRJEB4681,United Kingdom,,2011.0,1,1,1,1,0,0,0,0,0,0
562.23759,Susceptible,WGS,Good,MLST.ecoli_achtman_4.973,PRJEB4681,United Kingdom,,2011.0,0,0,0,0,0,0,0,0,0,0
562.23760,Resistant,WGS,Good,MLST.ecoli_achtman_4.131,PRJEB4681,United Kingdom,,2011.0,1,1,1,1,0,0,0,0,0,0
562.23761,Susceptible,WGS,Good,MLST.ecoli_achtman_4.73,PRJEB4681,United Kingdom,,2011.0,0,0,0,0,0,0,0,0,0,0
562.23762,Susceptible,WGS,Good,MLST.ecoli_achtman_4.58,PRJEB4681,United Kingdom,,2011.0,0,0,0,0,0,0,0,0,0,0
562.23763,Susceptible,WGS,Good,MLST.ecoli_achtman_4.372,PRJEB4681,United Kingdom,,2011.0,0,0,0,0,0,0,0,0,0,0
562.23764,Susceptible,WGS,Good,MLST.ecoli_achtman_4.95,PRJEB4681,United Kingdom,,2011.0,0,0,0,0,0,0,0,0,0,0
562.23765,Resistant,WGS,Good,MLST.ecoli_achtman_4.1394,PRJEB4681,United Kingdom,,2010.0,1,1,1,1,0,0,0,0,0,0
562.23766,Susceptible,WGS,Good,MLST.ecoli_achtman_4.73,PRJEB4681,United Kingdom,,2011.0,0,0,0,0,0,0,0,0,0,0
562.23767,Susceptible,WGS,Good,MLST.ecoli_achtman_4.73,PRJEB4681,United Kingdom,,2011.0,0,0,0,0,0,0,0,0,0,0
562.23768,Susceptible,WGS,Good,MLST.ecoli_achtman_4.1618,PRJEB4681,United Kingdom,,2011.0,0,0,0,0,0,0,0,0,0,0
562.23769,Resistant,WGS,Good,MLST.ecoli_achtman_4.131,PRJEB4681,United Kingdom,,2011.0,1,1,1,1,0,0,0,0,0,1
562.23770,Susceptible,WGS,Good,MLST.ecoli_achtman_4.58,PRJEB4681,United Kingdom,,2011.0,0,0,0,0,0,0,0,0,0,0
562.23771,Susceptible,WGS,Good,MLST.ecoli_achtman_4.398,PRJEB4681,United Kingdom,,2011.0,0,0,0,0,0,0,0,0,0,0
562.23772,Susceptible,WGS,Good,MLST.ecoli_achtman_4.12,PRJEB4681,United Kingdom,,2011.0,0,0,0,0,0,0,0,0,0,0
562.23773,Susceptible,WGS,Good,MLST.ecoli_achtman_4.10,PRJEB4681,United Kingdom,,2011.0,1,1,1,1,0,0,0,0,0,0
562.23774,Susceptible,WGS,Good,MLST.ecoli_achtman_4.88,PRJEB4681,United Kingdom,,2011.0,0,0,0,0,0,0,0,0,0,0
562.23775,Susceptible,WGS,Good,MLST.ecoli_achtman_4.73,PRJEB4681,United Kingdom,,2011.0,0,0,0,0,0,0,0,0,0,0
562.23776,Susceptible,WGS,Good,MLST.ecoli_achtman_4.73,PRJEB4681,United Kingdom,,2011.0,0,0,0,0,0,0,0,0,0,0
562.23777,Susceptible,WGS,Good,MLST.ecoli_achtman_4.73,PRJEB4681,United Kingdom,,2011.0,0,0,0,0,0,0,0,0,0,0
562.23778,Susceptible,WGS,Good,MLST.ecoli_achtman_4.73,PRJEB4681,United Kingdom,,2010.0,0,0,0,0,0,0,0,0,0,0
562.23779,Susceptible,WGS,Good,MLST.ecoli_achtman_4.998,PRJEB4681,United Kingdom,,2011.0,1,1,1,0,0,0,0,0,0,0
562.23780,Susceptible,WGS,Good,MLST.ecoli_achtman_4.538,PRJEB4681,United Kingdom,,2011.0,0,0,0,0,0,0,0,0,0,0
562.23782,Resistant,WGS,Good,MLST.ecoli_achtman_4.48,PRJEB4681,United Kingdom,,2011.0,1,1,1,1,0,0,0,0,0,0
562.23783,Resistant,WGS,Good,MLST.ecoli_achtman_4.448,PRJEB4681,United Kingdom,,2011.0,1,1,1,1,0,0,0,0,0,0
562.23784,Susceptible,WGS,Good,MLST.ecoli_achtman_4.69,PRJEB4681,United Kingdom,,2011.0,0,0,0,0,0,0,0,0,0,0
562.23785,Susceptible,WGS,Good,MLST.ecoli_achtman_4.62,PRJEB4681,United Kingdom,,2004.0,1,1,1,0,0,0,0,0,0,0
562.23786,Susceptible,WGS,Good,MLST.ecoli_achtman_4.69,PRJEB4681,United Kingdom,,2003.0,0,0,0,0,0,0,0,0,0,0
562.23787,Susceptible,WGS,Good,MLST.ecoli_achtman_4.1125,PRJEB4681,United Kingdom,,2003.0,0,0,0,0,0,0,0,0,0,0
562.23788,Resistant,WGS,Good,MLST.ecoli_achtman_4.68,PRJEB4681,United Kingdom,,2003.0,1,1,1,1,0,0,0,0,0,0
562.23789,Susceptible,WGS,Good,MLST.ecoli_achtman_4.73,PRJEB4681,United Kingdom,,2003.0,0,0,0,0,0,0,0,0,0,0
562.23793,Susceptible,WGS,Good,MLST.ecoli_achtman_4.131,PRJEB4681,United Kingdom,,2005.0,1,1,1,0,0,0,0,0,0,0
562.23794,Susceptible,WGS,Good,MLST.ecoli_achtman_4.405,PRJEB4681,United Kingdom,,2004.0,0,0,0,0,0,0,0,0,0,0
562.23795,Susceptible,WGS,Good,MLST.ecoli_achtman_4.681,PRJEB4681,United Kingdom,,2004.0,0,0,0,0,0,0,0,0,0,0
562.23796,Resistant,WGS,Good,MLST.ecoli_achtman_4.393,PRJEB4681,United Kingdom,,2004.0,1,1,1,1,0,0,0,0,0,0
562.23797,Susceptible,WGS,Good,MLST.ecoli_achtman_4.73,PRJEB4681,United Kingdom,,2004.0,0,0,0,0,0,0,0,0,0,0
562.23798,Susceptible,WGS,Good,MLST.ecoli_achtman_4.88,PRJEB4681,United Kingdom,,2004.0,0,0,0,0,0,0,0,0,0,0
562.23799,Susceptible,WGS,Good,MLST.ecoli_achtman_4.390,PRJEB4681,United Kingdom,,2004.0,0,0,0,0,0,0,0,0,0,0
562.23800,Resistant,WGS,Good,MLST.ecoli_achtman_4.405,PRJEB4681,United Kingdom,,2004.0,1,1,1,1,0,0,0,0,0,1
562.23801,Susceptible,WGS,Good,MLST.ecoli_achtman_4.69,PRJEB4681,United Kingdom,,2005.0,0,0,0,0,0,0,0,0,0,0
562.23802,Susceptible,WGS,Good,MLST.ecoli_achtman_4.73,PRJEB4681,United Kingdom,,2005.0,0,0,0,0,0,0,0,0,0,0
562.23803,Susceptible,WGS,Good,MLST.ecoli_achtman_4.95,PRJEB4681,United Kingdom,,2005.0,0,0,0,0,0,0,0,0,0,0
562.23804,Resistant,WGS,Good,MLST.ecoli_achtman_4.131,PRJEB4681,United Kingdom,,2005.0,1,1,1,1,0,0,0,0,0,1
562.23805,Susceptible,WGS,Good,MLST.ecoli_achtman_4.73,PRJEB4681,United Kingdom,,2005.0,0,0,0,0,0,0,0,0,0,0
562.23806,Susceptible,WGS,Good,MLST.ecoli_achtman_4.73,PRJEB4681,United Kingdom,,2005.0,0,0,0,0,0,0,0,0,0,0
562.23807,Susceptible,WGS,Good,MLST.ecoli_achtman_4.1333,PRJEB4681,United Kingdom,,2005.0,0,0,0,0,0,0,0,0,0,0
562.23808,Susceptible,WGS,Good,MLST.ecoli_achtman_4.10,PRJEB4681,United Kingdom,,2005.0,0,0,0,0,0,0,0,0,0,0
562.23809,Susceptible,WGS,Good,MLST.ecoli_achtman_4.5526,PRJEB4681,United Kingdom,,2007.0,0,0,0,0,0,0,0,0,0,0
562.23810,Susceptible,WGS,Good,MLST.ecoli_achtman_4.141,PRJEB4681,United Kingdom,,2007.0,1,1,1,0,0,0,0,0,0,0
562.23811,Susceptible,WGS,Good,MLST.ecoli_achtman_4.73,PRJEB4681,United Kingdom,,2007.0,0,0,0,0,0,0,0,0,0,0
562.23812,Susceptible,WGS,Good,MLST.ecoli_achtman_4.5242,PRJEB4681,United Kingdom,,2007.0,0,0,0,0,0,0,0,0,0,0
562.23813,Susceptible,WGS,Good,MLST.ecoli_achtman_4.95,PRJEB4681,United Kingdom,,2007.0,0,0,0,0,0,0,0,0,0,0
562.23814,Susceptible,WGS,Good,MLST.ecoli_achtman_4.104,PRJEB4681,United Kingdom,,2006.0,0,0,0,0,0,0,0,0,0,0
562.23815,Susceptible,WGS,Good,MLST.ecoli_achtman_4.12,PRJEB4681,United Kingdom,,2006.0,0,0,0,0,0,0,0,0,0,0
562.23816,Susceptible,WGS,Good,MLST.ecoli_achtman_4.73,PRJEB4681,United Kingdom,,2006.0,0,0,0,0,0,0,0,0,0,0
562.23817,Susceptible,WGS,Good,MLST.ecoli_achtman_4.69,PRJEB4681,United Kingdom,,2008.0,0,0,0,0,0,0,0,0,0,0
562.23818,Susceptible,WGS,Good,MLST.ecoli_achtman_4.12,PRJEB4681,United Kingdom,,2008.0,1,1,1,0,0,0,0,0,0,0
562.23819,Susceptible,WGS,Good,MLST.ecoli_achtman_4.131,PRJEB4681,United Kingdom,,2008.0,0,0,0,0,0,0,0,0,0,0
562.23820,Susceptible,WGS,Good,MLST.ecoli_achtman_4.131,PRJEB4681,United Kingdom,,2008.0,0,0,0,0,0,0,0,0,0,0
562.23821,Resistant,WGS,Good,MLST.ecoli_achtman_4.131,PRJEB4681,United Kingdom,,2008.0,1,1,1,1,0,0,0,0,0,1
562.23822,Resistant,WGS,Good,MLST.ecoli_achtman_4.131,PRJEB4681,United Kingdom,,2008.0,1,1,1,1,0,0,0,0,0,0
562.23823,Susceptible,WGS,Good,MLST.ecoli_achtman_4.131,PRJEB4681,United Kingdom,,2007.0,0,0,0,0,0,0,0,0,0,0
562.23824,Susceptible,WGS,Good,MLST.ecoli_achtman_4.357,PRJEB4681,United Kingdom,,2007.0,0,0,0,0,0,0,0,0,0,0
562.23825,Susceptible,WGS,Good,MLST.ecoli_achtman_4.428,PRJEB4681,United Kingdom,,2009.0,0,0,0,0,0,0,0,0,0,0
562.23826,Susceptible,WGS,Good,MLST.ecoli_achtman_4.453,PRJEB4681,United Kingdom,,2009.0,0,0,0,0,0,0,0,0,0,0
562.23827,Susceptible,WGS,Good,MLST.ecoli_achtman_4.680,PRJEB4681,United Kingdom,,2009.0,0,0,0,0,0,0,0,0,0,0
562.23828,Susceptible,WGS,Good,MLST.ecoli_achtman_4.69,PRJEB4681,United Kingdom,,2009.0,0,0,0,0,0,0,0,0,0,0
562.23829,Susceptible,WGS,Good,MLST.ecoli_achtman_4.95,PRJEB4681,United Kingdom,,2009.0,0,0,0,0,0,0,0,0,0,0
562.23830,Susceptible,WGS,Good,MLST.ecoli_achtman_4.131,PRJEB4681,United Kingdom,,2009.0,0,0,0,0,0,0,0,0,0,0
562.23831,Susceptible,WGS,Good,MLST.ecoli_achtman_4.69,PRJEB4681,United Kingdom,,2009.0,0,0,0,0,0,0,0,0,0,0
562.23832,Resistant,WGS,Good,MLST.ecoli_achtman_4.131,PRJEB4681,United Kingdom,,2008.0,1,1,1,1,0,0,0,0,0,0
562.23833,Susceptible,WGS,Good,MLST.ecoli_achtman_4.38,PRJEB4681,United Kingdom,,2011.0,0,0,0,0,0,0,0,0,0,0
562.23834,Susceptible,WGS,Good,MLST.ecoli_achtman_4.12,PRJEB4681,United Kingdom,,2010.0,0,0,0,0,0,0,0,0,0,0
562.23835,Susceptible,WGS,Good,MLST.ecoli_achtman_4.127,PRJEB4681,United Kingdom,,2010.0,0,0,0,0,0,0,0,0,0,0
562.23836,Susceptible,WGS,Good,MLST.ecoli_achtman_4.10,PRJEB4681,United Kingdom,,2010.0,0,0,0,0,0,0,0,0,0,0
562.23837,Resistant,WGS,Good,MLST.ecoli_achtman_4.393,PRJEB4681,United Kingdom,,2009.0,1,1,1,1,0,0,0,0,0,0
562.23838,Susceptible,WGS,Good,MLST.ecoli_achtman_4.404,PRJEB4681,United Kingdom,,2009.0,0,0,0,0,0,0,0,0,0,0
562.23839,Susceptible,WGS,Good,MLST.ecoli_achtman_4.69,PRJEB4681,United Kingdom,,2009.0,0,0,0,0,0,0,0,0,0,0
562.23840,Susceptible,WGS,Good,MLST.ecoli_achtman_4.345,PRJEB4681,United Kingdom,,2009.0,0,0,0,0,0,0,0,0,0,0
562.23841,Susceptible,WGS,Good,MLST.ecoli_achtman_4.73,PRJEB4681,United Kingdom,,2011.0,0,0,0,0,0,0,0,0,0,0
562.23842,Susceptible,WGS,Good,MLST.ecoli_achtman_4.62,PRJEB4681,United Kingdom,,2011.0,0,0,0,0,0,0,0,0,0,0
562.23843,Susceptible,WGS,Good,MLST.ecoli_achtman_4.95,PRJEB4681,United Kingdom,,2011.0,0,0,0,0,0,0,0,0,0,0
562.23844,Susceptible,WGS,Good,MLST.ecoli_achtman_4.131,PRJEB4681,United Kingdom,,2011.0,0,0,0,0,0,0,0,0,0,0
562.23845,Susceptible,WGS,Good,MLST.ecoli_achtman_4.95,PRJEB4681,United Kingdom,,2011.0,0,0,0,0,0,0,0,0,0,0
562.23846,Susceptible,WGS,Good,MLST.ecoli_achtman_4.95,PRJEB4681,United Kingdom,,2011.0,0,0,0,0,0,0,0,0,0,0
562.23847,Susceptible,WGS,Good,MLST.ecoli_achtman_4.59,PRJEB4681,United Kingdom,,2011.0,0,0,0,0,0,0,0,0,0,0
562.23848,Susceptible,WGS,Good,MLST.ecoli_achtman_4.131,PRJEB4681,United Kingdom,,2011.0,1,1,1,0,0,0,0,0,0,0
562.23849,Susceptible,WGS,Good,MLST.ecoli_achtman_4.131,PRJEB4681,United Kingdom,,2011.0,0,0,0,0,0,0,0,0,0,0
562.23850,Resistant,WGS,Good,MLST.ecoli_achtman_4.131,PRJEB4681,United Kingdom,,2011.0,1,1,1,1,0,0,0,0,0,1
562.23851,Susceptible,WGS,Good,MLST.ecoli_achtman_4.73,PRJEB4681,United Kingdom,,2011.0,0,0,0,0,0,0,0,0,0,0
562.23852,Susceptible,WGS,Good,MLST.ecoli_achtman_4.95,PRJEB4681,United Kingdom,,2011.0,0,0,0,0,0,0,0,0,0,0
562.23853,Susceptible,WGS,Good,MLST.ecoli_achtman_4.95,PRJEB4681,United Kingdom,,2011.0,0,0,0,0,0,0,0,0,0,0
562.23855,Susceptible,WGS,Good,MLST.ecoli_achtman_4.46,PRJEB4681,United Kingdom,,2003.0,0,0,0,0,0,0,0,0,0,0
562.23856,Susceptible,WGS,Good,MLST.ecoli_achtman_4.59,PRJEB4681,United Kingdom,,2004.0,0,0,0,0,0,0,0,0,0,0
562.23857,Susceptible,WGS,Good,MLST.ecoli_achtman_4.38,PRJEB4681,United Kingdom,,2004.0,0,0,0,0,0,0,0,0,0,0
562.23858,Resistant,WGS,Good,MLST.ecoli_achtman_4.131,PRJEB4681,United Kingdom,,2004.0,1,1,1,1,0,0,0,0,0,0
562.23859,Resistant,WGS,Good,MLST.ecoli_achtman_4.617,PRJEB4681,United Kingdom,,2006.0,1,1,1,1,0,0,0,0,0,0
562.23860,Resistant,WGS,Good,MLST.ecoli_achtman_4.131,PRJEB4681,United Kingdom,,2007.0,1,1,1,1,0,0,0,0,0,0
562.23861,Susceptible,WGS,Good,MLST.ecoli_achtman_4.144,PRJEB4681,United Kingdom,,2005.0,0,0,0,0,0,0,0,0,0,0
562.23863,Susceptible,WGS,Good,MLST.ecoli_achtman_4.127,PRJEB4681,United Kingdom,,2008.0,0,0,0,0,0,0,0,0,0,0
562.23864,Susceptible,WGS,Good,MLST.ecoli_achtman_4.59,PRJEB4681,United Kingdom,,2003.0,0,0,0,0,0,0,0,0,0,0
562.23865,Susceptible,WGS,Good,MLST.ecoli_achtman_4.144,PRJEB4681,United Kingdom,,2001.0,0,0,0,0,0,0,0,0,0,0
562.23868,Resistant,WGS,Good,MLST.ecoli_achtman_4.410,PRJEB4681,United Kingdom,,2007.0,1,1,1,1,0,0,0,0,0,0
562.23869,Resistant,WGS,Good,MLST.ecoli_achtman_4.167,PRJEB4681,United Kingdom,,2006.0,1,1,1,1,0,0,0,0,0,1
562.23870,Susceptible,WGS,Good,MLST.ecoli_achtman_4.162,PRJEB4681,United Kingdom,,2007.0,0,0,0,0,0,0,0,0,0,0
562.23871,Susceptible,WGS,Good,MLST.ecoli_achtman_4.73,PRJEB4681,United Kingdom,,2010.0,0,0,0,0,0,0,0,0,0,0
562.23872,Susceptible,WGS,Good,MLST.ecoli_achtman_4.88,PRJEB4681,United Kingdom,,2005.0,0,0,0,0,0,0,0,0,0,0
562.23873,Susceptible,WGS,Good,MLST.ecoli_achtman_4.640,PRJEB4681,United Kingdom,,2005.0,0,0,0,0,0,0,0,0,0,0
562.23874,Resistant,WGS,Good,MLST.ecoli_achtman_4.131,PRJEB4681,United Kingdom,,2005.0,1,1,1,1,0,0,0,0,0,1
562.23875,Susceptible,WGS,Good,MLST.ecoli_achtman_4.73,PRJEB4681,United Kingdom,,2005.0,0,0,0,0,0,0,0,0,0,0
562.23876,Susceptible,WGS,Good,MLST.ecoli_achtman_4.80,PRJEB4681,United Kingdom,,2005.0,0,0,0,0,0,0,0,0,0,0
562.23877,Susceptible,WGS,Good,MLST.ecoli_achtman_4.1155,PRJEB4681,United Kingdom,,2005.0,0,0,0,0,0,0,0,0,0,0
562.23878,Susceptible,WGS,Good,MLST.ecoli_achtman_4.2307,PRJEB4681,United Kingdom,,2009.0,0,0,0,0,0,0,0,0,0,0
562.23879,Susceptible,WGS,Good,MLST.ecoli_achtman_4.69,PRJEB4681,United Kingdom,,2008.0,0,0,0,0,0,0,0,0,0,0
562.23880,Susceptible,WGS,Good,MLST.ecoli_achtman_4.372,PRJEB4681,United Kingdom,,2008.0,0,0,0,0,0,0,0,0,0,0
562.23881,Susceptible,WGS,Good,MLST.ecoli_achtman_4.131,PRJEB4681,United Kingdom,,2008.0,0,0,0,0,0,0,0,0,0,0
562.23882,Susceptible,WGS,Good,MLST.ecoli_achtman_4.144,PRJEB4681,United Kingdom,,2008.0,0,0,0,0,0,0,0,0,0,0
562.23883,Susceptible,WGS,Good,MLST.ecoli_achtman_4.131,PRJEB4681,United Kingdom,,2008.0,0,0,0,0,0,0,0,0,0,0
562.23884,Resistant,WGS,Good,MLST.ecoli_achtman_4.131,PRJEB4681,United Kingdom,,2008.0,1,1,1,1,0,0,0,0,0,1
562.23885,Susceptible,WGS,Good,MLST.ecoli_achtman_4.127,PRJEB4681,United Kingdom,,2007.0,0,0,0,0,0,0,0,0,0,0
562.23886,Susceptible,WGS,Good,MLST.ecoli_achtman_4.95,PRJEB4681,United Kingdom,,2011.0,1,1,1,0,0,0,0,0,0,0
562.23887,Susceptible,WGS,Good,MLST.ecoli_achtman_4.141,PRJEB4681,United Kingdom,,2011.0,0,0,0,0,0,0,0,0,0,0
562.23888,Resistant,WGS,Good,MLST.ecoli_achtman_4.393,PRJEB4681,United Kingdom,,2010.0,1,1,1,1,0,0,0,0,0,0
562.23889,Susceptible,WGS,Good,MLST.ecoli_achtman_4.95,PRJEB4681,United Kingdom,,2010.0,0,0,0,0,0,0,0,0,0,0
562.23890,Susceptible,WGS,Good,MLST.ecoli_achtman_4.73,PRJEB4681,United Kingdom,,2009.0,0,0,0,0,0,0,0,0,0,0
562.23891,Susceptible,WGS,Good,MLST.ecoli_achtman_4.95,PRJEB4681,United Kingdom,,2009.0,0,0,0,0,0,0,0,0,0,0
562.23892,Susceptible,WGS,Good,MLST.ecoli_achtman_4.10,PRJEB4681,United Kingdom,,2009.0,0,0,0,0,0,0,0,0,0,0
562.23893,Susceptible,WGS,Good,MLST.ecoli_achtman_4.69,PRJEB4681,United Kingdom,,2009.0,0,0,0,0,0,0,0,0,0,0
562.23894,Resistant,WGS,Good,MLST.ecoli_achtman_4.131,PRJEB4681,United Kingdom,,2011.0,1,1,1,1,0,0,0,0,0,1
562.23895,Resistant,WGS,Good,MLST.ecoli_achtman_4.131,PRJEB4681,United Kingdom,,2011.0,1,1,1,1,0,0,0,0,0,1
562.23896,Susceptible,WGS,Good,MLST.ecoli_achtman_4.95,PRJEB4681,United Kingdom,,2011.0,0,0,0,0,0,0,0,0,0,0
562.23897,Susceptible,WGS,Good,MLST.ecoli_achtman_4.405,PRJEB4681,United Kingdom,,2011.0,0,0,0,0,0,0,0,0,0,0
562.23898,Susceptible,WGS,Good,MLST.ecoli_achtman_4.394,PRJEB4681,United Kingdom,,2011.0,0,0,0,0,0,0,0,0,0,0
562.23899,Resistant,WGS,Good,MLST.ecoli_achtman_4.131,PRJEB4681,United Kingdom,,2011.0,1,1,1,1,0,0,0,0,0,1
562.23900,Resistant,WGS,Good,MLST.ecoli_achtman_4.131,PRJEB4681,United Kingdom,,2011.0,1,1,1,1,0,0,0,0,0,0
562.23901,Resistant,WGS,Good,MLST.ecoli_achtman_4.648,PRJEB4681,United Kingdom,,2011.0,1,1,1,1,0,0,0,0,0,0
562.23902,Susceptible,WGS,Good,MLST.ecoli_achtman_4.69,PRJEB4681,United Kingdom,,2011.0,0,0,0,0,0,0,0,0,0,0
562.23903,Susceptible,WGS,Good,MLST.ecoli_achtman_4.141,PRJEB4681,United Kingdom,,2011.0,0,0,0,0,0,0,0,0,0,0
562.23904,Susceptible,WGS,Good,MLST.ecoli_achtman_4.973,PRJEB4681,United Kingdom,,2011.0,0,0,0,0,0,0,0,0,0,0
562.23905,Susceptible,WGS,Good,MLST.ecoli_achtman_4.73,PRJEB4681,United Kingdom,,2011.0,0,0,0,0,0,0,0,0,0,0
562.23906,Susceptible,WGS,Good,MLST.ecoli_achtman_4.10,PRJEB4681,United Kingdom,,2011.0,0,0,0,0,0,0,0,0,0,0
562.23908,Susceptible,WGS,Good,MLST.ecoli_achtman_4.73,PRJEB4681,United Kingdom,,2011.0,0,0,0,0,0,0,0,0,0,0
562.23909,Resistant,WGS,Good,MLST.ecoli_achtman_4.131,PRJEB4681,United Kingdom,,2011.0,1,1,1,1,0,0,0,0,0,1
562.23910,Susceptible,WGS,Good,MLST.ecoli_achtman_4.38,PRJEB4681,United Kingdom,,2011.0,0,0,0,0,0,0,0,0,0,0
562.23911,Resistant,WGS,Good,MLST.ecoli_achtman_4.131,PRJEB4681,United Kingdom,,2011.0,1,1,1,1,0,0,0,0,0,1
562.23912,Susceptible,WGS,Good,MLST.ecoli_achtman_4.73,PRJEB4681,United Kingdom,,2007.0,0,0,0,0,0,0,0,0,0,0
562.23913,Susceptible,WGS,Good,MLST.ecoli_achtman_4.998,PRJEB4681,United Kingdom,,2001.0,0,0,0,0,0,0,0,0,0,0
562.23914,Susceptible,WGS,Good,MLST.ecoli_achtman_4.641,PRJEB4681,United Kingdom,,2010.0,0,0,0,0,0,0,0,0,0,0
562.23915,Susceptible,WGS,Good,MLST.ecoli_achtman_4.73,PRJEB4681,United Kingdom,,2008.0,0,0,0,0,0,0,0,0,0,0
562.23916,Susceptible,WGS,Good,MLST.ecoli_achtman_4.12,PRJEB4681,United Kingdom,,2008.0,0,0,0,0,0,0,0,0,0,0
562.23917,Susceptible,WGS,Good,MLST.ecoli_achtman_4.95,PRJEB4681,United Kingdom,,2008.0,0,0,0,0,0,0,0,0,0,0
562.23918,Susceptible,WGS,Good,MLST.ecoli_achtman_4.12,PRJEB4681,United Kingdom,,2009.0,0,0,0,0,0,0,0,0,0,0
562.23919,Susceptible,WGS,Good,MLST.ecoli_achtman_4.12,PRJEB4681,United Kingdom,,2009.0,0,0,0,0,0,0,0,0,0,0
562.23920,Susceptible,WGS,Good,MLST.ecoli_achtman_4.2253,PRJEB4681,United Kingdom,,2009.0,0,0,0,0,0,0,0,0,0,0
562.23921,Susceptible,WGS,Good,MLST.ecoli_achtman_4.95,PRJEB4681,United Kingdom,,2009.0,0,0,0,0,0,0,0,0,0,0
562.23922,Susceptible,WGS,Good,MLST.ecoli_achtman_4.1442,PRJEB4681,United Kingdom,,2009.0,0,0,0,0,0,0,0,0,0,0
562.23923,Resistant,WGS,Good,MLST.ecoli_achtman_4.131,PRJEB4681,United Kingdom,,2009.0,1,1,1,1,0,0,0,0,0,0
562.23924,Susceptible,WGS,Good,MLST.ecoli_achtman_4.73,PRJEB4681,United Kingdom,,2009.0,0,0,0,0,0,0,0,0,0,0
562.23925,Susceptible,WGS,Good,MLST.ecoli_achtman_4.73,PRJEB4681,United Kingdom,,2008.0,0,0,0,0,0,0,0,0,0,0
562.23927,Susceptible,WGS,Good,MLST.ecoli_achtman_4.69,PRJEB4681,United Kingdom,,2002.0,0,0,0,0,0,0,0,0,0,0
562.23928,Resistant,WGS,Good,MLST.ecoli_achtman_4.393,PRJEB4681,United Kingdom,,2002.0,1,1,1,1,0,0,0,0,0,0
562.23929,Susceptible,WGS,Good,MLST.ecoli_achtman_4.73,PRJEB4681,United Kingdom,,2007.0,0,0,0,0,0,0,0,0,0,0
562.23930,Susceptible,WGS,Good,MLST.ecoli_achtman_4.10,PRJEB4681,United Kingdom,,2003.0,0,0,0,0,0,0,0,0,0,0
562.23931,Susceptible,WGS,Good,MLST.ecoli_achtman_4.144,PRJEB4681,United Kingdom,,2008.0,0,0,0,0,0,0,0,0,0,0
562.23932,Susceptible,WGS,Good,MLST.ecoli_achtman_4.73,PRJEB4681,United Kingdom,,2004.0,0,0,0,0,0,0,0,0,0,0
562.23933,Susceptible,WGS,Good,MLST.ecoli_achtman_4.12,PRJEB4681,United Kingdom,,2004.0,0,0,0,0,0,0,0,0,0,0
562.23934,Susceptible,WGS,Good,MLST.ecoli_achtman_4.127,PRJEB4681,United Kingdom,,2007.0,0,0,0,0,0,0,0,0,0,0
562.23935,Susceptible,WGS,Good,MLST.ecoli_achtman_4.95,PRJEB4681,United Kingdom,,2002.0,0,0,0,0,0,0,0,0,0,0
562.23936,Susceptible,WGS,Good,MLST.ecoli_achtman_4.73,PRJEB4681,United Kingdom,,2002.0,0,0,0,0,0,0,0,0,0,0
562.42755,Resistant,WGS,Good,MLST.ecoli_achtman_4.131,PRJNA278886,USA,USA:Boston,2014.0,1,1,1,1,0,0,0,0,0,1
562.58770,Susceptible,WGS,Good,MLST.ecoli_achtman_4.212,,Singapore,,2010.0,1,0,0,0,0,0,1,0,0,0
562.58771,Susceptible,WGS,Good,MLST.ecoli_achtman_4.202,,Singapore,,2010.0,1,0,0,0,0,1,0,0,0,1
562.58774,Susceptible,WGS,Good,MLST.ecoli_achtman_4.155,,Singapore,,2010.0,1,0,0,0,0,0,1,0,0,0
562.58777,Susceptible,WGS,Good,MLST.ecoli_achtman_4.8360,,Singapore,,2011.0,1,0,0,0,0,0,1,0,0,0
562.58778,Susceptible,WGS,Good,MLST.ecoli_achtman_4.1611,,Singapore,,2011.0,1,0,0,0,0,0,0,0,0,0
562.58779,Susceptible,WGS,Good,MLST.ecoli_achtman_4.212,,Singapore,,2011.0,1,0,0,0,0,0,0,0,0,0
562.58780,Susceptible,WGS,Good,MLST.ecoli_achtman_4.1611,,Singapore,,2011.0,1,0,0,0,0,0,0,0,0,0
562.58781,Susceptible,WGS,Good,MLST.ecoli_achtman_4.10,,Singapore,,2011.0,1,0,0,0,0,0,0,0,0,0
562.58782,Susceptible,WGS,Good,MLST.ecoli_achtman_4.10,,Singapore,,2011.0,1,0,0,0,0,0,0,0,0,0
562.58783,Susceptible,WGS,Good,MLST.ecoli_achtman_4.48,,Singapore,,2011.0,1,0,0,0,0,0,1,0,0,0
562.58784,Susceptible,WGS,Good,MLST.ecoli_achtman_4.155,,Singapore,,2011.0,1,0,0,0,0,0,1,0,0,0
562.58785,Susceptible,WGS,Good,MLST.ecoli_achtman_4.7210,,Singapore,,2010.0,1,0,0,0,0,0,0,0,0,0
562.58786,Susceptible,WGS,Good,MLST.ecoli_achtman_4.193,,Singapore,,2011.0,1,0,0,0,0,0,0,0,0,0
562.58787,Susceptible,WGS,Good,MLST.ecoli_achtman_4.1146,,Singapore,,2013.0,1,0,0,0,0,0,0,0,0,0
562.58788,Susceptible,WGS,Good,MLST.ecoli_achtman_4.1146,,Singapore,,2013.0,1,0,0,0,0,0,0,0,0,0
562.58789,Susceptible,WGS,Good,MLST.ecoli_achtman_4.127,,Singapore,,2013.0,1,0,0,0,0,0,0,0,0,0
562.58791,Resistant,WGS,Good,MLST.ecoli_achtman_4.8362,,Singapore,,2013.0,1,1,1,1,0,0,0,0,0,0
562.58792,Susceptible,WGS,Good,MLST.ecoli_achtman_4.8097,,Singapore,,2013.0,1,0,0,0,0,0,0,0,0,0
562.65780,Resistant,WGS,Good,MLST.ecoli_achtman_4.10,,United Kingdom,Dublin,2007.0,1,1,1,1,0,0,0,0,0,0
562.65781,Resistant,WGS,Good,MLST.ecoli_achtman_4.10,,United Kingdom,Dublin,2007.0,1,1,1,1,0,0,0,0,0,0
562.65782,Resistant,WGS,Good,,,United Kingdom,Dublin,2007.0,1,1,1,1,0,0,0,0,0,0
562.65783,Resistant,WGS,Good,MLST.ecoli_achtman_4.6901,,United Kingdom,Dublin,2007.0,1,1,1,1,0,0,0,0,0,0
562.65784,Resistant,WGS,Good,MLST.ecoli_achtman_4.88,,United Kingdom,Dublin,2007.0,1,1,1,1,0,0,0,0,0,0
562.65785,Resistant,WGS,Good,MLST.ecoli_achtman_4.10,,United Kingdom,Dublin,2007.0,1,1,1,1,0,0,0,0,0,0
562.65786,Resistant,WGS,Good,MLST.ecoli_achtman_4.90,,United Kingdom,Dublin,2007.0,1,1,1,1,0,0,0,0,0,0
562.65787,Resistant,WGS,Good,MLST.ecoli_achtman_4.10,,United Kingdom,Dublin,2007.0,1,1,1,1,0,0,0,0,0,0
562.65788,Resistant,WGS,Good,MLST.ecoli_achtman_4.744,,United Kingdom,Dublin,2007.0,1,1,1,1,0,0,0,0,0,0
562.65789,Resistant,WGS,Good,MLST.ecoli_achtman_4.540,,United Kingdom,Dublin,2007.0,1,1,1,1,0,0,0,0,0,0
562.65790,Resistant,WGS,Good,MLST.ecoli_achtman_4.540,,United Kingdom,Dublin,2007.0,1,1,1,1,0,0,0,0,0,0
562.65791,Resistant,WGS,Good,MLST.ecoli_achtman_4.744,,United Kingdom,Dublin,2007.0,1,1,1,1,0,0,0,0,0,0
562.7565,Susceptible,WGS,Good,MLST.ecoli_achtman_4.517,PRJEB2827,Kenya,East Africa,2009.0,1,0,0,0,0,0,0,0,0,0
562.7566,Susceptible,WGS,Good,MLST.ecoli_achtman_4.10,PRJEB2827,Bangladesh,Asia,2009.0,1,0,0,0,0,0,0,0,0,0
562.7567,Susceptible,WGS,Good,MLST.ecoli_achtman_4.5488,PRJEB2827,Gambia,West Africa,2008.0,1,0,0,0,0,0,0,0,0,0
562.7568,Susceptible,WGS,Good,MLST.ecoli_achtman_4.5339,PRJEB2827,India,Asia,2010.0,1,0,0,0,0,0,0,0,0,0
562.7570,Susceptible,WGS,Good,MLST.ecoli_achtman_4.40,PRJEB2827,Mali,West Africa,2008.0,1,0,0,0,0,0,0,0,0,0
562.7571,Susceptible,WGS,Good,MLST.ecoli_achtman_4.517,PRJEB2827,Kenya,East Africa,2009.0,1,0,0,0,0,0,0,0,0,0
562.7572,Resistant,WGS,Good,MLST.ecoli_achtman_4.301,PRJEB2827,India,Asia,2009.0,1,1,1,1,0,0,0,0,0,0
562.7573,Resistant,WGS,Good,MLST.ecoli_achtman_4.443,PRJEB2827,India,Asia,2010.0,1,1,1,1,0,0,0,0,0,0
562.7575,Susceptible,WGS,Good,MLST.ecoli_achtman_4.337,PRJEB2827,Mozambique,East Africa,2009.0,1,0,0,0,0,0,0,0,0,0
562.7576,Susceptible,WGS,Good,MLST.ecoli_achtman_4.5241,PRJEB2827,India,Asia,2009.0,1,0,0,0,0,0,0,0,0,0
562.7577,Susceptible,WGS,Good,MLST.ecoli_achtman_4.301,PRJEB2827,Mali,West Africa,2008.0,1,0,0,0,0,0,0,0,0,0
562.7578,Susceptible,WGS,Good,MLST.ecoli_achtman_4.382,PRJEB2827,India,Asia,2009.0,1,1,1,0,0,0,0,0,0,0
562.7579,Susceptible,WGS,Good,MLST.ecoli_achtman_4.5426,PRJEB2827,Gambia,West Africa,2008.0,1,0,0,0,0,0,0,0,0,0
562.7580,Susceptible,WGS,Good,MLST.ecoli_achtman_4.4424,PRJEB2827,India,Asia,2009.0,1,1,1,0,0,0,0,0,0,0
562.7581,Susceptible,WGS,Good,MLST.ecoli_achtman_4.121,PRJEB2827,Kenya,East Africa,2008.0,1,0,0,0,0,0,0,0,0,0
562.7582,Susceptible,WGS,Good,MLST.ecoli_achtman_4.10,PRJEB2827,Mali,West Africa,2009.0,1,0,0,0,0,0,0,0,0,0
562.7583,Susceptible,WGS,Good,MLST.ecoli_achtman_4.10,PRJEB2827,Kenya,East Africa,2008.0,1,0,0,0,0,0,0,0,0,0
562.7584,Susceptible,WGS,Good,MLST.ecoli_achtman_4.583,PRJEB2827,Kenya,East Africa,2009.0,1,0,0,0,0,0,0,0,0,0
562.7617,Susceptible,WGS,Good,MLST.ecoli_achtman_4.517,PRJEB2827,Mali,West Africa,2009.0,1,0,0,0,0,0,0,0,0,0
562.7618,Susceptible,WGS,Good,MLST.ecoli_achtman_4.10,PRJEB2827,Mali,West Africa,2008.0,1,0,0,0,0,0,0,0,0,0
562.7619,Susceptible,WGS,Good,MLST.ecoli_achtman_4.29,PRJEB2226,Gambia,West Africa,2008.0,1,0,0,0,0,0,0,0,0,0
562.7623,Susceptible,WGS,Good,MLST.ecoli_achtman_4.328,PRJEB2827,Pakistan,Asia,2010.0,1,0,0,0,0,0,0,0,0,0
562.7624,Susceptible,WGS,Good,MLST.ecoli_achtman_4.328,PRJEB2827,Mozambique,East Africa,2009.0,1,0,0,0,0,0,0,0,0,0
562.7625,Susceptible,WGS,Good,MLST.ecoli_achtman_4.378,PRJEB2827,India,Asia,2009.0,1,0,0,0,0,0,0,0,0,0
562.7626,Susceptible,WGS,Good,MLST.ecoli_achtman_4.378,PRJEB2226,India,Asia,2009.0,1,1,1,0,0,0,0,0,0,0
562.7628,Susceptible,WGS,Good,MLST.ecoli_achtman_4.328,PRJEB2827,India,Asia,2009.0,1,0,0,0,0,0,0,0,0,0
562.7629,Susceptible,WGS,Good,MLST.ecoli_achtman_4.517,PRJEB2827,India,Asia,2008.0,1,0,0,0,0,0,0,0,0,0
562.7631,Susceptible,WGS,Good,MLST.ecoli_achtman_4.517,PRJEB2827,India,Asia,2008.0,1,0,0,0,0,0,0,0,0,0
562.7632,Susceptible,WGS,Good,MLST.ecoli_achtman_4.5234,PRJEB2827,Pakistan,Asia,2008.0,1,1,1,0,0,0,0,0,0,0
562.7633,Susceptible,WGS,Good,MLST.ecoli_achtman_4.40,PRJEB2226,Kenya,East Africa,2008.0,1,0,0,0,0,0,0,0,0,0
562.7634,Susceptible,WGS,Good,MLST.ecoli_achtman_4.301,PRJEB2827,Mali,West Africa,2009.0,1,0,0,0,0,0,0,0,0,0
562.7635,Susceptible,WGS,Good,MLST.ecoli_achtman_4.328,PRJEB2827,India,Asia,2010.0,1,0,0,0,0,0,0,0,0,0
562.7636,Susceptible,WGS,Good,MLST.ecoli_achtman_4.328,PRJEB2827,Mali,West Africa,2010.0,1,0,0,0,0,0,0,0,0,0
562.7637,Susceptible,WGS,Good,MLST.ecoli_achtman_4.301,PRJEB2827,Mali,West Africa,2008.0,1,0,0,0,0,0,0,0,0,0
562.7638,Susceptible,WGS,Good,MLST.ecoli_achtman_4.378,PRJEB2827,Pakistan,Asia,2008.0,1,1,1,0,0,0,0,0,0,0
562.7639,Susceptible,WGS,Good,MLST.ecoli_achtman_4.517,PRJEB2827,India,Asia,2009.0,1,1,1,0,0,0,0,0,0,0
562.7640,Susceptible,WGS,Good,MLST.ecoli_achtman_4.517,PRJEB2827,Bangladesh,Asia,2009.0,1,1,1,0,0,0,0,0,0,0
562.7642,Susceptible,WGS,Good,MLST.ecoli_achtman_4.4550,PRJEB2827,Mali,West Africa,2009.0,1,0,0,0,0,0,0,0,0,0
562.7643,Susceptible,WGS,Good,MLST.ecoli_achtman_4.10,PRJEB2827,Gambia,West Africa,2009.0,1,0,0,0,0,0,0,0,0,0
562.7644,Susceptible,WGS,Good,MLST.ecoli_achtman_4.40,PRJEB2827,Kenya,East Africa,2009.0,1,0,0,0,0,0,0,0,0,0
562.7645,Susceptible,WGS,Good,MLST.ecoli_achtman_4.34,PRJEB2827,Mali,West Africa,2010.0,1,0,0,0,0,0,0,0,0,0
562.7646,Susceptible,WGS,Good,MLST.ecoli_achtman_4.5426,PRJEB2827,Mali,West Africa,2008.0,1,0,0,0,0,0,0,0,0,0
562.7647,Susceptible,WGS,Good,MLST.ecoli_achtman_4.328,PRJEB2827,India,Asia,2007.0,1,0,0,0,0,0,0,0,0,0
562.7648,Susceptible,WGS,Good,MLST.ecoli_achtman_4.29,PRJEB2827,Mali,West Africa,2008.0,1,0,0,0,0,0,0,0,0,0
562.7649,Susceptible,WGS,Good,MLST.ecoli_achtman_4.5353,PRJEB2827,Mozambique,East Africa,2009.0,1,0,0,0,0,0,0,0,0,0
562.7650,Susceptible,WGS,Good,MLST.ecoli_achtman_4.517,PRJEB2827,India,Asia,2010.0,1,0,0,0,0,0,0,0,0,0
562.7652,Susceptible,WGS,Good,MLST.ecoli_achtman_4.121,PRJEB2827,Pakistan,Asia,2009.0,1,1,1,0,0,0,0,0,0,0
562.7653,Susceptible,WGS,Good,MLST.ecoli_achtman_4.589,PRJEB2827,Kenya,East Africa,2008.0,1,0,0,0,0,0,0,0,0,0
562.7655,Susceptible,WGS,Good,MLST.ecoli_achtman_4.517,PRJEB2827,Mozambique,East Africa,2008.0,1,0,0,0,0,0,0,0,0,0
562.7656,Susceptible,WGS,Good,MLST.ecoli_achtman_4.5618,PRJEB2827,India,Asia,2009.0,1,0,0,0,0,0,0,0,0,0
562.7657,Susceptible,WGS,Good,MLST.ecoli_achtman_4.5353,PRJEB2827,Mozambique,East Africa,2008.0,1,0,0,0,0,0,0,0,0,0
562.7658,Susceptible,WGS,Good,MLST.ecoli_achtman_4.517,PRJEB2827,Mali,West Africa,2009.0,1,0,0,0,0,0,0,0,0,0
562.7659,Susceptible,WGS,Good,MLST.ecoli_achtman_4.4554,PRJEB2827,Mali,West Africa,2009.0,1,0,0,0,0,0,0,0,0,0
562.7660,Resistant,WGS,Good,MLST.ecoli_achtman_4.443,PRJEB2827,India,Asia,2010.0,1,1,1,1,0,0,0,0,0,0
562.7661,Susceptible,WGS,Good,MLST.ecoli_achtman_4.328,PRJEB2827,Kenya,East Africa,2008.0,1,0,0,0,0,0,0,0,0,0
562.7662,Susceptible,WGS,Good,MLST.ecoli_achtman_4.301,PRJEB2827,Kenya,East Africa,2010.0,1,0,0,0,0,0,0,0,0,0
562.7663,Susceptible,WGS,Good,MLST.ecoli_achtman_4.301,PRJEB2827,Kenya,East Africa,2009.0,1,0,0,0,0,0,0,0,0,0
562.7664,Susceptible,WGS,Good,MLST.ecoli_achtman_4.328,PRJEB2827,Kenya,East Africa,2009.0,1,0,0,0,0,0,0,0,0,0
562.7665,Susceptible,WGS,Good,MLST.ecoli_achtman_4.382,PRJEB2827,Mozambique,East Africa,2009.0,1,0,0,0,0,0,0,0,0,0
562.7666,Susceptible,WGS,Good,MLST.ecoli_achtman_4.328,PRJEB2827,Pakistan,Asia,2009.0,1,0,0,0,0,0,1,0,0,0
562.7668,Susceptible,WGS,Good,MLST.ecoli_achtman_4.328,PRJEB2827,Kenya,East Africa,2009.0,1,0,0,0,0,0,0,0,0,0
562.7669,Susceptible,WGS,Good,MLST.ecoli_achtman_4.337,PRJEB2827,Mali,West Africa,2008.0,1,0,0,0,0,0,0,0,0,0
562.7670,Susceptible,WGS,Good,MLST.ecoli_achtman_4.517,PRJEB2827,Mali,West Africa,2009.0,1,0,0,0,0,0,0,0,0,0
562.7671,Susceptible,WGS,Good,MLST.ecoli_achtman_4.40,PRJEB2226,Kenya,East Africa,2008.0,1,0,0,0,0,0,0,0,0,0
562.7672,Susceptible,WGS,Good,MLST.ecoli_achtman_4.5508,PRJEB2827,Kenya,East Africa,2009.0,1,0,0,0,0,0,0,0,0,0
562.7673,Susceptible,WGS,Good,MLST.ecoli_achtman_4.5553,PRJEB2827,Kenya,East Africa,2008.0,1,0,0,0,0,0,0,0,0,0
562.7674,Susceptible,WGS,Good,MLST.ecoli_achtman_4.121,PRJEB2226,Pakistan,Asia,2009.0,1,1,1,0,0,0,0,0,0,0
562.7677,Susceptible,WGS,Good,MLST.ecoli_achtman_4.517,PRJEB2827,India,Asia,2008.0,1,0,0,0,0,0,0,0,0,0
562.7678,Susceptible,WGS,Good,MLST.ecoli_achtman_4.378,PRJEB2226,Kenya,East Africa,2009.0,1,0,0,0,0,0,0,0,0,0
562.7679,Susceptible,WGS,Good,MLST.ecoli_achtman_4.589,PRJEB2827,Kenya,East Africa,2008.0,1,0,0,0,0,0,0,0,0,0
562.7680,Susceptible,WGS,Good,MLST.ecoli_achtman_4.4550,PRJEB2827,Kenya,East Africa,2010.0,1,0,0,0,0,0,0,0,0,0
562.7681,Susceptible,WGS,Good,MLST.ecoli_achtman_4.328,PRJEB2226,Mozambique,East Africa,,1,0,0,0,0,0,0,0,0,0
562.7682,Susceptible,WGS,Good,MLST.ecoli_achtman_4.10,PRJEB2827,Gambia,West Africa,2009.0,1,0,0,0,0,0,0,0,0,0
562.7683,Susceptible,WGS,Good,MLST.ecoli_achtman_4.378,PRJEB2827,Mali,West Africa,2009.0,1,0,0,0,0,0,0,0,0,0
562.7684,Susceptible,WGS,Good,MLST.ecoli_achtman_4.17,PRJEB2827,Kenya,East Africa,2008.0,1,0,0,0,0,0,0,0,0,0
562.7685,Susceptible,WGS,Good,MLST.ecoli_achtman_4.29,PRJEB2827,Kenya,East Africa,2010.0,1,0,0,0,0,0,0,0,0,0
562.7686,Susceptible,WGS,Good,MLST.ecoli_achtman_4.381,PRJEB2827,Pakistan,Asia,2009.0,1,0,0,0,0,0,1,0,0,0
562.7687,Susceptible,WGS,Good,MLST.ecoli_achtman_4.302,PRJEB2827,Kenya,East Africa,2008.0,1,0,0,0,0,0,0,0,0,0
562.7688,Susceptible,WGS,Good,MLST.ecoli_achtman_4.5353,PRJEB2827,Mozambique,East Africa,2008.0,1,0,0,0,0,0,0,0,0,0
562.7689,Susceptible,WGS,Good,MLST.ecoli_achtman_4.378,PRJEB2827,Mali,West Africa,2009.0,1,0,0,0,0,0,0,0,0,0
562.7690,Susceptible,WGS,Good,MLST.ecoli_achtman_4.2144,PRJEB2827,India,Asia,2008.0,1,0,0,0,0,0,0,0,0,0
562.7691,Susceptible,WGS,Good,MLST.ecoli_achtman_4.121,PRJEB2827,Pakistan,Asia,2010.0,1,1,1,0,0,0,0,0,0,0
562.7693,Resistant,WGS,Good,MLST.ecoli_achtman_4.443,PRJEB2827,India,Asia,2009.0,1,1,1,1,0,0,0,0,0,0
562.7695,Susceptible,WGS,Good,MLST.ecoli_achtman_4.2089,PRJEB2827,India,Asia,2008.0,1,1,1,0,0,0,0,0,0,0
562.7696,Susceptible,WGS,Good,MLST.ecoli_achtman_4.803,PRJEB2827,India,Asia,2010.0,1,0,0,0,0,0,1,0,0,0
562.7697,Susceptible,WGS,Good,MLST.ecoli_achtman_4.121,PRJEB2827,Kenya,East Africa,2008.0,1,0,0,0,0,0,0,0,0,0
562.7698,Susceptible,WGS,Good,MLST.ecoli_achtman_4.328,PRJEB2827,India,Asia,2010.0,1,1,1,0,0,0,0,0,0,0
562.7699,Resistant,WGS,Good,MLST.ecoli_achtman_4.335,PRJEB2827,India,Asia,2008.0,1,1,1,1,0,0,0,0,0,0
562.7700,Susceptible,WGS,Good,MLST.ecoli_achtman_4.34,PRJEB2827,Mali,West Africa,2009.0,1,0,0,0,0,0,0,0,0,0
562.7701,Susceptible,WGS,Good,MLST.ecoli_achtman_4.335,PRJEB2827,Mali,West Africa,2008.0,1,0,0,0,0,0,0,0,0,0
562.7702,Susceptible,WGS,Good,MLST.ecoli_achtman_4.2089,PRJEB2226,Mali,West Africa,2009.0,1,0,0,0,0,0,0,0,0,0
562.7703,Resistant,WGS,Good,MLST.ecoli_achtman_4.443,PRJEB2827,India,Asia,2009.0,1,1,1,1,0,0,0,0,0,0
562.7704,Susceptible,WGS,Good,MLST.ecoli_achtman_4.10,PRJEB2827,Kenya,East Africa,2008.0,1,0,0,0,0,0,0,0,0,0
562.7705,Susceptible,WGS,Good,MLST.ecoli_achtman_4.29,PRJEB2827,Kenya,East Africa,2009.0,1,0,0,0,0,0,0,0,0,0
562.7706,Susceptible,WGS,Good,MLST.ecoli_achtman_4.29,PRJEB2827,India,Asia,2009.0,1,1,1,0,0,0,0,0,0,0
562.7707,Susceptible,WGS,Good,MLST.ecoli_achtman_4.5241,PRJEB2827,India,Asia,2009.0,1,0,0,0,0,0,0,0,0,0
562.7709,Susceptible,WGS,Good,MLST.ecoli_achtman_4.328,PRJEB2827,India,Asia,2009.0,1,1,1,0,0,0,0,0,0,0
562.7710,Susceptible,WGS,Good,MLST.ecoli_achtman_4.3,PRJEB2827,India,Asia,2010.0,1,0,0,0,0,0,0,0,0,0
562.7712,Susceptible,WGS,Good,MLST.ecoli_achtman_4.4590,PRJEB2827,Kenya,East Africa,2010.0,1,0,0,0,0,0,0,0,0,0
562.7713,Susceptible,WGS,Good,MLST.ecoli_achtman_4.40,PRJEB2827,Pakistan,Asia,2009.0,1,0,0,0,0,0,0,0,0,0
562.7714,Susceptible,WGS,Good,MLST.ecoli_achtman_4.328,PRJEB2827,Kenya,East Africa,2010.0,1,0,0,0,0,0,0,0,0,0
562.7717,Susceptible,WGS,Good,MLST.ecoli_achtman_4.2346,PRJEB2827,Mali,West Africa,2008.0,1,1,1,0,0,0,0,0,0,0
562.7718,Susceptible,WGS,Good,MLST.ecoli_achtman_4.2089,PRJEB2226,Mali,West Africa,2009.0,1,0,0,0,0,0,0,0,0,0
562.7719,Susceptible,WGS,Good,MLST.ecoli_achtman_4.442,PRJEB2827,Gambia,West Africa,2009.0,1,0,0,0,0,0,0,0,0,0
562.7720,Susceptible,WGS,Good,MLST.ecoli_achtman_4.382,PRJEB2827,Mozambique,East Africa,2009.0,1,0,0,0,0,0,0,0,0,0
562.7721,Susceptible,WGS,Good,MLST.ecoli_achtman_4.517,PRJEB2827,Mali,West Africa,2009.0,1,0,0,0,0,0,0,0,0,0
562.7722,Susceptible,WGS,Good,MLST.ecoli_achtman_4.29,PRJEB2827,India,Asia,2009.0,1,1,1,0,0,0,0,0,0,0
562.7723,Susceptible,WGS,Good,MLST.ecoli_achtman_4.10,PRJEB2827,Kenya,East Africa,2008.0,1,0,0,0,0,0,0,0,0,0
562.7724,Susceptible,WGS,Good,MLST.ecoli_achtman_4.5406,PRJEB2827,Pakistan,Asia,2010.0,1,1,1,0,0,0,0,0,0,0
562.7725,Susceptible,WGS,Good,MLST.ecoli_achtman_4.5241,PRJEB2827,India,Asia,2009.0,1,0,0,0,0,0,0,0,0,0
562.7726,Susceptible,WGS,Good,MLST.ecoli_achtman_4.517,PRJEB2827,Kenya,East Africa,2009.0,1,0,0,0,0,0,0,0,0,0
562.7727,Susceptible,WGS,Good,MLST.ecoli_achtman_4.10,PRJEB2827,Mali,West Africa,2008.0,1,0,0,0,0,0,0,0,0,0
562.7728,Susceptible,WGS,Good,MLST.ecoli_achtman_4.40,PRJEB2827,Mozambique,East Africa,2009.0,1,0,0,0,0,0,0,0,0,0
562.7730,Susceptible,WGS,Good,MLST.ecoli_achtman_4.5485,PRJEB2827,Gambia,West Africa,2008.0,1,0,0,0,0,0,0,0,0,0
562.7731,Susceptible,WGS,Good,MLST.ecoli_achtman_4.29,PRJEB2827,Mali,West Africa,2009.0,1,0,0,0,0,0,0,0,0,0
562.7732,Susceptible,WGS,Good,MLST.ecoli_achtman_4.40,PRJEB2827,Mozambique,East Africa,2009.0,1,0,0,0,0,0,0,0,0,0
562.7733,Susceptible,WGS,Good,MLST.ecoli_achtman_4.5330,PRJEB2827,Kenya,East Africa,2009.0,1,0,0,0,0,0,0,0,0,0
562.7734,Susceptible,WGS,Good,MLST.ecoli_achtman_4.381,PRJEB2226,Mozambique,East Africa,,1,0,0,0,0,0,0,0,0,0
562.7735,Susceptible,WGS,Good,MLST.ecoli_achtman_4.517,PRJEB2827,Mali,West Africa,2008.0,1,0,0,0,0,0,0,0,0,0
562.7737,Susceptible,WGS,Good,MLST.ecoli_achtman_4.517,PRJEB2827,Gambia,West Africa,2009.0,1,0,0,0,0,0,0,0,0,0
562.7738,Susceptible,WGS,Good,MLST.ecoli_achtman_4.328,PRJEB2827,India,Asia,2008.0,1,0,0,0,0,0,0,0,0,0
562.7740,Susceptible,WGS,Good,MLST.ecoli_achtman_4.382,PRJEB2226,India,Asia,2008.0,1,1,1,0,0,0,0,0,0,0
562.7741,Susceptible,WGS,Good,MLST.ecoli_achtman_4.5353,PRJEB2827,Mali,West Africa,2009.0,1,0,0,0,0,0,0,0,0,0
562.7742,Susceptible,WGS,Good,MLST.ecoli_achtman_4.5381,PRJEB2827,India,Asia,2010.0,1,1,1,0,0,0,0,0,0,0
562.7743,Susceptible,WGS,Good,MLST.ecoli_achtman_4.40,PRJEB2827,Kenya,East Africa,2009.0,1,0,0,0,0,0,0,0,0,0
562.7744,Susceptible,WGS,Good,MLST.ecoli_achtman_4.5241,PRJEB2827,India,Asia,2009.0,1,0,0,0,0,0,0,0,0,0
562.7745,Susceptible,WGS,Good,MLST.ecoli_achtman_4.121,PRJEB2827,Kenya,East Africa,2009.0,1,0,0,0,0,0,0,0,0,0
562.7746,Susceptible,WGS,Good,MLST.ecoli_achtman_4.335,PRJEB2827,Pakistan,Asia,2009.0,1,0,0,0,0,0,0,0,0,0
562.7747,Susceptible,WGS,Good,MLST.ecoli_achtman_4.517,PRJEB2827,India,Asia,2009.0,1,0,0,0,0,0,0,0,0,0
562.7749,Susceptible,WGS,Good,MLST.ecoli_achtman_4.378,PRJEB2827,India,Asia,2009.0,1,0,0,0,0,0,0,0,0,0
562.7750,Susceptible,WGS,Good,MLST.ecoli_achtman_4.34,PRJEB2827,Kenya,East Africa,2008.0,1,0,0,0,0,0,0,0,0,0
562.7752,Susceptible,WGS,Good,MLST.ecoli_achtman_4.583,PRJEB2827,Kenya,East Africa,2009.0,1,0,0,0,0,0,0,0,0,0
562.7753,Susceptible,WGS,Good,MLST.ecoli_achtman_4.29,PRJEB2827,India,Asia,2010.0,1,1,1,0,0,0,0,0,0,0
562.7754,Susceptible,WGS,Good,MLST.ecoli_achtman_4.29,PRJEB2827,Kenya,East Africa,2009.0,1,0,0,0,0,0,0,0,0,0
562.7755,Susceptible,WGS,Good,MLST.ecoli_achtman_4.4550,PRJEB2827,Mozambique,East Africa,2009.0,1,0,0,0,0,0,0,0,0,0
562.7757,Susceptible,WGS,Good,MLST.ecoli_achtman_4.34,PRJEB2827,Kenya,East Africa,2009.0,1,0,0,0,0,0,0,0,0,0
562.7758,Susceptible,WGS,Good,MLST.ecoli_achtman_4.29,PRJEB2827,Kenya,East Africa,2009.0,1,0,0,0,0,0,0,0,0,0
562.7759,Susceptible,WGS,Good,MLST.ecoli_achtman_4.517,PRJEB2827,Gambia,West Africa,2009.0,1,1,1,0,0,0,0,0,0,0
562.7760,Susceptible,WGS,Good,MLST.ecoli_achtman_4.121,PRJEB2827,Kenya,East Africa,2009.0,1,0,0,0,0,0,0,0,0,0
562.7761,Susceptible,WGS,Good,MLST.ecoli_achtman_4.5582,PRJEB2827,Kenya,East Africa,2009.0,1,0,0,0,0,0,0,0,0,0
562.7762,Susceptible,WGS,Good,MLST.ecoli_achtman_4.517,PRJEB2827,India,Asia,2009.0,1,0,0,0,0,0,0,0,0,0
562.7765,Susceptible,WGS,Good,MLST.ecoli_achtman_4.517,PRJEB2827,Mali,West Africa,2009.0,1,0,0,0,0,0,0,0,0,0
562.7766,Susceptible,WGS,Good,MLST.ecoli_achtman_4.442,PRJEB2827,Mozambique,East Africa,2009.0,1,0,0,0,0,0,0,0,0,0
562.7767,Susceptible,WGS,Good,MLST.ecoli_achtman_4.29,PRJEB2827,India,Asia,2009.0,1,1,1,0,0,0,0,0,0,0
562.7769,Susceptible,WGS,Good,MLST.ecoli_achtman_4.301,PRJEB2827,Gambia,West Africa,2009.0,1,0,0,0,0,0,0,0,0,0
562.7770,Susceptible,WGS,Good,MLST.ecoli_achtman_4.29,PRJEB2827,Pakistan,Asia,2010.0,1,0,0,0,0,0,0,0,0,0
562.7771,Resistant,WGS,Good,MLST.ecoli_achtman_4.443,PRJEB2827,India,Asia,2008.0,1,1,1,1,0,0,0,0,0,0
562.7772,Susceptible,WGS,Good,MLST.ecoli_achtman_4.337,PRJEB2226,Kenya,East Africa,2008.0,1,0,0,0,0,0,0,0,0,0
562.7774,Susceptible,WGS,Good,MLST.ecoli_achtman_4.378,PRJEB2827,India,Asia,2009.0,1,0,0,0,0,0,0,0,0,0
562.7775,Resistant,WGS,Good,MLST.ecoli_achtman_4.301,PRJEB2827,Bangladesh,Asia,2010.0,1,1,1,1,0,0,0,0,0,0
562.7777,Susceptible,WGS,Good,MLST.ecoli_achtman_4.328,PRJEB2827,Kenya,East Africa,2009.0,1,0,0,0,0,0,0,0,0,0
562.7778,Susceptible,WGS,Good,MLST.ecoli_achtman_4.301,PRJEB2827,Kenya,East Africa,2009.0,1,0,0,0,0,0,0,0,0,0
562.7779,Susceptible,WGS,Good,MLST.ecoli_achtman_4.5251,PRJEB2827,Kenya,East Africa,2009.0,1,0,0,0,0,0,0,0,0,0
562.7780,Susceptible,WGS,Good,MLST.ecoli_achtman_4.29,PRJEB2827,Mozambique,East Africa,2008.0,1,0,0,0,0,0,0,0,0,0
562.7781,Susceptible,WGS,Good,MLST.ecoli_achtman_4.2089,PRJEB2827,Mali,West Africa,2010.0,1,0,0,0,0,0,0,0,0,0
562.7782,Susceptible,WGS,Good,MLST.ecoli_achtman_4.29,PRJEB2827,India,Asia,2008.0,1,1,1,0,0,0,0,0,0,0
562.7783,Susceptible,WGS,Good,MLST.ecoli_achtman_4.5445,PRJEB2827,Gambia,West Africa,2008.0,1,0,0,0,0,0,0,0,0,0
562.7784,Susceptible,WGS,Good,MLST.ecoli_achtman_4.2678,PRJEB2827,Pakistan,Asia,2010.0,1,0,0,0,0,0,0,0,0,0
562.7785,Susceptible,WGS,Good,MLST.ecoli_achtman_4.5480,PRJEB2827,Mozambique,East Africa,2009.0,1,0,0,0,0,0,0,0,0,0
562.7786,Susceptible,WGS,Good,MLST.ecoli_achtman_4.5251,PRJEB2827,Kenya,East Africa,2008.0,1,0,0,0,0,0,0,0,0,0
562.7788,Susceptible,WGS,Good,MLST.ecoli_achtman_4.517,PRJEB2827,Pakistan,Asia,2008.0,1,0,0,0,0,0,0,0,0,0
562.7789,Susceptible,WGS,Good,MLST.ecoli_achtman_4.123,PRJEB2827,Mali,West Africa,2008.0,1,0,0,0,0,0,0,0,0,0
562.7790,Susceptible,WGS,Good,MLST.ecoli_achtman_4.335,PRJEB2827,Gambia,West Africa,2008.0,1,0,0,0,0,0,0,0,0,0
562.7791,Susceptible,WGS,Good,MLST.ecoli_achtman_4.5241,PRJEB2827,India,Asia,2008.0,1,0,0,0,0,0,0,0,0,0
562.7792,Susceptible,WGS,Good,MLST.ecoli_achtman_4.4554,PRJEB2827,Kenya,East Africa,2008.0,1,0,0,0,0,0,0,0,0,0
562.7793,Susceptible,WGS,Good,MLST.ecoli_achtman_4.40,PRJEB2226,India,Asia,2008.0,1,0,0,0,0,0,0,0,0,0
