Evidence,Property,Source,Genome ID,Genome Name,BRC ID,RefSeq Locus Tag,Alt Locus Tag,Source ID,Source Organism,Gene,Product,Function,Classification,Antibiotics Class,Antibiotics,PubMed,Subject Coverage,Query Coverage,Identity,E-value
"AMRFinderPlus: ALLELEP","Antibiotic Resistance","NDARO","562.73352","Escherichia coli strain BB1400","fig|562.73352.peg.5793","JFD_05591",,"WP_012579084.1",,"pipB2_2","Pentapeptide repeat protein QnrB family","quinolone resistance pentapeptide repeat protein QnrA1",,"quinolone","quinolone",,100,100,100,
"BLAT","Antibiotic Resistance","CARD","562.57415","Escherichia coli strain W2_11_ERG1","fig|562.57415.peg.3813",,,"ABG56870.1","Klebsiella pneumoniae","QnrS1","Pentapeptide repeat protein QnrB family",,"antibiotic target protection protein,fluoroquinolone resistance gene",,,,100,100,100,"1e-129"
"BLAT","Antibiotic Resistance","NDARO","562.45964","Escherichia coli strain URMC_26","fig|562.45964.peg.440","ELV28_29655",,"WP_001516695.1","Gammaproteobacteria",,"Pentapeptide repeat protein QnrB family","MULTISPECIES: quinolone resistance pentapeptide repeat protein QnrS1","",,,,100,100,100,"1e-129"
"BLAT","Antibiotic Resistance","CARD","562.144929","Escherichia coli MGL_1560","fig|562.144929.peg.5075",,,"ABG56870.1","Klebsiella pneumoniae","QnrS1","Pentapeptide repeat protein QnrB family",,"antibiotic target protection protein,fluoroquinolone resistance gene",,,,100,100,100,"1e-129"
"AMRFinderPlus: ALLELEP","Antibiotic Resistance","NDARO","562.23329","Escherichia coli O25:H4 strain ECO1092","fig|562.23329.peg.4925",,,"WP_001516695.1",,,"Pentapeptide repeat protein QnrB family","quinolone resistance pentapeptide repeat protein QnrS1",,"quinolone","quinolone",,100,100,100,
"RGI: protein homolog model","Antibiotic Resistance","CARD","562.57419","Escherichia coli strain W2_4_ERB4","fig|562.57419.peg.4623",,,"381",,,"Pentapeptide repeat protein QnrB family","QnrS1","antibiotic target protection","fluoroquinolone","ciprofloxacin;levofloxacin;moxifloxacin;gatifloxacin;nalidixic acid;norfloxacin;sparfloxacin",,100,100,100,"1.18559e-166"
"AMRFinderPlus: ALLELEP","Antibiotic Resistance","NDARO","562.97108","Escherichia coli VRES1350","fig|562.97108.peg.4434",,,"WP_001516695.1",,,"Pentapeptide repeat protein QnrB family","quinolone resistance pentapeptide repeat protein QnrS1",,"quinolone","quinolone",,100,100,100,
"BLAT","Antibiotic Resistance","CARD","562.42757","Escherichia coli strain 85","fig|562.42757.peg.5127",,,"ABG56870.1","Klebsiella pneumoniae","QnrS1","Pentapeptide repeat protein QnrB family",,"antibiotic target protection protein,fluoroquinolone resistance gene",,,,100,100,100,"1e-129"
"BLAT","Antibiotic Resistance","NDARO","562.100786","Escherichia coli 02173e4c-7bb9-11e9-a8d3-68b59976a384","fig|562.100786.peg.4868",,,"WP_001516695.1","Gammaproteobacteria",,"Pentapeptide repeat protein QnrB family","MULTISPECIES: quinolone resistance pentapeptide repeat protein QnrS1","",,,,100,100,100,"1e-129"
"RGI: protein homolog model","Antibiotic Resistance","CARD","562.73346","Escherichia coli strain BB1412","fig|562.73346.peg.4986","JFD_04893",,"1987",,"pipB2_2","Pentapeptide repeat protein QnrB family","QnrA1","antibiotic target protection","fluoroquinolone","ciprofloxacin;levofloxacin;moxifloxacin;gatifloxacin;nalidixic acid;norfloxacin;sparfloxacin",,100,100,100,"6.38938e-163"
"BLAT","Antibiotic Resistance","CARD","562.97496","Escherichia coli VREC1618","fig|562.97496.peg.5089",,,"AFA52645.1","Escherichia coli","QnrB44","Pentapeptide repeat protein QnrB family => Quinolone resistance protein QnrB10",,"antibiotic target protection protein,fluoroquinolone resistance gene",,,,100,100,99,"1e-131"
"K-mer Search","Antibiotic Resistance","PATRIC","562.145012","Escherichia coli PT_EC0214","fig|562.145012.peg.5227",,,,,"QnrB family","Pentapeptide repeat protein QnrB family","Pentapeptide repeat protein QnrB family","antibiotic target protection protein","Fluoroquinolones Quinolones Quinolines","ciprofloxacin;gatifloxacin;levofloxacin;moxifloxacin;nalidixic acid;norfloxacin;sparfloxacin","11943863",,,,
"BLAT","Antibiotic Resistance","NDARO","562.73346","Escherichia coli strain BB1412","fig|562.73346.peg.4986","JFD_04893",,"WP_012579084.1","Enterobacterales","pipB2_2","Pentapeptide repeat protein QnrB family","MULTISPECIES: quinolone resistance pentapeptide repeat protein QnrA1","",,,,100,100,100,"1e-130"
"AMRFinderPlus: ALLELEP","Antibiotic Resistance","NDARO","562.58777","Escherichia coli strain ENV225","fig|562.58777.peg.4805",,,"WP_001516695.1",,,"Pentapeptide repeat protein QnrB family","quinolone resistance pentapeptide repeat protein QnrS1",,"quinolone","quinolone",,100,100,100,
"AMRFinderPlus: ALLELEP","Antibiotic Resistance","NDARO","562.97116","Escherichia coli VRES1348","fig|562.97116.peg.4440",,,"WP_001516695.1",,,"Pentapeptide repeat protein QnrB family","quinolone resistance pentapeptide repeat protein QnrS1",,"quinolone","quinolone",,100,100,100,
"K-mer Search","Antibiotic Resistance","PATRIC","562.58703","Escherichia coli strain 14036998","fig|562.58703.peg.4675",,,,,"QnrB10","Pentapeptide repeat protein QnrB family => Quinolone resistance protein QnrB10","Pentapeptide repeat protein QnrB family => Quinolone resistance protein QnrB10","antibiotic target protection protein","Fluoroquinolones Quinolones Quinolines","ciprofloxacin;gatifloxacin;levofloxacin;moxifloxacin;nalidixic acid;norfloxacin;sparfloxacin","17938184",,,,
"RGI: protein homolog model","Antibiotic Resistance","CARD","562.57364","Escherichia coli strain PB320","fig|562.57364.peg.5453",,,"381",,,"Pentapeptide repeat protein QnrB family","QnrS1","antibiotic target protection","fluoroquinolone","ciprofloxacin;levofloxacin;moxifloxacin;gatifloxacin;nalidixic acid;norfloxacin;sparfloxacin",,100,100,100,"1.18559e-166"
"BLAT","Antibiotic Resistance","CARD","562.97027","Escherichia coli VRES1203","fig|562.97027.peg.5008",,,"ABG56870.1","Klebsiella pneumoniae","QnrS1","Pentapeptide repeat protein QnrB family",,"antibiotic target protection protein,fluoroquinolone resistance gene",,,,100,100,100,"1e-129"
"BLAT","Antibiotic Resistance","CARD","562.97103","Escherichia coli VRES1347","fig|562.97103.peg.4439",,,"ABG56870.1","Klebsiella pneumoniae","QnrS1","Pentapeptide repeat protein QnrB family",,"antibiotic target protection protein,fluoroquinolone resistance gene",,,,100,100,100,"1e-129"
"AMRFinderPlus: ALLELEP","Antibiotic Resistance","NDARO","562.45632","Escherichia coli strain EC_32","fig|562.45632.peg.4355","EXX30_24685",,"WP_001516695.1",,,"Pentapeptide repeat protein QnrB family","quinolone resistance pentapeptide repeat protein QnrS1",,"quinolone","quinolone",,100,100,100,
"RGI: protein homolog model","Antibiotic Resistance","CARD","562.145039","Escherichia coli PT_EC0130","fig|562.145039.peg.4736",,,"139",,,"Pentapeptide repeat protein QnrB family => Quinolone resistance protein QnrB10","QnrB10","antibiotic target protection","fluoroquinolone","ciprofloxacin;levofloxacin;moxifloxacin;gatifloxacin;nalidixic acid;norfloxacin;sparfloxacin",,,,,
"AMRFinderPlus: ALLELEP","Antibiotic Resistance","NDARO","562.57415","Escherichia coli strain W2_11_ERG1","fig|562.57415.peg.3813",,,"WP_001516695.1",,,"Pentapeptide repeat protein QnrB family","quinolone resistance pentapeptide repeat protein QnrS1",,"quinolone","quinolone",,100,100,100,
"AMRFinderPlus: BLASTP","Antibiotic Resistance","NDARO","562.59229","Escherichia coli strain PBIO1948","fig|562.59229.peg.4692","HFC66_20820",,"WP_001749994.1",,,"Pentapeptide repeat protein QnrB family => Quinolone resistance protein QnrB10","QnrB family quinolone resistance pentapeptide repeat protein",,"quinolone","quinolone",,100,94,100,
"K-mer Search","Antibiotic Resistance","PATRIC","562.57471","Escherichia coli strain W2_15_ERB4","fig|562.57471.peg.4749",,,,,"QnrB family","Pentapeptide repeat protein QnrB family","Pentapeptide repeat protein QnrB family","antibiotic target protection protein","Fluoroquinolones Quinolones Quinolines","ciprofloxacin;gatifloxacin;levofloxacin;moxifloxacin;nalidixic acid;norfloxacin;sparfloxacin","11943863",,,,
"K-mer Search","Antibiotic Resistance","PATRIC","562.144936","Escherichia coli MGL_153","fig|562.144936.peg.4843",,,,,"QnrB family","Pentapeptide repeat protein QnrB family","Pentapeptide repeat protein QnrB family","antibiotic target protection protein","Fluoroquinolones Quinolones Quinolines","ciprofloxacin;gatifloxacin;levofloxacin;moxifloxacin;nalidixic acid;norfloxacin;sparfloxacin","11943863",,,,
"BLAT","Antibiotic Resistance","NDARO","562.23329","Escherichia coli O25:H4 strain ECO1092","fig|562.23329.peg.4925",,,"WP_001516695.1","Gammaproteobacteria",,"Pentapeptide repeat protein QnrB family","MULTISPECIES: quinolone resistance pentapeptide repeat protein QnrS1","",,,,100,100,100,"1e-129"
"BLAT","Antibiotic Resistance","CARD","562.42733","Escherichia coli strain 399","fig|562.42733.peg.4947",,,"ABF47470.1","Salmonella enterica subsp. enterica serovar Anatum","QnrS2","Pentapeptide repeat protein QnrB family",,"antibiotic target protection protein,fluoroquinolone resistance gene",,,,100,100,100,"1e-129"
"BLAT","Antibiotic Resistance","NDARO","562.42691","Escherichia coli strain 245","fig|562.42691.peg.4835",,,"WP_001516695.1","Gammaproteobacteria",,"Pentapeptide repeat protein QnrB family","MULTISPECIES: quinolone resistance pentapeptide repeat protein QnrS1","",,,,100,100,100,"1e-129"
"AMRFinderPlus: ALLELEP","Antibiotic Resistance","NDARO","562.58626","Escherichia coli strain PH118","fig|562.58626.peg.3741","FIP50_22985",,"WP_001516695.1",,,"Pentapeptide repeat protein QnrB family","quinolone resistance pentapeptide repeat protein QnrS1",,"quinolone","quinolone",,100,100,100,
"BLAT","Antibiotic Resistance","NDARO","562.96439","Escherichia coli VREC0650","fig|562.96439.peg.4629",,,"WP_012954666.1","Gammaproteobacteria",,"Pentapeptide repeat protein QnrB family => Quinolone resistance protein QnrB10","MULTISPECIES: quinolone resistance pentapeptide repeat protein QnrB19","",,,,100,94,100,"1e-124"
"RGI: protein homolog model","Antibiotic Resistance","CARD","562.45628","Escherichia coli strain EC_33_B","fig|562.45628.peg.3995","EXX31_24445",,"381",,,"Pentapeptide repeat protein QnrB family","QnrS1","antibiotic target protection","fluoroquinolone","ciprofloxacin;levofloxacin;moxifloxacin;gatifloxacin;nalidixic acid;norfloxacin;sparfloxacin",,100,100,100,"1.18559e-166"
"BLAT","Antibiotic Resistance","NDARO","562.57433","Escherichia coli strain W2_6_ERG5","fig|562.57433.peg.4498",,,"WP_001516695.1","Gammaproteobacteria",,"Pentapeptide repeat protein QnrB family","MULTISPECIES: quinolone resistance pentapeptide repeat protein QnrS1","",,,,100,100,100,"1e-129"
"BLAT","Antibiotic Resistance","NDARO","562.58736","Escherichia coli strain 15062645","fig|562.58736.peg.5107",,,"WP_001516695.1","Gammaproteobacteria",,"Pentapeptide repeat protein QnrB family","MULTISPECIES: quinolone resistance pentapeptide repeat protein QnrS1","",,,,100,100,100,"1e-129"
"BLAT","Antibiotic Resistance","NDARO","562.57386","Escherichia coli strain W1_3_ERB1","fig|562.57386.peg.4997",,,"WP_001516695.1","Gammaproteobacteria",,"Pentapeptide repeat protein QnrB family","MULTISPECIES: quinolone resistance pentapeptide repeat protein QnrS1","",,,,100,100,100,"1e-129"
"BLAT","Antibiotic Resistance","NDARO","562.57430","Escherichia coli strain W2_6_ERB1","fig|562.57430.peg.4692",,,"WP_001516695.1","Gammaproteobacteria",,"Pentapeptide repeat protein QnrB family","MULTISPECIES: quinolone resistance pentapeptide repeat protein QnrS1","",,,,100,100,100,"1e-129"
"BLAT","Antibiotic Resistance","CARD","562.42679","Escherichia coli strain 222","fig|562.42679.peg.5057",,,"ABG56870.1","Klebsiella pneumoniae","QnrS1","Pentapeptide repeat protein QnrB family",,"antibiotic target protection protein,fluoroquinolone resistance gene",,,,100,100,100,"1e-129"
"K-mer Search","Antibiotic Resistance","PATRIC","562.73351","Escherichia coli strain BB1408","fig|562.73351.peg.5495","JFD_05344",,,,"QnrB family","Pentapeptide repeat protein QnrB family","Pentapeptide repeat protein QnrB family","antibiotic target protection protein","Fluoroquinolones Quinolones Quinolines","ciprofloxacin;gatifloxacin;levofloxacin;moxifloxacin;nalidixic acid;norfloxacin;sparfloxacin","11943863",,,,
"BLAT","Antibiotic Resistance","NDARO","562.57409","Escherichia coli strain W2_13_ERB1","fig|562.57409.peg.4511",,,"WP_001516695.1","Gammaproteobacteria",,"Pentapeptide repeat protein QnrB family","MULTISPECIES: quinolone resistance pentapeptide repeat protein QnrS1","",,,,100,100,100,"1e-129"
"RGI: protein homolog model","Antibiotic Resistance","CARD","562.57379","Escherichia coli strain PB514","fig|562.57379.peg.4963",,,"381",,,"Pentapeptide repeat protein QnrB family","QnrS1","antibiotic target protection","fluoroquinolone","ciprofloxacin;levofloxacin;moxifloxacin;gatifloxacin;nalidixic acid;norfloxacin;sparfloxacin",,100,100,100,"1.18559e-166"
"RGI: protein homolog model","Antibiotic Resistance","CARD","562.58770","Escherichia coli strain ENV66","fig|562.58770.peg.4829",,,"381",,,"Pentapeptide repeat protein QnrB family","QnrS1","antibiotic target protection","fluoroquinolone","ciprofloxacin;levofloxacin;moxifloxacin;gatifloxacin;nalidixic acid;norfloxacin;sparfloxacin",,100,100,100,"1.18559e-166"
"BLAT","Antibiotic Resistance","CARD","562.58783","Escherichia coli strain ENV323","fig|562.58783.peg.4035",,,"ABG56870.1","Klebsiella pneumoniae","QnrS1","Pentapeptide repeat protein QnrB family",,"antibiotic target protection protein,fluoroquinolone resistance gene",,,,100,100,100,"1e-129"
"AMRFinderPlus: ALLELEP","Antibiotic Resistance","NDARO","562.100703","Escherichia coli a2594be4-7bb8-11e9-a8d3-68b59976a384","fig|562.100703.peg.4695","AWG87_24770",,"WP_001516695.1",,,"Pentapeptide repeat protein QnrB family","quinolone resistance pentapeptide repeat protein QnrS1",,"quinolone","quinolone",,100,100,100,
"RGI: protein homolog model","Antibiotic Resistance","CARD","562.97215","Escherichia coli VREC1375","fig|562.97215.peg.4922",,,"381",,,"Pentapeptide repeat protein QnrB family","QnrS1","antibiotic target protection","fluoroquinolone","ciprofloxacin;levofloxacin;moxifloxacin;gatifloxacin;nalidixic acid;norfloxacin;sparfloxacin",,100,100,100,"1.18559e-166"
"RGI: protein homolog model","Antibiotic Resistance","CARD","562.135575","Escherichia coli MGL_118","fig|562.135575.peg.4732","BFL24_27670",,"381",,,"Pentapeptide repeat protein QnrB family","QnrS1","antibiotic target protection","fluoroquinolone","ciprofloxacin;levofloxacin;moxifloxacin;gatifloxacin;nalidixic acid;norfloxacin;sparfloxacin",,100,100,100,"1.18559e-166"
"K-mer Search","Antibiotic Resistance","PATRIC","562.57385","Escherichia coli strain W1_10_ERB1","fig|562.57385.peg.4671",,,,,"QnrB family","Pentapeptide repeat protein QnrB family","Pentapeptide repeat protein QnrB family","antibiotic target protection protein","Fluoroquinolones Quinolones Quinolines","ciprofloxacin;gatifloxacin;levofloxacin;moxifloxacin;nalidixic acid;norfloxacin;sparfloxacin","11943863",,,,
"AMRFinderPlus: ALLELEP","Antibiotic Resistance","NDARO","562.42763","Escherichia coli strain M1","fig|562.42763.peg.4744",,,"WP_001516695.1",,,"Pentapeptide repeat protein QnrB family","quinolone resistance pentapeptide repeat protein QnrS1",,"quinolone","quinolone",,100,100,100,
"BLAT","Antibiotic Resistance","CARD","562.7696","Escherichia coli strain 504225_aEPEC","fig|562.7696.peg.4629","ERS085369_04552",,"ABG56870.1","Klebsiella pneumoniae","pipB2","Pentapeptide repeat protein QnrB family",,"antibiotic target protection protein;fluoroquinolone resistance gene",,,,100,100,100,"1e-129"
"BLAT","Antibiotic Resistance","NDARO","562.100344","Escherichia coli 410e1a62-7bb9-11e9-a8d3-68b59976a384","fig|562.100344.peg.4769",,,"WP_004193258.1","Gammaproteobacteria",,"Pentapeptide repeat protein QnrB family => Quinolone resistance protein QnrB10","MULTISPECIES: quinolone resistance pentapeptide repeat protein QnrB4","",,,,100,100,100,"1e-124"
"BLAT","Antibiotic Resistance","CARD","562.57411","Escherichia coli strain W2_11_ERB6","fig|562.57411.peg.4807",,,"ABF47470.1","Salmonella enterica subsp. enterica serovar Anatum","QnrS2","Pentapeptide repeat protein QnrB family",,"antibiotic target protection protein,fluoroquinolone resistance gene",,,,65,100,100,"1e-80"
"BLAT","Antibiotic Resistance","CARD","562.58736","Escherichia coli strain 15062645","fig|562.58736.peg.5107",,,"ABG56870.1","Klebsiella pneumoniae","QnrS1","Pentapeptide repeat protein QnrB family",,"antibiotic target protection protein,fluoroquinolone resistance gene",,,,100,100,100,"1e-129"
"BLAT","Antibiotic Resistance","NDARO","562.57471","Escherichia coli strain W2_15_ERB4","fig|562.57471.peg.4749",,,"WP_001516695.1","Gammaproteobacteria",,"Pentapeptide repeat protein QnrB family","MULTISPECIES: quinolone resistance pentapeptide repeat protein QnrS1","",,,,100,100,100,"1e-129"
"BLAT","Antibiotic Resistance","NDARO","562.100935","Escherichia coli 2a5eec42-7bb9-11e9-a8d3-68b59976a384","fig|562.100935.peg.4885",,,"WP_004193258.1","Gammaproteobacteria",,"Pentapeptide repeat protein QnrB family => Quinolone resistance protein QnrB10","MULTISPECIES: quinolone resistance pentapeptide repeat protein QnrB4","",,,,100,100,100,"1e-124"
"RGI: protein homolog model","Antibiotic Resistance","CARD","562.57428","Escherichia coli strain W2_5_ERB6","fig|562.57428.peg.4409",,,"381",,,"Pentapeptide repeat protein QnrB family","QnrS1","antibiotic target protection","fluoroquinolone","ciprofloxacin;levofloxacin;moxifloxacin;gatifloxacin;nalidixic acid;norfloxacin;sparfloxacin",,100,100,100,"1.18559e-166"
"RGI: protein homolog model","Antibiotic Resistance","CARD","562.100160","Escherichia coli fc69f142-7bb8-11e9-a8d3-68b59976a384","fig|562.100160.peg.5249","A4R37_24845",,"381",,,"Pentapeptide repeat protein QnrB family","QnrS1","antibiotic target protection","fluoroquinolone","ciprofloxacin;levofloxacin;moxifloxacin;gatifloxacin;nalidixic acid;norfloxacin;sparfloxacin",,100,100,100,"1.18559e-166"
"RGI: protein homolog model","Antibiotic Resistance","CARD","562.97030","Escherichia coli VREC1125","fig|562.97030.peg.4984",,,"381",,,"Pentapeptide repeat protein QnrB family","QnrS1","antibiotic target protection","fluoroquinolone","ciprofloxacin;levofloxacin;moxifloxacin;gatifloxacin;nalidixic acid;norfloxacin;sparfloxacin",,100,100,100,"1.18559e-166"
"RGI: protein homolog model","Antibiotic Resistance","CARD","562.42702","Escherichia coli strain 279","fig|562.42702.peg.5056",,,"381",,,"Pentapeptide repeat protein QnrB family","QnrS1","antibiotic target protection","fluoroquinolone","ciprofloxacin;levofloxacin;moxifloxacin;gatifloxacin;nalidixic acid;norfloxacin;sparfloxacin",,100,100,100,"1.18559e-166"
"BLAT","Antibiotic Resistance","CARD","562.73392","Escherichia coli strain BB1413","fig|562.73392.peg.5005","BGZ_04943",,"ABI50486.1","Klebsiella pneumoniae","QnrA1","Pentapeptide repeat protein QnrB family",,"antibiotic target protection protein,fluoroquinolone resistance gene",,,,100,100,100,"1e-130"
"K-mer Search","Antibiotic Resistance","PATRIC","562.42733","Escherichia coli strain 399","fig|562.42733.peg.4947",,,,,"QnrB family","Pentapeptide repeat protein QnrB family","Pentapeptide repeat protein QnrB family","antibiotic target protection protein","Fluoroquinolones Quinolones Quinolines","ciprofloxacin;gatifloxacin;levofloxacin;moxifloxacin;nalidixic acid;norfloxacin;sparfloxacin","11943863",,,,
"K-mer Search","Antibiotic Resistance","PATRIC","562.57457","Escherichia coli strain PB251","fig|562.57457.peg.4992",,,,,"QnrB family","Pentapeptide repeat protein QnrB family","Pentapeptide repeat protein QnrB family","antibiotic target protection protein","Fluoroquinolones Quinolones Quinolines","ciprofloxacin;gatifloxacin;levofloxacin;moxifloxacin;nalidixic acid;norfloxacin;sparfloxacin","11943863",,,,
"BLAT","Antibiotic Resistance","CARD","562.135565","Escherichia coli MGL_82","fig|562.135565.peg.5061",,,"ABG56870.1","Klebsiella pneumoniae","QnrS1","Pentapeptide repeat protein QnrB family",,"antibiotic target protection protein,fluoroquinolone resistance gene",,,,100,100,100,"1e-129"
"BLAT","Antibiotic Resistance","NDARO","562.58773","Escherichia coli strain ENV103","fig|562.58773.peg.4699",,,"WP_001516695.1","Gammaproteobacteria",,"Pentapeptide repeat protein QnrB family","MULTISPECIES: quinolone resistance pentapeptide repeat protein QnrS1","",,,,100,100,100,"1e-129"
"RGI: protein homolog model","Antibiotic Resistance","CARD","562.97108","Escherichia coli VRES1350","fig|562.97108.peg.4434",,,"381",,,"Pentapeptide repeat protein QnrB family","QnrS1","antibiotic target protection","fluoroquinolone","ciprofloxacin;levofloxacin;moxifloxacin;gatifloxacin;nalidixic acid;norfloxacin;sparfloxacin",,100,100,100,"1.18559e-166"
"BLAT","Antibiotic Resistance","CARD","562.57465","Escherichia coli strain PB412","fig|562.57465.peg.4901",,,"ABG56870.1","Klebsiella pneumoniae","QnrS1","Pentapeptide repeat protein QnrB family",,"antibiotic target protection protein,fluoroquinolone resistance gene",,,,100,100,100,"1e-129"
"K-mer Search","Antibiotic Resistance","PATRIC","562.42649","Escherichia coli strain 151","fig|562.42649.peg.4760",,,,,"QnrB family","Pentapeptide repeat protein QnrB family","Pentapeptide repeat protein QnrB family","antibiotic target protection protein","Fluoroquinolones Quinolones Quinolines","ciprofloxacin;gatifloxacin;levofloxacin;moxifloxacin;nalidixic acid;norfloxacin;sparfloxacin","11943863",,,,
"K-mer Search","Antibiotic Resistance","PATRIC","562.22426","Escherichia coli strain AR_0162","fig|562.22426.peg.5051","AM408_00610",,,,,"Pentapeptide repeat protein QnrB family",,"antibiotic target protection protein","fluoroquinolones quinolones quinolines","ciprofloxacin;gatifloxacin;levofloxacin;moxifloxacin;nalidixic acid;norfloxacin;sparfloxacin","11943863",,,,
"BLAT","Antibiotic Resistance","CARD","562.73383","Escherichia coli strain BB1443","fig|562.73383.peg.5499","JFD_05362",,"ABI50486.1","Klebsiella pneumoniae","QnrA1","Pentapeptide repeat protein QnrB family",,"antibiotic target protection protein,fluoroquinolone resistance gene",,,,100,100,100,"1e-130"
"AMRFinderPlus: ALLELEP","Antibiotic Resistance","NDARO","562.58772","Escherichia coli strain ENV76","fig|562.58772.peg.4681",,,"WP_001516695.1",,,"Pentapeptide repeat protein QnrB family","quinolone resistance pentapeptide repeat protein QnrS1",,"quinolone","quinolone",,100,100,100,
"BLAT","Antibiotic Resistance","CARD","562.97100","Escherichia coli VREC1233","fig|562.97100.peg.4427",,,"ABG56870.1","Klebsiella pneumoniae","QnrS1","Pentapeptide repeat protein QnrB family",,"antibiotic target protection protein,fluoroquinolone resistance gene",,,,100,100,100,"1e-129"
"RGI: protein homolog model","Antibiotic Resistance","CARD","562.57433","Escherichia coli strain W2_6_ERG5","fig|562.57433.peg.4498",,,"381",,,"Pentapeptide repeat protein QnrB family","QnrS1","antibiotic target protection","fluoroquinolone","ciprofloxacin;levofloxacin;moxifloxacin;gatifloxacin;nalidixic acid;norfloxacin;sparfloxacin",,100,100,100,"1.18559e-166"
"AMRFinderPlus: ALLELEP","Antibiotic Resistance","NDARO","562.57509","Escherichia coli strain PB78","fig|562.57509.peg.4734",,,"WP_001516695.1",,,"Pentapeptide repeat protein QnrB family","quinolone resistance pentapeptide repeat protein QnrS1",,"quinolone","quinolone",,100,100,100,
"BLAT","Antibiotic Resistance","NDARO","562.31458","Escherichia coli strain KCRI-115 strain R0004_115","fig|562.31458.peg.4851",,,"WP_014386481.1","Enterobacterales",,"Pentapeptide repeat protein QnrB family => Quinolone resistance protein QnrB10","MULTISPECIES: quinolone resistance pentapeptide repeat protein QnrB1","",,,,100,94,100,"1e-123"
"BLAT","Antibiotic Resistance","CARD","562.100724","Escherichia coli 98ff30b8-7bb8-11e9-a8d3-68b59976a384","fig|562.100724.peg.4676",,,"ABG56870.1","Klebsiella pneumoniae","QnrS1","Pentapeptide repeat protein QnrB family",,"antibiotic target protection protein,fluoroquinolone resistance gene",,,,100,100,100,"1e-129"
"BLAT","Antibiotic Resistance","CARD","562.57389","Escherichia coli strain W1_5_ERP10B","fig|562.57389.peg.4518",,,"ABG56870.1","Klebsiella pneumoniae","QnrS1","Pentapeptide repeat protein QnrB family",,"antibiotic target protection protein,fluoroquinolone resistance gene",,,,100,100,100,"1e-129"
"K-mer Search","Antibiotic Resistance","PATRIC","562.58783","Escherichia coli strain ENV323","fig|562.58783.peg.4035",,,,,"QnrB family","Pentapeptide repeat protein QnrB family","Pentapeptide repeat protein QnrB family","antibiotic target protection protein","Fluoroquinolones Quinolones Quinolines","ciprofloxacin;gatifloxacin;levofloxacin;moxifloxacin;nalidixic acid;norfloxacin;sparfloxacin","11943863",,,,
"AMRFinderPlus: ALLELEP","Antibiotic Resistance","NDARO","562.99678","Escherichia coli 5338df10-7bb9-11e9-a8d3-68b59976a384","fig|562.99678.peg.5004",,,"WP_001516695.1",,,"Pentapeptide repeat protein QnrB family","quinolone resistance pentapeptide repeat protein QnrS1",,"quinolone","quinolone",,100,100,100,
"BLAT","Antibiotic Resistance","NDARO","562.45593","Escherichia coli strain EC_79","fig|562.45593.peg.4306","EXX75_23710",,"WP_001516695.1","Gammaproteobacteria",,"Pentapeptide repeat protein QnrB family","MULTISPECIES: quinolone resistance pentapeptide repeat protein QnrS1","",,,,100,100,100,"1e-129"
"BLAT","Antibiotic Resistance","CARD","562.59227","Escherichia coli strain PBIO1949","fig|562.59227.peg.4342",,,"ABP87778.1","Pantoea agglomerans","QnrB6","Pentapeptide repeat protein QnrB family => Quinolone resistance protein QnrB10",,"antibiotic target protection protein,fluoroquinolone resistance gene",,,,100,100,100,"1e-131"
"BLAT","Antibiotic Resistance","NDARO","562.19151","Escherichia coli strain 104","fig|562.19151.peg.1937","CDN93_10730",,"WP_001516695.1","Gammaproteobacteria",,"Pentapeptide repeat protein QnrB family","MULTISPECIES: quinolone resistance pentapeptide repeat protein QnrS1","",,,,100,100,100,"1e-129"
"BLAT","Antibiotic Resistance","CARD","562.58770","Escherichia coli strain ENV66","fig|562.58770.peg.4829",,,"ABG56870.1","Klebsiella pneumoniae","QnrS1","Pentapeptide repeat protein QnrB family",,"antibiotic target protection protein,fluoroquinolone resistance gene",,,,100,100,100,"1e-129"
"RGI: protein homolog model","Antibiotic Resistance","CARD","562.97033","Escherichia coli VRES1196","fig|562.97033.peg.4995",,,"381",,,"Pentapeptide repeat protein QnrB family","QnrS1","antibiotic target protection","fluoroquinolone","ciprofloxacin;levofloxacin;moxifloxacin;gatifloxacin;nalidixic acid;norfloxacin;sparfloxacin",,100,100,100,"1.18559e-166"
"BLAT","Antibiotic Resistance","NDARO","562.97028","Escherichia coli VRES1199","fig|562.97028.peg.4977",,,"WP_001516695.1","Gammaproteobacteria",,"Pentapeptide repeat protein QnrB family","MULTISPECIES: quinolone resistance pentapeptide repeat protein QnrS1","",,,,100,100,100,"1e-129"
"AMRFinderPlus: ALLELEP","Antibiotic Resistance","NDARO","562.57437","Escherichia coli strain W2_9_ERB2","fig|562.57437.peg.4717",,,"WP_001516695.1",,,"Pentapeptide repeat protein QnrB family","quinolone resistance pentapeptide repeat protein QnrS1",,"quinolone","quinolone",,100,100,100,
"RGI: protein homolog model","Antibiotic Resistance","CARD","562.56841","Escherichia coli strain 50-16","fig|562.56841.peg.6386","PU65_18105",,"139",,,"Pentapeptide repeat protein QnrB family => Quinolone resistance protein QnrB10","QnrB10","antibiotic target protection","fluoroquinolone","ciprofloxacin;levofloxacin;moxifloxacin;gatifloxacin;nalidixic acid;norfloxacin;sparfloxacin",,26,100,100,"2.52253e-39"
"BLAT","Antibiotic Resistance","CARD","562.97028","Escherichia coli VRES1199","fig|562.97028.peg.4977",,,"ABG56870.1","Klebsiella pneumoniae","QnrS1","Pentapeptide repeat protein QnrB family",,"antibiotic target protection protein,fluoroquinolone resistance gene",,,,100,100,100,"1e-129"
"RGI: protein homolog model","Antibiotic Resistance","CARD","562.57437","Escherichia coli strain W2_9_ERB2","fig|562.57437.peg.4717",,,"381",,,"Pentapeptide repeat protein QnrB family","QnrS1","antibiotic target protection","fluoroquinolone","ciprofloxacin;levofloxacin;moxifloxacin;gatifloxacin;nalidixic acid;norfloxacin;sparfloxacin",,100,100,100,"1.18559e-166"
"BLAT","Antibiotic Resistance","NDARO","562.144911","Escherichia coli MGL_106","fig|562.144911.peg.4675",,,"WP_001516695.1","Gammaproteobacteria",,"Pentapeptide repeat protein QnrB family","MULTISPECIES: quinolone resistance pentapeptide repeat protein QnrS1","",,,,100,100,100,"1e-129"
"K-mer Search","Antibiotic Resistance","PATRIC","562.57420","Escherichia coli strain W2_4_ERB1","fig|562.57420.peg.4800",,,,,"QnrB family","Pentapeptide repeat protein QnrB family","Pentapeptide repeat protein QnrB family","antibiotic target protection protein","Fluoroquinolones Quinolones Quinolines","ciprofloxacin;gatifloxacin;levofloxacin;moxifloxacin;nalidixic acid;norfloxacin;sparfloxacin","11943863",,,,
"AMRFinderPlus: ALLELEP","Antibiotic Resistance","NDARO","562.73354","Escherichia coli strain BB1403","fig|562.73354.peg.5537","JFD_05383",,"WP_012579084.1",,"pipB2_2","Pentapeptide repeat protein QnrB family","quinolone resistance pentapeptide repeat protein QnrA1",,"quinolone","quinolone",,100,100,100,
"BLAT","Antibiotic Resistance","NDARO","562.100912","Escherichia coli 4a800a88-7bb9-11e9-a8d3-68b59976a384","fig|562.100912.peg.4684",,,"WP_001516695.1","Gammaproteobacteria",,"Pentapeptide repeat protein QnrB family","MULTISPECIES: quinolone resistance pentapeptide repeat protein QnrS1","",,,,100,100,100,"1e-129"
"BLAT","Antibiotic Resistance","CARD","562.145037","Escherichia coli PT_EC0182","fig|562.145037.peg.4976",,,"ABG56269.1","Citrobacter freundii","QnrB10","Pentapeptide repeat protein QnrB family => Quinolone resistance protein QnrB10",,"antibiotic target protection protein,fluoroquinolone resistance gene",,,,100,100,99,"1e-130"
"BLAT","Antibiotic Resistance","CARD","562.97120","Escherichia coli VRES1349","fig|562.97120.peg.4453",,,"ABG56870.1","Klebsiella pneumoniae","QnrS1","Pentapeptide repeat protein QnrB family",,"antibiotic target protection protein,fluoroquinolone resistance gene",,,,100,100,100,"1e-129"
"AMRFinderPlus: ALLELEP","Antibiotic Resistance","NDARO","562.57413","Escherichia coli strain W2_12_ERB4","fig|562.57413.peg.4696",,,"WP_001516695.1",,,"Pentapeptide repeat protein QnrB family","quinolone resistance pentapeptide repeat protein QnrS1",,"quinolone","quinolone",,100,100,100,
"AMRFinderPlus: ALLELEP","Antibiotic Resistance","NDARO","562.42724","Escherichia coli strain 363","fig|562.42724.peg.4169",,,"WP_001516695.1",,,"Pentapeptide repeat protein QnrB family","quinolone resistance pentapeptide repeat protein QnrS1",,"quinolone","quinolone",,100,100,100,
"RGI: protein homolog model","Antibiotic Resistance","CARD","562.23329","Escherichia coli O25:H4 strain ECO1092","fig|562.23329.peg.4925",,,"381",,,"Pentapeptide repeat protein QnrB family","QnrS1","antibiotic target protection","fluoroquinolone","ciprofloxacin;levofloxacin;moxifloxacin;gatifloxacin;nalidixic acid;norfloxacin;sparfloxacin",,100,100,100,"1.18559e-166"
"K-mer Search","Antibiotic Resistance","PATRIC","562.97116","Escherichia coli VRES1348","fig|562.97116.peg.4440",,,,,"QnrB family","Pentapeptide repeat protein QnrB family","Pentapeptide repeat protein QnrB family","antibiotic target protection protein","Fluoroquinolones Quinolones Quinolines","ciprofloxacin;gatifloxacin;levofloxacin;moxifloxacin;nalidixic acid;norfloxacin;sparfloxacin","11943863",,,,
"BLAT","Antibiotic Resistance","NDARO","562.57469","Escherichia coli strain PB97","fig|562.57469.peg.5181",,,"WP_001516695.1","Gammaproteobacteria",,"Pentapeptide repeat protein QnrB family","MULTISPECIES: quinolone resistance pentapeptide repeat protein QnrS1","",,,,100,100,100,"1e-129"
"AMRFinderPlus: ALLELEP","Antibiotic Resistance","NDARO","562.42686","Escherichia coli strain 24","fig|562.42686.peg.4753",,,"WP_001516695.1",,,"Pentapeptide repeat protein QnrB family","quinolone resistance pentapeptide repeat protein QnrS1",,"quinolone","quinolone",,100,100,100,
"K-mer Search","Antibiotic Resistance","PATRIC","562.97033","Escherichia coli VRES1196","fig|562.97033.peg.4995",,,,,"QnrB family","Pentapeptide repeat protein QnrB family","Pentapeptide repeat protein QnrB family","antibiotic target protection protein","Fluoroquinolones Quinolones Quinolines","ciprofloxacin;gatifloxacin;levofloxacin;moxifloxacin;nalidixic acid;norfloxacin;sparfloxacin","11943863",,,,
"AMRFinderPlus: ALLELEP","Antibiotic Resistance","NDARO","562.73346","Escherichia coli strain BB1412","fig|562.73346.peg.4986","JFD_04893",,"WP_012579084.1",,"pipB2_2","Pentapeptide repeat protein QnrB family","quinolone resistance pentapeptide repeat protein QnrA1",,"quinolone","quinolone",,100,100,100,
"K-mer Search","Antibiotic Resistance","PATRIC","562.45964","Escherichia coli strain URMC_26","fig|562.45964.peg.440","ELV28_29655",,,,"QnrB family","Pentapeptide repeat protein QnrB family","Pentapeptide repeat protein QnrB family","antibiotic target protection protein","Fluoroquinolones Quinolones Quinolines","ciprofloxacin;gatifloxacin;levofloxacin;moxifloxacin;nalidixic acid;norfloxacin;sparfloxacin","11943863",,,,
"BLAT","Antibiotic Resistance","NDARO","562.42679","Escherichia coli strain 222","fig|562.42679.peg.5057",,,"WP_001516695.1","Gammaproteobacteria",,"Pentapeptide repeat protein QnrB family","MULTISPECIES: quinolone resistance pentapeptide repeat protein QnrS1","",,,,100,100,100,"1e-129"
"K-mer Search","Antibiotic Resistance","PATRIC","562.58776","Escherichia coli strain ENV222","fig|562.58776.peg.4972",,,,,"QnrB family","Pentapeptide repeat protein QnrB family","Pentapeptide repeat protein QnrB family","antibiotic target protection protein","Fluoroquinolones Quinolones Quinolines","ciprofloxacin;gatifloxacin;levofloxacin;moxifloxacin;nalidixic acid;norfloxacin;sparfloxacin","11943863",,,,
"BLAT","Antibiotic Resistance","CARD","562.57480","Escherichia coli strain PB186","fig|562.57480.peg.4990",,,"ABC86904.1","Klebsiella pneumoniae","QnrB1","Pentapeptide repeat protein QnrB family => Quinolone resistance protein QnrB10",,"antibiotic target protection protein,fluoroquinolone resistance gene",,,,94,100,100,"1e-123"
"AMRFinderPlus: BLASTP","Antibiotic Resistance","NDARO","562.58727","Escherichia coli strain 14083136","fig|562.58727.peg.4813",,,"WP_012954666.1",,,"Pentapeptide repeat protein QnrB family => Quinolone resistance protein QnrB10","QnrB family quinolone resistance pentapeptide repeat protein",,"quinolone","quinolone",,100,94,100,
"K-mer Search","Antibiotic Resistance","PATRIC","562.22979","Escherichia coli O6:H1 strain ECO0602","fig|562.22979.peg.5274",,,,,,"Pentapeptide repeat protein QnrB family",,"antibiotic target protection protein","fluoroquinolones quinolones quinolines","ciprofloxacin;gatifloxacin;levofloxacin;moxifloxacin;nalidixic acid;norfloxacin;sparfloxacin","11943863",,,,
"RGI: protein homolog model","Antibiotic Resistance","CARD","562.100374","Escherichia coli 093ec334-7bb9-11e9-a8d3-68b59976a384","fig|562.100374.peg.5091","AWG53_01710",,"381",,,"Pentapeptide repeat protein QnrB family","QnrS1","antibiotic target protection","fluoroquinolone","ciprofloxacin;levofloxacin;moxifloxacin;gatifloxacin;nalidixic acid;norfloxacin;sparfloxacin",,100,100,100,"1.18559e-166"
"RGI: protein homolog model","Antibiotic Resistance","CARD","562.42650","Escherichia coli strain 153","fig|562.42650.peg.5007",,,"381",,,"Pentapeptide repeat protein QnrB family","QnrS1","antibiotic target protection","fluoroquinolone","ciprofloxacin;levofloxacin;moxifloxacin;gatifloxacin;nalidixic acid;norfloxacin;sparfloxacin",,100,100,100,"1.18559e-166"
"RGI: protein homolog model","Antibiotic Resistance","CARD","562.57392","Escherichia coli strain W1_5_ERB1","fig|562.57392.peg.4937",,,"381",,,"Pentapeptide repeat protein QnrB family","QnrS1","antibiotic target protection","fluoroquinolone","ciprofloxacin;levofloxacin;moxifloxacin;gatifloxacin;nalidixic acid;norfloxacin;sparfloxacin",,100,100,100,"1.18559e-166"
"K-mer Search","Antibiotic Resistance","PATRIC","562.57368","Escherichia coli strain PB163","fig|562.57368.peg.4591",,,,,"QnrB family","Pentapeptide repeat protein QnrB family","Pentapeptide repeat protein QnrB family","antibiotic target protection protein","Fluoroquinolones Quinolones Quinolines","ciprofloxacin;gatifloxacin;levofloxacin;moxifloxacin;nalidixic acid;norfloxacin;sparfloxacin","11943863",,,,
"BLAT","Antibiotic Resistance","NDARO","562.58626","Escherichia coli strain PH118","fig|562.58626.peg.3741",,,"WP_001516695.1","Gammaproteobacteria",,"Pentapeptide repeat protein QnrB family","MULTISPECIES: quinolone resistance pentapeptide repeat protein QnrS1","",,,,100,100,100,"1e-129"
"AMRFinderPlus: PARTIALP","Antibiotic Resistance","NDARO","562.57411","Escherichia coli strain W2_11_ERB6","fig|562.57411.peg.4807",,,"WP_012537714.1",,,"Pentapeptide repeat protein QnrB family","QnrS family quinolone resistance pentapeptide repeat protein",,"quinolone","quinolone",,65,100,100,
"RGI: protein homolog model","Antibiotic Resistance","CARD","562.57446","Escherichia coli strain F1_9_ERB1","fig|562.57446.peg.5167",,,"381",,,"Pentapeptide repeat protein QnrB family","QnrS1","antibiotic target protection","fluoroquinolone","ciprofloxacin;levofloxacin;moxifloxacin;gatifloxacin;nalidixic acid;norfloxacin;sparfloxacin",,100,100,100,"1.18559e-166"
"AMRFinderPlus: ALLELEP","Antibiotic Resistance","NDARO","562.73383","Escherichia coli strain BB1443","fig|562.73383.peg.5499","JFD_05362",,"WP_012579084.1",,"pipB2_2","Pentapeptide repeat protein QnrB family","quinolone resistance pentapeptide repeat protein QnrA1",,"quinolone","quinolone",,100,100,100,
"BLAT","Antibiotic Resistance","NDARO","562.57176","Escherichia coli strain 24742_1#153","fig|562.57176.peg.5150",,,"WP_012954666.1","Gammaproteobacteria",,"Pentapeptide repeat protein QnrB family => Quinolone resistance protein QnrB10","MULTISPECIES: quinolone resistance pentapeptide repeat protein QnrB19","",,,,100,94,100,"1e-124"
"BLAT","Antibiotic Resistance","NDARO","562.97114","Escherichia coli VRES1353","fig|562.97114.peg.4442",,,"WP_001516695.1","Gammaproteobacteria",,"Pentapeptide repeat protein QnrB family","MULTISPECIES: quinolone resistance pentapeptide repeat protein QnrS1","",,,,100,100,100,"1e-129"
"BLAT","Antibiotic Resistance","NDARO","562.145026","Escherichia coli PT_EC0194","fig|562.145026.peg.4661",,,"WP_001516695.1","Gammaproteobacteria",,"Pentapeptide repeat protein QnrB family","MULTISPECIES: quinolone resistance pentapeptide repeat protein QnrS1","",,,,100,100,100,"1e-129"
"K-mer Search","Antibiotic Resistance","PATRIC","562.96745","Escherichia coli VREC0905","fig|562.96745.peg.4946",,,,,"QnrB10","Pentapeptide repeat protein QnrB family => Quinolone resistance protein QnrB10","Pentapeptide repeat protein QnrB family => Quinolone resistance protein QnrB10","antibiotic target protection protein","Fluoroquinolones Quinolones Quinolines","ciprofloxacin;gatifloxacin;levofloxacin;moxifloxacin;nalidixic acid;norfloxacin;sparfloxacin","17938184",,,,
"AMRFinderPlus: ALLELEP","Antibiotic Resistance","NDARO","562.97022","Escherichia coli VRES1194","fig|562.97022.peg.5010",,,"WP_001516695.1",,,"Pentapeptide repeat protein QnrB family","quinolone resistance pentapeptide repeat protein QnrS1",,"quinolone","quinolone",,100,100,100,
"BLAT","Antibiotic Resistance","CARD","562.57416","Escherichia coli strain W2_13_ERB6","fig|562.57416.peg.4741",,,"ABG56870.1","Klebsiella pneumoniae","QnrS1","Pentapeptide repeat protein QnrB family",,"antibiotic target protection protein,fluoroquinolone resistance gene",,,,100,100,100,"1e-129"
"K-mer Search","Antibiotic Resistance","PATRIC","562.97022","Escherichia coli VRES1194","fig|562.97022.peg.5010",,,,,"QnrB family","Pentapeptide repeat protein QnrB family","Pentapeptide repeat protein QnrB family","antibiotic target protection protein","Fluoroquinolones Quinolones Quinolines","ciprofloxacin;gatifloxacin;levofloxacin;moxifloxacin;nalidixic acid;norfloxacin;sparfloxacin","11943863",,,,
"K-mer Search","Antibiotic Resistance","PATRIC","562.45649","Escherichia coli strain EC_03","fig|562.45649.peg.204","EXX01_24205",,,,"QnrB family","Pentapeptide repeat protein QnrB family","Pentapeptide repeat protein QnrB family","antibiotic target protection protein","Fluoroquinolones Quinolones Quinolines","ciprofloxacin;gatifloxacin;levofloxacin;moxifloxacin;nalidixic acid;norfloxacin;sparfloxacin","11943863",,,,
"AMRFinderPlus: ALLELEP","Antibiotic Resistance","NDARO","562.7696","Escherichia coli strain 504225_aEPEC","fig|562.7696.peg.4629","ERS085369_04552",,"WP_001516695.1",,"pipB2","Pentapeptide repeat protein QnrB family","quinolone resistance pentapeptide repeat protein QnrS1",,"quinolone","quinolone",,100,100,100,
"AMRFinderPlus: ALLELEP","Antibiotic Resistance","NDARO","562.57386","Escherichia coli strain W1_3_ERB1","fig|562.57386.peg.4997",,,"WP_001516695.1",,,"Pentapeptide repeat protein QnrB family","quinolone resistance pentapeptide repeat protein QnrS1",,"quinolone","quinolone",,100,100,100,
"BLAT","Antibiotic Resistance","CARD","562.97022","Escherichia coli VRES1194","fig|562.97022.peg.5010",,,"ABG56870.1","Klebsiella pneumoniae","QnrS1","Pentapeptide repeat protein QnrB family",,"antibiotic target protection protein,fluoroquinolone resistance gene",,,,100,100,100,"1e-129"
"K-mer Search","Antibiotic Resistance","PATRIC","562.100724","Escherichia coli 98ff30b8-7bb8-11e9-a8d3-68b59976a384","fig|562.100724.peg.4676",,,,,"QnrB family","Pentapeptide repeat protein QnrB family","Pentapeptide repeat protein QnrB family","antibiotic target protection protein","Fluoroquinolones Quinolones Quinolines","ciprofloxacin;gatifloxacin;levofloxacin;moxifloxacin;nalidixic acid;norfloxacin;sparfloxacin","11943863",,,,
"BLAT","Antibiotic Resistance","CARD","562.97118","Escherichia coli VRES1351","fig|562.97118.peg.4458",,,"ABG56870.1","Klebsiella pneumoniae","QnrS1","Pentapeptide repeat protein QnrB family",,"antibiotic target protection protein,fluoroquinolone resistance gene",,,,100,100,100,"1e-129"
"RGI: protein homolog model","Antibiotic Resistance","CARD","562.45964","Escherichia coli strain URMC_26","fig|562.45964.peg.5520","ELV28_25695",,"381",,,"Pentapeptide repeat protein QnrB family","QnrS1","antibiotic target protection","fluoroquinolone","ciprofloxacin;levofloxacin;moxifloxacin;gatifloxacin;nalidixic acid;norfloxacin;sparfloxacin",,100,100,100,"1.18559e-166"
"BLAT","Antibiotic Resistance","NDARO","562.57437","Escherichia coli strain W2_9_ERB2","fig|562.57437.peg.4717",,,"WP_001516695.1","Gammaproteobacteria",,"Pentapeptide repeat protein QnrB family","MULTISPECIES: quinolone resistance pentapeptide repeat protein QnrS1","",,,,100,100,100,"1e-129"
"RGI: protein homolog model","Antibiotic Resistance","CARD","562.100935","Escherichia coli 2a5eec42-7bb9-11e9-a8d3-68b59976a384","fig|562.100935.peg.4885",,,"1707",,,"Pentapeptide repeat protein QnrB family => Quinolone resistance protein QnrB10","QnrB4","antibiotic target protection","fluoroquinolone","ciprofloxacin;levofloxacin;moxifloxacin;gatifloxacin;nalidixic acid;norfloxacin;sparfloxacin",,100,99,100,"4.70475e-160"
"RGI: protein homolog model","Antibiotic Resistance","CARD","562.7686","Escherichia coli strain 702890_aEPEC","fig|562.7686.peg.4688","ERS085405_04571",,"381",,"pipB2_3","Pentapeptide repeat protein QnrB family","QnrS1","antibiotic target protection","fluoroquinolone","ciprofloxacin;levofloxacin;moxifloxacin;gatifloxacin;nalidixic acid;norfloxacin;sparfloxacin",,100,100,100,"1.18559e-166"
"AMRFinderPlus: ALLELEP","Antibiotic Resistance","NDARO","562.58770","Escherichia coli strain ENV66","fig|562.58770.peg.4829",,,"WP_001516695.1",,,"Pentapeptide repeat protein QnrB family","quinolone resistance pentapeptide repeat protein QnrS1",,"quinolone","quinolone",,100,100,100,
"K-mer Search","Antibiotic Resistance","PATRIC","562.97019","Escherichia coli VREC1122","fig|562.97019.peg.4977",,,,,"QnrB family","Pentapeptide repeat protein QnrB family","Pentapeptide repeat protein QnrB family","antibiotic target protection protein","Fluoroquinolones Quinolones Quinolines","ciprofloxacin;gatifloxacin;levofloxacin;moxifloxacin;nalidixic acid;norfloxacin;sparfloxacin","11943863",,,,
"BLAT","Antibiotic Resistance","CARD","562.57431","Escherichia coli strain W2_9_ERBR2","fig|562.57431.peg.5041",,,"ABG56870.1","Klebsiella pneumoniae","QnrS1","Pentapeptide repeat protein QnrB family",,"antibiotic target protection protein,fluoroquinolone resistance gene",,,,100,100,100,"1e-129"
"AMRFinderPlus: ALLELEP","Antibiotic Resistance","NDARO","562.99759","Escherichia coli ea0054a6-7bb8-11e9-a8d3-68b59976a384","fig|562.99759.peg.5067",,,"WP_001516695.1",,,"Pentapeptide repeat protein QnrB family","quinolone resistance pentapeptide repeat protein QnrS1",,"quinolone","quinolone",,100,100,100,
"K-mer Search","Antibiotic Resistance","PATRIC","562.57509","Escherichia coli strain PB78","fig|562.57509.peg.4734",,,,,"QnrB family","Pentapeptide repeat protein QnrB family","Pentapeptide repeat protein QnrB family","antibiotic target protection protein","Fluoroquinolones Quinolones Quinolines","ciprofloxacin;gatifloxacin;levofloxacin;moxifloxacin;nalidixic acid;norfloxacin;sparfloxacin","11943863",,,,
"RGI: protein homolog model","Antibiotic Resistance","CARD","562.97023","Escherichia coli VRES1197","fig|562.97023.peg.4991",,,"381",,,"Pentapeptide repeat protein QnrB family","QnrS1","antibiotic target protection","fluoroquinolone","ciprofloxacin;levofloxacin;moxifloxacin;gatifloxacin;nalidixic acid;norfloxacin;sparfloxacin",,100,100,100,"1.18559e-166"
"BLAT","Antibiotic Resistance","CARD","562.97017","Escherichia coli VREC1123","fig|562.97017.peg.4982",,,"ABG56870.1","Klebsiella pneumoniae","QnrS1","Pentapeptide repeat protein QnrB family",,"antibiotic target protection protein,fluoroquinolone resistance gene",,,,100,100,100,"1e-129"
"RGI: protein homolog model","Antibiotic Resistance","CARD","562.58776","Escherichia coli strain ENV222","fig|562.58776.peg.4972",,,"381",,,"Pentapeptide repeat protein QnrB family","QnrS1","antibiotic target protection","fluoroquinolone","ciprofloxacin;levofloxacin;moxifloxacin;gatifloxacin;nalidixic acid;norfloxacin;sparfloxacin",,100,100,100,"1.18559e-166"
"BLAT","Antibiotic Resistance","NDARO","562.97105","Escherichia coli VRES1352","fig|562.97105.peg.4466",,,"WP_001516695.1","Gammaproteobacteria",,"Pentapeptide repeat protein QnrB family","MULTISPECIES: quinolone resistance pentapeptide repeat protein QnrS1","",,,,100,100,100,"1e-129"
"BLAT","Antibiotic Resistance","CARD","562.59222","Escherichia coli strain PBIO1943","fig|562.59222.peg.4686",,,"ABC86904.1","Klebsiella pneumoniae","QnrB1","Pentapeptide repeat protein QnrB family => Quinolone resistance protein QnrB10",,"antibiotic target protection protein,fluoroquinolone resistance gene",,,,94,100,100,"1e-123"
"K-mer Search","Antibiotic Resistance","PATRIC","562.57446","Escherichia coli strain F1_9_ERB1","fig|562.57446.peg.5167",,,,,"QnrB family","Pentapeptide repeat protein QnrB family","Pentapeptide repeat protein QnrB family","antibiotic target protection protein","Fluoroquinolones Quinolones Quinolines","ciprofloxacin;gatifloxacin;levofloxacin;moxifloxacin;nalidixic acid;norfloxacin;sparfloxacin","11943863",,,,
"AMRFinderPlus: ALLELEP","Antibiotic Resistance","NDARO","562.42665","Escherichia coli strain 190","fig|562.42665.peg.5307",,,"WP_014386481.1",,,"Pentapeptide repeat protein QnrB family => Quinolone resistance protein QnrB10","quinolone resistance pentapeptide repeat protein QnrB1",,"quinolone","quinolone",,100,100,100,
"BLAT","Antibiotic Resistance","CARD","562.73357","Escherichia coli strain BB1410","fig|562.73357.peg.5362","JFD_05234",,"ABI50486.1","Klebsiella pneumoniae","QnrA1","Pentapeptide repeat protein QnrB family",,"antibiotic target protection protein,fluoroquinolone resistance gene",,,,100,100,100,"1e-130"
"BLAT","Antibiotic Resistance","CARD","562.56841","Escherichia coli strain 50-16","fig|562.56841.peg.6367",,,"ABG56269.1","Citrobacter freundii","QnrB10","Pentapeptide repeat protein QnrB family => Quinolone resistance protein QnrB10",,"antibiotic target protection protein,fluoroquinolone resistance gene",,,,16,100,97,"5e-13"
"BLAT","Antibiotic Resistance","CARD","562.20499","Escherichia coli strain AR_0162","fig|562.20499.peg.5051","AM408_00610",,"ABG56870.1","Klebsiella pneumoniae",,"Pentapeptide repeat protein QnrB family",,"antibiotic target protection protein,fluoroquinolone resistance gene",,,,100,100,100,"1e-129"
"AMRFinderPlus: ALLELEP","Antibiotic Resistance","NDARO","562.97032","Escherichia coli VRES1201","fig|562.97032.peg.4996",,,"WP_001516695.1",,,"Pentapeptide repeat protein QnrB family","quinolone resistance pentapeptide repeat protein QnrS1",,"quinolone","quinolone",,100,100,100,
"BLAT","Antibiotic Resistance","CARD","562.99759","Escherichia coli ea0054a6-7bb8-11e9-a8d3-68b59976a384","fig|562.99759.peg.5067",,,"ABG56870.1","Klebsiella pneumoniae","QnrS1","Pentapeptide repeat protein QnrB family",,"antibiotic target protection protein,fluoroquinolone resistance gene",,,,100,100,100,"1e-129"
"AMRFinderPlus: ALLELEP","Antibiotic Resistance","NDARO","562.57480","Escherichia coli strain PB186","fig|562.57480.peg.4990",,,"WP_014386481.1",,,"Pentapeptide repeat protein QnrB family => Quinolone resistance protein QnrB10","quinolone resistance pentapeptide repeat protein QnrB1",,"quinolone","quinolone",,100,100,100,
"BLAT","Antibiotic Resistance","CARD","562.97018","Escherichia coli VREC1124","fig|562.97018.peg.5003",,,"ABG56870.1","Klebsiella pneumoniae","QnrS1","Pentapeptide repeat protein QnrB family",,"antibiotic target protection protein,fluoroquinolone resistance gene",,,,100,100,100,"1e-129"
"BLAT","Antibiotic Resistance","NDARO","562.73350","Escherichia coli strain BB1407","fig|562.73350.peg.5543","JFD_05388",,"WP_012579084.1","Enterobacterales","pipB2_2","Pentapeptide repeat protein QnrB family","MULTISPECIES: quinolone resistance pentapeptide repeat protein QnrA1","",,,,100,100,100,"1e-130"
"K-mer Search","Antibiotic Resistance","PATRIC","562.19151","Escherichia coli strain 104","fig|562.19151.peg.1937","CDN93_10730",,,,,"Pentapeptide repeat protein QnrB family",,"antibiotic target protection protein","fluoroquinolones quinolones quinolines","ciprofloxacin;gatifloxacin;levofloxacin;moxifloxacin;nalidixic acid;norfloxacin;sparfloxacin","11943863",,,,
"RGI: protein homolog model","Antibiotic Resistance","CARD","562.73347","Escherichia coli strain BB1404","fig|562.73347.peg.5558","JFD_05389",,"1987",,"pipB2_2","Pentapeptide repeat protein QnrB family","QnrA1","antibiotic target protection","fluoroquinolone","ciprofloxacin;levofloxacin;moxifloxacin;gatifloxacin;nalidixic acid;norfloxacin;sparfloxacin",,100,100,100,"6.38938e-163"
"BLAT","Antibiotic Resistance","NDARO","562.45675","Escherichia coli strain EC_07","fig|562.45675.peg.4306","EXX04_23595",,"WP_001516695.1","Gammaproteobacteria",,"Pentapeptide repeat protein QnrB family","MULTISPECIES: quinolone resistance pentapeptide repeat protein QnrS1","",,,,100,100,100,"1e-129"
"AMRFinderPlus: ALLELEP","Antibiotic Resistance","NDARO","562.57470","Escherichia coli strain PB67","fig|562.57470.peg.4997",,,"WP_014386481.1",,,"Pentapeptide repeat protein QnrB family => Quinolone resistance protein QnrB10","quinolone resistance pentapeptide repeat protein QnrB1",,"quinolone","quinolone",,100,100,100,
"AMRFinderPlus: ALLELEP","Antibiotic Resistance","NDARO","562.97106","Escherichia coli VREC1234","fig|562.97106.peg.4437",,,"WP_001516695.1",,,"Pentapeptide repeat protein QnrB family","quinolone resistance pentapeptide repeat protein QnrS1",,"quinolone","quinolone",,100,100,100,
"K-mer Search","Antibiotic Resistance","PATRIC","562.23166","Escherichia coli NA:H19 strain ECO0783","fig|562.23166.peg.4748",,,,,,"Pentapeptide repeat protein QnrB family",,"antibiotic target protection protein","fluoroquinolones quinolones quinolines","ciprofloxacin;gatifloxacin;levofloxacin;moxifloxacin;nalidixic acid;norfloxacin;sparfloxacin","11943863",,,,
"RGI: protein homolog model","Antibiotic Resistance","CARD","562.58703","Escherichia coli strain 14036998","fig|562.58703.peg.4675",,,"99",,,"Pentapeptide repeat protein QnrB family => Quinolone resistance protein QnrB10","QnrB38","antibiotic target protection","fluoroquinolone","ciprofloxacin;levofloxacin;moxifloxacin;gatifloxacin;nalidixic acid;norfloxacin;sparfloxacin",,100,100,100,"8.72427e-160"
"BLAT","Antibiotic Resistance","CARD","562.42648","Escherichia coli strain 149","fig|562.42648.peg.4938",,,"ABG56870.1","Klebsiella pneumoniae","QnrS1","Pentapeptide repeat protein QnrB family",,"antibiotic target protection protein,fluoroquinolone resistance gene",,,,100,100,100,"1e-129"
"BLAT","Antibiotic Resistance","NDARO","562.97116","Escherichia coli VRES1348","fig|562.97116.peg.4440",,,"WP_001516695.1","Gammaproteobacteria",,"Pentapeptide repeat protein QnrB family","MULTISPECIES: quinolone resistance pentapeptide repeat protein QnrS1","",,,,100,100,100,"1e-129"
"BLAT","Antibiotic Resistance","NDARO","562.58777","Escherichia coli strain ENV225","fig|562.58777.peg.4805",,,"WP_001516695.1","Gammaproteobacteria",,"Pentapeptide repeat protein QnrB family","MULTISPECIES: quinolone resistance pentapeptide repeat protein QnrS1","",,,,100,100,100,"1e-129"
"BLAT","Antibiotic Resistance","CARD","562.57427","Escherichia coli strain W2_5_ERB8","fig|562.57427.peg.5023",,,"ABG56870.1","Klebsiella pneumoniae","QnrS1","Pentapeptide repeat protein QnrB family",,"antibiotic target protection protein,fluoroquinolone resistance gene",,,,100,100,100,"1e-129"
"K-mer Search","Antibiotic Resistance","PATRIC","562.57413","Escherichia coli strain W2_12_ERB4","fig|562.57413.peg.4696",,,,,"QnrB family","Pentapeptide repeat protein QnrB family","Pentapeptide repeat protein QnrB family","antibiotic target protection protein","Fluoroquinolones Quinolones Quinolines","ciprofloxacin;gatifloxacin;levofloxacin;moxifloxacin;nalidixic acid;norfloxacin;sparfloxacin","11943863",,,,
"BLASTP","Antibiotic Resistance","ARDB","562.17721","Escherichia coli strain AR_0137","fig|562.17721.peg.5193","AM384_25880",,"CAN99570","Salmonella enterica subsp. enterica serovar Typhimurium",,"Pentapeptide repeat protein QnrB family","Pentapeptide repeat family, which protects DNA gyrase from the inhibition of quinolones.","Fluoroquinolone",,,"12697644, 15673773",100,100,100,"0"
"AMRFinderPlus: ALLELEP","Antibiotic Resistance","NDARO","562.97105","Escherichia coli VRES1352","fig|562.97105.peg.4466",,,"WP_001516695.1",,,"Pentapeptide repeat protein QnrB family","quinolone resistance pentapeptide repeat protein QnrS1",,"quinolone","quinolone",,100,100,100,
"K-mer Search","Antibiotic Resistance","PATRIC","562.57434","Escherichia coli strain W2_8_ERB3","fig|562.57434.peg.4211",,,,,"QnrB family","Pentapeptide repeat protein QnrB family","Pentapeptide repeat protein QnrB family","antibiotic target protection protein","Fluoroquinolones Quinolones Quinolines","ciprofloxacin;gatifloxacin;levofloxacin;moxifloxacin;nalidixic acid;norfloxacin;sparfloxacin","11943863",,,,
"AMRFinderPlus: ALLELEP","Antibiotic Resistance","NDARO","562.42649","Escherichia coli strain 151","fig|562.42649.peg.4760",,,"WP_001516695.1",,,"Pentapeptide repeat protein QnrB family","quinolone resistance pentapeptide repeat protein QnrS1",,"quinolone","quinolone",,100,100,100,
"K-mer Search","Antibiotic Resistance","PATRIC","562.98936","Escherichia coli a83901b6-7bb9-11e9-a8d3-68b59976a384","fig|562.98936.peg.5176",,,,,"QnrB family","Pentapeptide repeat protein QnrB family","Pentapeptide repeat protein QnrB family","antibiotic target protection protein","Fluoroquinolones Quinolones Quinolines","ciprofloxacin;gatifloxacin;levofloxacin;moxifloxacin;nalidixic acid;norfloxacin;sparfloxacin","11943863",,,,
"K-mer Search","Antibiotic Resistance","PATRIC","562.58628","Escherichia coli strain PH135","fig|562.58628.peg.543",,,,,"QnrB family","Pentapeptide repeat protein QnrB family","Pentapeptide repeat protein QnrB family","antibiotic target protection protein","Fluoroquinolones Quinolones Quinolines","ciprofloxacin;gatifloxacin;levofloxacin;moxifloxacin;nalidixic acid;norfloxacin;sparfloxacin","11943863",,,,
"BLAT","Antibiotic Resistance","NDARO","562.99759","Escherichia coli ea0054a6-7bb8-11e9-a8d3-68b59976a384","fig|562.99759.peg.5067",,,"WP_001516695.1","Gammaproteobacteria",,"Pentapeptide repeat protein QnrB family","MULTISPECIES: quinolone resistance pentapeptide repeat protein QnrS1","",,,,100,100,100,"1e-129"
"RGI: protein homolog model","Antibiotic Resistance","CARD","562.57441","Escherichia coli strain F1_7_ERB1","fig|562.57441.peg.4706",,,"381",,,"Pentapeptide repeat protein QnrB family","QnrS1","antibiotic target protection","fluoroquinolone","ciprofloxacin;levofloxacin;moxifloxacin;gatifloxacin;nalidixic acid;norfloxacin;sparfloxacin",,84,100,100,"1.76165e-138"
"BLAT","Antibiotic Resistance","CARD","562.59223","Escherichia coli strain PBIO711","fig|562.59223.peg.4670",,,"ABP87778.1","Pantoea agglomerans","QnrB6","Pentapeptide repeat protein QnrB family => Quinolone resistance protein QnrB10",,"antibiotic target protection protein,fluoroquinolone resistance gene",,,,100,100,100,"1e-131"
"RGI: protein homolog model","Antibiotic Resistance","CARD","562.73354","Escherichia coli strain BB1403","fig|562.73354.peg.5537","JFD_05383",,"1987",,"pipB2_2","Pentapeptide repeat protein QnrB family","QnrA1","antibiotic target protection","fluoroquinolone","ciprofloxacin;levofloxacin;moxifloxacin;gatifloxacin;nalidixic acid;norfloxacin;sparfloxacin",,100,100,100,"6.38938e-163"
"K-mer Search","Antibiotic Resistance","PATRIC","562.57460","Escherichia coli strain PB516","fig|562.57460.peg.4895",,,,,"QnrB family","Pentapeptide repeat protein QnrB family","Pentapeptide repeat protein QnrB family","antibiotic target protection protein","Fluoroquinolones Quinolones Quinolines","ciprofloxacin;gatifloxacin;levofloxacin;moxifloxacin;nalidixic acid;norfloxacin;sparfloxacin","11943863",,,,
"BLAT","Antibiotic Resistance","NDARO","562.144913","Escherichia coli MGL_87","fig|562.144913.peg.5139",,,"WP_001516695.1","Gammaproteobacteria",,"Pentapeptide repeat protein QnrB family","MULTISPECIES: quinolone resistance pentapeptide repeat protein QnrS1","",,,,100,100,100,"1e-129"
"BLAT","Antibiotic Resistance","CARD","562.135575","Escherichia coli MGL_118","fig|562.135575.peg.4732",,,"ABG56870.1","Klebsiella pneumoniae","QnrS1","Pentapeptide repeat protein QnrB family",,"antibiotic target protection protein,fluoroquinolone resistance gene",,,,100,100,100,"1e-129"
"RGI: protein homolog model","Antibiotic Resistance","CARD","562.73350","Escherichia coli strain BB1407","fig|562.73350.peg.5543","JFD_05388",,"1987",,"pipB2_2","Pentapeptide repeat protein QnrB family","QnrA1","antibiotic target protection","fluoroquinolone","ciprofloxacin;levofloxacin;moxifloxacin;gatifloxacin;nalidixic acid;norfloxacin;sparfloxacin",,100,100,100,"6.38938e-163"
"RGI: protein homolog model","Antibiotic Resistance","CARD","562.145037","Escherichia coli PT_EC0182","fig|562.145037.peg.4976",,,"139",,,"Pentapeptide repeat protein QnrB family => Quinolone resistance protein QnrB10","QnrB10","antibiotic target protection","fluoroquinolone","ciprofloxacin;levofloxacin;moxifloxacin;gatifloxacin;nalidixic acid;norfloxacin;sparfloxacin",,,,,
"BLAT","Antibiotic Resistance","NDARO","562.7686","Escherichia coli strain 702890_aEPEC","fig|562.7686.peg.4688","ERS085405_04571",,"WP_001516695.1","Gammaproteobacteria","pipB2_3","Pentapeptide repeat protein QnrB family","MULTISPECIES: quinolone resistance pentapeptide repeat protein QnrS1",,,,,100,100,100,"1e-129"
"AMRFinderPlus: ALLELEP","Antibiotic Resistance","NDARO","562.73393","Escherichia coli strain BB1409","fig|562.73393.peg.5159","BGZ_05100",,"WP_012579084.1",,"pipB2_2","Pentapeptide repeat protein QnrB family","quinolone resistance pentapeptide repeat protein QnrA1",,"quinolone","quinolone",,100,100,100,
"RGI: protein homolog model","Antibiotic Resistance","CARD","562.57442","Escherichia coli strain F1_8_ERB12","fig|562.57442.peg.4244",,,"381",,,"Pentapeptide repeat protein QnrB family","QnrS1","antibiotic target protection","fluoroquinolone","ciprofloxacin;levofloxacin;moxifloxacin;gatifloxacin;nalidixic acid;norfloxacin;sparfloxacin",,100,100,100,"1.18559e-166"
"K-mer Search","Antibiotic Resistance","PATRIC","562.100912","Escherichia coli 4a800a88-7bb9-11e9-a8d3-68b59976a384","fig|562.100912.peg.4684",,,,,"QnrB family","Pentapeptide repeat protein QnrB family","Pentapeptide repeat protein QnrB family","antibiotic target protection protein","Fluoroquinolones Quinolones Quinolines","ciprofloxacin;gatifloxacin;levofloxacin;moxifloxacin;nalidixic acid;norfloxacin;sparfloxacin","11943863",,,,
"BLAT","Antibiotic Resistance","NDARO","562.56771","Escherichia coli strain 1043-14","fig|562.56771.peg.4921",,,"WP_001516695.1","Gammaproteobacteria",,"Pentapeptide repeat protein QnrB family","MULTISPECIES: quinolone resistance pentapeptide repeat protein QnrS1","",,,,100,100,100,"1e-129"
"RGI: protein homolog model","Antibiotic Resistance","CARD","562.57396","Escherichia coli strain W1_7_ERB9","fig|562.57396.peg.4344",,,"381",,,"Pentapeptide repeat protein QnrB family","QnrS1","antibiotic target protection","fluoroquinolone","ciprofloxacin;levofloxacin;moxifloxacin;gatifloxacin;nalidixic acid;norfloxacin;sparfloxacin",,100,100,100,"1.18559e-166"
"RGI: protein homolog model","Antibiotic Resistance","CARD","562.57370","Escherichia coli strain PB198","fig|562.57370.peg.4876",,,"381",,,"Pentapeptide repeat protein QnrB family","QnrS1","antibiotic target protection","fluoroquinolone","ciprofloxacin;levofloxacin;moxifloxacin;gatifloxacin;nalidixic acid;norfloxacin;sparfloxacin",,100,100,100,"1.18559e-166"
"BLAT","Antibiotic Resistance","NDARO","562.57417","Escherichia coli strain W2_2_ERB4","fig|562.57417.peg.4328",,,"WP_001516695.1","Gammaproteobacteria",,"Pentapeptide repeat protein QnrB family","MULTISPECIES: quinolone resistance pentapeptide repeat protein QnrS1","",,,,100,100,100,"1e-129"
"BLAT","Antibiotic Resistance","NDARO","562.57385","Escherichia coli strain W1_10_ERB1","fig|562.57385.peg.4671",,,"WP_001516695.1","Gammaproteobacteria",,"Pentapeptide repeat protein QnrB family","MULTISPECIES: quinolone resistance pentapeptide repeat protein QnrS1","",,,,100,100,100,"1e-129"
"BLAT","Antibiotic Resistance","NDARO","562.57431","Escherichia coli strain W2_9_ERBR2","fig|562.57431.peg.5041",,,"WP_001516695.1","Gammaproteobacteria",,"Pentapeptide repeat protein QnrB family","MULTISPECIES: quinolone resistance pentapeptide repeat protein QnrS1","",,,,100,100,100,"1e-129"
"K-mer Search","Antibiotic Resistance","PATRIC","562.42686","Escherichia coli strain 24","fig|562.42686.peg.4753",,,,,"QnrB family","Pentapeptide repeat protein QnrB family","Pentapeptide repeat protein QnrB family","antibiotic target protection protein","Fluoroquinolones Quinolones Quinolines","ciprofloxacin;gatifloxacin;levofloxacin;moxifloxacin;nalidixic acid;norfloxacin;sparfloxacin","11943863",,,,
"K-mer Search","Antibiotic Resistance","PATRIC","562.57392","Escherichia coli strain W1_5_ERB1","fig|562.57392.peg.4937",,,,,"QnrB family","Pentapeptide repeat protein QnrB family","Pentapeptide repeat protein QnrB family","antibiotic target protection protein","Fluoroquinolones Quinolones Quinolines","ciprofloxacin;gatifloxacin;levofloxacin;moxifloxacin;nalidixic acid;norfloxacin;sparfloxacin","11943863",,,,
"K-mer Search","Antibiotic Resistance","PATRIC","562.57469","Escherichia coli strain PB97","fig|562.57469.peg.5181",,,,,"QnrB family","Pentapeptide repeat protein QnrB family","Pentapeptide repeat protein QnrB family","antibiotic target protection protein","Fluoroquinolones Quinolones Quinolines","ciprofloxacin;gatifloxacin;levofloxacin;moxifloxacin;nalidixic acid;norfloxacin;sparfloxacin","11943863",,,,
"AMRFinderPlus: ALLELEP","Antibiotic Resistance","NDARO","562.135579","Escherichia coli MGL_1560","fig|562.135579.peg.5080","R2R64_16340",,"WP_001516695.1",,,"Pentapeptide repeat protein QnrB family","quinolone resistance pentapeptide repeat protein QnrS1",,"quinolone","quinolone",,100,100,100,
"BLAT","Antibiotic Resistance","NDARO","562.42649","Escherichia coli strain 151","fig|562.42649.peg.4760",,,"WP_001516695.1","Gammaproteobacteria",,"Pentapeptide repeat protein QnrB family","MULTISPECIES: quinolone resistance pentapeptide repeat protein QnrS1","",,,,100,100,100,"1e-129"
"RGI: protein homolog model","Antibiotic Resistance","CARD","562.73351","Escherichia coli strain BB1408","fig|562.73351.peg.5495","JFD_05344",,"1987",,"pipB2_2","Pentapeptide repeat protein QnrB family","QnrA1","antibiotic target protection","fluoroquinolone","ciprofloxacin;levofloxacin;moxifloxacin;gatifloxacin;nalidixic acid;norfloxacin;sparfloxacin",,100,100,100,"6.38938e-163"
"K-mer Search","Antibiotic Resistance","PATRIC","562.97103","Escherichia coli VRES1347","fig|562.97103.peg.4439",,,,,"QnrB family","Pentapeptide repeat protein QnrB family","Pentapeptide repeat protein QnrB family","antibiotic target protection protein","Fluoroquinolones Quinolones Quinolines","ciprofloxacin;gatifloxacin;levofloxacin;moxifloxacin;nalidixic acid;norfloxacin;sparfloxacin","11943863",,,,
"RGI: protein homolog model","Antibiotic Resistance","CARD","562.59229","Escherichia coli strain PBIO1948","fig|562.59229.peg.4692","HFC66_22170",,"417",,,"Pentapeptide repeat protein QnrB family => Quinolone resistance protein QnrB10","QnrB6","antibiotic target protection","fluoroquinolone","ciprofloxacin;levofloxacin;moxifloxacin;gatifloxacin;nalidixic acid;norfloxacin;sparfloxacin",,100,100,100,"1.34748e-170"
"K-mer Search","Antibiotic Resistance","PATRIC","562.97106","Escherichia coli VREC1234","fig|562.97106.peg.4437",,,,,"QnrB family","Pentapeptide repeat protein QnrB family","Pentapeptide repeat protein QnrB family","antibiotic target protection protein","Fluoroquinolones Quinolones Quinolines","ciprofloxacin;gatifloxacin;levofloxacin;moxifloxacin;nalidixic acid;norfloxacin;sparfloxacin","11943863",,,,
"BLAT","Antibiotic Resistance","CARD","562.73350","Escherichia coli strain BB1407","fig|562.73350.peg.5543","JFD_05388",,"ABI50486.1","Klebsiella pneumoniae","QnrA1","Pentapeptide repeat protein QnrB family",,"antibiotic target protection protein,fluoroquinolone resistance gene",,,,100,100,100,"1e-130"
"BLAT","Antibiotic Resistance","CARD","562.42724","Escherichia coli strain 363","fig|562.42724.peg.4169",,,"ABG56870.1","Klebsiella pneumoniae","QnrS1","Pentapeptide repeat protein QnrB family",,"antibiotic target protection protein,fluoroquinolone resistance gene",,,,100,100,100,"1e-129"
"K-mer Search","Antibiotic Resistance","PATRIC","562.59225","Escherichia coli strain PBIO1937","fig|562.59225.peg.4361",,,,,"QnrB10","Pentapeptide repeat protein QnrB family => Quinolone resistance protein QnrB10","Pentapeptide repeat protein QnrB family => Quinolone resistance protein QnrB10","antibiotic target protection protein","Fluoroquinolones Quinolones Quinolines","ciprofloxacin;gatifloxacin;levofloxacin;moxifloxacin;nalidixic acid;norfloxacin;sparfloxacin","17938184",,,,
"RGI: protein homolog model","Antibiotic Resistance","CARD","562.58777","Escherichia coli strain ENV225","fig|562.58777.peg.4805",,,"381",,,"Pentapeptide repeat protein QnrB family","QnrS1","antibiotic target protection","fluoroquinolone","ciprofloxacin;levofloxacin;moxifloxacin;gatifloxacin;nalidixic acid;norfloxacin;sparfloxacin",,100,100,100,"1.18559e-166"
"AMRFinderPlus: ALLELEP","Antibiotic Resistance","NDARO","562.57439","Escherichia coli strain W3_1_ERB5","fig|562.57439.peg.1114",,,"WP_001516695.1",,,"Pentapeptide repeat protein QnrB family","quinolone resistance pentapeptide repeat protein QnrS1",,"quinolone","quinolone",,100,100,100,
"BLAT","Antibiotic Resistance","NDARO","562.45628","Escherichia coli strain EC_33_B","fig|562.45628.peg.3995","EXX31_24445",,"WP_001516695.1","Gammaproteobacteria",,"Pentapeptide repeat protein QnrB family","MULTISPECIES: quinolone resistance pentapeptide repeat protein QnrS1","",,,,100,100,100,"1e-129"
"AMRFinderPlus: ALLELEP","Antibiotic Resistance","NDARO","562.73347","Escherichia coli strain BB1404","fig|562.73347.peg.5558","JFD_05389",,"WP_012579084.1",,"pipB2_2","Pentapeptide repeat protein QnrB family","quinolone resistance pentapeptide repeat protein QnrA1",,"quinolone","quinolone",,100,100,100,
"RGI: protein homolog model","Antibiotic Resistance","CARD","562.57386","Escherichia coli strain W1_3_ERB1","fig|562.57386.peg.4997",,,"381",,,"Pentapeptide repeat protein QnrB family","QnrS1","antibiotic target protection","fluoroquinolone","ciprofloxacin;levofloxacin;moxifloxacin;gatifloxacin;nalidixic acid;norfloxacin;sparfloxacin",,100,100,100,"1.18559e-166"
"AMRFinderPlus: ALLELEP","Antibiotic Resistance","NDARO","562.73351","Escherichia coli strain BB1408","fig|562.73351.peg.5495","JFD_05344",,"WP_012579084.1",,"pipB2_2","Pentapeptide repeat protein QnrB family","quinolone resistance pentapeptide repeat protein QnrA1",,"quinolone","quinolone",,100,100,100,
"K-mer Search","Antibiotic Resistance","PATRIC","562.58772","Escherichia coli strain ENV76","fig|562.58772.peg.4681",,,,,"QnrB family","Pentapeptide repeat protein QnrB family","Pentapeptide repeat protein QnrB family","antibiotic target protection protein","Fluoroquinolones Quinolones Quinolines","ciprofloxacin;gatifloxacin;levofloxacin;moxifloxacin;nalidixic acid;norfloxacin;sparfloxacin","11943863",,,,
"AMRFinderPlus: BLASTP","Antibiotic Resistance","NDARO","562.58771","Escherichia coli strain ENV68","fig|562.58771.peg.4622",,,"WP_001749994.1",,,"Pentapeptide repeat protein QnrB family => Quinolone resistance protein QnrB10","QnrB family quinolone resistance pentapeptide repeat protein",,"quinolone","quinolone",,100,94,100,
"K-mer Search","Antibiotic Resistance","PATRIC","562.144942","Escherichia coli 20200203_MGL_12","fig|562.144942.peg.5025",,,,,"QnrB family","Pentapeptide repeat protein QnrB family","Pentapeptide repeat protein QnrB family","antibiotic target protection protein","Fluoroquinolones Quinolones Quinolines","ciprofloxacin;gatifloxacin;levofloxacin;moxifloxacin;nalidixic acid;norfloxacin;sparfloxacin","11943863",,,,
"RGI: protein homolog model","Antibiotic Resistance","CARD","562.144936","Escherichia coli MGL_153","fig|562.144936.peg.4843",,,"381",,,"Pentapeptide repeat protein QnrB family","QnrS1","antibiotic target protection","fluoroquinolone","ciprofloxacin;levofloxacin;moxifloxacin;gatifloxacin;nalidixic acid;norfloxacin;sparfloxacin",,100,100,100,"1.18559e-166"
"BLAT","Antibiotic Resistance","NDARO","562.97020","Escherichia coli VRES1202","fig|562.97020.peg.5004",,,"WP_001516695.1","Gammaproteobacteria",,"Pentapeptide repeat protein QnrB family","MULTISPECIES: quinolone resistance pentapeptide repeat protein QnrS1","",,,,100,100,100,"1e-129"
"BLAT","Antibiotic Resistance","NDARO","562.100884","Escherichia coli cf4ce2b8-7bb9-11e9-a8d3-68b59976a384","fig|562.100884.peg.4654",,,"WP_001516695.1","Gammaproteobacteria",,"Pentapeptide repeat protein QnrB family","MULTISPECIES: quinolone resistance pentapeptide repeat protein QnrS1","",,,,100,100,100,"1e-129"
"BLAT","Antibiotic Resistance","CARD","562.135591","Escherichia coli 20200203_MGL_12","fig|562.135591.peg.5026",,,"ABI50486.1","Klebsiella pneumoniae","QnrA1","Pentapeptide repeat protein QnrB family",,"antibiotic target protection protein,fluoroquinolone resistance gene",,,,100,100,100,"1e-130"
"K-mer Search","Antibiotic Resistance","PATRIC","562.145026","Escherichia coli PT_EC0194","fig|562.145026.peg.4661",,,,,"QnrB family","Pentapeptide repeat protein QnrB family","Pentapeptide repeat protein QnrB family","antibiotic target protection protein","Fluoroquinolones Quinolones Quinolines","ciprofloxacin;gatifloxacin;levofloxacin;moxifloxacin;nalidixic acid;norfloxacin;sparfloxacin","11943863",,,,
"BLAT","Antibiotic Resistance","NDARO","562.144916","Escherichia coli MGL_82","fig|562.144916.peg.5061",,,"WP_001516695.1","Gammaproteobacteria",,"Pentapeptide repeat protein QnrB family","MULTISPECIES: quinolone resistance pentapeptide repeat protein QnrS1","",,,,100,100,100,"1e-129"
"BLAT","Antibiotic Resistance","NDARO","562.42733","Escherichia coli strain 399","fig|562.42733.peg.4947",,,"WP_012537714.1","Gammaproteobacteria",,"Pentapeptide repeat protein QnrB family","MULTISPECIES: quinolone resistance pentapeptide repeat protein QnrS2","",,,,100,100,100,"1e-129"
"RGI: protein homolog model","Antibiotic Resistance","CARD","562.97105","Escherichia coli VRES1352","fig|562.97105.peg.4466",,,"381",,,"Pentapeptide repeat protein QnrB family","QnrS1","antibiotic target protection","fluoroquinolone","ciprofloxacin;levofloxacin;moxifloxacin;gatifloxacin;nalidixic acid;norfloxacin;sparfloxacin",,100,100,100,"1.18559e-166"
"AMRFinderPlus: ALLELEP","Antibiotic Resistance","NDARO","562.97215","Escherichia coli VREC1375","fig|562.97215.peg.4922",,,"WP_001516695.1",,,"Pentapeptide repeat protein QnrB family","quinolone resistance pentapeptide repeat protein QnrS1",,"quinolone","quinolone",,100,100,100,
"AMRFinderPlus: BLASTP","Antibiotic Resistance","NDARO","562.59227","Escherichia coli strain PBIO1949","fig|562.59227.peg.4342","HFC66_20820",,"WP_001749994.1",,,"Pentapeptide repeat protein QnrB family => Quinolone resistance protein QnrB10","QnrB family quinolone resistance pentapeptide repeat protein",,"quinolone","quinolone",,100,94,100,
"BLAT","Antibiotic Resistance","NDARO","562.56841","Escherichia coli strain 50-16","fig|562.56841.peg.6386",,,"WP_004193258.1","Gammaproteobacteria",,"Pentapeptide repeat protein QnrB family => Quinolone resistance protein QnrB10","MULTISPECIES: quinolone resistance pentapeptide repeat protein QnrB4","",,,,27,98,100,"3e-28"
"AMRFinderPlus: ALLELEP","Antibiotic Resistance","NDARO","562.45593","Escherichia coli strain EC_79","fig|562.45593.peg.4306","EXX75_23710",,"WP_001516695.1",,,"Pentapeptide repeat protein QnrB family","quinolone resistance pentapeptide repeat protein QnrS1",,"quinolone","quinolone",,100,100,100,
"BLAT","Antibiotic Resistance","NDARO","562.144924","Escherichia coli MGL_118","fig|562.144924.peg.4734",,,"WP_001516695.1","Gammaproteobacteria",,"Pentapeptide repeat protein QnrB family","MULTISPECIES: quinolone resistance pentapeptide repeat protein QnrS1","",,,,100,100,100,"1e-129"
"K-mer Search","Antibiotic Resistance","PATRIC","562.7686","Escherichia coli strain 702890_aEPEC","fig|562.7686.peg.4688","ERS085405_04571",,,,"pipB2_3","Pentapeptide repeat protein QnrB family",,"antibiotic target protection protein","fluoroquinolones quinolones quinolines","ciprofloxacin;gatifloxacin;levofloxacin;moxifloxacin;nalidixic acid;norfloxacin;sparfloxacin","11943863",,,,
"K-mer Search","Antibiotic Resistance","PATRIC","562.135576","Escherichia coli 20200203_MGL_04","fig|562.135576.peg.5128",,,,,"QnrB family","Pentapeptide repeat protein QnrB family","Pentapeptide repeat protein QnrB family","antibiotic target protection protein","Fluoroquinolones Quinolones Quinolines","ciprofloxacin;gatifloxacin;levofloxacin;moxifloxacin;nalidixic acid;norfloxacin;sparfloxacin","11943863",,,,
"AMRFinderPlus: ALLELEP","Antibiotic Resistance","NDARO","562.145012","Escherichia coli PT_EC0214","fig|562.145012.peg.5227",,,"WP_001516695.1",,,"Pentapeptide repeat protein QnrB family","quinolone resistance pentapeptide repeat protein QnrS1",,"quinolone","quinolone",,100,100,100,
"K-mer Search","Antibiotic Resistance","PATRIC","562.57409","Escherichia coli strain W2_13_ERB1","fig|562.57409.peg.4511",,,,,"QnrB family","Pentapeptide repeat protein QnrB family","Pentapeptide repeat protein QnrB family","antibiotic target protection protein","Fluoroquinolones Quinolones Quinolines","ciprofloxacin;gatifloxacin;levofloxacin;moxifloxacin;nalidixic acid;norfloxacin;sparfloxacin","11943863",,,,
"BLAT","Antibiotic Resistance","NDARO","562.145039","Escherichia coli PT_EC0130","fig|562.145039.peg.4736",,,"WP_012954666.1","Gammaproteobacteria",,"Pentapeptide repeat protein QnrB family => Quinolone resistance protein QnrB10","MULTISPECIES: quinolone resistance pentapeptide repeat protein QnrB19","",,,,100,93,100,"1e-124"
"RGI: protein homolog model","Antibiotic Resistance","CARD","562.58773","Escherichia coli strain ENV103","fig|562.58773.peg.4699",,,"381",,,"Pentapeptide repeat protein QnrB family","QnrS1","antibiotic target protection","fluoroquinolone","ciprofloxacin;levofloxacin;moxifloxacin;gatifloxacin;nalidixic acid;norfloxacin;sparfloxacin",,100,100,100,"1.18559e-166"
"BLAT","Antibiotic Resistance","NDARO","562.144929","Escherichia coli MGL_1560","fig|562.144929.peg.5075",,,"WP_001516695.1","Gammaproteobacteria",,"Pentapeptide repeat protein QnrB family","MULTISPECIES: quinolone resistance pentapeptide repeat protein QnrS1","",,,,100,100,100,"1e-129"
"AMRFinderPlus: ALLELEP","Antibiotic Resistance","NDARO","562.144916","Escherichia coli MGL_82","fig|562.144916.peg.5061",,,"WP_001516695.1",,,"Pentapeptide repeat protein QnrB family","quinolone resistance pentapeptide repeat protein QnrS1",,"quinolone","quinolone",,100,100,100,
"BLAT","Antibiotic Resistance","CARD","562.57368","Escherichia coli strain PB163","fig|562.57368.peg.4591",,,"ABG56870.1","Klebsiella pneumoniae","QnrS1","Pentapeptide repeat protein QnrB family",,"antibiotic target protection protein,fluoroquinolone resistance gene",,,,100,100,100,"1e-129"
"K-mer Search","Antibiotic Resistance","PATRIC","562.59222","Escherichia coli strain PBIO1943","fig|562.59222.peg.4686",,,,,"QnrB10","Pentapeptide repeat protein QnrB family => Quinolone resistance protein QnrB10","Pentapeptide repeat protein QnrB family => Quinolone resistance protein QnrB10","antibiotic target protection protein","Fluoroquinolones Quinolones Quinolines","ciprofloxacin;gatifloxacin;levofloxacin;moxifloxacin;nalidixic acid;norfloxacin;sparfloxacin","17938184",,,,
"RGI: protein homolog model","Antibiotic Resistance","CARD","562.100601","Escherichia coli 2881ab80-7bb9-11e9-a8d3-68b59976a384","fig|562.100601.peg.4636","AWG77_12445",,"975",,,"Pentapeptide repeat protein QnrB family => Quinolone resistance protein QnrB10","QnrB1","antibiotic target protection","fluoroquinolone","ciprofloxacin;levofloxacin;moxifloxacin;gatifloxacin;nalidixic acid;norfloxacin;sparfloxacin",,100,100,100,"9.84351e-160"
"BLAT","Antibiotic Resistance","NDARO","562.73347","Escherichia coli strain BB1404","fig|562.73347.peg.5558","JFD_05389",,"WP_012579084.1","Enterobacterales","pipB2_2","Pentapeptide repeat protein QnrB family","MULTISPECIES: quinolone resistance pentapeptide repeat protein QnrA1","",,,,100,100,100,"1e-130"
"AMRFinderPlus: ALLELEP","Antibiotic Resistance","NDARO","562.97023","Escherichia coli VRES1197","fig|562.97023.peg.4991",,,"WP_001516695.1",,,"Pentapeptide repeat protein QnrB family","quinolone resistance pentapeptide repeat protein QnrS1",,"quinolone","quinolone",,100,100,100,
"AMRFinderPlus: ALLELEP","Antibiotic Resistance","NDARO","562.45665","Escherichia coli strain EC_12","fig|562.45665.peg.3894","EXX14_21080",,"WP_001516695.1",,,"Pentapeptide repeat protein QnrB family","quinolone resistance pentapeptide repeat protein QnrS1",,"quinolone","quinolone",,100,100,100,
"RGI: protein homolog model","Antibiotic Resistance","CARD","562.97116","Escherichia coli VRES1348","fig|562.97116.peg.4440",,,"381",,,"Pentapeptide repeat protein QnrB family","QnrS1","antibiotic target protection","fluoroquinolone","ciprofloxacin;levofloxacin;moxifloxacin;gatifloxacin;nalidixic acid;norfloxacin;sparfloxacin",,100,100,100,"1.18559e-166"
"BLAT","Antibiotic Resistance","CARD","562.42702","Escherichia coli strain 279","fig|562.42702.peg.5056",,,"ABG56870.1","Klebsiella pneumoniae","QnrS1","Pentapeptide repeat protein QnrB family",,"antibiotic target protection protein,fluoroquinolone resistance gene",,,,100,100,100,"1e-129"
"BLAT","Antibiotic Resistance","CARD","562.97032","Escherichia coli VRES1201","fig|562.97032.peg.4996",,,"ABG56870.1","Klebsiella pneumoniae","QnrS1","Pentapeptide repeat protein QnrB family",,"antibiotic target protection protein,fluoroquinolone resistance gene",,,,100,100,100,"1e-129"
"AMRFinderPlus: ALLELEP","Antibiotic Resistance","NDARO","562.144911","Escherichia coli MGL_106","fig|562.144911.peg.4675",,,"WP_001516695.1",,,"Pentapeptide repeat protein QnrB family","quinolone resistance pentapeptide repeat protein QnrS1",,"quinolone","quinolone",,100,100,100,
"RGI: protein homolog model","Antibiotic Resistance","CARD","562.57402","Escherichia coli strain W2_11_ERB1","fig|562.57402.peg.4430",,,"381",,,"Pentapeptide repeat protein QnrB family","QnrS1","antibiotic target protection","fluoroquinolone","ciprofloxacin;levofloxacin;moxifloxacin;gatifloxacin;nalidixic acid;norfloxacin;sparfloxacin",,100,100,100,"1.18559e-166"
"BLAT","Antibiotic Resistance","CARD","562.19151","Escherichia coli strain 104","fig|562.19151.peg.1937","CDN93_10730",,"ABG56870.1","Klebsiella pneumoniae",,"Pentapeptide repeat protein QnrB family",,"antibiotic target protection protein,fluoroquinolone resistance gene",,,,100,100,100,"1e-129"
"BLASTP","Antibiotic Resistance","CARD","562.17721","Escherichia coli strain AR_0137","fig|562.17721.peg.5193","AM384_25880",,"AB187515.1.orf3.gene.p01","Shigella flexneri",,"Pentapeptide repeat protein QnrB family",,"ARO:1000001,ARO:3000419",,,"",100,100,100,"0"
"BLAT","Antibiotic Resistance","CARD","562.145012","Escherichia coli PT_EC0214","fig|562.145012.peg.5227",,,"ABG56870.1","Klebsiella pneumoniae","QnrS1","Pentapeptide repeat protein QnrB family",,"antibiotic target protection protein,fluoroquinolone resistance gene",,,,100,100,100,"1e-129"
"AMRFinderPlus: ALLELEP","Antibiotic Resistance","NDARO","562.97027","Escherichia coli VRES1203","fig|562.97027.peg.5008",,,"WP_001516695.1",,,"Pentapeptide repeat protein QnrB family","quinolone resistance pentapeptide repeat protein QnrS1",,"quinolone","quinolone",,100,100,100,
"BLAT","Antibiotic Resistance","NDARO","562.57448","Escherichia coli strain F1_7_ERG10B","fig|562.57448.peg.4683",,,"WP_001516695.1","Gammaproteobacteria",,"Pentapeptide repeat protein QnrB family","MULTISPECIES: quinolone resistance pentapeptide repeat protein QnrS1","",,,,100,100,100,"1e-129"
"BLAT","Antibiotic Resistance","CARD","562.57468","Escherichia coli strain PB29","fig|562.57468.peg.4479",,,"ABG56870.1","Klebsiella pneumoniae","QnrS1","Pentapeptide repeat protein QnrB family",,"antibiotic target protection protein,fluoroquinolone resistance gene",,,,100,100,100,"1e-129"
"BLAT","Antibiotic Resistance","CARD","562.45675","Escherichia coli strain EC_07","fig|562.45675.peg.4306","EXX04_23595",,"ABG56870.1","Klebsiella pneumoniae","QnrS1","Pentapeptide repeat protein QnrB family",,"antibiotic target protection protein,fluoroquinolone resistance gene",,,,100,100,100,"1e-129"
"RGI: protein homolog model","Antibiotic Resistance","CARD","562.144929","Escherichia coli MGL_1560","fig|562.144929.peg.5075",,,"381",,,"Pentapeptide repeat protein QnrB family","QnrS1","antibiotic target protection","fluoroquinolone","ciprofloxacin;levofloxacin;moxifloxacin;gatifloxacin;nalidixic acid;norfloxacin;sparfloxacin",,100,100,100,"1.18559e-166"
"BLAT","Antibiotic Resistance","CARD","562.97215","Escherichia coli VREC1375","fig|562.97215.peg.4922",,,"ABG56870.1","Klebsiella pneumoniae","QnrS1","Pentapeptide repeat protein QnrB family",,"antibiotic target protection protein,fluoroquinolone resistance gene",,,,100,100,100,"1e-129"
"BLAT","Antibiotic Resistance","NDARO","562.45596","Escherichia coli strain EC_90","fig|562.45596.peg.5218","EXX84_24420",,"WP_001516695.1","Gammaproteobacteria",,"Pentapeptide repeat protein QnrB family","MULTISPECIES: quinolone resistance pentapeptide repeat protein QnrS1","",,,,100,100,99,"1e-128"
"RGI: protein homolog model","Antibiotic Resistance","CARD","562.57471","Escherichia coli strain W2_15_ERB4","fig|562.57471.peg.4749",,,"381",,,"Pentapeptide repeat protein QnrB family","QnrS1","antibiotic target protection","fluoroquinolone","ciprofloxacin;levofloxacin;moxifloxacin;gatifloxacin;nalidixic acid;norfloxacin;sparfloxacin",,100,100,100,"1.18559e-166"
"BLAT","Antibiotic Resistance","CARD","562.42650","Escherichia coli strain 153","fig|562.42650.peg.5007",,,"ABG56870.1","Klebsiella pneumoniae","QnrS1","Pentapeptide repeat protein QnrB family",,"antibiotic target protection protein,fluoroquinolone resistance gene",,,,100,100,100,"1e-129"
"BLAT","Antibiotic Resistance","CARD","562.42692","Escherichia coli strain 248","fig|562.42692.peg.5411",,,"ABC17630.2","Escherichia coli","QnrB4","Pentapeptide repeat protein QnrB family => Quinolone resistance protein QnrB10",,"antibiotic target protection protein,fluoroquinolone resistance gene",,,,100,100,100,"1e-124"
"BLAT","Antibiotic Resistance","NDARO","562.42703","Escherichia coli strain 280","fig|562.42703.peg.4823",,,"WP_001516695.1","Gammaproteobacteria",,"Pentapeptide repeat protein QnrB family","MULTISPECIES: quinolone resistance pentapeptide repeat protein QnrS1","",,,,100,100,100,"1e-129"
"K-mer Search","Antibiotic Resistance","PATRIC","562.12961","Escherichia coli strain F1-8-ERB4","fig|562.12961.peg.2356","SAMEA3531867_05018",,,,"pipB2","Pentapeptide repeat protein QnrB family",,"antibiotic target protection protein","fluoroquinolones quinolones quinolines","ciprofloxacin;gatifloxacin;levofloxacin;moxifloxacin;nalidixic acid;norfloxacin;sparfloxacin","11943863",,,,
"BLAT","Antibiotic Resistance","NDARO","562.57404","Escherichia coli strain W1_7_ERG10","fig|562.57404.peg.4640",,,"WP_001516695.1","Gammaproteobacteria",,"Pentapeptide repeat protein QnrB family","MULTISPECIES: quinolone resistance pentapeptide repeat protein QnrS1","",,,,100,100,100,"1e-129"
"BLAT","Antibiotic Resistance","CARD","562.97106","Escherichia coli VREC1234","fig|562.97106.peg.4437",,,"ABG56870.1","Klebsiella pneumoniae","QnrS1","Pentapeptide repeat protein QnrB family",,"antibiotic target protection protein,fluoroquinolone resistance gene",,,,100,100,100,"1e-129"
"BLAT","Antibiotic Resistance","CARD","562.57370","Escherichia coli strain PB198","fig|562.57370.peg.4876",,,"ABG56870.1","Klebsiella pneumoniae","QnrS1","Pentapeptide repeat protein QnrB family",,"antibiotic target protection protein,fluoroquinolone resistance gene",,,,100,100,100,"1e-129"
"AMRFinderPlus: ALLELEP","Antibiotic Resistance","NDARO","562.57400","Escherichia coli strain W2_10_ERB1","fig|562.57400.peg.3936",,,"WP_001516695.1",,,"Pentapeptide repeat protein QnrB family","quinolone resistance pentapeptide repeat protein QnrS1",,"quinolone","quinolone",,100,100,100,
"K-mer Search","Antibiotic Resistance","PATRIC","562.42691","Escherichia coli strain 245","fig|562.42691.peg.4835",,,,,"QnrB family","Pentapeptide repeat protein QnrB family","Pentapeptide repeat protein QnrB family","antibiotic target protection protein","Fluoroquinolones Quinolones Quinolines","ciprofloxacin;gatifloxacin;levofloxacin;moxifloxacin;nalidixic acid;norfloxacin;sparfloxacin","11943863",,,,
"RGI: protein homolog model","Antibiotic Resistance","CARD","562.57431","Escherichia coli strain W2_9_ERBR2","fig|562.57431.peg.5041",,,"381",,,"Pentapeptide repeat protein QnrB family","QnrS1","antibiotic target protection","fluoroquinolone","ciprofloxacin;levofloxacin;moxifloxacin;gatifloxacin;nalidixic acid;norfloxacin;sparfloxacin",,100,100,100,"1.18559e-166"
"AMRFinderPlus: ALLELEP","Antibiotic Resistance","NDARO","562.58774","Escherichia coli strain ENV190","fig|562.58774.peg.4662",,,"WP_001516695.1",,,"Pentapeptide repeat protein QnrB family","quinolone resistance pentapeptide repeat protein QnrS1",,"quinolone","quinolone",,100,100,100,
"K-mer Search","Antibiotic Resistance","PATRIC","562.57470","Escherichia coli strain PB67","fig|562.57470.peg.4997",,,,,"QnrB10","Pentapeptide repeat protein QnrB family => Quinolone resistance protein QnrB10","Pentapeptide repeat protein QnrB family => Quinolone resistance protein QnrB10","antibiotic target protection protein","Fluoroquinolones Quinolones Quinolines","ciprofloxacin;gatifloxacin;levofloxacin;moxifloxacin;nalidixic acid;norfloxacin;sparfloxacin","17938184",,,,
"RGI: protein homolog model","Antibiotic Resistance","CARD","562.135560","Escherichia coli MGL_106","fig|562.135560.peg.4690","BFL18_27100",,"381",,,"Pentapeptide repeat protein QnrB family","QnrS1","antibiotic target protection","fluoroquinolone","ciprofloxacin;levofloxacin;moxifloxacin;gatifloxacin;nalidixic acid;norfloxacin;sparfloxacin",,100,100,100,"1.18559e-166"
"BLAT","Antibiotic Resistance","CARD","562.73347","Escherichia coli strain BB1404","fig|562.73347.peg.5558","JFD_05389",,"ABI50486.1","Klebsiella pneumoniae","QnrA1","Pentapeptide repeat protein QnrB family",,"antibiotic target protection protein,fluoroquinolone resistance gene",,,,100,100,100,"1e-130"
"BLAT","Antibiotic Resistance","CARD","562.57443","Escherichia coli strain F1_8_ERG5","fig|562.57443.peg.5323",,,"ABG56870.1","Klebsiella pneumoniae","QnrS1","Pentapeptide repeat protein QnrB family",,"antibiotic target protection protein,fluoroquinolone resistance gene",,,,100,100,100,"1e-129"
"BLAT","Antibiotic Resistance","NDARO","562.57465","Escherichia coli strain PB412","fig|562.57465.peg.4901",,,"WP_001516695.1","Gammaproteobacteria",,"Pentapeptide repeat protein QnrB family","MULTISPECIES: quinolone resistance pentapeptide repeat protein QnrS1","",,,,100,100,100,"1e-129"
"BLAT","Antibiotic Resistance","NDARO","562.57364","Escherichia coli strain PB320","fig|562.57364.peg.5453",,,"WP_001516695.1","Gammaproteobacteria",,"Pentapeptide repeat protein QnrB family","MULTISPECIES: quinolone resistance pentapeptide repeat protein QnrS1","",,,,100,100,100,"1e-129"
"K-mer Search","Antibiotic Resistance","PATRIC","562.57465","Escherichia coli strain PB412","fig|562.57465.peg.4901",,,,,"QnrB family","Pentapeptide repeat protein QnrB family","Pentapeptide repeat protein QnrB family","antibiotic target protection protein","Fluoroquinolones Quinolones Quinolines","ciprofloxacin;gatifloxacin;levofloxacin;moxifloxacin;nalidixic acid;norfloxacin;sparfloxacin","11943863",,,,
"RGI: protein homolog model","Antibiotic Resistance","CARD","562.100232","Escherichia coli c4c735ce-7bb8-11e9-a8d3-68b59976a384","fig|562.100232.peg.4975","AWG33_11410",,"381",,,"Pentapeptide repeat protein QnrB family","QnrS1","antibiotic target protection","fluoroquinolone","ciprofloxacin;levofloxacin;moxifloxacin;gatifloxacin;nalidixic acid;norfloxacin;sparfloxacin",,100,100,100,"1.18559e-166"
"RGI: protein homolog model","Antibiotic Resistance","CARD","562.57404","Escherichia coli strain W1_7_ERG10","fig|562.57404.peg.4640",,,"381",,,"Pentapeptide repeat protein QnrB family","QnrS1","antibiotic target protection","fluoroquinolone","ciprofloxacin;levofloxacin;moxifloxacin;gatifloxacin;nalidixic acid;norfloxacin;sparfloxacin",,100,100,100,"1.18559e-166"
"BLAT","Antibiotic Resistance","NDARO","562.57391","Escherichia coli strain W1_4_ERB5","fig|562.57391.peg.4464",,,"WP_001516695.1","Gammaproteobacteria",,"Pentapeptide repeat protein QnrB family","MULTISPECIES: quinolone resistance pentapeptide repeat protein QnrS1","",,,,100,100,100,"1e-129"
"BLAT","Antibiotic Resistance","CARD","562.57430","Escherichia coli strain W2_6_ERB1","fig|562.57430.peg.4692",,,"ABG56870.1","Klebsiella pneumoniae","QnrS1","Pentapeptide repeat protein QnrB family",,"antibiotic target protection protein,fluoroquinolone resistance gene",,,,100,100,100,"1e-129"
"RGI: protein homolog model","Antibiotic Resistance","CARD","562.100344","Escherichia coli 410e1a62-7bb9-11e9-a8d3-68b59976a384","fig|562.100344.peg.4769","AWG50_04145",,"1707",,,"Pentapeptide repeat protein QnrB family => Quinolone resistance protein QnrB10","QnrB4","antibiotic target protection","fluoroquinolone","ciprofloxacin;levofloxacin;moxifloxacin;gatifloxacin;nalidixic acid;norfloxacin;sparfloxacin",,100,99,100,"4.70475e-160"
"K-mer Search","Antibiotic Resistance","PATRIC","562.97216","Escherichia coli VREC1376","fig|562.97216.peg.4810",,,,,"QnrB family","Pentapeptide repeat protein QnrB family","Pentapeptide repeat protein QnrB family","antibiotic target protection protein","Fluoroquinolones Quinolones Quinolines","ciprofloxacin;gatifloxacin;levofloxacin;moxifloxacin;nalidixic acid;norfloxacin;sparfloxacin","11943863",,,,
"RGI: protein homolog model","Antibiotic Resistance","CARD","562.57510","Escherichia coli strain PB63","fig|562.57510.peg.4669",,,"381",,,"Pentapeptide repeat protein QnrB family","QnrS1","antibiotic target protection","fluoroquinolone","ciprofloxacin;levofloxacin;moxifloxacin;gatifloxacin;nalidixic acid;norfloxacin;sparfloxacin",,100,100,100,"1.18559e-166"
"K-mer Search","Antibiotic Resistance","PATRIC","562.57411","Escherichia coli strain W2_11_ERB6","fig|562.57411.peg.4807",,,,,"QnrB family","Pentapeptide repeat protein QnrB family","Pentapeptide repeat protein QnrB family","antibiotic target protection protein","Fluoroquinolones Quinolones Quinolines","ciprofloxacin;gatifloxacin;levofloxacin;moxifloxacin;nalidixic acid;norfloxacin;sparfloxacin","11943863",,,,
"BLAT","Antibiotic Resistance","CARD","562.97025","Escherichia coli VRES1200","fig|562.97025.peg.5007",,,"ABG56870.1","Klebsiella pneumoniae","QnrS1","Pentapeptide repeat protein QnrB family",,"antibiotic target protection protein,fluoroquinolone resistance gene",,,,100,100,100,"1e-129"
"AMRFinderPlus: ALLELEP","Antibiotic Resistance","NDARO","562.135562","Escherichia coli MGL_87","fig|562.135562.peg.5139","R2R64_16340",,"WP_001516695.1",,,"Pentapeptide repeat protein QnrB family","quinolone resistance pentapeptide repeat protein QnrS1",,"quinolone","quinolone",,100,100,100,
"BLAT","Antibiotic Resistance","CARD","562.97216","Escherichia coli VREC1376","fig|562.97216.peg.4810",,,"ABG56870.1","Klebsiella pneumoniae","QnrS1","Pentapeptide repeat protein QnrB family",,"antibiotic target protection protein,fluoroquinolone resistance gene",,,,100,100,100,"1e-129"
"BLAT","Antibiotic Resistance","CARD","562.57364","Escherichia coli strain PB320","fig|562.57364.peg.5453",,,"ABG56870.1","Klebsiella pneumoniae","QnrS1","Pentapeptide repeat protein QnrB family",,"antibiotic target protection protein,fluoroquinolone resistance gene",,,,100,100,100,"1e-129"
"BLAT","Antibiotic Resistance","CARD","562.97020","Escherichia coli VRES1202","fig|562.97020.peg.5004",,,"ABG56870.1","Klebsiella pneumoniae","QnrS1","Pentapeptide repeat protein QnrB family",,"antibiotic target protection protein,fluoroquinolone resistance gene",,,,100,100,100,"1e-129"
"BLAT","Antibiotic Resistance","NDARO","562.58772","Escherichia coli strain ENV76","fig|562.58772.peg.4681",,,"WP_001516695.1","Gammaproteobacteria",,"Pentapeptide repeat protein QnrB family","MULTISPECIES: quinolone resistance pentapeptide repeat protein QnrS1","",,,,100,100,100,"1e-129"
"AMRFinderPlus: ALLELEP","Antibiotic Resistance","NDARO","562.100786","Escherichia coli 02173e4c-7bb9-11e9-a8d3-68b59976a384","fig|562.100786.peg.4868","AWG95_09620",,"WP_001516695.1",,,"Pentapeptide repeat protein QnrB family","quinolone resistance pentapeptide repeat protein QnrS1",,"quinolone","quinolone",,100,100,100,
"BLAT","Antibiotic Resistance","NDARO","562.45660","Escherichia coli strain EC_38","fig|562.45660.peg.4560","EXX38_24370",,"WP_001516695.1","Gammaproteobacteria",,"Pentapeptide repeat protein QnrB family","MULTISPECIES: quinolone resistance pentapeptide repeat protein QnrS1","",,,,100,100,100,"1e-129"
"BLAT","Antibiotic Resistance","CARD","562.97033","Escherichia coli VRES1196","fig|562.97033.peg.4995",,,"ABG56870.1","Klebsiella pneumoniae","QnrS1","Pentapeptide repeat protein QnrB family",,"antibiotic target protection protein,fluoroquinolone resistance gene",,,,100,100,100,"1e-129"
"K-mer Search","Antibiotic Resistance","PATRIC","562.73357","Escherichia coli strain BB1410","fig|562.73357.peg.5362","JFD_05234",,,,"QnrB family","Pentapeptide repeat protein QnrB family","Pentapeptide repeat protein QnrB family","antibiotic target protection protein","Fluoroquinolones Quinolones Quinolines","ciprofloxacin;gatifloxacin;levofloxacin;moxifloxacin;nalidixic acid;norfloxacin;sparfloxacin","11943863",,,,
"RGI: protein homolog model","Antibiotic Resistance","CARD","562.42763","Escherichia coli strain M1","fig|562.42763.peg.4744",,,"381",,,"Pentapeptide repeat protein QnrB family","QnrS1","antibiotic target protection","fluoroquinolone","ciprofloxacin;levofloxacin;moxifloxacin;gatifloxacin;nalidixic acid;norfloxacin;sparfloxacin",,100,100,100,"1.18559e-166"
"BLAT","Antibiotic Resistance","CARD","562.135576","Escherichia coli 20200203_MGL_04","fig|562.135576.peg.5128",,,"ABG56870.1","Klebsiella pneumoniae","QnrS1","Pentapeptide repeat protein QnrB family",,"antibiotic target protection protein,fluoroquinolone resistance gene",,,,100,100,100,"1e-129"
"K-mer Search","Antibiotic Resistance","PATRIC","562.42634","Escherichia coli strain 100","fig|562.42634.peg.4553",,,,,"QnrB10","Pentapeptide repeat protein QnrB family => Quinolone resistance protein QnrB10","Pentapeptide repeat protein QnrB family => Quinolone resistance protein QnrB10","antibiotic target protection protein","Fluoroquinolones Quinolones Quinolines","ciprofloxacin;gatifloxacin;levofloxacin;moxifloxacin;nalidixic acid;norfloxacin;sparfloxacin","17938184",,,,
"BLAT","Antibiotic Resistance","NDARO","562.45594","Escherichia coli strain EC_76","fig|562.45594.peg.3241","EXX72_20000",,"WP_001516695.1","Gammaproteobacteria",,"Pentapeptide repeat protein QnrB family","MULTISPECIES: quinolone resistance pentapeptide repeat protein QnrS1","",,,,100,100,99,"1e-128"
"BLAT","Antibiotic Resistance","CARD","562.97110","Escherichia coli VRES1354","fig|562.97110.peg.4401",,,"ABG56870.1","Klebsiella pneumoniae","QnrS1","Pentapeptide repeat protein QnrB family",,"antibiotic target protection protein,fluoroquinolone resistance gene",,,,100,100,100,"1e-129"
"BLAT","Antibiotic Resistance","NDARO","562.57457","Escherichia coli strain PB251","fig|562.57457.peg.4992",,,"WP_001516695.1","Gammaproteobacteria",,"Pentapeptide repeat protein QnrB family","MULTISPECIES: quinolone resistance pentapeptide repeat protein QnrS1","",,,,100,100,100,"1e-129"
"BLAT","Antibiotic Resistance","NDARO","562.22979","Escherichia coli O6:H1 strain ECO0602","fig|562.22979.peg.5274",,,"WP_012579084.1","Enterobacterales",,"Pentapeptide repeat protein QnrB family","MULTISPECIES: quinolone resistance pentapeptide repeat protein QnrA1","",,,,100,100,100,"1e-130"
"RGI: protein homolog model","Antibiotic Resistance","CARD","562.57430","Escherichia coli strain W2_6_ERB1","fig|562.57430.peg.4692",,,"381",,,"Pentapeptide repeat protein QnrB family","QnrS1","antibiotic target protection","fluoroquinolone","ciprofloxacin;levofloxacin;moxifloxacin;gatifloxacin;nalidixic acid;norfloxacin;sparfloxacin",,100,100,100,"1.18559e-166"
"AMRFinderPlus: ALLELEP","Antibiotic Resistance","NDARO","562.57402","Escherichia coli strain W2_11_ERB1","fig|562.57402.peg.4430",,,"WP_001516695.1",,,"Pentapeptide repeat protein QnrB family","quinolone resistance pentapeptide repeat protein QnrS1",,"quinolone","quinolone",,100,100,100,
"BLAT","Antibiotic Resistance","CARD","562.57404","Escherichia coli strain W1_7_ERG10","fig|562.57404.peg.4640",,,"ABG56870.1","Klebsiella pneumoniae","QnrS1","Pentapeptide repeat protein QnrB family",,"antibiotic target protection protein,fluoroquinolone resistance gene",,,,100,100,100,"1e-129"
"BLAT","Antibiotic Resistance","NDARO","562.57509","Escherichia coli strain PB78","fig|562.57509.peg.4734",,,"WP_001516695.1","Gammaproteobacteria",,"Pentapeptide repeat protein QnrB family","MULTISPECIES: quinolone resistance pentapeptide repeat protein QnrS1","",,,,100,100,100,"1e-129"
"AMRFinderPlus: ALLELEP","Antibiotic Resistance","NDARO","562.58720","Escherichia coli strain 14060900","fig|562.58720.peg.5573",,,"WP_001516695.1",,,"Pentapeptide repeat protein QnrB family","quinolone resistance pentapeptide repeat protein QnrS1",,"quinolone","quinolone",,100,100,100,
"RGI: protein homolog model","Antibiotic Resistance","CARD","562.42757","Escherichia coli strain 85","fig|562.42757.peg.5127",,,"381",,,"Pentapeptide repeat protein QnrB family","QnrS1","antibiotic target protection","fluoroquinolone","ciprofloxacin;levofloxacin;moxifloxacin;gatifloxacin;nalidixic acid;norfloxacin;sparfloxacin",,100,100,100,"1.18559e-166"
"BLAT","Antibiotic Resistance","CARD","562.58626","Escherichia coli strain PH118","fig|562.58626.peg.3741",,,"ABG56870.1","Klebsiella pneumoniae","QnrS1","Pentapeptide repeat protein QnrB family",,"antibiotic target protection protein,fluoroquinolone resistance gene",,,,100,100,100,"1e-129"
"BLAT","Antibiotic Resistance","NDARO","562.45615","Escherichia coli strain EC_27","fig|562.45615.peg.4128","EXX25_24130",,"WP_001516695.1","Gammaproteobacteria",,"Pentapeptide repeat protein QnrB family","MULTISPECIES: quinolone resistance pentapeptide repeat protein QnrS1","",,,,100,100,100,"1e-129"
"BLAT","Antibiotic Resistance","NDARO","562.97030","Escherichia coli VREC1125","fig|562.97030.peg.4984",,,"WP_001516695.1","Gammaproteobacteria",,"Pentapeptide repeat protein QnrB family","MULTISPECIES: quinolone resistance pentapeptide repeat protein QnrS1","",,,,100,100,100,"1e-129"
"AMRFinderPlus: ALLELEP","Antibiotic Resistance","NDARO","562.45658","Escherichia coli strain EC_39","fig|562.45658.peg.4983","EXX39_24410",,"WP_001516695.1",,,"Pentapeptide repeat protein QnrB family","quinolone resistance pentapeptide repeat protein QnrS1",,"quinolone","quinolone",,100,100,100,
"BLAT","Antibiotic Resistance","NDARO","562.58783","Escherichia coli strain ENV323","fig|562.58783.peg.4035",,,"WP_001516695.1","Gammaproteobacteria",,"Pentapeptide repeat protein QnrB family","MULTISPECIES: quinolone resistance pentapeptide repeat protein QnrS1","",,,,100,100,100,"1e-129"
"RGI: protein homolog model","Antibiotic Resistance","CARD","562.97106","Escherichia coli VREC1234","fig|562.97106.peg.4437",,,"381",,,"Pentapeptide repeat protein QnrB family","QnrS1","antibiotic target protection","fluoroquinolone","ciprofloxacin;levofloxacin;moxifloxacin;gatifloxacin;nalidixic acid;norfloxacin;sparfloxacin",,100,100,100,"1.18559e-166"
"K-mer Search","Antibiotic Resistance","PATRIC","562.99759","Escherichia coli ea0054a6-7bb8-11e9-a8d3-68b59976a384","fig|562.99759.peg.5067",,,,,"QnrB family","Pentapeptide repeat protein QnrB family","Pentapeptide repeat protein QnrB family","antibiotic target protection protein","Fluoroquinolones Quinolones Quinolines","ciprofloxacin;gatifloxacin;levofloxacin;moxifloxacin;nalidixic acid;norfloxacin;sparfloxacin","11943863",,,,
"AMRFinderPlus: BLASTP","Antibiotic Resistance","NDARO","562.56841","Escherichia coli strain 50-16","fig|562.56841.peg.5916","PU65_24295",,"WP_012954666.1",,,"Pentapeptide repeat protein QnrB family => Quinolone resistance protein QnrB10","QnrB family quinolone resistance pentapeptide repeat protein",,"quinolone","quinolone",,92,100,100,
"BLAT","Antibiotic Resistance","CARD","562.56841","Escherichia coli strain 50-16","fig|562.56841.peg.6377",,,"ABG56269.1","Citrobacter freundii","QnrB10","Pentapeptide repeat protein QnrB family => Quinolone resistance protein QnrB10",,"antibiotic target protection protein,fluoroquinolone resistance gene",,,,23,80,98,"4e-22"
"BLAT","Antibiotic Resistance","NDARO","562.73351","Escherichia coli strain BB1408","fig|562.73351.peg.5495","JFD_05344",,"WP_012579084.1","Enterobacterales","pipB2_2","Pentapeptide repeat protein QnrB family","MULTISPECIES: quinolone resistance pentapeptide repeat protein QnrA1","",,,,100,100,100,"1e-130"
"BLAT","Antibiotic Resistance","NDARO","562.57446","Escherichia coli strain F1_9_ERB1","fig|562.57446.peg.5167",,,"WP_001516695.1","Gammaproteobacteria",,"Pentapeptide repeat protein QnrB family","MULTISPECIES: quinolone resistance pentapeptide repeat protein QnrS1","",,,,100,100,100,"1e-129"
"AMRFinderPlus: ALLELEP","Antibiotic Resistance","NDARO","562.57442","Escherichia coli strain F1_8_ERB12","fig|562.57442.peg.4244",,,"WP_001516695.1",,,"Pentapeptide repeat protein QnrB family","quinolone resistance pentapeptide repeat protein QnrS1",,"quinolone","quinolone",,100,100,100,
"BLAT","Antibiotic Resistance","CARD","562.97023","Escherichia coli VRES1197","fig|562.97023.peg.4991",,,"ABG56870.1","Klebsiella pneumoniae","QnrS1","Pentapeptide repeat protein QnrB family",,"antibiotic target protection protein,fluoroquinolone resistance gene",,,,100,100,100,"1e-129"
"AMRFinderPlus: ALLELEP","Antibiotic Resistance","NDARO","562.57241","Escherichia coli strain 24742_1#352","fig|562.57241.peg.4565",,,"WP_001516695.1",,,"Pentapeptide repeat protein QnrB family","quinolone resistance pentapeptide repeat protein QnrS1",,"quinolone","quinolone",,100,100,100,
"BLAT","Antibiotic Resistance","CARD","562.57385","Escherichia coli strain W1_10_ERB1","fig|562.57385.peg.4671",,,"ABG56870.1","Klebsiella pneumoniae","QnrS1","Pentapeptide repeat protein QnrB family",,"antibiotic target protection protein,fluoroquinolone resistance gene",,,,100,100,100,"1e-129"
"BLAT","Antibiotic Resistance","NDARO","562.58720","Escherichia coli strain 14060900","fig|562.58720.peg.5573",,,"WP_001516695.1","Gammaproteobacteria",,"Pentapeptide repeat protein QnrB family","MULTISPECIES: quinolone resistance pentapeptide repeat protein QnrS1","",,,,100,100,100,"1e-129"
"AMRFinderPlus: ALLELEP","Antibiotic Resistance","NDARO","562.58703","Escherichia coli strain 14036998","fig|562.58703.peg.4675",,,"WP_003020537.1",,,"Pentapeptide repeat protein QnrB family => Quinolone resistance protein QnrB10","quinolone resistance pentapeptide repeat protein QnrB38",,"quinolone","quinolone",,100,100,100,
"K-mer Search","Antibiotic Resistance","PATRIC","562.57433","Escherichia coli strain W2_6_ERG5","fig|562.57433.peg.4498",,,,,"QnrB family","Pentapeptide repeat protein QnrB family","Pentapeptide repeat protein QnrB family","antibiotic target protection protein","Fluoroquinolones Quinolones Quinolines","ciprofloxacin;gatifloxacin;levofloxacin;moxifloxacin;nalidixic acid;norfloxacin;sparfloxacin","11943863",,,,
"RGI: protein homolog model","Antibiotic Resistance","CARD","562.57377","Escherichia coli strain PB532","fig|562.57377.peg.4812",,,"381",,,"Pentapeptide repeat protein QnrB family","QnrS1","antibiotic target protection","fluoroquinolone","ciprofloxacin;levofloxacin;moxifloxacin;gatifloxacin;nalidixic acid;norfloxacin;sparfloxacin",,100,100,100,"1.18559e-166"
"K-mer Search","Antibiotic Resistance","PATRIC","562.97020","Escherichia coli VRES1202","fig|562.97020.peg.5004",,,,,"QnrB family","Pentapeptide repeat protein QnrB family","Pentapeptide repeat protein QnrB family","antibiotic target protection protein","Fluoroquinolones Quinolones Quinolines","ciprofloxacin;gatifloxacin;levofloxacin;moxifloxacin;nalidixic acid;norfloxacin;sparfloxacin","11943863",,,,
"BLAT","Antibiotic Resistance","CARD","562.57460","Escherichia coli strain PB516","fig|562.57460.peg.4895",,,"ABG56870.1","Klebsiella pneumoniae","QnrS1","Pentapeptide repeat protein QnrB family",,"antibiotic target protection protein,fluoroquinolone resistance gene",,,,100,100,100,"1e-129"
"K-mer Search","Antibiotic Resistance","PATRIC","562.57506","Escherichia coli strain PB456","fig|562.57506.peg.5007",,,,,"QnrB family","Pentapeptide repeat protein QnrB family","Pentapeptide repeat protein QnrB family","antibiotic target protection protein","Fluoroquinolones Quinolones Quinolines","ciprofloxacin;gatifloxacin;levofloxacin;moxifloxacin;nalidixic acid;norfloxacin;sparfloxacin","11943863",,,,
"K-mer Search","Antibiotic Resistance","PATRIC","562.73346","Escherichia coli strain BB1412","fig|562.73346.peg.4986","JFD_04893",,,,"QnrB family","Pentapeptide repeat protein QnrB family","Pentapeptide repeat protein QnrB family","antibiotic target protection protein","Fluoroquinolones Quinolones Quinolines","ciprofloxacin;gatifloxacin;levofloxacin;moxifloxacin;nalidixic acid;norfloxacin;sparfloxacin","11943863",,,,
"BLAT","Antibiotic Resistance","CARD","562.57391","Escherichia coli strain W1_4_ERB5","fig|562.57391.peg.4464",,,"ABG56870.1","Klebsiella pneumoniae","QnrS1","Pentapeptide repeat protein QnrB family",,"antibiotic target protection protein,fluoroquinolone resistance gene",,,,100,100,100,"1e-129"
"RGI: protein homolog model","Antibiotic Resistance","CARD","562.57391","Escherichia coli strain W1_4_ERB5","fig|562.57391.peg.4464",,,"381",,,"Pentapeptide repeat protein QnrB family","QnrS1","antibiotic target protection","fluoroquinolone","ciprofloxacin;levofloxacin;moxifloxacin;gatifloxacin;nalidixic acid;norfloxacin;sparfloxacin",,100,100,100,"1.18559e-166"
"BLAT","Antibiotic Resistance","NDARO","562.57458","Escherichia coli strain PB207","fig|562.57458.peg.4698",,,"WP_001516695.1","Gammaproteobacteria",,"Pentapeptide repeat protein QnrB family","MULTISPECIES: quinolone resistance pentapeptide repeat protein QnrS1","",,,,100,100,100,"1e-129"
"RGI: protein homolog model","Antibiotic Resistance","CARD","562.57411","Escherichia coli strain W2_11_ERB6","fig|562.57411.peg.4807",,,"1832",,,"Pentapeptide repeat protein QnrB family","QnrS2","antibiotic target protection","fluoroquinolone","ciprofloxacin;levofloxacin;moxifloxacin;gatifloxacin;nalidixic acid;norfloxacin;sparfloxacin",,65,100,100,"7.98158e-106"
"K-mer Search","Antibiotic Resistance","PATRIC","562.57439","Escherichia coli strain W3_1_ERB5","fig|562.57439.peg.1114",,,,,"QnrB family","Pentapeptide repeat protein QnrB family","Pentapeptide repeat protein QnrB family","antibiotic target protection protein","Fluoroquinolones Quinolones Quinolines","ciprofloxacin;gatifloxacin;levofloxacin;moxifloxacin;nalidixic acid;norfloxacin;sparfloxacin","11943863",,,,
"AMRFinderPlus: ALLELEP","Antibiotic Resistance","NDARO","562.57456","Escherichia coli strain PB303","fig|562.57456.peg.2376",,,"WP_001516695.1",,,"Pentapeptide repeat protein QnrB family","quinolone resistance pentapeptide repeat protein QnrS1",,"quinolone","quinolone",,100,100,100,
"RGI: protein homolog model","Antibiotic Resistance","CARD","562.135579","Escherichia coli MGL_1560","fig|562.135579.peg.5080","BFL24_27670",,"381",,,"Pentapeptide repeat protein QnrB family","QnrS1","antibiotic target protection","fluoroquinolone","ciprofloxacin;levofloxacin;moxifloxacin;gatifloxacin;nalidixic acid;norfloxacin;sparfloxacin",,100,100,100,"1.18559e-166"
"AMRFinderPlus: ALLELEP","Antibiotic Resistance","NDARO","562.57431","Escherichia coli strain W2_9_ERBR2","fig|562.57431.peg.5041",,,"WP_001516695.1",,,"Pentapeptide repeat protein QnrB family","quinolone resistance pentapeptide repeat protein QnrS1",,"quinolone","quinolone",,100,100,100,
"BLAT","Antibiotic Resistance","CARD","562.57442","Escherichia coli strain F1_8_ERB12","fig|562.57442.peg.4244",,,"ABG56870.1","Klebsiella pneumoniae","QnrS1","Pentapeptide repeat protein QnrB family",,"antibiotic target protection protein,fluoroquinolone resistance gene",,,,100,100,100,"1e-129"
"BLAT","Antibiotic Resistance","CARD","562.144936","Escherichia coli MGL_153","fig|562.144936.peg.4843",,,"ABG56870.1","Klebsiella pneumoniae","QnrS1","Pentapeptide repeat protein QnrB family",,"antibiotic target protection protein,fluoroquinolone resistance gene",,,,100,100,100,"1e-129"
"RGI: protein homolog model","Antibiotic Resistance","CARD","562.56841","Escherichia coli strain 50-16","fig|562.56841.peg.5916","PU65_18105",,"1809",,,"Pentapeptide repeat protein QnrB family => Quinolone resistance protein QnrB10","QnrB5","antibiotic target protection","fluoroquinolone","ciprofloxacin;levofloxacin;moxifloxacin;gatifloxacin;nalidixic acid;norfloxacin;sparfloxacin",,87,100,99,"3.90845e-147"
"RGI: protein homolog model","Antibiotic Resistance","CARD","562.57432","Escherichia coli strain W3_1_ERB1","fig|562.57432.peg.4911",,,"381",,,"Pentapeptide repeat protein QnrB family","QnrS1","antibiotic target protection","fluoroquinolone","ciprofloxacin;levofloxacin;moxifloxacin;gatifloxacin;nalidixic acid;norfloxacin;sparfloxacin",,100,100,100,"1.18559e-166"
"BLAT","Antibiotic Resistance","CARD","562.144916","Escherichia coli MGL_82","fig|562.144916.peg.5061",,,"ABG56870.1","Klebsiella pneumoniae","QnrS1","Pentapeptide repeat protein QnrB family",,"antibiotic target protection protein,fluoroquinolone resistance gene",,,,100,100,100,"1e-129"
"BLAT","Antibiotic Resistance","CARD","562.57428","Escherichia coli strain W2_5_ERB6","fig|562.57428.peg.4409",,,"ABG56870.1","Klebsiella pneumoniae","QnrS1","Pentapeptide repeat protein QnrB family",,"antibiotic target protection protein,fluoroquinolone resistance gene",,,,100,100,100,"1e-129"
"BLAT","Antibiotic Resistance","CARD","562.45658","Escherichia coli strain EC_39","fig|562.45658.peg.4983","EXX39_24410",,"ABG56870.1","Klebsiella pneumoniae","QnrS1","Pentapeptide repeat protein QnrB family",,"antibiotic target protection protein,fluoroquinolone resistance gene",,,,100,100,100,"1e-129"
"RGI: protein homolog model","Antibiotic Resistance","CARD","562.7666","Escherichia coli strain 702566","fig|562.7666.peg.5031","ERS139225_04891",,"381",,"pipB2_2","Pentapeptide repeat protein QnrB family","QnrS1","antibiotic target protection","fluoroquinolone","ciprofloxacin;levofloxacin;moxifloxacin;gatifloxacin;nalidixic acid;norfloxacin;sparfloxacin",,100,100,100,"1.18559e-166"
"RGI: protein homolog model","Antibiotic Resistance","CARD","562.57480","Escherichia coli strain PB186","fig|562.57480.peg.4990",,,"975",,,"Pentapeptide repeat protein QnrB family => Quinolone resistance protein QnrB10","QnrB1","antibiotic target protection","fluoroquinolone","ciprofloxacin;levofloxacin;moxifloxacin;gatifloxacin;nalidixic acid;norfloxacin;sparfloxacin",,100,100,100,"9.84351e-160"
"BLAT","Antibiotic Resistance","NDARO","562.57420","Escherichia coli strain W2_4_ERB1","fig|562.57420.peg.4800",,,"WP_001516695.1","Gammaproteobacteria",,"Pentapeptide repeat protein QnrB family","MULTISPECIES: quinolone resistance pentapeptide repeat protein QnrS1","",,,,100,100,100,"1e-129"
"RGI: protein homolog model","Antibiotic Resistance","CARD","562.57470","Escherichia coli strain PB67","fig|562.57470.peg.4997",,,"975",,,"Pentapeptide repeat protein QnrB family => Quinolone resistance protein QnrB10","QnrB1","antibiotic target protection","fluoroquinolone","ciprofloxacin;levofloxacin;moxifloxacin;gatifloxacin;nalidixic acid;norfloxacin;sparfloxacin",,100,100,100,"9.84351e-160"
"RGI: protein homolog model","Antibiotic Resistance","CARD","562.57449","Escherichia coli strain PB203","fig|562.57449.peg.5191",,,"381",,,"Pentapeptide repeat protein QnrB family","QnrS1","antibiotic target protection","fluoroquinolone","ciprofloxacin;levofloxacin;moxifloxacin;gatifloxacin;nalidixic acid;norfloxacin;sparfloxacin",,100,100,100,"1.18559e-166"
"AMRFinderPlus: ALLELEP","Antibiotic Resistance","NDARO","562.45607","Escherichia coli strain EC_88","fig|562.45607.peg.4206","EXX82_24350",,"WP_001516695.1",,,"Pentapeptide repeat protein QnrB family","quinolone resistance pentapeptide repeat protein QnrS1",,"quinolone","quinolone",,100,100,100,
"RGI: protein homolog model","Antibiotic Resistance","CARD","562.56854","Escherichia coli strain 52-16","fig|562.56854.peg.3583","PU65_18105",,"381",,,"Pentapeptide repeat protein QnrB family","QnrS1","antibiotic target protection","fluoroquinolone","ciprofloxacin;levofloxacin;moxifloxacin;gatifloxacin;nalidixic acid;norfloxacin;sparfloxacin",,100,100,100,"1.18559e-166"
"RGI: protein homolog model","Antibiotic Resistance","CARD","562.30435","Escherichia coli strain AR_451","fig|562.30435.peg.5018","CSC38_5006",,"381",,,"Pentapeptide repeat protein QnrB family","QnrS1","antibiotic target protection","fluoroquinolone","ciprofloxacin;levofloxacin;moxifloxacin;gatifloxacin;nalidixic acid;norfloxacin;sparfloxacin",,100,100,100,"1.18559e-166"
"RGI: protein homolog model","Antibiotic Resistance","CARD","562.57389","Escherichia coli strain W1_5_ERP10B","fig|562.57389.peg.4518",,,"381",,,"Pentapeptide repeat protein QnrB family","QnrS1","antibiotic target protection","fluoroquinolone","ciprofloxacin;levofloxacin;moxifloxacin;gatifloxacin;nalidixic acid;norfloxacin;sparfloxacin",,100,100,100,"1.18559e-166"
"BLAT","Antibiotic Resistance","CARD","562.45632","Escherichia coli strain EC_32","fig|562.45632.peg.4355","EXX30_24685",,"ABG56870.1","Klebsiella pneumoniae","QnrS1","Pentapeptide repeat protein QnrB family",,"antibiotic target protection protein,fluoroquinolone resistance gene",,,,100,100,100,"1e-129"
"AMRFinderPlus: ALLELEP","Antibiotic Resistance","NDARO","562.57510","Escherichia coli strain PB63","fig|562.57510.peg.4669",,,"WP_001516695.1",,,"Pentapeptide repeat protein QnrB family","quinolone resistance pentapeptide repeat protein QnrS1",,"quinolone","quinolone",,100,100,100,
"RGI: protein homolog model","Antibiotic Resistance","CARD","562.57383","Escherichia coli strain W1_1_2_ERB1","fig|562.57383.peg.4860",,,"381",,,"Pentapeptide repeat protein QnrB family","QnrS1","antibiotic target protection","fluoroquinolone","ciprofloxacin;levofloxacin;moxifloxacin;gatifloxacin;nalidixic acid;norfloxacin;sparfloxacin",,100,100,100,"1.18559e-166"
"RGI: protein homolog model","Antibiotic Resistance","CARD","562.97216","Escherichia coli VREC1376","fig|562.97216.peg.4810",,,"381",,,"Pentapeptide repeat protein QnrB family","QnrS1","antibiotic target protection","fluoroquinolone","ciprofloxacin;levofloxacin;moxifloxacin;gatifloxacin;nalidixic acid;norfloxacin;sparfloxacin",,100,100,100,"1.18559e-166"
"RGI: protein homolog model","Antibiotic Resistance","CARD","562.100884","Escherichia coli cf4ce2b8-7bb9-11e9-a8d3-68b59976a384","fig|562.100884.peg.4654","AWH01_19280",,"381",,,"Pentapeptide repeat protein QnrB family","QnrS1","antibiotic target protection","fluoroquinolone","ciprofloxacin;levofloxacin;moxifloxacin;gatifloxacin;nalidixic acid;norfloxacin;sparfloxacin",,100,100,100,"1.18559e-166"
"BLAT","Antibiotic Resistance","CARD","562.144942","Escherichia coli 20200203_MGL_12","fig|562.144942.peg.5025",,,"ABI50486.1","Klebsiella pneumoniae","QnrA1","Pentapeptide repeat protein QnrB family",,"antibiotic target protection protein,fluoroquinolone resistance gene",,,,100,100,100,"1e-130"
"BLAT","Antibiotic Resistance","NDARO","562.59222","Escherichia coli strain PBIO1943","fig|562.59222.peg.4686",,,"WP_014386481.1","Enterobacterales",,"Pentapeptide repeat protein QnrB family => Quinolone resistance protein QnrB10","MULTISPECIES: quinolone resistance pentapeptide repeat protein QnrB1","",,,,100,100,100,"1e-123"
"AMRFinderPlus: ALLELEP","Antibiotic Resistance","NDARO","562.58773","Escherichia coli strain ENV103","fig|562.58773.peg.4699",,,"WP_001516695.1",,,"Pentapeptide repeat protein QnrB family","quinolone resistance pentapeptide repeat protein QnrS1",,"quinolone","quinolone",,100,100,100,
"BLAT","Antibiotic Resistance","CARD","562.98936","Escherichia coli a83901b6-7bb9-11e9-a8d3-68b59976a384","fig|562.98936.peg.5176",,,"ABG56870.1","Klebsiella pneumoniae","QnrS1","Pentapeptide repeat protein QnrB family",,"antibiotic target protection protein,fluoroquinolone resistance gene",,,,100,100,100,"1e-129"
"K-mer Search","Antibiotic Resistance","PATRIC","562.57448","Escherichia coli strain F1_7_ERG10B","fig|562.57448.peg.4683",,,,,"QnrB family","Pentapeptide repeat protein QnrB family","Pentapeptide repeat protein QnrB family","antibiotic target protection protein","Fluoroquinolones Quinolones Quinolines","ciprofloxacin;gatifloxacin;levofloxacin;moxifloxacin;nalidixic acid;norfloxacin;sparfloxacin","11943863",,,,
"BLAT","Antibiotic Resistance","NDARO","562.97109","Escherichia coli VRES1346","fig|562.97109.peg.4436",,,"WP_001516695.1","Gammaproteobacteria",,"Pentapeptide repeat protein QnrB family","MULTISPECIES: quinolone resistance pentapeptide repeat protein QnrS1","",,,,100,100,100,"1e-129"
"K-mer Search","Antibiotic Resistance","PATRIC","562.57383","Escherichia coli strain W1_1_2_ERB1","fig|562.57383.peg.4860",,,,,"QnrB family","Pentapeptide repeat protein QnrB family","Pentapeptide repeat protein QnrB family","antibiotic target protection protein","Fluoroquinolones Quinolones Quinolines","ciprofloxacin;gatifloxacin;levofloxacin;moxifloxacin;nalidixic acid;norfloxacin;sparfloxacin","11943863",,,,
"K-mer Search","Antibiotic Resistance","PATRIC","562.144924","Escherichia coli MGL_118","fig|562.144924.peg.4734",,,,,"QnrB family","Pentapeptide repeat protein QnrB family","Pentapeptide repeat protein QnrB family","antibiotic target protection protein","Fluoroquinolones Quinolones Quinolines","ciprofloxacin;gatifloxacin;levofloxacin;moxifloxacin;nalidixic acid;norfloxacin;sparfloxacin","11943863",,,,
"AMRFinderPlus: ALLELEP","Antibiotic Resistance","NDARO","562.100724","Escherichia coli 98ff30b8-7bb8-11e9-a8d3-68b59976a384","fig|562.100724.peg.4676","AWG90_16740",,"WP_001516695.1",,,"Pentapeptide repeat protein QnrB family","quinolone resistance pentapeptide repeat protein QnrS1",,"quinolone","quinolone",,100,100,100,
"RGI: protein homolog model","Antibiotic Resistance","CARD","562.42649","Escherichia coli strain 151","fig|562.42649.peg.4760",,,"381",,,"Pentapeptide repeat protein QnrB family","QnrS1","antibiotic target protection","fluoroquinolone","ciprofloxacin;levofloxacin;moxifloxacin;gatifloxacin;nalidixic acid;norfloxacin;sparfloxacin",,100,100,100,"1.18559e-166"
"K-mer Search","Antibiotic Resistance","PATRIC","562.45593","Escherichia coli strain EC_79","fig|562.45593.peg.4306","EXX75_23710",,,,"QnrB family","Pentapeptide repeat protein QnrB family","Pentapeptide repeat protein QnrB family","antibiotic target protection protein","Fluoroquinolones Quinolones Quinolines","ciprofloxacin;gatifloxacin;levofloxacin;moxifloxacin;nalidixic acid;norfloxacin;sparfloxacin","11943863",,,,
"RGI: protein homolog model","Antibiotic Resistance","CARD","562.42679","Escherichia coli strain 222","fig|562.42679.peg.5057",,,"381",,,"Pentapeptide repeat protein QnrB family","QnrS1","antibiotic target protection","fluoroquinolone","ciprofloxacin;levofloxacin;moxifloxacin;gatifloxacin;nalidixic acid;norfloxacin;sparfloxacin",,100,100,100,"1.18559e-166"
"RGI: protein homolog model","Antibiotic Resistance","CARD","562.135587","Escherichia coli MGL_153","fig|562.135587.peg.4840","BFL17_27490",,"381",,,"Pentapeptide repeat protein QnrB family","QnrS1","antibiotic target protection","fluoroquinolone","ciprofloxacin;levofloxacin;moxifloxacin;gatifloxacin;nalidixic acid;norfloxacin;sparfloxacin",,100,100,100,"1.18559e-166"
"K-mer Search","Antibiotic Resistance","PATRIC","562.144913","Escherichia coli MGL_87","fig|562.144913.peg.5139",,,,,"QnrB family","Pentapeptide repeat protein QnrB family","Pentapeptide repeat protein QnrB family","antibiotic target protection protein","Fluoroquinolones Quinolones Quinolines","ciprofloxacin;gatifloxacin;levofloxacin;moxifloxacin;nalidixic acid;norfloxacin;sparfloxacin","11943863",,,,
"K-mer Search","Antibiotic Resistance","PATRIC","562.58727","Escherichia coli strain 14083136","fig|562.58727.peg.4813",,,,,"QnrB10","Pentapeptide repeat protein QnrB family => Quinolone resistance protein QnrB10","Pentapeptide repeat protein QnrB family => Quinolone resistance protein QnrB10","antibiotic target protection protein","Fluoroquinolones Quinolones Quinolines","ciprofloxacin;gatifloxacin;levofloxacin;moxifloxacin;nalidixic acid;norfloxacin;sparfloxacin","17938184",,,,
"K-mer Search","Antibiotic Resistance","PATRIC","562.97030","Escherichia coli VREC1125","fig|562.97030.peg.4984",,,,,"QnrB family","Pentapeptide repeat protein QnrB family","Pentapeptide repeat protein QnrB family","antibiotic target protection protein","Fluoroquinolones Quinolones Quinolines","ciprofloxacin;gatifloxacin;levofloxacin;moxifloxacin;nalidixic acid;norfloxacin;sparfloxacin","11943863",,,,
"K-mer Search","Antibiotic Resistance","PATRIC","562.7696","Escherichia coli strain 504225_aEPEC","fig|562.7696.peg.4629","ERS085369_04552",,,,"pipB2","Pentapeptide repeat protein QnrB family",,"antibiotic target protection protein","fluoroquinolones quinolones quinolines","ciprofloxacin;gatifloxacin;levofloxacin;moxifloxacin;nalidixic acid;norfloxacin;sparfloxacin","11943863",,,,
"BLAT","Antibiotic Resistance","CARD","562.30435","Escherichia coli strain AR_451","fig|562.30435.peg.5018","CSC38_5006",,"ABG56870.1","Klebsiella pneumoniae","QnrS1","Pentapeptide repeat protein QnrB family",,"antibiotic target protection protein,fluoroquinolone resistance gene",,,,100,100,100,"1e-129"
"BLAT","Antibiotic Resistance","CARD","562.42691","Escherichia coli strain 245","fig|562.42691.peg.4835",,,"ABG56870.1","Klebsiella pneumoniae","QnrS1","Pentapeptide repeat protein QnrB family",,"antibiotic target protection protein,fluoroquinolone resistance gene",,,,100,100,100,"1e-129"
"BLAT","Antibiotic Resistance","CARD","562.45607","Escherichia coli strain EC_88","fig|562.45607.peg.4206","EXX82_24350",,"ABG56870.1","Klebsiella pneumoniae","QnrS1","Pentapeptide repeat protein QnrB family",,"antibiotic target protection protein,fluoroquinolone resistance gene",,,,100,100,100,"1e-129"
"AMRFinderPlus: ALLELEP","Antibiotic Resistance","NDARO","562.97028","Escherichia coli VRES1199","fig|562.97028.peg.4977",,,"WP_001516695.1",,,"Pentapeptide repeat protein QnrB family","quinolone resistance pentapeptide repeat protein QnrS1",,"quinolone","quinolone",,100,100,100,
"BLAT","Antibiotic Resistance","CARD","562.145070","Escherichia coli PT_EC0050","fig|562.145070.peg.5222",,,"ABG56269.1","Citrobacter freundii","QnrB10","Pentapeptide repeat protein QnrB family => Quinolone resistance protein QnrB10",,"antibiotic target protection protein,fluoroquinolone resistance gene",,,,100,100,99,"1e-130"
"BLAT","Antibiotic Resistance","NDARO","562.57425","Escherichia coli strain W2_3_ERG14","fig|562.57425.peg.4479",,,"WP_001516695.1","Gammaproteobacteria",,"Pentapeptide repeat protein QnrB family","MULTISPECIES: quinolone resistance pentapeptide repeat protein QnrS1","",,,,100,100,100,"1e-129"
"AMRFinderPlus: ALLELEP","Antibiotic Resistance","NDARO","562.59222","Escherichia coli strain PBIO1943","fig|562.59222.peg.4686","HFC66_20820",,"WP_014386481.1",,,"Pentapeptide repeat protein QnrB family => Quinolone resistance protein QnrB10","quinolone resistance pentapeptide repeat protein QnrB1",,"quinolone","quinolone",,100,100,100,
"RGI: protein homolog model","Antibiotic Resistance","CARD","562.97029","Escherichia coli VRES1198","fig|562.97029.peg.5004",,,"381",,,"Pentapeptide repeat protein QnrB family","QnrS1","antibiotic target protection","fluoroquinolone","ciprofloxacin;levofloxacin;moxifloxacin;gatifloxacin;nalidixic acid;norfloxacin;sparfloxacin",,100,100,100,"1.18559e-166"
"AMRFinderPlus: ALLELEP","Antibiotic Resistance","NDARO","562.58628","Escherichia coli strain PH135","fig|562.58628.peg.543","FIP50_22985",,"WP_001516695.1",,,"Pentapeptide repeat protein QnrB family","quinolone resistance pentapeptide repeat protein QnrS1",,"quinolone","quinolone",,100,100,100,
"BLAT","Antibiotic Resistance","NDARO","562.144942","Escherichia coli 20200203_MGL_12","fig|562.144942.peg.5025",,,"WP_012579084.1","Enterobacterales",,"Pentapeptide repeat protein QnrB family","MULTISPECIES: quinolone resistance pentapeptide repeat protein QnrA1","",,,,100,100,100,"1e-130"
"K-mer Search","Antibiotic Resistance","PATRIC","562.57400","Escherichia coli strain W2_10_ERB1","fig|562.57400.peg.3936",,,,,"QnrB family","Pentapeptide repeat protein QnrB family","Pentapeptide repeat protein QnrB family","antibiotic target protection protein","Fluoroquinolones Quinolones Quinolines","ciprofloxacin;gatifloxacin;levofloxacin;moxifloxacin;nalidixic acid;norfloxacin;sparfloxacin","11943863",,,,
"K-mer Search","Antibiotic Resistance","PATRIC","562.59223","Escherichia coli strain PBIO711","fig|562.59223.peg.4670",,,,,"QnrB10","Pentapeptide repeat protein QnrB family => Quinolone resistance protein QnrB10","Pentapeptide repeat protein QnrB family => Quinolone resistance protein QnrB10","antibiotic target protection protein","Fluoroquinolones Quinolones Quinolines","ciprofloxacin;gatifloxacin;levofloxacin;moxifloxacin;nalidixic acid;norfloxacin;sparfloxacin","17938184",,,,
"RGI: protein homolog model","Antibiotic Resistance","CARD","562.57468","Escherichia coli strain PB29","fig|562.57468.peg.4479",,,"381",,,"Pentapeptide repeat protein QnrB family","QnrS1","antibiotic target protection","fluoroquinolone","ciprofloxacin;levofloxacin;moxifloxacin;gatifloxacin;nalidixic acid;norfloxacin;sparfloxacin",,100,100,100,"1.18559e-166"
"RGI: protein homolog model","Antibiotic Resistance","CARD","562.73393","Escherichia coli strain BB1409","fig|562.73393.peg.5159","BGZ_05100",,"1987",,"pipB2_2","Pentapeptide repeat protein QnrB family","QnrA1","antibiotic target protection","fluoroquinolone","ciprofloxacin;levofloxacin;moxifloxacin;gatifloxacin;nalidixic acid;norfloxacin;sparfloxacin",,100,100,100,"6.38938e-163"
"K-mer Search","Antibiotic Resistance","PATRIC","562.57458","Escherichia coli strain PB207","fig|562.57458.peg.4698",,,,,"QnrB family","Pentapeptide repeat protein QnrB family","Pentapeptide repeat protein QnrB family","antibiotic target protection protein","Fluoroquinolones Quinolones Quinolines","ciprofloxacin;gatifloxacin;levofloxacin;moxifloxacin;nalidixic acid;norfloxacin;sparfloxacin","11943863",,,,
"BLAT","Antibiotic Resistance","NDARO","562.73393","Escherichia coli strain BB1409","fig|562.73393.peg.5159","BGZ_05100",,"WP_012579084.1","Enterobacterales","pipB2_2","Pentapeptide repeat protein QnrB family","MULTISPECIES: quinolone resistance pentapeptide repeat protein QnrA1","",,,,100,100,100,"1e-130"
"RGI: protein homolog model","Antibiotic Resistance","CARD","562.100912","Escherichia coli 4a800a88-7bb9-11e9-a8d3-68b59976a384","fig|562.100912.peg.4684",,,"381",,,"Pentapeptide repeat protein QnrB family","QnrS1","antibiotic target protection","fluoroquinolone","ciprofloxacin;levofloxacin;moxifloxacin;gatifloxacin;nalidixic acid;norfloxacin;sparfloxacin",,100,100,100,"1.18559e-166"
"K-mer Search","Antibiotic Resistance","PATRIC","562.57442","Escherichia coli strain F1_8_ERB12","fig|562.57442.peg.4244",,,,,"QnrB family","Pentapeptide repeat protein QnrB family","Pentapeptide repeat protein QnrB family","antibiotic target protection protein","Fluoroquinolones Quinolones Quinolines","ciprofloxacin;gatifloxacin;levofloxacin;moxifloxacin;nalidixic acid;norfloxacin;sparfloxacin","11943863",,,,
"K-mer Search","Antibiotic Resistance","PATRIC","562.57432","Escherichia coli strain W3_1_ERB1","fig|562.57432.peg.4911",,,,,"QnrB family","Pentapeptide repeat protein QnrB family","Pentapeptide repeat protein QnrB family","antibiotic target protection protein","Fluoroquinolones Quinolones Quinolines","ciprofloxacin;gatifloxacin;levofloxacin;moxifloxacin;nalidixic acid;norfloxacin;sparfloxacin","11943863",,,,
"BLAT","Antibiotic Resistance","NDARO","562.73392","Escherichia coli strain BB1413","fig|562.73392.peg.5005","BGZ_04943",,"WP_012579084.1","Enterobacterales","pipB2_2","Pentapeptide repeat protein QnrB family","MULTISPECIES: quinolone resistance pentapeptide repeat protein QnrA1","",,,,100,100,100,"1e-130"
"AMRFinderPlus: ALLELEP","Antibiotic Resistance","NDARO","562.57434","Escherichia coli strain W2_8_ERB3","fig|562.57434.peg.4211",,,"WP_001516695.1",,,"Pentapeptide repeat protein QnrB family","quinolone resistance pentapeptide repeat protein QnrS1",,"quinolone","quinolone",,100,100,100,
"AMRFinderPlus: ALLELEP","Antibiotic Resistance","NDARO","562.57460","Escherichia coli strain PB516","fig|562.57460.peg.4895",,,"WP_001516695.1",,,"Pentapeptide repeat protein QnrB family","quinolone resistance pentapeptide repeat protein QnrS1",,"quinolone","quinolone",,100,100,100,
"AMRFinderPlus: ALLELEP","Antibiotic Resistance","NDARO","562.57432","Escherichia coli strain W3_1_ERB1","fig|562.57432.peg.4911",,,"WP_001516695.1",,,"Pentapeptide repeat protein QnrB family","quinolone resistance pentapeptide repeat protein QnrS1",,"quinolone","quinolone",,100,100,100,
"AMRFinderPlus: ALLELEP","Antibiotic Resistance","NDARO","562.57428","Escherichia coli strain W2_5_ERB6","fig|562.57428.peg.4409",,,"WP_001516695.1",,,"Pentapeptide repeat protein QnrB family","quinolone resistance pentapeptide repeat protein QnrS1",,"quinolone","quinolone",,100,100,100,
"BLAT","Antibiotic Resistance","NDARO","562.97118","Escherichia coli VRES1351","fig|562.97118.peg.4458",,,"WP_001516695.1","Gammaproteobacteria",,"Pentapeptide repeat protein QnrB family","MULTISPECIES: quinolone resistance pentapeptide repeat protein QnrS1","",,,,100,100,100,"1e-129"
"BLAT","Antibiotic Resistance","NDARO","562.7696","Escherichia coli strain 504225_aEPEC","fig|562.7696.peg.4629","ERS085369_04552",,"WP_001516695.1","Gammaproteobacteria","pipB2","Pentapeptide repeat protein QnrB family","MULTISPECIES: quinolone resistance pentapeptide repeat protein QnrS1",,,,,100,100,100,"1e-129"
"BLAT","Antibiotic Resistance","NDARO","562.45658","Escherichia coli strain EC_39","fig|562.45658.peg.4983","EXX39_24410",,"WP_001516695.1","Gammaproteobacteria",,"Pentapeptide repeat protein QnrB family","MULTISPECIES: quinolone resistance pentapeptide repeat protein QnrS1","",,,,100,100,100,"1e-129"
"RGI: protein homolog model","Antibiotic Resistance","CARD","562.58774","Escherichia coli strain ENV190","fig|562.58774.peg.4662",,,"381",,,"Pentapeptide repeat protein QnrB family","QnrS1","antibiotic target protection","fluoroquinolone","ciprofloxacin;levofloxacin;moxifloxacin;gatifloxacin;nalidixic acid;norfloxacin;sparfloxacin",,100,100,100,"1.18559e-166"
"K-mer Search","Antibiotic Resistance","PATRIC","562.144911","Escherichia coli MGL_106","fig|562.144911.peg.4675",,,,,"QnrB family","Pentapeptide repeat protein QnrB family","Pentapeptide repeat protein QnrB family","antibiotic target protection protein","Fluoroquinolones Quinolones Quinolines","ciprofloxacin;gatifloxacin;levofloxacin;moxifloxacin;nalidixic acid;norfloxacin;sparfloxacin","11943863",,,,
"RGI: protein homolog model","Antibiotic Resistance","CARD","562.57457","Escherichia coli strain PB251","fig|562.57457.peg.4992",,,"381",,,"Pentapeptide repeat protein QnrB family","QnrS1","antibiotic target protection","fluoroquinolone","ciprofloxacin;levofloxacin;moxifloxacin;gatifloxacin;nalidixic acid;norfloxacin;sparfloxacin",,100,100,100,"1.18559e-166"
"AMRFinderPlus: ALLELEP","Antibiotic Resistance","NDARO","562.42679","Escherichia coli strain 222","fig|562.42679.peg.5057",,,"WP_001516695.1",,,"Pentapeptide repeat protein QnrB family","quinolone resistance pentapeptide repeat protein QnrS1",,"quinolone","quinolone",,100,100,100,
"RGI: protein homolog model","Antibiotic Resistance","CARD","562.97103","Escherichia coli VRES1347","fig|562.97103.peg.4439",,,"381",,,"Pentapeptide repeat protein QnrB family","QnrS1","antibiotic target protection","fluoroquinolone","ciprofloxacin;levofloxacin;moxifloxacin;gatifloxacin;nalidixic acid;norfloxacin;sparfloxacin",,100,100,100,"1.18559e-166"
"AMRFinderPlus: BLASTP","Antibiotic Resistance","NDARO","562.145070","Escherichia coli PT_EC0050","fig|562.145070.peg.5222",,,"WP_012954666.1",,,"Pentapeptide repeat protein QnrB family => Quinolone resistance protein QnrB10","QnrB family quinolone resistance pentapeptide repeat protein",,"quinolone","quinolone",,100,94,100,
"RGI: protein homolog model","Antibiotic Resistance","CARD","562.19151","Escherichia coli strain 104","fig|562.19151.peg.1937","CDN93_10730",,"381",,,"Pentapeptide repeat protein QnrB family","QnrS1","antibiotic target protection","fluoroquinolone","ciprofloxacin;levofloxacin;moxifloxacin;gatifloxacin;nalidixic acid;norfloxacin;sparfloxacin",,100,100,100,"1.18559e-166"
"RGI: protein homolog model","Antibiotic Resistance","CARD","562.58784","Escherichia coli strain ENV326","fig|562.58784.peg.4899",,,"381",,,"Pentapeptide repeat protein QnrB family","QnrS1","antibiotic target protection","fluoroquinolone","ciprofloxacin;levofloxacin;moxifloxacin;gatifloxacin;nalidixic acid;norfloxacin;sparfloxacin",,100,100,100,"1.18559e-166"
"AMRFinderPlus: ALLELEP","Antibiotic Resistance","NDARO","562.57468","Escherichia coli strain PB29","fig|562.57468.peg.4479",,,"WP_001516695.1",,,"Pentapeptide repeat protein QnrB family","quinolone resistance pentapeptide repeat protein QnrS1",,"quinolone","quinolone",,100,100,100,
"RGI: protein homolog model","Antibiotic Resistance","CARD","562.31458","Escherichia coli strain KCRI-115 strain R0004_115","fig|562.31458.peg.4851",,,"498",,,"Pentapeptide repeat protein QnrB family => Quinolone resistance protein QnrB10","QnrB17","antibiotic target protection","fluoroquinolone","ciprofloxacin;levofloxacin;moxifloxacin;gatifloxacin;nalidixic acid;norfloxacin;sparfloxacin",,100,100,99,"3.70419e-169"
"AMRFinderPlus: ALLELEP","Antibiotic Resistance","NDARO","562.57433","Escherichia coli strain W2_6_ERG5","fig|562.57433.peg.4498",,,"WP_001516695.1",,,"Pentapeptide repeat protein QnrB family","quinolone resistance pentapeptide repeat protein QnrS1",,"quinolone","quinolone",,100,100,100,
"AMRFinderPlus: ALLELEP","Antibiotic Resistance","NDARO","562.45649","Escherichia coli strain EC_03","fig|562.45649.peg.204","EXX01_24205",,"WP_001516695.1",,,"Pentapeptide repeat protein QnrB family","quinolone resistance pentapeptide repeat protein QnrS1",,"quinolone","quinolone",,100,100,100,
"BLAT","Antibiotic Resistance","NDARO","562.97032","Escherichia coli VRES1201","fig|562.97032.peg.4996",,,"WP_001516695.1","Gammaproteobacteria",,"Pentapeptide repeat protein QnrB family","MULTISPECIES: quinolone resistance pentapeptide repeat protein QnrS1","",,,,100,100,100,"1e-129"
"AMRFinderPlus: BLASTP","Antibiotic Resistance","NDARO","562.145037","Escherichia coli PT_EC0182","fig|562.145037.peg.4976",,,"WP_012954666.1",,,"Pentapeptide repeat protein QnrB family => Quinolone resistance protein QnrB10","QnrB family quinolone resistance pentapeptide repeat protein",,"quinolone","quinolone",,100,94,100,
"K-mer Search","Antibiotic Resistance","PATRIC","562.31458","Escherichia coli strain KCRI-115 strain R0004_115","fig|562.31458.peg.4851",,,,,,"Pentapeptide repeat protein QnrB family => Quinolone resistance protein QnrB10",,"antibiotic target protection protein","fluoroquinolones quinolones quinolines","ciprofloxacin;gatifloxacin;levofloxacin;moxifloxacin;nalidixic acid;norfloxacin;sparfloxacin","17938184",,,,
"BLAT","Antibiotic Resistance","CARD","562.135562","Escherichia coli MGL_87","fig|562.135562.peg.5139",,,"ABG56870.1","Klebsiella pneumoniae","QnrS1","Pentapeptide repeat protein QnrB family",,"antibiotic target protection protein,fluoroquinolone resistance gene",,,,100,100,100,"1e-129"
"BLAT","Antibiotic Resistance","NDARO","562.97017","Escherichia coli VREC1123","fig|562.97017.peg.4982",,,"WP_001516695.1","Gammaproteobacteria",,"Pentapeptide repeat protein QnrB family","MULTISPECIES: quinolone resistance pentapeptide repeat protein QnrS1","",,,,100,100,100,"1e-129"
"RGI: protein homolog model","Antibiotic Resistance","CARD","562.56841","Escherichia coli strain 50-16","fig|562.56841.peg.6177","PU65_18105",,"139",,,"Pentapeptide repeat protein QnrB family => Quinolone resistance protein QnrB10","QnrB10","antibiotic target protection","fluoroquinolone","ciprofloxacin;levofloxacin;moxifloxacin;gatifloxacin;nalidixic acid;norfloxacin;sparfloxacin",,31,100,98,"5.73699e-47"
"RGI: protein homolog model","Antibiotic Resistance","CARD","562.56771","Escherichia coli strain 1043-14","fig|562.56771.peg.4921","PU66_17875",,"381",,,"Pentapeptide repeat protein QnrB family","QnrS1","antibiotic target protection","fluoroquinolone","ciprofloxacin;levofloxacin;moxifloxacin;gatifloxacin;nalidixic acid;norfloxacin;sparfloxacin",,100,100,100,"1.18559e-166"
"RGI: protein homolog model","Antibiotic Resistance","CARD","562.45658","Escherichia coli strain EC_39","fig|562.45658.peg.4983","EXX39_24410",,"381",,,"Pentapeptide repeat protein QnrB family","QnrS1","antibiotic target protection","fluoroquinolone","ciprofloxacin;levofloxacin;moxifloxacin;gatifloxacin;nalidixic acid;norfloxacin;sparfloxacin",,100,100,100,"1.18559e-166"
"RGI: protein homolog model","Antibiotic Resistance","CARD","562.42691","Escherichia coli strain 245","fig|562.42691.peg.4835",,,"381",,,"Pentapeptide repeat protein QnrB family","QnrS1","antibiotic target protection","fluoroquinolone","ciprofloxacin;levofloxacin;moxifloxacin;gatifloxacin;nalidixic acid;norfloxacin;sparfloxacin",,100,100,100,"1.18559e-166"
"BLAT","Antibiotic Resistance","NDARO","562.97023","Escherichia coli VRES1197","fig|562.97023.peg.4991",,,"WP_001516695.1","Gammaproteobacteria",,"Pentapeptide repeat protein QnrB family","MULTISPECIES: quinolone resistance pentapeptide repeat protein QnrS1","",,,,100,100,100,"1e-129"
"BLAT","Antibiotic Resistance","CARD","562.57396","Escherichia coli strain W1_7_ERB9","fig|562.57396.peg.4344",,,"ABG56870.1","Klebsiella pneumoniae","QnrS1","Pentapeptide repeat protein QnrB family",,"antibiotic target protection protein,fluoroquinolone resistance gene",,,,100,100,100,"1e-129"
"AMRFinderPlus: ALLELEP","Antibiotic Resistance","NDARO","562.45594","Escherichia coli strain EC_76","fig|562.45594.peg.3241","EXX72_20000",,"WP_064186845.1",,,"Pentapeptide repeat protein QnrB family","quinolone resistance pentapeptide repeat protein QnrS13",,"quinolone","quinolone",,100,100,100,
"BLAT","Antibiotic Resistance","NDARO","562.97027","Escherichia coli VRES1203","fig|562.97027.peg.5008",,,"WP_001516695.1","Gammaproteobacteria",,"Pentapeptide repeat protein QnrB family","MULTISPECIES: quinolone resistance pentapeptide repeat protein QnrS1","",,,,100,100,100,"1e-129"
"K-mer Search","Antibiotic Resistance","PATRIC","562.57467","Escherichia coli strain PB98","fig|562.57467.peg.5317",,,,,"QnrB family","Pentapeptide repeat protein QnrB family","Pentapeptide repeat protein QnrB family","antibiotic target protection protein","Fluoroquinolones Quinolones Quinolines","ciprofloxacin;gatifloxacin;levofloxacin;moxifloxacin;nalidixic acid;norfloxacin;sparfloxacin","11943863",,,,
"AMRFinderPlus: ALLELEP","Antibiotic Resistance","NDARO","562.57404","Escherichia coli strain W1_7_ERG10","fig|562.57404.peg.4640",,,"WP_001516695.1",,,"Pentapeptide repeat protein QnrB family","quinolone resistance pentapeptide repeat protein QnrS1",,"quinolone","quinolone",,100,100,100,
"BLAT","Antibiotic Resistance","NDARO","562.97106","Escherichia coli VREC1234","fig|562.97106.peg.4437",,,"WP_001516695.1","Gammaproteobacteria",,"Pentapeptide repeat protein QnrB family","MULTISPECIES: quinolone resistance pentapeptide repeat protein QnrS1","",,,,100,100,100,"1e-129"
"RGI: protein homolog model","Antibiotic Resistance","CARD","562.58772","Escherichia coli strain ENV76","fig|562.58772.peg.4681",,,"381",,,"Pentapeptide repeat protein QnrB family","QnrS1","antibiotic target protection","fluoroquinolone","ciprofloxacin;levofloxacin;moxifloxacin;gatifloxacin;nalidixic acid;norfloxacin;sparfloxacin",,100,100,100,"1.18559e-166"
"K-mer Search","Antibiotic Resistance","PATRIC","562.97023","Escherichia coli VRES1197","fig|562.97023.peg.4991",,,,,"QnrB family","Pentapeptide repeat protein QnrB family","Pentapeptide repeat protein QnrB family","antibiotic target protection protein","Fluoroquinolones Quinolones Quinolines","ciprofloxacin;gatifloxacin;levofloxacin;moxifloxacin;nalidixic acid;norfloxacin;sparfloxacin","11943863",,,,
"K-mer Search","Antibiotic Resistance","PATRIC","562.57436","Escherichia coli strain W2_9_ERB5","fig|562.57436.peg.4704",,,,,"QnrB family","Pentapeptide repeat protein QnrB family","Pentapeptide repeat protein QnrB family","antibiotic target protection protein","Fluoroquinolones Quinolones Quinolines","ciprofloxacin;gatifloxacin;levofloxacin;moxifloxacin;nalidixic acid;norfloxacin;sparfloxacin","11943863",,,,
"BLAT","Antibiotic Resistance","NDARO","562.99875","Escherichia coli f3ae25d2-7bb8-11e9-a8d3-68b59976a384","fig|562.99875.peg.5103",,,"WP_001516695.1","Gammaproteobacteria",,"Pentapeptide repeat protein QnrB family","MULTISPECIES: quinolone resistance pentapeptide repeat protein QnrS1","",,,,100,100,100,"1e-129"
"RGI: protein homolog model","Antibiotic Resistance","CARD","562.45675","Escherichia coli strain EC_07","fig|562.45675.peg.4306","EXX04_23595",,"381",,,"Pentapeptide repeat protein QnrB family","QnrS1","antibiotic target protection","fluoroquinolone","ciprofloxacin;levofloxacin;moxifloxacin;gatifloxacin;nalidixic acid;norfloxacin;sparfloxacin",,100,100,100,"1.18559e-166"
"RGI: protein homolog model","Antibiotic Resistance","CARD","562.135562","Escherichia coli MGL_87","fig|562.135562.peg.5139","BFL18_27100",,"381",,,"Pentapeptide repeat protein QnrB family","QnrS1","antibiotic target protection","fluoroquinolone","ciprofloxacin;levofloxacin;moxifloxacin;gatifloxacin;nalidixic acid;norfloxacin;sparfloxacin",,100,100,100,"1.18559e-166"
"K-mer Search","Antibiotic Resistance","PATRIC","562.17721","Escherichia coli strain AR_0137","fig|562.17721.peg.5193","AM384_25880",,,,,"Pentapeptide repeat protein QnrB family",,"antibiotic target protection protein","fluoroquinolones quinolones quinolines","ciprofloxacin;gatifloxacin;levofloxacin;moxifloxacin;nalidixic acid;norfloxacin;sparfloxacin","11943863",,,,
"RGI: protein homolog model","Antibiotic Resistance","CARD","562.97118","Escherichia coli VRES1351","fig|562.97118.peg.4458",,,"381",,,"Pentapeptide repeat protein QnrB family","QnrS1","antibiotic target protection","fluoroquinolone","ciprofloxacin;levofloxacin;moxifloxacin;gatifloxacin;nalidixic acid;norfloxacin;sparfloxacin",,100,100,100,"1.18559e-166"
"AMRFinderPlus: ALLELEP","Antibiotic Resistance","NDARO","562.135591","Escherichia coli 20200203_MGL_12","fig|562.135591.peg.5026","R2R64_16340",,"WP_012579084.1",,,"Pentapeptide repeat protein QnrB family","quinolone resistance pentapeptide repeat protein QnrA1",,"quinolone","quinolone",,100,100,100,
"BLAT","Antibiotic Resistance","NDARO","562.100601","Escherichia coli 2881ab80-7bb9-11e9-a8d3-68b59976a384","fig|562.100601.peg.4636",,,"WP_014386481.1","Enterobacterales",,"Pentapeptide repeat protein QnrB family => Quinolone resistance protein QnrB10","MULTISPECIES: quinolone resistance pentapeptide repeat protein QnrB1","",,,,100,100,100,"1e-123"
"BLAT","Antibiotic Resistance","CARD","562.73354","Escherichia coli strain BB1403","fig|562.73354.peg.5537","JFD_05383",,"ABI50486.1","Klebsiella pneumoniae","QnrA1","Pentapeptide repeat protein QnrB family",,"antibiotic target protection protein,fluoroquinolone resistance gene",,,,100,100,100,"1e-130"
"BLAT","Antibiotic Resistance","CARD","562.135560","Escherichia coli MGL_106","fig|562.135560.peg.4690",,,"ABG56870.1","Klebsiella pneumoniae","QnrS1","Pentapeptide repeat protein QnrB family",,"antibiotic target protection protein,fluoroquinolone resistance gene",,,,100,100,100,"1e-129"
"BLAT","Antibiotic Resistance","CARD","562.42649","Escherichia coli strain 151","fig|562.42649.peg.4760",,,"ABG56870.1","Klebsiella pneumoniae","QnrS1","Pentapeptide repeat protein QnrB family",,"antibiotic target protection protein,fluoroquinolone resistance gene",,,,100,100,100,"1e-129"
"BLAT","Antibiotic Resistance","CARD","562.42687","Escherichia coli strain 240","fig|562.42687.peg.4820",,,"ABG56870.1","Klebsiella pneumoniae","QnrS1","Pentapeptide repeat protein QnrB family",,"antibiotic target protection protein,fluoroquinolone resistance gene",,,,100,100,100,"1e-129"
"BLAT","Antibiotic Resistance","CARD","562.100884","Escherichia coli cf4ce2b8-7bb9-11e9-a8d3-68b59976a384","fig|562.100884.peg.4654",,,"ABG56870.1","Klebsiella pneumoniae","QnrS1","Pentapeptide repeat protein QnrB family",,"antibiotic target protection protein,fluoroquinolone resistance gene",,,,100,100,100,"1e-129"
"K-mer Search","Antibiotic Resistance","PATRIC","562.57490","Escherichia coli strain PB305","fig|562.57490.peg.4000",,,,,"QnrB family","Pentapeptide repeat protein QnrB family","Pentapeptide repeat protein QnrB family","antibiotic target protection protein","Fluoroquinolones Quinolones Quinolines","ciprofloxacin;gatifloxacin;levofloxacin;moxifloxacin;nalidixic acid;norfloxacin;sparfloxacin","11943863",,,,
"AMRFinderPlus: ALLELEP","Antibiotic Resistance","NDARO","562.57430","Escherichia coli strain W2_6_ERB1","fig|562.57430.peg.4692",,,"WP_001516695.1",,,"Pentapeptide repeat protein QnrB family","quinolone resistance pentapeptide repeat protein QnrS1",,"quinolone","quinolone",,100,100,100,
"RGI: protein homolog model","Antibiotic Resistance","CARD","562.144939","Escherichia coli MGL_133","fig|562.144939.peg.5144",,,"381",,,"Pentapeptide repeat protein QnrB family","QnrS1","antibiotic target protection","fluoroquinolone","ciprofloxacin;levofloxacin;moxifloxacin;gatifloxacin;nalidixic acid;norfloxacin;sparfloxacin",,100,100,100,"1.18559e-166"
"BLAT","Antibiotic Resistance","NDARO","562.57411","Escherichia coli strain W2_11_ERB6","fig|562.57411.peg.4807",,,"WP_012537714.1","Gammaproteobacteria",,"Pentapeptide repeat protein QnrB family","MULTISPECIES: quinolone resistance pentapeptide repeat protein QnrS2","",,,,65,100,100,"1e-80"
"BLAT","Antibiotic Resistance","NDARO","562.57432","Escherichia coli strain W3_1_ERB1","fig|562.57432.peg.4911",,,"WP_001516695.1","Gammaproteobacteria",,"Pentapeptide repeat protein QnrB family","MULTISPECIES: quinolone resistance pentapeptide repeat protein QnrS1","",,,,100,100,100,"1e-129"
"BLAT","Antibiotic Resistance","CARD","562.58784","Escherichia coli strain ENV326","fig|562.58784.peg.4899",,,"ABG56870.1","Klebsiella pneumoniae","QnrS1","Pentapeptide repeat protein QnrB family",,"antibiotic target protection protein,fluoroquinolone resistance gene",,,,100,100,100,"1e-129"
"AMRFinderPlus: ALLELEP","Antibiotic Resistance","NDARO","562.73392","Escherichia coli strain BB1413","fig|562.73392.peg.5005","BGZ_04943",,"WP_012579084.1",,"pipB2_2","Pentapeptide repeat protein QnrB family","quinolone resistance pentapeptide repeat protein QnrA1",,"quinolone","quinolone",,100,100,100,
"BLAT","Antibiotic Resistance","CARD","562.58772","Escherichia coli strain ENV76","fig|562.58772.peg.4681",,,"ABG56870.1","Klebsiella pneumoniae","QnrS1","Pentapeptide repeat protein QnrB family",,"antibiotic target protection protein,fluoroquinolone resistance gene",,,,100,100,100,"1e-129"
"BLAT","Antibiotic Resistance","CARD","562.73393","Escherichia coli strain BB1409","fig|562.73393.peg.5159","BGZ_05100",,"ABI50486.1","Klebsiella pneumoniae","QnrA1","Pentapeptide repeat protein QnrB family",,"antibiotic target protection protein,fluoroquinolone resistance gene",,,,100,100,100,"1e-130"
"BLAT","Antibiotic Resistance","CARD","562.57401","Escherichia coli strain W2_10_ERB10","fig|562.57401.peg.5140",,,"ABG56870.1","Klebsiella pneumoniae","QnrS1","Pentapeptide repeat protein QnrB family",,"antibiotic target protection protein,fluoroquinolone resistance gene",,,,100,100,100,"1e-129"
"RGI: protein homolog model","Antibiotic Resistance","CARD","562.97022","Escherichia coli VRES1194","fig|562.97022.peg.5010",,,"381",,,"Pentapeptide repeat protein QnrB family","QnrS1","antibiotic target protection","fluoroquinolone","ciprofloxacin;levofloxacin;moxifloxacin;gatifloxacin;nalidixic acid;norfloxacin;sparfloxacin",,100,100,100,"1.18559e-166"
"BLAT","Antibiotic Resistance","NDARO","562.97033","Escherichia coli VRES1196","fig|562.97033.peg.4995",,,"WP_001516695.1","Gammaproteobacteria",,"Pentapeptide repeat protein QnrB family","MULTISPECIES: quinolone resistance pentapeptide repeat protein QnrS1","",,,,100,100,100,"1e-129"
"AMRFinderPlus: ALLELEP","Antibiotic Resistance","NDARO","562.97033","Escherichia coli VRES1196","fig|562.97033.peg.4995",,,"WP_001516695.1",,,"Pentapeptide repeat protein QnrB family","quinolone resistance pentapeptide repeat protein QnrS1",,"quinolone","quinolone",,100,100,100,
"AMRFinderPlus: ALLELEP","Antibiotic Resistance","NDARO","562.42702","Escherichia coli strain 279","fig|562.42702.peg.5056",,,"WP_001516695.1",,,"Pentapeptide repeat protein QnrB family","quinolone resistance pentapeptide repeat protein QnrS1",,"quinolone","quinolone",,100,100,100,
"AMRFinderPlus: ALLELEP","Antibiotic Resistance","NDARO","562.135560","Escherichia coli MGL_106","fig|562.135560.peg.4690","R2R64_16340",,"WP_001516695.1",,,"Pentapeptide repeat protein QnrB family","quinolone resistance pentapeptide repeat protein QnrS1",,"quinolone","quinolone",,100,100,100,
"RGI: protein homolog model","Antibiotic Resistance","CARD","562.97021","Escherichia coli VRES1195","fig|562.97021.peg.4996",,,"381",,,"Pentapeptide repeat protein QnrB family","QnrS1","antibiotic target protection","fluoroquinolone","ciprofloxacin;levofloxacin;moxifloxacin;gatifloxacin;nalidixic acid;norfloxacin;sparfloxacin",,100,100,100,"1.18559e-166"
"RGI: protein homolog model","Antibiotic Resistance","CARD","562.97017","Escherichia coli VREC1123","fig|562.97017.peg.4982",,,"381",,,"Pentapeptide repeat protein QnrB family","QnrS1","antibiotic target protection","fluoroquinolone","ciprofloxacin;levofloxacin;moxifloxacin;gatifloxacin;nalidixic acid;norfloxacin;sparfloxacin",,100,100,100,"1.18559e-166"
"AMRFinderPlus: ALLELEP","Antibiotic Resistance","NDARO","562.100160","Escherichia coli fc69f142-7bb8-11e9-a8d3-68b59976a384","fig|562.100160.peg.5249","A4R37_26090",,"WP_001516695.1",,,"Pentapeptide repeat protein QnrB family","quinolone resistance pentapeptide repeat protein QnrS1",,"quinolone","quinolone",,100,100,100,
"K-mer Search","Antibiotic Resistance","PATRIC","562.45615","Escherichia coli strain EC_27","fig|562.45615.peg.4128","EXX25_24130",,,,"QnrB family","Pentapeptide repeat protein QnrB family","Pentapeptide repeat protein QnrB family","antibiotic target protection protein","Fluoroquinolones Quinolones Quinolines","ciprofloxacin;gatifloxacin;levofloxacin;moxifloxacin;nalidixic acid;norfloxacin;sparfloxacin","11943863",,,,
"AMRFinderPlus: ALLELEP","Antibiotic Resistance","NDARO","562.100232","Escherichia coli c4c735ce-7bb8-11e9-a8d3-68b59976a384","fig|562.100232.peg.4975","AWG36_20365",,"WP_001516695.1",,,"Pentapeptide repeat protein QnrB family","quinolone resistance pentapeptide repeat protein QnrS1",,"quinolone","quinolone",,100,100,100,
"K-mer Search","Antibiotic Resistance","PATRIC","562.73352","Escherichia coli strain BB1400","fig|562.73352.peg.5793","JFD_05591",,,,"QnrB family","Pentapeptide repeat protein QnrB family","Pentapeptide repeat protein QnrB family","antibiotic target protection protein","Fluoroquinolones Quinolones Quinolines","ciprofloxacin;gatifloxacin;levofloxacin;moxifloxacin;nalidixic acid;norfloxacin;sparfloxacin","11943863",,,,
"RGI: protein homolog model","Antibiotic Resistance","CARD","562.99875","Escherichia coli f3ae25d2-7bb8-11e9-a8d3-68b59976a384","fig|562.99875.peg.5103",,,"381",,,"Pentapeptide repeat protein QnrB family","QnrS1","antibiotic target protection","fluoroquinolone","ciprofloxacin;levofloxacin;moxifloxacin;gatifloxacin;nalidixic acid;norfloxacin;sparfloxacin",,100,100,100,"1.18559e-166"
"RGI: protein homolog model","Antibiotic Resistance","CARD","562.58790","Escherichia coli strain ENV727","fig|562.58790.peg.4306",,,"381",,,"Pentapeptide repeat protein QnrB family","QnrS1","antibiotic target protection","fluoroquinolone","ciprofloxacin;levofloxacin;moxifloxacin;gatifloxacin;nalidixic acid;norfloxacin;sparfloxacin",,100,100,100,"1.18559e-166"
"RGI: protein homolog model","Antibiotic Resistance","CARD","562.57506","Escherichia coli strain PB456","fig|562.57506.peg.5007",,,"381",,,"Pentapeptide repeat protein QnrB family","QnrS1","antibiotic target protection","fluoroquinolone","ciprofloxacin;levofloxacin;moxifloxacin;gatifloxacin;nalidixic acid;norfloxacin;sparfloxacin",,100,100,100,"1.18559e-166"
"K-mer Search","Antibiotic Resistance","PATRIC","562.42757","Escherichia coli strain 85","fig|562.42757.peg.5127",,,,,"QnrB family","Pentapeptide repeat protein QnrB family","Pentapeptide repeat protein QnrB family","antibiotic target protection protein","Fluoroquinolones Quinolones Quinolines","ciprofloxacin;gatifloxacin;levofloxacin;moxifloxacin;nalidixic acid;norfloxacin;sparfloxacin","11943863",,,,
"BLAT","Antibiotic Resistance","NDARO","562.30435","Escherichia coli strain AR_451","fig|562.30435.peg.5018","CSC38_5006",,"WP_001516695.1","Gammaproteobacteria",,"Pentapeptide repeat protein QnrB family","MULTISPECIES: quinolone resistance pentapeptide repeat protein QnrS1","",,,,100,100,100,"1e-129"
"K-mer Search","Antibiotic Resistance","PATRIC","562.97027","Escherichia coli VRES1203","fig|562.97027.peg.5008",,,,,"QnrB family","Pentapeptide repeat protein QnrB family","Pentapeptide repeat protein QnrB family","antibiotic target protection protein","Fluoroquinolones Quinolones Quinolines","ciprofloxacin;gatifloxacin;levofloxacin;moxifloxacin;nalidixic acid;norfloxacin;sparfloxacin","11943863",,,,
"RGI: protein homolog model","Antibiotic Resistance","CARD","562.144924","Escherichia coli MGL_118","fig|562.144924.peg.4734",,,"381",,,"Pentapeptide repeat protein QnrB family","QnrS1","antibiotic target protection","fluoroquinolone","ciprofloxacin;levofloxacin;moxifloxacin;gatifloxacin;nalidixic acid;norfloxacin;sparfloxacin",,100,100,100,"1.18559e-166"
"BLAT","Antibiotic Resistance","NDARO","562.57418","Escherichia coli strain W2_13_ERG9","fig|562.57418.peg.4770",,,"WP_001516695.1","Gammaproteobacteria",,"Pentapeptide repeat protein QnrB family","MULTISPECIES: quinolone resistance pentapeptide repeat protein QnrS1","",,,,100,100,100,"1e-129"
"RGI: protein homolog model","Antibiotic Resistance","CARD","562.97032","Escherichia coli VRES1201","fig|562.97032.peg.4996",,,"381",,,"Pentapeptide repeat protein QnrB family","QnrS1","antibiotic target protection","fluoroquinolone","ciprofloxacin;levofloxacin;moxifloxacin;gatifloxacin;nalidixic acid;norfloxacin;sparfloxacin",,100,100,100,"1.18559e-166"
"K-mer Search","Antibiotic Resistance","PATRIC","562.100786","Escherichia coli 02173e4c-7bb9-11e9-a8d3-68b59976a384","fig|562.100786.peg.4868",,,,,"QnrB family","Pentapeptide repeat protein QnrB family","Pentapeptide repeat protein QnrB family","antibiotic target protection protein","Fluoroquinolones Quinolones Quinolines","ciprofloxacin;gatifloxacin;levofloxacin;moxifloxacin;nalidixic acid;norfloxacin;sparfloxacin","11943863",,,,
"BLAT","Antibiotic Resistance","CARD","562.7666","Escherichia coli strain 702566","fig|562.7666.peg.5031","ERS139225_04891",,"ABG56870.1","Klebsiella pneumoniae","pipB2_2","Pentapeptide repeat protein QnrB family",,"antibiotic target protection protein;fluoroquinolone resistance gene",,,,100,100,100,"1e-129"
"BLAT","Antibiotic Resistance","CARD","562.56771","Escherichia coli strain 1043-14","fig|562.56771.peg.4921",,,"ABG56870.1","Klebsiella pneumoniae","QnrS1","Pentapeptide repeat protein QnrB family",,"antibiotic target protection protein,fluoroquinolone resistance gene",,,,100,100,100,"1e-129"
"RGI: protein homolog model","Antibiotic Resistance","CARD","562.100724","Escherichia coli 98ff30b8-7bb8-11e9-a8d3-68b59976a384","fig|562.100724.peg.4676","AWG89_08670",,"381",,,"Pentapeptide repeat protein QnrB family","QnrS1","antibiotic target protection","fluoroquinolone","ciprofloxacin;levofloxacin;moxifloxacin;gatifloxacin;nalidixic acid;norfloxacin;sparfloxacin",,100,100,100,"1.18559e-166"
"BLAT","Antibiotic Resistance","CARD","562.57471","Escherichia coli strain W2_15_ERB4","fig|562.57471.peg.4749",,,"ABG56870.1","Klebsiella pneumoniae","QnrS1","Pentapeptide repeat protein QnrB family",,"antibiotic target protection protein,fluoroquinolone resistance gene",,,,100,100,100,"1e-129"
"RGI: protein homolog model","Antibiotic Resistance","CARD","562.97109","Escherichia coli VRES1346","fig|562.97109.peg.4436",,,"381",,,"Pentapeptide repeat protein QnrB family","QnrS1","antibiotic target protection","fluoroquinolone","ciprofloxacin;levofloxacin;moxifloxacin;gatifloxacin;nalidixic acid;norfloxacin;sparfloxacin",,100,100,100,"1.18559e-166"
"BLAT","Antibiotic Resistance","NDARO","562.97018","Escherichia coli VREC1124","fig|562.97018.peg.5003",,,"WP_001516695.1","Gammaproteobacteria",,"Pentapeptide repeat protein QnrB family","MULTISPECIES: quinolone resistance pentapeptide repeat protein QnrS1","",,,,100,100,100,"1e-129"
"AMRFinderPlus: ALLELEP","Antibiotic Resistance","NDARO","562.57471","Escherichia coli strain W2_15_ERB4","fig|562.57471.peg.4749",,,"WP_001516695.1",,,"Pentapeptide repeat protein QnrB family","quinolone resistance pentapeptide repeat protein QnrS1",,"quinolone","quinolone",,100,100,100,
"K-mer Search","Antibiotic Resistance","PATRIC","562.42665","Escherichia coli strain 190","fig|562.42665.peg.5307",,,,,"QnrB10","Pentapeptide repeat protein QnrB family => Quinolone resistance protein QnrB10","Pentapeptide repeat protein QnrB family => Quinolone resistance protein QnrB10","antibiotic target protection protein","Fluoroquinolones Quinolones Quinolines","ciprofloxacin;gatifloxacin;levofloxacin;moxifloxacin;nalidixic acid;norfloxacin;sparfloxacin","17938184",,,,
"AMRFinderPlus: ALLELEP","Antibiotic Resistance","NDARO","562.42757","Escherichia coli strain 85","fig|562.42757.peg.5127",,,"WP_001516695.1",,,"Pentapeptide repeat protein QnrB family","quinolone resistance pentapeptide repeat protein QnrS1",,"quinolone","quinolone",,100,100,100,
"K-mer Search","Antibiotic Resistance","PATRIC","562.57430","Escherichia coli strain W2_6_ERB1","fig|562.57430.peg.4692",,,,,"QnrB family","Pentapeptide repeat protein QnrB family","Pentapeptide repeat protein QnrB family","antibiotic target protection protein","Fluoroquinolones Quinolones Quinolines","ciprofloxacin;gatifloxacin;levofloxacin;moxifloxacin;nalidixic acid;norfloxacin;sparfloxacin","11943863",,,,
"K-mer Search","Antibiotic Resistance","PATRIC","562.135579","Escherichia coli MGL_1560","fig|562.135579.peg.5080",,,,,"QnrB family","Pentapeptide repeat protein QnrB family","Pentapeptide repeat protein QnrB family","antibiotic target protection protein","Fluoroquinolones Quinolones Quinolines","ciprofloxacin;gatifloxacin;levofloxacin;moxifloxacin;nalidixic acid;norfloxacin;sparfloxacin","11943863",,,,
"BLAT","Antibiotic Resistance","NDARO","562.97216","Escherichia coli VREC1376","fig|562.97216.peg.4810",,,"WP_001516695.1","Gammaproteobacteria",,"Pentapeptide repeat protein QnrB family","MULTISPECIES: quinolone resistance pentapeptide repeat protein QnrS1","",,,,100,100,100,"1e-129"
"RGI: protein homolog model","Antibiotic Resistance","CARD","562.45596","Escherichia coli strain EC_90","fig|562.45596.peg.5218","EXX84_24420",,"381",,,"Pentapeptide repeat protein QnrB family","QnrS1","antibiotic target protection","fluoroquinolone","ciprofloxacin;levofloxacin;moxifloxacin;gatifloxacin;nalidixic acid;norfloxacin;sparfloxacin",,100,100,99,"1.18783e-165"
"BLAT","Antibiotic Resistance","CARD","562.58790","Escherichia coli strain ENV727","fig|562.58790.peg.4306",,,"ABG56870.1","Klebsiella pneumoniae","QnrS1","Pentapeptide repeat protein QnrB family",,"antibiotic target protection protein,fluoroquinolone resistance gene",,,,100,100,100,"1e-129"
"BLAT","Antibiotic Resistance","CARD","562.58720","Escherichia coli strain 14060900","fig|562.58720.peg.5573",,,"ABG56870.1","Klebsiella pneumoniae","QnrS1","Pentapeptide repeat protein QnrB family",,"antibiotic target protection protein,fluoroquinolone resistance gene",,,,100,100,100,"1e-129"
"RGI: protein homolog model","Antibiotic Resistance","CARD","562.100703","Escherichia coli a2594be4-7bb8-11e9-a8d3-68b59976a384","fig|562.100703.peg.4695","AWG88_06880",,"381",,,"Pentapeptide repeat protein QnrB family","QnrS1","antibiotic target protection","fluoroquinolone","ciprofloxacin;levofloxacin;moxifloxacin;gatifloxacin;nalidixic acid;norfloxacin;sparfloxacin",,100,100,100,"1.18559e-166"
"AMRFinderPlus: ALLELEP","Antibiotic Resistance","NDARO","562.57448","Escherichia coli strain F1_7_ERG10B","fig|562.57448.peg.4683",,,"WP_001516695.1",,,"Pentapeptide repeat protein QnrB family","quinolone resistance pentapeptide repeat protein QnrS1",,"quinolone","quinolone",,100,100,100,
"BLAT","Antibiotic Resistance","NDARO","562.57434","Escherichia coli strain W2_8_ERB3","fig|562.57434.peg.4211",,,"WP_001516695.1","Gammaproteobacteria",,"Pentapeptide repeat protein QnrB family","MULTISPECIES: quinolone resistance pentapeptide repeat protein QnrS1","",,,,100,100,100,"1e-129"
"K-mer Search","Antibiotic Resistance","PATRIC","562.56854","Escherichia coli strain 52-16","fig|562.56854.peg.3583",,,,,"QnrB family","Pentapeptide repeat protein QnrB family","Pentapeptide repeat protein QnrB family","antibiotic target protection protein","Fluoroquinolones Quinolones Quinolines","ciprofloxacin;gatifloxacin;levofloxacin;moxifloxacin;nalidixic acid;norfloxacin;sparfloxacin","11943863",,,,
"AMRFinderPlus: ALLELEP","Antibiotic Resistance","NDARO","562.45615","Escherichia coli strain EC_27","fig|562.45615.peg.4128","EXX25_24130",,"WP_001516695.1",,,"Pentapeptide repeat protein QnrB family","quinolone resistance pentapeptide repeat protein QnrS1",,"quinolone","quinolone",,100,100,100,
"AMRFinderPlus: ALLELEP","Antibiotic Resistance","NDARO","562.97019","Escherichia coli VREC1122","fig|562.97019.peg.4977",,,"WP_001516695.1",,,"Pentapeptide repeat protein QnrB family","quinolone resistance pentapeptide repeat protein QnrS1",,"quinolone","quinolone",,100,100,100,
"K-mer Search","Antibiotic Resistance","PATRIC","562.97028","Escherichia coli VRES1199","fig|562.97028.peg.4977",,,,,"QnrB family","Pentapeptide repeat protein QnrB family","Pentapeptide repeat protein QnrB family","antibiotic target protection protein","Fluoroquinolones Quinolones Quinolines","ciprofloxacin;gatifloxacin;levofloxacin;moxifloxacin;nalidixic acid;norfloxacin;sparfloxacin","11943863",,,,
"BLAT","Antibiotic Resistance","NDARO","562.100757","Escherichia coli 9d8376da-7bb8-11e9-a8d3-68b59976a384","fig|562.100757.peg.4708",,,"WP_001516695.1","Gammaproteobacteria",,"Pentapeptide repeat protein QnrB family","MULTISPECIES: quinolone resistance pentapeptide repeat protein QnrS1","",,,,100,100,100,"1e-129"
"AMRFinderPlus: ALLELEP","Antibiotic Resistance","NDARO","562.57436","Escherichia coli strain W2_9_ERB5","fig|562.57436.peg.4704",,,"WP_063866398.1",,,"Pentapeptide repeat protein QnrB family","quinolone resistance pentapeptide repeat protein QnrS4",,"quinolone","quinolone",,100,100,100,
"RGI: protein homolog model","Antibiotic Resistance","CARD","562.97020","Escherichia coli VRES1202","fig|562.97020.peg.5004",,,"381",,,"Pentapeptide repeat protein QnrB family","QnrS1","antibiotic target protection","fluoroquinolone","ciprofloxacin;levofloxacin;moxifloxacin;gatifloxacin;nalidixic acid;norfloxacin;sparfloxacin",,100,100,100,"1.18559e-166"
"BLAT","Antibiotic Resistance","NDARO","562.22426","Escherichia coli strain AR_0162","fig|562.22426.peg.5051","AM408_00610",,"WP_001516695.1","Gammaproteobacteria",,"Pentapeptide repeat protein QnrB family","MULTISPECIES: quinolone resistance pentapeptide repeat protein QnrS1","",,,,100,100,100,"1e-129"
"RGI: protein homolog model","Antibiotic Resistance","CARD","562.135591","Escherichia coli 20200203_MGL_12","fig|562.135591.peg.5026","BSZ13_15050",,"1987",,,"Pentapeptide repeat protein QnrB family","QnrA1","antibiotic target protection","fluoroquinolone","ciprofloxacin;levofloxacin;moxifloxacin;gatifloxacin;nalidixic acid;norfloxacin;sparfloxacin",,100,100,100,"6.38938e-163"
"BLAT","Antibiotic Resistance","CARD","562.97114","Escherichia coli VRES1353","fig|562.97114.peg.4442",,,"ABG56870.1","Klebsiella pneumoniae","QnrS1","Pentapeptide repeat protein QnrB family",,"antibiotic target protection protein,fluoroquinolone resistance gene",,,,100,100,100,"1e-129"
"BLAT","Antibiotic Resistance","NDARO","562.57368","Escherichia coli strain PB163","fig|562.57368.peg.4591",,,"WP_001516695.1","Gammaproteobacteria",,"Pentapeptide repeat protein QnrB family","MULTISPECIES: quinolone resistance pentapeptide repeat protein QnrS1","",,,,100,100,100,"1e-129"
"RGI: protein homolog model","Antibiotic Resistance","CARD","562.45964","Escherichia coli strain URMC_26","fig|562.45964.peg.440","ELV28_29655",,"381",,,"Pentapeptide repeat protein QnrB family","QnrS1","antibiotic target protection","fluoroquinolone","ciprofloxacin;levofloxacin;moxifloxacin;gatifloxacin;nalidixic acid;norfloxacin;sparfloxacin",,100,100,100,"1.18559e-166"
"AMRFinderPlus: ALLELEP","Antibiotic Resistance","NDARO","562.135589","Escherichia coli MGL_133","fig|562.135589.peg.5145","R2R64_16340",,"WP_001516695.1",,,"Pentapeptide repeat protein QnrB family","quinolone resistance pentapeptide repeat protein QnrS1",,"quinolone","quinolone",,100,100,100,
"RGI: protein homolog model","Antibiotic Resistance","CARD","562.135565","Escherichia coli MGL_82","fig|562.135565.peg.5061","BFL18_27100",,"381",,,"Pentapeptide repeat protein QnrB family","QnrS1","antibiotic target protection","fluoroquinolone","ciprofloxacin;levofloxacin;moxifloxacin;gatifloxacin;nalidixic acid;norfloxacin;sparfloxacin",,100,100,100,"1.18559e-166"
"BLAT","Antibiotic Resistance","CARD","562.96439","Escherichia coli VREC0650","fig|562.96439.peg.4629",,,"ABG56269.1","Citrobacter freundii","QnrB10","Pentapeptide repeat protein QnrB family => Quinolone resistance protein QnrB10",,"antibiotic target protection protein,fluoroquinolone resistance gene",,,,100,100,99,"1e-130"
"K-mer Search","Antibiotic Resistance","PATRIC","562.97109","Escherichia coli VRES1346","fig|562.97109.peg.4436",,,,,"QnrB family","Pentapeptide repeat protein QnrB family","Pentapeptide repeat protein QnrB family","antibiotic target protection protein","Fluoroquinolones Quinolones Quinolines","ciprofloxacin;gatifloxacin;levofloxacin;moxifloxacin;nalidixic acid;norfloxacin;sparfloxacin","11943863",,,,
"BLAT","Antibiotic Resistance","CARD","562.42703","Escherichia coli strain 280","fig|562.42703.peg.4823",,,"ABG56870.1","Klebsiella pneumoniae","QnrS1","Pentapeptide repeat protein QnrB family",,"antibiotic target protection protein,fluoroquinolone resistance gene",,,,100,100,100,"1e-129"
"BLAT","Antibiotic Resistance","CARD","562.135589","Escherichia coli MGL_133","fig|562.135589.peg.5145",,,"ABG56870.1","Klebsiella pneumoniae","QnrS1","Pentapeptide repeat protein QnrB family",,"antibiotic target protection protein,fluoroquinolone resistance gene",,,,100,100,100,"1e-129"
"BLAT","Antibiotic Resistance","NDARO","562.31452","Escherichia coli strain KCRI-44 strain RDK37_44","fig|562.31452.peg.4120",,,"WP_001516695.1","Gammaproteobacteria",,"Pentapeptide repeat protein QnrB family","MULTISPECIES: quinolone resistance pentapeptide repeat protein QnrS1","",,,,100,100,100,"1e-129"
"AMRFinderPlus: ALLELEP","Antibiotic Resistance","NDARO","562.57364","Escherichia coli strain PB320","fig|562.57364.peg.5453",,,"WP_001516695.1",,,"Pentapeptide repeat protein QnrB family","quinolone resistance pentapeptide repeat protein QnrS1",,"quinolone","quinolone",,100,100,100,
"RGI: protein homolog model","Antibiotic Resistance","CARD","562.145026","Escherichia coli PT_EC0194","fig|562.145026.peg.4661",,,"381",,,"Pentapeptide repeat protein QnrB family","QnrS1","antibiotic target protection","fluoroquinolone","ciprofloxacin;levofloxacin;moxifloxacin;gatifloxacin;nalidixic acid;norfloxacin;sparfloxacin",,100,100,100,"1.18559e-166"
"AMRFinderPlus: ALLELEP","Antibiotic Resistance","NDARO","562.58783","Escherichia coli strain ENV323","fig|562.58783.peg.4035",,,"WP_001516695.1",,,"Pentapeptide repeat protein QnrB family","quinolone resistance pentapeptide repeat protein QnrS1",,"quinolone","quinolone",,100,100,100,
"AMRFinderPlus: ALLELEP","Antibiotic Resistance","NDARO","562.57418","Escherichia coli strain W2_13_ERG9","fig|562.57418.peg.4770",,,"WP_001516695.1",,,"Pentapeptide repeat protein QnrB family","quinolone resistance pentapeptide repeat protein QnrS1",,"quinolone","quinolone",,100,100,100,
"BLAT","Antibiotic Resistance","CARD","562.97021","Escherichia coli VRES1195","fig|562.97021.peg.4996",,,"ABG56870.1","Klebsiella pneumoniae","QnrS1","Pentapeptide repeat protein QnrB family",,"antibiotic target protection protein,fluoroquinolone resistance gene",,,,100,100,100,"1e-129"
"AMRFinderPlus: ALLELEP","Antibiotic Resistance","NDARO","562.45628","Escherichia coli strain EC_33_B","fig|562.45628.peg.3995","EXX31_24445",,"WP_001516695.1",,,"Pentapeptide repeat protein QnrB family","quinolone resistance pentapeptide repeat protein QnrS1",,"quinolone","quinolone",,100,100,100,
"K-mer Search","Antibiotic Resistance","PATRIC","562.57379","Escherichia coli strain PB514","fig|562.57379.peg.4963",,,,,"QnrB family","Pentapeptide repeat protein QnrB family","Pentapeptide repeat protein QnrB family","antibiotic target protection protein","Fluoroquinolones Quinolones Quinolines","ciprofloxacin;gatifloxacin;levofloxacin;moxifloxacin;nalidixic acid;norfloxacin;sparfloxacin","11943863",,,,
"AMRFinderPlus: ALLELEP","Antibiotic Resistance","NDARO","562.99875","Escherichia coli f3ae25d2-7bb8-11e9-a8d3-68b59976a384","fig|562.99875.peg.5103",,,"WP_001516695.1",,,"Pentapeptide repeat protein QnrB family","quinolone resistance pentapeptide repeat protein QnrS1",,"quinolone","quinolone",,100,100,100,
"AMRFinderPlus: BLASTP","Antibiotic Resistance","NDARO","562.100344","Escherichia coli 410e1a62-7bb9-11e9-a8d3-68b59976a384","fig|562.100344.peg.4769","AWG49_25710",,"WP_017900990.1",,,"Pentapeptide repeat protein QnrB family => Quinolone resistance protein QnrB10","QnrB family quinolone resistance pentapeptide repeat protein",,"quinolone","quinolone",,100,99,100,
"BLAT","Antibiotic Resistance","NDARO","562.23166","Escherichia coli NA:H19 strain ECO0783","fig|562.23166.peg.4748",,,"WP_001516695.1","Gammaproteobacteria",,"Pentapeptide repeat protein QnrB family","MULTISPECIES: quinolone resistance pentapeptide repeat protein QnrS1","",,,,100,100,100,"1e-129"
"AMRFinderPlus: ALLELEP","Antibiotic Resistance","NDARO","562.57457","Escherichia coli strain PB251","fig|562.57457.peg.4992",,,"WP_001516695.1",,,"Pentapeptide repeat protein QnrB family","quinolone resistance pentapeptide repeat protein QnrS1",,"quinolone","quinolone",,100,100,100,
"BLAT","Antibiotic Resistance","NDARO","562.58727","Escherichia coli strain 14083136","fig|562.58727.peg.4813",,,"WP_012954666.1","Gammaproteobacteria",,"Pentapeptide repeat protein QnrB family => Quinolone resistance protein QnrB10","MULTISPECIES: quinolone resistance pentapeptide repeat protein QnrB19","",,,,100,94,100,"1e-124"
"BLAT","Antibiotic Resistance","CARD","562.58628","Escherichia coli strain PH135","fig|562.58628.peg.543",,,"ABG56870.1","Klebsiella pneumoniae","QnrS1","Pentapeptide repeat protein QnrB family",,"antibiotic target protection protein,fluoroquinolone resistance gene",,,,100,100,100,"1e-129"
"BLAT","Antibiotic Resistance","NDARO","562.97108","Escherichia coli VRES1350","fig|562.97108.peg.4434",,,"WP_001516695.1","Gammaproteobacteria",,"Pentapeptide repeat protein QnrB family","MULTISPECIES: quinolone resistance pentapeptide repeat protein QnrS1","",,,,100,100,100,"1e-129"
"K-mer Search","Antibiotic Resistance","PATRIC","562.97114","Escherichia coli VRES1353","fig|562.97114.peg.4442",,,,,"QnrB family","Pentapeptide repeat protein QnrB family","Pentapeptide repeat protein QnrB family","antibiotic target protection protein","Fluoroquinolones Quinolones Quinolines","ciprofloxacin;gatifloxacin;levofloxacin;moxifloxacin;nalidixic acid;norfloxacin;sparfloxacin","11943863",,,,
"BLAT","Antibiotic Resistance","NDARO","562.59227","Escherichia coli strain PBIO1949","fig|562.59227.peg.4342",,,"WP_001749994.1","Enterobacterales",,"Pentapeptide repeat protein QnrB family => Quinolone resistance protein QnrB10","MULTISPECIES: quinolone resistance pentapeptide repeat protein QnrB6","",,,,100,94,100,"1e-124"
"K-mer Search","Antibiotic Resistance","PATRIC","562.135587","Escherichia coli MGL_153","fig|562.135587.peg.4840",,,,,"QnrB family","Pentapeptide repeat protein QnrB family","Pentapeptide repeat protein QnrB family","antibiotic target protection protein","Fluoroquinolones Quinolones Quinolines","ciprofloxacin;gatifloxacin;levofloxacin;moxifloxacin;nalidixic acid;norfloxacin;sparfloxacin","11943863",,,,
"K-mer Search","Antibiotic Resistance","PATRIC","562.100344","Escherichia coli 410e1a62-7bb9-11e9-a8d3-68b59976a384","fig|562.100344.peg.4769",,,,,"QnrB10","Pentapeptide repeat protein QnrB family => Quinolone resistance protein QnrB10","Pentapeptide repeat protein QnrB family => Quinolone resistance protein QnrB10","antibiotic target protection protein","Fluoroquinolones Quinolones Quinolines","ciprofloxacin;gatifloxacin;levofloxacin;moxifloxacin;nalidixic acid;norfloxacin;sparfloxacin","17938184",,,,
"K-mer Search","Antibiotic Resistance","PATRIC","562.57449","Escherichia coli strain PB203","fig|562.57449.peg.5191",,,,,"QnrB family","Pentapeptide repeat protein QnrB family","Pentapeptide repeat protein QnrB family","antibiotic target protection protein","Fluoroquinolones Quinolones Quinolines","ciprofloxacin;gatifloxacin;levofloxacin;moxifloxacin;nalidixic acid;norfloxacin;sparfloxacin","11943863",,,,
"AMRFinderPlus: ALLELEP","Antibiotic Resistance","NDARO","562.57467","Escherichia coli strain PB98","fig|562.57467.peg.5317",,,"WP_001516695.1",,,"Pentapeptide repeat protein QnrB family","quinolone resistance pentapeptide repeat protein QnrS1",,"quinolone","quinolone",,100,100,100,
"BLAT","Antibiotic Resistance","CARD","562.57456","Escherichia coli strain PB303","fig|562.57456.peg.2376",,,"ABG56870.1","Klebsiella pneumoniae","QnrS1","Pentapeptide repeat protein QnrB family",,"antibiotic target protection protein,fluoroquinolone resistance gene",,,,100,100,100,"1e-129"
"AMRFinderPlus: PARTIALP","Antibiotic Resistance","NDARO","562.57441","Escherichia coli strain F1_7_ERB1","fig|562.57441.peg.4706",,,"WP_001516695.1",,,"Pentapeptide repeat protein QnrB family","QnrS family quinolone resistance pentapeptide repeat protein",,"quinolone","quinolone",,84,100,100,
"AMRFinderPlus: ALLELEP","Antibiotic Resistance","NDARO","562.57377","Escherichia coli strain PB532","fig|562.57377.peg.4812",,,"WP_001516695.1",,,"Pentapeptide repeat protein QnrB family","quinolone resistance pentapeptide repeat protein QnrS1",,"quinolone","quinolone",,100,100,100,
"AMRFinderPlus: ALLELEP","Antibiotic Resistance","NDARO","562.97018","Escherichia coli VREC1124","fig|562.97018.peg.5003",,,"WP_001516695.1",,,"Pentapeptide repeat protein QnrB family","quinolone resistance pentapeptide repeat protein QnrS1",,"quinolone","quinolone",,100,100,100,
"AMRFinderPlus: ALLELEP","Antibiotic Resistance","NDARO","562.42668","Escherichia coli strain 196","fig|562.42668.peg.4273",,,"WP_001516695.1",,,"Pentapeptide repeat protein QnrB family","quinolone resistance pentapeptide repeat protein QnrS1",,"quinolone","quinolone",,100,100,100,
"BLAT","Antibiotic Resistance","NDARO","562.100232","Escherichia coli c4c735ce-7bb8-11e9-a8d3-68b59976a384","fig|562.100232.peg.4975",,,"WP_001516695.1","Gammaproteobacteria",,"Pentapeptide repeat protein QnrB family","MULTISPECIES: quinolone resistance pentapeptide repeat protein QnrS1","",,,,100,100,100,"1e-129"
"K-mer Search","Antibiotic Resistance","PATRIC","562.57431","Escherichia coli strain W2_9_ERBR2","fig|562.57431.peg.5041",,,,,"QnrB family","Pentapeptide repeat protein QnrB family","Pentapeptide repeat protein QnrB family","antibiotic target protection protein","Fluoroquinolones Quinolones Quinolines","ciprofloxacin;gatifloxacin;levofloxacin;moxifloxacin;nalidixic acid;norfloxacin;sparfloxacin","11943863",,,,
"BLAT","Antibiotic Resistance","CARD","562.99678","Escherichia coli 5338df10-7bb9-11e9-a8d3-68b59976a384","fig|562.99678.peg.5004",,,"ABG56870.1","Klebsiella pneumoniae","QnrS1","Pentapeptide repeat protein QnrB family",,"antibiotic target protection protein,fluoroquinolone resistance gene",,,,100,100,100,"1e-129"
"RGI: protein homolog model","Antibiotic Resistance","CARD","562.42668","Escherichia coli strain 196","fig|562.42668.peg.4273",,,"381",,,"Pentapeptide repeat protein QnrB family","QnrS1","antibiotic target protection","fluoroquinolone","ciprofloxacin;levofloxacin;moxifloxacin;gatifloxacin;nalidixic acid;norfloxacin;sparfloxacin",,100,100,100,"1.18559e-166"
"K-mer Search","Antibiotic Resistance","PATRIC","562.42650","Escherichia coli strain 153","fig|562.42650.peg.5007",,,,,"QnrB family","Pentapeptide repeat protein QnrB family","Pentapeptide repeat protein QnrB family","antibiotic target protection protein","Fluoroquinolones Quinolones Quinolines","ciprofloxacin;gatifloxacin;levofloxacin;moxifloxacin;nalidixic acid;norfloxacin;sparfloxacin","11943863",,,,
"BLAT","Antibiotic Resistance","NDARO","562.145037","Escherichia coli PT_EC0182","fig|562.145037.peg.4976",,,"WP_012954666.1","Gammaproteobacteria",,"Pentapeptide repeat protein QnrB family => Quinolone resistance protein QnrB10","MULTISPECIES: quinolone resistance pentapeptide repeat protein QnrB19","",,,,100,94,100,"1e-124"
"BLAT","Antibiotic Resistance","CARD","562.58776","Escherichia coli strain ENV222","fig|562.58776.peg.4972",,,"ABG56870.1","Klebsiella pneumoniae","QnrS1","Pentapeptide repeat protein QnrB family",,"antibiotic target protection protein,fluoroquinolone resistance gene",,,,100,100,100,"1e-129"
"K-mer Search","Antibiotic Resistance","PATRIC","562.42687","Escherichia coli strain 240","fig|562.42687.peg.4820",,,,,"QnrB family","Pentapeptide repeat protein QnrB family","Pentapeptide repeat protein QnrB family","antibiotic target protection protein","Fluoroquinolones Quinolones Quinolines","ciprofloxacin;gatifloxacin;levofloxacin;moxifloxacin;nalidixic acid;norfloxacin;sparfloxacin","11943863",,,,
"BLAT","Antibiotic Resistance","NDARO","562.42634","Escherichia coli strain 100","fig|562.42634.peg.4553",,,"WP_012695489.1","Enterobacteriaceae",,"Pentapeptide repeat protein QnrB family => Quinolone resistance protein QnrB10","MULTISPECIES: quinolone resistance pentapeptide repeat protein QnrB2","",,,,100,100,100,"1e-123"
"RGI: protein homolog model","Antibiotic Resistance","CARD","562.96439","Escherichia coli VREC0650","fig|562.96439.peg.4629","MMN38_15260",,"139",,,"Pentapeptide repeat protein QnrB family => Quinolone resistance protein QnrB10","QnrB10","antibiotic target protection","fluoroquinolone","ciprofloxacin;levofloxacin;moxifloxacin;gatifloxacin;nalidixic acid;norfloxacin;sparfloxacin",,,,,
"AMRFinderPlus: ALLELEP","Antibiotic Resistance","NDARO","562.58790","Escherichia coli strain ENV727","fig|562.58790.peg.4306",,,"WP_001516695.1",,,"Pentapeptide repeat protein QnrB family","quinolone resistance pentapeptide repeat protein QnrS1",,"quinolone","quinolone",,100,100,100,
"BLAT","Antibiotic Resistance","NDARO","562.135576","Escherichia coli 20200203_MGL_04","fig|562.135576.peg.5128",,,"WP_001516695.1","Gammaproteobacteria",,"Pentapeptide repeat protein QnrB family","MULTISPECIES: quinolone resistance pentapeptide repeat protein QnrS1","",,,,100,100,100,"1e-129"
"RGI: protein homolog model","Antibiotic Resistance","CARD","562.135589","Escherichia coli MGL_133","fig|562.135589.peg.5145","BFL17_27490",,"381",,,"Pentapeptide repeat protein QnrB family","QnrS1","antibiotic target protection","fluoroquinolone","ciprofloxacin;levofloxacin;moxifloxacin;gatifloxacin;nalidixic acid;norfloxacin;sparfloxacin",,100,100,100,"1.18559e-166"
"BLAT","Antibiotic Resistance","NDARO","562.7666","Escherichia coli strain 702566","fig|562.7666.peg.5031","ERS139225_04891",,"WP_001516695.1","Gammaproteobacteria","pipB2_2","Pentapeptide repeat protein QnrB family","MULTISPECIES: quinolone resistance pentapeptide repeat protein QnrS1",,,,,100,100,100,"1e-129"
"BLAT","Antibiotic Resistance","CARD","562.58771","Escherichia coli strain ENV68","fig|562.58771.peg.4622",,,"ABP87778.1","Pantoea agglomerans","QnrB6","Pentapeptide repeat protein QnrB family => Quinolone resistance protein QnrB10",,"antibiotic target protection protein,fluoroquinolone resistance gene",,,,100,100,100,"1e-131"
"BLAT","Antibiotic Resistance","NDARO","562.57396","Escherichia coli strain W1_7_ERB9","fig|562.57396.peg.4344",,,"WP_001516695.1","Gammaproteobacteria",,"Pentapeptide repeat protein QnrB family","MULTISPECIES: quinolone resistance pentapeptide repeat protein QnrS1","",,,,100,100,100,"1e-129"
"BLAT","Antibiotic Resistance","CARD","562.7686","Escherichia coli strain 702890_aEPEC","fig|562.7686.peg.4688","ERS085405_04571",,"ABG56870.1","Klebsiella pneumoniae","pipB2_3","Pentapeptide repeat protein QnrB family",,"antibiotic target protection protein;fluoroquinolone resistance gene",,,,100,100,100,"1e-129"
"BLAT","Antibiotic Resistance","NDARO","562.57436","Escherichia coli strain W2_9_ERB5","fig|562.57436.peg.4704",,,"WP_063866398.1","Salmonella enterica",,"Pentapeptide repeat protein QnrB family","quinolone resistance pentapeptide repeat protein QnrS4","",,,,100,100,100,"1e-129"
"BLAT","Antibiotic Resistance","NDARO","562.42650","Escherichia coli strain 153","fig|562.42650.peg.5007",,,"WP_001516695.1","Gammaproteobacteria",,"Pentapeptide repeat protein QnrB family","MULTISPECIES: quinolone resistance pentapeptide repeat protein QnrS1","",,,,100,100,100,"1e-129"
"BLAT","Antibiotic Resistance","NDARO","562.97110","Escherichia coli VRES1354","fig|562.97110.peg.4401",,,"WP_001516695.1","Gammaproteobacteria",,"Pentapeptide repeat protein QnrB family","MULTISPECIES: quinolone resistance pentapeptide repeat protein QnrS1","",,,,100,100,100,"1e-129"
"BLAT","Antibiotic Resistance","CARD","562.57469","Escherichia coli strain PB97","fig|562.57469.peg.5181",,,"ABG56870.1","Klebsiella pneumoniae","QnrS1","Pentapeptide repeat protein QnrB family",,"antibiotic target protection protein,fluoroquinolone resistance gene",,,,100,100,100,"1e-129"
"RGI: protein homolog model","Antibiotic Resistance","CARD","562.57416","Escherichia coli strain W2_13_ERB6","fig|562.57416.peg.4741",,,"381",,,"Pentapeptide repeat protein QnrB family","QnrS1","antibiotic target protection","fluoroquinolone","ciprofloxacin;levofloxacin;moxifloxacin;gatifloxacin;nalidixic acid;norfloxacin;sparfloxacin",,100,100,100,"1.18559e-166"
"BLAT","Antibiotic Resistance","NDARO","562.100724","Escherichia coli 98ff30b8-7bb8-11e9-a8d3-68b59976a384","fig|562.100724.peg.4676",,,"WP_001516695.1","Gammaproteobacteria",,"Pentapeptide repeat protein QnrB family","MULTISPECIES: quinolone resistance pentapeptide repeat protein QnrS1","",,,,100,100,100,"1e-129"
"BLAT","Antibiotic Resistance","NDARO","562.73352","Escherichia coli strain BB1400","fig|562.73352.peg.5793","JFD_05591",,"WP_012579084.1","Enterobacterales","pipB2_2","Pentapeptide repeat protein QnrB family","MULTISPECIES: quinolone resistance pentapeptide repeat protein QnrA1","",,,,100,100,100,"1e-130"
"BLAT","Antibiotic Resistance","CARD","562.56841","Escherichia coli strain 50-16","fig|562.56841.peg.6177",,,"ABG56269.1","Citrobacter freundii","QnrB10","Pentapeptide repeat protein QnrB family => Quinolone resistance protein QnrB10",,"antibiotic target protection protein,fluoroquinolone resistance gene",,,,31,100,98,"1e-34"
"BLAT","Antibiotic Resistance","CARD","562.42763","Escherichia coli strain M1","fig|562.42763.peg.4744",,,"ABG56870.1","Klebsiella pneumoniae","QnrS1","Pentapeptide repeat protein QnrB family",,"antibiotic target protection protein,fluoroquinolone resistance gene",,,,100,100,100,"1e-129"
"BLAT","Antibiotic Resistance","NDARO","562.57470","Escherichia coli strain PB67","fig|562.57470.peg.4997",,,"WP_014386481.1","Enterobacterales",,"Pentapeptide repeat protein QnrB family => Quinolone resistance protein QnrB10","MULTISPECIES: quinolone resistance pentapeptide repeat protein QnrB1","",,,,100,100,100,"1e-123"
"AMRFinderPlus: ALLELEP","Antibiotic Resistance","NDARO","562.144936","Escherichia coli MGL_153","fig|562.144936.peg.4843",,,"WP_001516695.1",,,"Pentapeptide repeat protein QnrB family","quinolone resistance pentapeptide repeat protein QnrS1",,"quinolone","quinolone",,100,100,100,
"BLAT","Antibiotic Resistance","NDARO","562.57389","Escherichia coli strain W1_5_ERP10B","fig|562.57389.peg.4518",,,"WP_001516695.1","Gammaproteobacteria",,"Pentapeptide repeat protein QnrB family","MULTISPECIES: quinolone resistance pentapeptide repeat protein QnrS1","",,,,100,100,100,"1e-129"
"BLAT","Antibiotic Resistance","CARD","562.22979","Escherichia coli O6:H1 strain ECO0602","fig|562.22979.peg.5274",,,"ABI50486.1","Klebsiella pneumoniae",,"Pentapeptide repeat protein QnrB family",,"antibiotic target protection protein,fluoroquinolone resistance gene",,,,100,100,100,"1e-130"
"AMRFinderPlus: ALLELEP","Antibiotic Resistance","NDARO","562.57420","Escherichia coli strain W2_4_ERB1","fig|562.57420.peg.4800",,,"WP_001516695.1",,,"Pentapeptide repeat protein QnrB family","quinolone resistance pentapeptide repeat protein QnrS1",,"quinolone","quinolone",,100,100,100,
"BLAT","Antibiotic Resistance","NDARO","562.97029","Escherichia coli VRES1198","fig|562.97029.peg.5004",,,"WP_001516695.1","Gammaproteobacteria",,"Pentapeptide repeat protein QnrB family","MULTISPECIES: quinolone resistance pentapeptide repeat protein QnrS1","",,,,100,100,100,"1e-129"
"AMRFinderPlus: ALLELEP","Antibiotic Resistance","NDARO","562.45605","Escherichia coli strain EC_74","fig|562.45605.peg.4136","EXX70_23165",,"WP_001516695.1",,,"Pentapeptide repeat protein QnrB family","quinolone resistance pentapeptide repeat protein QnrS1",,"quinolone","quinolone",,100,100,100,
"BLAT","Antibiotic Resistance","CARD","562.57409","Escherichia coli strain W2_13_ERB1","fig|562.57409.peg.4511",,,"ABG56870.1","Klebsiella pneumoniae","QnrS1","Pentapeptide repeat protein QnrB family",,"antibiotic target protection protein,fluoroquinolone resistance gene",,,,100,100,100,"1e-129"
"BLAT","Antibiotic Resistance","CARD","562.100344","Escherichia coli 410e1a62-7bb9-11e9-a8d3-68b59976a384","fig|562.100344.peg.4769",,,"ABC17630.2","Escherichia coli","QnrB4","Pentapeptide repeat protein QnrB family => Quinolone resistance protein QnrB10",,"antibiotic target protection protein,fluoroquinolone resistance gene",,,,100,100,100,"1e-124"
"RGI: protein homolog model","Antibiotic Resistance","CARD","562.42686","Escherichia coli strain 24","fig|562.42686.peg.4753",,,"381",,,"Pentapeptide repeat protein QnrB family","QnrS1","antibiotic target protection","fluoroquinolone","ciprofloxacin;levofloxacin;moxifloxacin;gatifloxacin;nalidixic acid;norfloxacin;sparfloxacin",,100,100,100,"1.18559e-166"
"AMRFinderPlus: ALLELEP","Antibiotic Resistance","NDARO","562.42687","Escherichia coli strain 240","fig|562.42687.peg.4820",,,"WP_001516695.1",,,"Pentapeptide repeat protein QnrB family","quinolone resistance pentapeptide repeat protein QnrS1",,"quinolone","quinolone",,100,100,100,
"K-mer Search","Antibiotic Resistance","PATRIC","562.59229","Escherichia coli strain PBIO1948","fig|562.59229.peg.4692",,,,,"QnrB10","Pentapeptide repeat protein QnrB family => Quinolone resistance protein QnrB10","Pentapeptide repeat protein QnrB family => Quinolone resistance protein QnrB10","antibiotic target protection protein","Fluoroquinolones Quinolones Quinolines","ciprofloxacin;gatifloxacin;levofloxacin;moxifloxacin;nalidixic acid;norfloxacin;sparfloxacin","17938184",,,,
"RGI: protein homolog model","Antibiotic Resistance","CARD","562.56841","Escherichia coli strain 50-16","fig|562.56841.peg.6377","PU65_18105",,"139",,,"Pentapeptide repeat protein QnrB family => Quinolone resistance protein QnrB10","QnrB10","antibiotic target protection","fluoroquinolone","ciprofloxacin;levofloxacin;moxifloxacin;gatifloxacin;nalidixic acid;norfloxacin;sparfloxacin",,23,80,98,"3.11733e-31"
"AMRFinderPlus: ALLELEP","Antibiotic Resistance","NDARO","562.97216","Escherichia coli VREC1376","fig|562.97216.peg.4810",,,"WP_001516695.1",,,"Pentapeptide repeat protein QnrB family","quinolone resistance pentapeptide repeat protein QnrS1",,"quinolone","quinolone",,100,100,100,
"BLAT","Antibiotic Resistance","CARD","562.57176","Escherichia coli strain 24742_1#153","fig|562.57176.peg.5150",,,"ABG56269.1","Citrobacter freundii","QnrB10","Pentapeptide repeat protein QnrB family => Quinolone resistance protein QnrB10",,"antibiotic target protection protein,fluoroquinolone resistance gene",,,,100,100,99,"1e-130"
"K-mer Search","Antibiotic Resistance","PATRIC","562.42702","Escherichia coli strain 279","fig|562.42702.peg.5056",,,,,"QnrB family","Pentapeptide repeat protein QnrB family","Pentapeptide repeat protein QnrB family","antibiotic target protection protein","Fluoroquinolones Quinolones Quinolines","ciprofloxacin;gatifloxacin;levofloxacin;moxifloxacin;nalidixic acid;norfloxacin;sparfloxacin","11943863",,,,
"BLAT","Antibiotic Resistance","CARD","562.31458","Escherichia coli strain KCRI-115 strain R0004_115","fig|562.31458.peg.4851",,,"ABC86904.1","Klebsiella pneumoniae","QnrB1","Pentapeptide repeat protein QnrB family => Quinolone resistance protein QnrB10",,"antibiotic target protection protein,fluoroquinolone resistance gene",,,,100,100,99,"1e-130"
"BLAT","Antibiotic Resistance","NDARO","562.57468","Escherichia coli strain PB29","fig|562.57468.peg.4479",,,"WP_001516695.1","Gammaproteobacteria",,"Pentapeptide repeat protein QnrB family","MULTISPECIES: quinolone resistance pentapeptide repeat protein QnrS1","",,,,100,100,100,"1e-129"
"BLAT","Antibiotic Resistance","NDARO","562.73357","Escherichia coli strain BB1410","fig|562.73357.peg.5362","JFD_05234",,"WP_012579084.1","Enterobacterales","pipB2_2","Pentapeptide repeat protein QnrB family","MULTISPECIES: quinolone resistance pentapeptide repeat protein QnrA1","",,,,100,100,100,"1e-130"
"BLAT","Antibiotic Resistance","CARD","562.45594","Escherichia coli strain EC_76","fig|562.45594.peg.3241","EXX72_20000",,"ABG56870.1","Klebsiella pneumoniae","QnrS1","Pentapeptide repeat protein QnrB family",,"antibiotic target protection protein,fluoroquinolone resistance gene",,,,100,100,99,"1e-128"
"AMRFinderPlus: ALLELEP","Antibiotic Resistance","NDARO","562.57449","Escherichia coli strain PB203","fig|562.57449.peg.5191",,,"WP_001516695.1",,,"Pentapeptide repeat protein QnrB family","quinolone resistance pentapeptide repeat protein QnrS1",,"quinolone","quinolone",,100,100,100,
"RGI: protein homolog model","Antibiotic Resistance","CARD","562.97496","Escherichia coli VREC1618","fig|562.97496.peg.5089","AML26_26700",,"5919",,,"Pentapeptide repeat protein QnrB family => Quinolone resistance protein QnrB10","QnrB76","antibiotic target protection","fluoroquinolone","ciprofloxacin;levofloxacin;moxifloxacin;gatifloxacin;nalidixic acid;norfloxacin;sparfloxacin",,100,100,99,"3.31355e-170"
"RGI: protein homolog model","Antibiotic Resistance","CARD","562.57418","Escherichia coli strain W2_13_ERG9","fig|562.57418.peg.4770",,,"381",,,"Pentapeptide repeat protein QnrB family","QnrS1","antibiotic target protection","fluoroquinolone","ciprofloxacin;levofloxacin;moxifloxacin;gatifloxacin;nalidixic acid;norfloxacin;sparfloxacin",,100,100,100,"1.18559e-166"
"BLAT","Antibiotic Resistance","NDARO","562.97120","Escherichia coli VRES1349","fig|562.97120.peg.4453",,,"WP_001516695.1","Gammaproteobacteria",,"Pentapeptide repeat protein QnrB family","MULTISPECIES: quinolone resistance pentapeptide repeat protein QnrS1","",,,,100,100,100,"1e-129"
"RGI: protein homolog model","Antibiotic Resistance","CARD","562.7696","Escherichia coli strain 504225_aEPEC","fig|562.7696.peg.4629","ERS085369_04552",,"381",,"pipB2","Pentapeptide repeat protein QnrB family","QnrS1","antibiotic target protection","fluoroquinolone","ciprofloxacin;levofloxacin;moxifloxacin;gatifloxacin;nalidixic acid;norfloxacin;sparfloxacin",,100,100,100,"1.18559e-166"
"K-mer Search","Antibiotic Resistance","PATRIC","562.57389","Escherichia coli strain W1_5_ERP10B","fig|562.57389.peg.4518",,,,,"QnrB family","Pentapeptide repeat protein QnrB family","Pentapeptide repeat protein QnrB family","antibiotic target protection protein","Fluoroquinolones Quinolones Quinolines","ciprofloxacin;gatifloxacin;levofloxacin;moxifloxacin;nalidixic acid;norfloxacin;sparfloxacin","11943863",,,,
"BLAT","Antibiotic Resistance","CARD","562.58774","Escherichia coli strain ENV190","fig|562.58774.peg.4662",,,"ABG56870.1","Klebsiella pneumoniae","QnrS1","Pentapeptide repeat protein QnrB family",,"antibiotic target protection protein,fluoroquinolone resistance gene",,,,100,100,100,"1e-129"
"BLAT","Antibiotic Resistance","NDARO","562.97019","Escherichia coli VREC1122","fig|562.97019.peg.4977",,,"WP_001516695.1","Gammaproteobacteria",,"Pentapeptide repeat protein QnrB family","MULTISPECIES: quinolone resistance pentapeptide repeat protein QnrS1","",,,,100,100,100,"1e-129"
"K-mer Search","Antibiotic Resistance","PATRIC","562.97110","Escherichia coli VRES1354","fig|562.97110.peg.4401",,,,,"QnrB family","Pentapeptide repeat protein QnrB family","Pentapeptide repeat protein QnrB family","antibiotic target protection protein","Fluoroquinolones Quinolones Quinolines","ciprofloxacin;gatifloxacin;levofloxacin;moxifloxacin;nalidixic acid;norfloxacin;sparfloxacin","11943863",,,,
"RGI: protein homolog model","Antibiotic Resistance","CARD","562.145012","Escherichia coli PT_EC0214","fig|562.145012.peg.5227",,,"381",,,"Pentapeptide repeat protein QnrB family","QnrS1","antibiotic target protection","fluoroquinolone","ciprofloxacin;levofloxacin;moxifloxacin;gatifloxacin;nalidixic acid;norfloxacin;sparfloxacin",,100,100,100,"1.18559e-166"
"BLAT","Antibiotic Resistance","CARD","562.23166","Escherichia coli NA:H19 strain ECO0783","fig|562.23166.peg.4748",,,"ABG56870.1","Klebsiella pneumoniae",,"Pentapeptide repeat protein QnrB family",,"antibiotic target protection protein,fluoroquinolone resistance gene",,,,100,100,100,"1e-129"
"AMRFinderPlus: ALLELEP","Antibiotic Resistance","NDARO","562.56854","Escherichia coli strain 52-16","fig|562.56854.peg.3583","PU65_24295",,"WP_001516695.1",,,"Pentapeptide repeat protein QnrB family","quinolone resistance pentapeptide repeat protein QnrS1",,"quinolone","quinolone",,100,100,100,
"BLAT","Antibiotic Resistance","NDARO","562.57456","Escherichia coli strain PB303","fig|562.57456.peg.2376",,,"WP_001516695.1","Gammaproteobacteria",,"Pentapeptide repeat protein QnrB family","MULTISPECIES: quinolone resistance pentapeptide repeat protein QnrS1","",,,,100,100,100,"1e-129"
"K-mer Search","Antibiotic Resistance","PATRIC","562.58777","Escherichia coli strain ENV225","fig|562.58777.peg.4805",,,,,"QnrB family","Pentapeptide repeat protein QnrB family","Pentapeptide repeat protein QnrB family","antibiotic target protection protein","Fluoroquinolones Quinolones Quinolines","ciprofloxacin;gatifloxacin;levofloxacin;moxifloxacin;nalidixic acid;norfloxacin;sparfloxacin","11943863",,,,
"AMRFinderPlus: ALLELEP","Antibiotic Resistance","NDARO","562.100912","Escherichia coli 4a800a88-7bb9-11e9-a8d3-68b59976a384","fig|562.100912.peg.4684",,,"WP_001516695.1",,,"Pentapeptide repeat protein QnrB family","quinolone resistance pentapeptide repeat protein QnrS1",,"quinolone","quinolone",,100,100,100,
"K-mer Search","Antibiotic Resistance","PATRIC","562.42679","Escherichia coli strain 222","fig|562.42679.peg.5057",,,,,"QnrB family","Pentapeptide repeat protein QnrB family","Pentapeptide repeat protein QnrB family","antibiotic target protection protein","Fluoroquinolones Quinolones Quinolines","ciprofloxacin;gatifloxacin;levofloxacin;moxifloxacin;nalidixic acid;norfloxacin;sparfloxacin","11943863",,,,
"K-mer Search","Antibiotic Resistance","PATRIC","562.135575","Escherichia coli MGL_118","fig|562.135575.peg.4732",,,,,"QnrB family","Pentapeptide repeat protein QnrB family","Pentapeptide repeat protein QnrB family","antibiotic target protection protein","Fluoroquinolones Quinolones Quinolines","ciprofloxacin;gatifloxacin;levofloxacin;moxifloxacin;nalidixic acid;norfloxacin;sparfloxacin","11943863",,,,
"BLAT","Antibiotic Resistance","NDARO","562.57449","Escherichia coli strain PB203","fig|562.57449.peg.5191",,,"WP_001516695.1","Gammaproteobacteria",,"Pentapeptide repeat protein QnrB family","MULTISPECIES: quinolone resistance pentapeptide repeat protein QnrS1","",,,,100,100,100,"1e-129"
"BLAT","Antibiotic Resistance","CARD","562.97108","Escherichia coli VRES1350","fig|562.97108.peg.4434",,,"ABG56870.1","Klebsiella pneumoniae","QnrS1","Pentapeptide repeat protein QnrB family",,"antibiotic target protection protein,fluoroquinolone resistance gene",,,,100,100,100,"1e-129"
"RGI: protein homolog model","Antibiotic Resistance","CARD","562.58771","Escherichia coli strain ENV68","fig|562.58771.peg.4622",,,"417",,,"Pentapeptide repeat protein QnrB family => Quinolone resistance protein QnrB10","QnrB6","antibiotic target protection","fluoroquinolone","ciprofloxacin;levofloxacin;moxifloxacin;gatifloxacin;nalidixic acid;norfloxacin;sparfloxacin",,100,100,100,"1.34748e-170"
"RGI: protein homolog model","Antibiotic Resistance","CARD","562.22521","Escherichia coli O166:H15 strain ECO0095","fig|562.22521.peg.4715",,,"5919",,,"Pentapeptide repeat protein QnrB family => Quinolone resistance protein QnrB10","QnrB76","antibiotic target protection","fluoroquinolone","ciprofloxacin;levofloxacin;moxifloxacin;gatifloxacin;nalidixic acid;norfloxacin;sparfloxacin",,100,100,99,"3.31355e-170"
"K-mer Search","Antibiotic Resistance","PATRIC","562.57415","Escherichia coli strain W2_11_ERG1","fig|562.57415.peg.3813",,,,,"QnrB family","Pentapeptide repeat protein QnrB family","Pentapeptide repeat protein QnrB family","antibiotic target protection protein","Fluoroquinolones Quinolones Quinolines","ciprofloxacin;gatifloxacin;levofloxacin;moxifloxacin;nalidixic acid;norfloxacin;sparfloxacin","11943863",,,,
"BLAT","Antibiotic Resistance","CARD","562.45660","Escherichia coli strain EC_38","fig|562.45660.peg.4560","EXX38_24370",,"ABG56870.1","Klebsiella pneumoniae","QnrS1","Pentapeptide repeat protein QnrB family",,"antibiotic target protection protein,fluoroquinolone resistance gene",,,,100,100,100,"1e-129"
"BLAT","Antibiotic Resistance","NDARO","562.57377","Escherichia coli strain PB532","fig|562.57377.peg.4812",,,"WP_001516695.1","Gammaproteobacteria",,"Pentapeptide repeat protein QnrB family","MULTISPECIES: quinolone resistance pentapeptide repeat protein QnrS1","",,,,100,100,100,"1e-129"
"BLAT","Antibiotic Resistance","CARD","562.57439","Escherichia coli strain W3_1_ERB5","fig|562.57439.peg.1114",,,"ABG56870.1","Klebsiella pneumoniae","QnrS1","Pentapeptide repeat protein QnrB family",,"antibiotic target protection protein,fluoroquinolone resistance gene",,,,100,100,100,"1e-129"
"BLAT","Antibiotic Resistance","CARD","562.144911","Escherichia coli MGL_106","fig|562.144911.peg.4675",,,"ABG56870.1","Klebsiella pneumoniae","QnrS1","Pentapeptide repeat protein QnrB family",,"antibiotic target protection protein,fluoroquinolone resistance gene",,,,100,100,100,"1e-129"
"K-mer Search","Antibiotic Resistance","PATRIC","562.57241","Escherichia coli strain 24742_1#352","fig|562.57241.peg.4565",,,,,"QnrB family","Pentapeptide repeat protein QnrB family","Pentapeptide repeat protein QnrB family","antibiotic target protection protein","Fluoroquinolones Quinolones Quinolines","ciprofloxacin;gatifloxacin;levofloxacin;moxifloxacin;nalidixic acid;norfloxacin;sparfloxacin","11943863",,,,
"RGI: protein homolog model","Antibiotic Resistance","CARD","562.57490","Escherichia coli strain PB305","fig|562.57490.peg.4000",,,"381",,,"Pentapeptide repeat protein QnrB family","QnrS1","antibiotic target protection","fluoroquinolone","ciprofloxacin;levofloxacin;moxifloxacin;gatifloxacin;nalidixic acid;norfloxacin;sparfloxacin",,100,100,100,"1.18559e-166"
"RGI: protein homolog model","Antibiotic Resistance","CARD","562.42733","Escherichia coli strain 399","fig|562.42733.peg.4947",,,"1832",,,"Pentapeptide repeat protein QnrB family","QnrS2","antibiotic target protection","fluoroquinolone","ciprofloxacin;levofloxacin;moxifloxacin;gatifloxacin;nalidixic acid;norfloxacin;sparfloxacin",,100,100,100,"3.11406e-166"
"K-mer Search","Antibiotic Resistance","PATRIC","562.73358","Escherichia coli strain BB1402","fig|562.73358.peg.5743","JFD_05543",,,,"QnrB family","Pentapeptide repeat protein QnrB family","Pentapeptide repeat protein QnrB family","antibiotic target protection protein","Fluoroquinolones Quinolones Quinolines","ciprofloxacin;gatifloxacin;levofloxacin;moxifloxacin;nalidixic acid;norfloxacin;sparfloxacin","11943863",,,,
"BLAT","Antibiotic Resistance","CARD","562.57241","Escherichia coli strain 24742_1#352","fig|562.57241.peg.4565",,,"ABG56870.1","Klebsiella pneumoniae","QnrS1","Pentapeptide repeat protein QnrB family",,"antibiotic target protection protein,fluoroquinolone resistance gene",,,,100,100,100,"1e-129"
"BLAT","Antibiotic Resistance","NDARO","562.145372","Escherichia coli 20200203_MGL_04","fig|562.145372.peg.5133",,,"WP_001516695.1","Gammaproteobacteria",,"Pentapeptide repeat protein QnrB family","MULTISPECIES: quinolone resistance pentapeptide repeat protein QnrS1","",,,,100,100,100,"1e-129"
"BLAT","Antibiotic Resistance","NDARO","562.20499","Escherichia coli strain AR_0162","fig|562.20499.peg.5051","AM408_00610",,"WP_001516695.1","Gammaproteobacteria",,"Pentapeptide repeat protein QnrB family","MULTISPECIES: quinolone resistance pentapeptide repeat protein QnrS1","",,,,100,100,100,"1e-129"
"BLAT","Antibiotic Resistance","CARD","562.100014","Escherichia coli 8b1c8fea-7bb8-11e9-a8d3-68b59976a384","fig|562.100014.peg.4544",,,"ABG56870.1","Klebsiella pneumoniae","QnrS1","Pentapeptide repeat protein QnrB family",,"antibiotic target protection protein,fluoroquinolone resistance gene",,,,100,100,100,"1e-129"
"BLAT","Antibiotic Resistance","CARD","562.45665","Escherichia coli strain EC_12","fig|562.45665.peg.3894","EXX14_21080",,"ABG56870.1","Klebsiella pneumoniae","QnrS1","Pentapeptide repeat protein QnrB family",,"antibiotic target protection protein,fluoroquinolone resistance gene",,,,100,100,100,"1e-129"
"AMRFinderPlus: ALLELEP","Antibiotic Resistance","NDARO","562.58736","Escherichia coli strain 15062645","fig|562.58736.peg.5107",,,"WP_001516695.1",,,"Pentapeptide repeat protein QnrB family","quinolone resistance pentapeptide repeat protein QnrS1",,"quinolone","quinolone",,100,100,100,
"BLAT","Antibiotic Resistance","NDARO","562.135591","Escherichia coli 20200203_MGL_12","fig|562.135591.peg.5026",,,"WP_012579084.1","Enterobacterales",,"Pentapeptide repeat protein QnrB family","MULTISPECIES: quinolone resistance pentapeptide repeat protein QnrA1","",,,,100,100,100,"1e-130"
"AMRFinderPlus: ALLELEP","Antibiotic Resistance","NDARO","562.57465","Escherichia coli strain PB412","fig|562.57465.peg.4901",,,"WP_001516695.1",,,"Pentapeptide repeat protein QnrB family","quinolone resistance pentapeptide repeat protein QnrS1",,"quinolone","quinolone",,100,100,100,
"BLAT","Antibiotic Resistance","CARD","562.42741","Escherichia coli strain 412","fig|562.42741.peg.5041",,,"ABC17630.2","Escherichia coli","QnrB4","Pentapeptide repeat protein QnrB family => Quinolone resistance protein QnrB10",,"antibiotic target protection protein,fluoroquinolone resistance gene",,,,100,100,100,"1e-124"
"BLAT","Antibiotic Resistance","NDARO","562.135579","Escherichia coli MGL_1560","fig|562.135579.peg.5080",,,"WP_001516695.1","Gammaproteobacteria",,"Pentapeptide repeat protein QnrB family","MULTISPECIES: quinolone resistance pentapeptide repeat protein QnrS1","",,,,100,100,100,"1e-129"
"AMRFinderPlus: BLASTP","Antibiotic Resistance","NDARO","562.97496","Escherichia coli VREC1618","fig|562.97496.peg.5089","AML27_22465",,"WP_063866276.1",,,"Pentapeptide repeat protein QnrB family => Quinolone resistance protein QnrB10","QnrB family quinolone resistance pentapeptide repeat protein",,"quinolone","quinolone",,100,94,100,
"K-mer Search","Antibiotic Resistance","PATRIC","562.57468","Escherichia coli strain PB29","fig|562.57468.peg.4479",,,,,"QnrB family","Pentapeptide repeat protein QnrB family","Pentapeptide repeat protein QnrB family","antibiotic target protection protein","Fluoroquinolones Quinolones Quinolines","ciprofloxacin;gatifloxacin;levofloxacin;moxifloxacin;nalidixic acid;norfloxacin;sparfloxacin","11943863",,,,
"AMRFinderPlus: ALLELEP","Antibiotic Resistance","NDARO","562.57427","Escherichia coli strain W2_5_ERB8","fig|562.57427.peg.5023",,,"WP_001516695.1",,,"Pentapeptide repeat protein QnrB family","quinolone resistance pentapeptide repeat protein QnrS1",,"quinolone","quinolone",,100,100,100,
"K-mer Search","Antibiotic Resistance","PATRIC","562.56841","Escherichia coli strain 50-16","fig|562.56841.peg.5916",,,,,"QnrB10","Pentapeptide repeat protein QnrB family => Quinolone resistance protein QnrB10","Pentapeptide repeat protein QnrB family => Quinolone resistance protein QnrB10","antibiotic target protection protein","Fluoroquinolones Quinolones Quinolines","ciprofloxacin;gatifloxacin;levofloxacin;moxifloxacin;nalidixic acid;norfloxacin;sparfloxacin","17938184",,,,
"BLAT","Antibiotic Resistance","NDARO","562.56841","Escherichia coli strain 50-16","fig|562.56841.peg.6177",,,"WP_004193258.1","Gammaproteobacteria",,"Pentapeptide repeat protein QnrB family => Quinolone resistance protein QnrB10","MULTISPECIES: quinolone resistance pentapeptide repeat protein QnrB4","",,,,27,83,100,"3e-28"
"K-mer Search","Antibiotic Resistance","PATRIC","562.97496","Escherichia coli VREC1618","fig|562.97496.peg.5089",,,,,"QnrB10","Pentapeptide repeat protein QnrB family => Quinolone resistance protein QnrB10","Pentapeptide repeat protein QnrB family => Quinolone resistance protein QnrB10","antibiotic target protection protein","Fluoroquinolones Quinolones Quinolines","ciprofloxacin;gatifloxacin;levofloxacin;moxifloxacin;nalidixic acid;norfloxacin;sparfloxacin","17938184",,,,
"K-mer Search","Antibiotic Resistance","PATRIC","562.42668","Escherichia coli strain 196","fig|562.42668.peg.4273",,,,,"QnrB family","Pentapeptide repeat protein QnrB family","Pentapeptide repeat protein QnrB family","antibiotic target protection protein","Fluoroquinolones Quinolones Quinolines","ciprofloxacin;gatifloxacin;levofloxacin;moxifloxacin;nalidixic acid;norfloxacin;sparfloxacin","11943863",,,,
"RGI: protein homolog model","Antibiotic Resistance","CARD","562.57458","Escherichia coli strain PB207","fig|562.57458.peg.4698",,,"381",,,"Pentapeptide repeat protein QnrB family","QnrS1","antibiotic target protection","fluoroquinolone","ciprofloxacin;levofloxacin;moxifloxacin;gatifloxacin;nalidixic acid;norfloxacin;sparfloxacin",,100,100,100,"1.18559e-166"
"RGI: protein homolog model","Antibiotic Resistance","CARD","562.144942","Escherichia coli 20200203_MGL_12","fig|562.144942.peg.5025",,,"1987",,,"Pentapeptide repeat protein QnrB family","QnrA1","antibiotic target protection","fluoroquinolone","ciprofloxacin;levofloxacin;moxifloxacin;gatifloxacin;nalidixic acid;norfloxacin;sparfloxacin",,100,100,100,"6.38938e-163"
"RGI: protein homolog model","Antibiotic Resistance","CARD","562.22979","Escherichia coli O6:H1 strain ECO0602","fig|562.22979.peg.5274",,,"1987",,,"Pentapeptide repeat protein QnrB family","QnrA1","antibiotic target protection","fluoroquinolone","ciprofloxacin;levofloxacin;moxifloxacin;gatifloxacin;nalidixic acid;norfloxacin;sparfloxacin",,100,100,100,"6.38938e-163"
"BLAT","Antibiotic Resistance","NDARO","562.57383","Escherichia coli strain W1_1_2_ERB1","fig|562.57383.peg.4860",,,"WP_001516695.1","Gammaproteobacteria",,"Pentapeptide repeat protein QnrB family","MULTISPECIES: quinolone resistance pentapeptide repeat protein QnrS1","",,,,100,100,100,"1e-129"
"BLAT","Antibiotic Resistance","NDARO","562.97496","Escherichia coli VREC1618","fig|562.97496.peg.5089",,,"WP_063866276.1","Enterobacter cloacae",,"Pentapeptide repeat protein QnrB family => Quinolone resistance protein QnrB10","quinolone resistance pentapeptide repeat protein QnrB7","",,,,100,94,100,"1e-124"
"BLAT","Antibiotic Resistance","CARD","562.57432","Escherichia coli strain W3_1_ERB1","fig|562.57432.peg.4911",,,"ABG56870.1","Klebsiella pneumoniae","QnrS1","Pentapeptide repeat protein QnrB family",,"antibiotic target protection protein,fluoroquinolone resistance gene",,,,100,100,100,"1e-129"
"BLAT","Antibiotic Resistance","CARD","562.57419","Escherichia coli strain W2_4_ERB4","fig|562.57419.peg.4623",,,"ABG56870.1","Klebsiella pneumoniae","QnrS1","Pentapeptide repeat protein QnrB family",,"antibiotic target protection protein,fluoroquinolone resistance gene",,,,100,100,100,"1e-129"
"RGI: protein homolog model","Antibiotic Resistance","CARD","562.56841","Escherichia coli strain 50-16","fig|562.56841.peg.6367","PU65_18105",,"139",,,"Pentapeptide repeat protein QnrB family => Quinolone resistance protein QnrB10","QnrB10","antibiotic target protection","fluoroquinolone","ciprofloxacin;levofloxacin;moxifloxacin;gatifloxacin;nalidixic acid;norfloxacin;sparfloxacin",,16,100,97,"1.00777e-20"
"RGI: protein homolog model","Antibiotic Resistance","CARD","562.57176","Escherichia coli strain 24742_1#153","fig|562.57176.peg.5150",,,"139",,,"Pentapeptide repeat protein QnrB family => Quinolone resistance protein QnrB10","QnrB10","antibiotic target protection","fluoroquinolone","ciprofloxacin;levofloxacin;moxifloxacin;gatifloxacin;nalidixic acid;norfloxacin;sparfloxacin",,,,,
"K-mer Search","Antibiotic Resistance","PATRIC","562.57461","Escherichia coli strain W2_15_ERB1","fig|562.57461.peg.4880",,,,,"QnrB family","Pentapeptide repeat protein QnrB family","Pentapeptide repeat protein QnrB family","antibiotic target protection protein","Fluoroquinolones Quinolones Quinolines","ciprofloxacin;gatifloxacin;levofloxacin;moxifloxacin;nalidixic acid;norfloxacin;sparfloxacin","11943863",,,,
"AMRFinderPlus: ALLELEP","Antibiotic Resistance","NDARO","562.97017","Escherichia coli VREC1123","fig|562.97017.peg.4982",,,"WP_001516695.1",,,"Pentapeptide repeat protein QnrB family","quinolone resistance pentapeptide repeat protein QnrS1",,"quinolone","quinolone",,100,100,100,
"BLAT","Antibiotic Resistance","NDARO","562.57379","Escherichia coli strain PB514","fig|562.57379.peg.4963",,,"WP_001516695.1","Gammaproteobacteria",,"Pentapeptide repeat protein QnrB family","MULTISPECIES: quinolone resistance pentapeptide repeat protein QnrS1","",,,,100,100,100,"1e-129"
"AMRFinderPlus: ALLELEP","Antibiotic Resistance","NDARO","562.97100","Escherichia coli VREC1233","fig|562.97100.peg.4427",,,"WP_001516695.1",,,"Pentapeptide repeat protein QnrB family","quinolone resistance pentapeptide repeat protein QnrS1",,"quinolone","quinolone",,100,100,100,
"BLAT","Antibiotic Resistance","NDARO","562.57441","Escherichia coli strain F1_7_ERB1","fig|562.57441.peg.4706",,,"WP_001516695.1","Gammaproteobacteria",,"Pentapeptide repeat protein QnrB family","MULTISPECIES: quinolone resistance pentapeptide repeat protein QnrS1","",,,,84,100,100,"1e-109"
"RGI: protein homolog model","Antibiotic Resistance","CARD","562.73358","Escherichia coli strain BB1402","fig|562.73358.peg.5743","JFD_05543",,"1987",,"pipB2_2","Pentapeptide repeat protein QnrB family","QnrA1","antibiotic target protection","fluoroquinolone","ciprofloxacin;levofloxacin;moxifloxacin;gatifloxacin;nalidixic acid;norfloxacin;sparfloxacin",,100,100,100,"6.38938e-163"
"RGI: protein homolog model","Antibiotic Resistance","CARD","562.57439","Escherichia coli strain W3_1_ERB5","fig|562.57439.peg.1114",,,"381",,,"Pentapeptide repeat protein QnrB family","QnrS1","antibiotic target protection","fluoroquinolone","ciprofloxacin;levofloxacin;moxifloxacin;gatifloxacin;nalidixic acid;norfloxacin;sparfloxacin",,100,100,100,"1.18559e-166"
"BLAT","Antibiotic Resistance","NDARO","562.145012","Escherichia coli PT_EC0214","fig|562.145012.peg.5227",,,"WP_001516695.1","Gammaproteobacteria",,"Pentapeptide repeat protein QnrB family","MULTISPECIES: quinolone resistance pentapeptide repeat protein QnrS1","",,,,100,100,100,"1e-129"
"BLAT","Antibiotic Resistance","NDARO","562.58703","Escherichia coli strain 14036998","fig|562.58703.peg.4675",,,"WP_003020537.1","Citrobacter",,"Pentapeptide repeat protein QnrB family => Quinolone resistance protein QnrB10","MULTISPECIES: quinolone resistance pentapeptide repeat protein QnrB38","",,,,100,100,100,"1e-123"
"AMRFinderPlus: BLASTP","Antibiotic Resistance","NDARO","562.31458","Escherichia coli strain KCRI-115 strain R0004_115","fig|562.31458.peg.4851",,,"WP_014386481.1",,,"Pentapeptide repeat protein QnrB family => Quinolone resistance protein QnrB10","QnrB family quinolone resistance pentapeptide repeat protein",,"quinolone","quinolone",,100,94,100,
"RGI: protein homolog model","Antibiotic Resistance","CARD","562.97120","Escherichia coli VRES1349","fig|562.97120.peg.4453",,,"381",,,"Pentapeptide repeat protein QnrB family","QnrS1","antibiotic target protection","fluoroquinolone","ciprofloxacin;levofloxacin;moxifloxacin;gatifloxacin;nalidixic acid;norfloxacin;sparfloxacin",,100,100,100,"1.18559e-166"
"RGI: protein homolog model","Antibiotic Resistance","CARD","562.42665","Escherichia coli strain 190","fig|562.42665.peg.5307",,,"975",,,"Pentapeptide repeat protein QnrB family => Quinolone resistance protein QnrB10","QnrB1","antibiotic target protection","fluoroquinolone","ciprofloxacin;levofloxacin;moxifloxacin;gatifloxacin;nalidixic acid;norfloxacin;sparfloxacin",,100,100,100,"9.84351e-160"
"BLAT","Antibiotic Resistance","CARD","562.58703","Escherichia coli strain 14036998","fig|562.58703.peg.4675",,,"AEL00461.1","Citrobacter freundii","QnrB38","Pentapeptide repeat protein QnrB family => Quinolone resistance protein QnrB10",,"antibiotic target protection protein,fluoroquinolone resistance gene",,,,100,100,100,"1e-123"
"BLAT","Antibiotic Resistance","CARD","562.57400","Escherichia coli strain W2_10_ERB1","fig|562.57400.peg.3936",,,"ABG56870.1","Klebsiella pneumoniae","QnrS1","Pentapeptide repeat protein QnrB family",,"antibiotic target protection protein,fluoroquinolone resistance gene",,,,100,100,100,"1e-129"
"BLAT","Antibiotic Resistance","NDARO","562.59225","Escherichia coli strain PBIO1937","fig|562.59225.peg.4361",,,"WP_001749994.1","Enterobacterales",,"Pentapeptide repeat protein QnrB family => Quinolone resistance protein QnrB10","MULTISPECIES: quinolone resistance pentapeptide repeat protein QnrB6","",,,,100,94,100,"1e-124"
"RGI: protein homolog model","Antibiotic Resistance","CARD","562.100757","Escherichia coli 9d8376da-7bb8-11e9-a8d3-68b59976a384","fig|562.100757.peg.4708","AWG93_16765",,"381",,,"Pentapeptide repeat protein QnrB family","QnrS1","antibiotic target protection","fluoroquinolone","ciprofloxacin;levofloxacin;moxifloxacin;gatifloxacin;nalidixic acid;norfloxacin;sparfloxacin",,100,100,100,"1.18559e-166"
"RGI: protein homolog model","Antibiotic Resistance","CARD","562.57467","Escherichia coli strain PB98","fig|562.57467.peg.5317",,,"381",,,"Pentapeptide repeat protein QnrB family","QnrS1","antibiotic target protection","fluoroquinolone","ciprofloxacin;levofloxacin;moxifloxacin;gatifloxacin;nalidixic acid;norfloxacin;sparfloxacin",,100,100,100,"1.18559e-166"
"AMRFinderPlus: ALLELEP","Antibiotic Resistance","NDARO","562.97103","Escherichia coli VRES1347","fig|562.97103.peg.4439",,,"WP_001516695.1",,,"Pentapeptide repeat protein QnrB family","quinolone resistance pentapeptide repeat protein QnrS1",,"quinolone","quinolone",,100,100,100,
"K-mer Search","Antibiotic Resistance","PATRIC","562.31452","Escherichia coli strain KCRI-44 strain RDK37_44","fig|562.31452.peg.4120",,,,,,"Pentapeptide repeat protein QnrB family",,"antibiotic target protection protein","fluoroquinolones quinolones quinolines","ciprofloxacin;gatifloxacin;levofloxacin;moxifloxacin;nalidixic acid;norfloxacin;sparfloxacin","11943863",,,,
"BLAT","Antibiotic Resistance","CARD","562.42668","Escherichia coli strain 196","fig|562.42668.peg.4273",,,"ABG56870.1","Klebsiella pneumoniae","QnrS1","Pentapeptide repeat protein QnrB family",,"antibiotic target protection protein,fluoroquinolone resistance gene",,,,100,100,100,"1e-129"
"K-mer Search","Antibiotic Resistance","PATRIC","562.57417","Escherichia coli strain W2_2_ERB4","fig|562.57417.peg.4328",,,,,"QnrB family","Pentapeptide repeat protein QnrB family","Pentapeptide repeat protein QnrB family","antibiotic target protection protein","Fluoroquinolones Quinolones Quinolines","ciprofloxacin;gatifloxacin;levofloxacin;moxifloxacin;nalidixic acid;norfloxacin;sparfloxacin","11943863",,,,
"AMRFinderPlus: ALLELEP","Antibiotic Resistance","NDARO","562.23166","Escherichia coli NA:H19 strain ECO0783","fig|562.23166.peg.4748",,,"WP_001516695.1",,,"Pentapeptide repeat protein QnrB family","quinolone resistance pentapeptide repeat protein QnrS1",,"quinolone","quinolone",,100,100,100,
"BLAT","Antibiotic Resistance","CARD","562.42818","Escherichia coli strain M8","fig|562.42818.peg.292",,,"ABG56269.1","Citrobacter freundii","QnrB10","Pentapeptide repeat protein QnrB family => Quinolone resistance protein QnrB10",,"antibiotic target protection protein,fluoroquinolone resistance gene",,,,100,100,99,"1e-130"
"BLAT","Antibiotic Resistance","CARD","562.97109","Escherichia coli VRES1346","fig|562.97109.peg.4436",,,"ABG56870.1","Klebsiella pneumoniae","QnrS1","Pentapeptide repeat protein QnrB family",,"antibiotic target protection protein,fluoroquinolone resistance gene",,,,100,100,100,"1e-129"
"AMRFinderPlus: ALLELEP","Antibiotic Resistance","NDARO","562.135576","Escherichia coli 20200203_MGL_04","fig|562.135576.peg.5128","R2R64_16340",,"WP_001516695.1",,,"Pentapeptide repeat protein QnrB family","quinolone resistance pentapeptide repeat protein QnrS1",,"quinolone","quinolone",,100,100,100,
"RGI: protein homolog model","Antibiotic Resistance","CARD","562.99759","Escherichia coli ea0054a6-7bb8-11e9-a8d3-68b59976a384","fig|562.99759.peg.5067",,,"381",,,"Pentapeptide repeat protein QnrB family","QnrS1","antibiotic target protection","fluoroquinolone","ciprofloxacin;levofloxacin;moxifloxacin;gatifloxacin;nalidixic acid;norfloxacin;sparfloxacin",,100,100,100,"1.18559e-166"
"BLAT","Antibiotic Resistance","CARD","562.56854","Escherichia coli strain 52-16","fig|562.56854.peg.3583",,,"ABG56870.1","Klebsiella pneumoniae","QnrS1","Pentapeptide repeat protein QnrB family",,"antibiotic target protection protein,fluoroquinolone resistance gene",,,,100,100,100,"1e-129"
"RGI: protein homolog model","Antibiotic Resistance","CARD","562.17721","Escherichia coli strain AR_0137","fig|562.17721.peg.5193","AM384_25880",,"381",,,"Pentapeptide repeat protein QnrB family","QnrS1","antibiotic target protection","fluoroquinolone","ciprofloxacin;levofloxacin;moxifloxacin;gatifloxacin;nalidixic acid;norfloxacin;sparfloxacin",,100,100,100,"1.18559e-166"
"BLAT","Antibiotic Resistance","CARD","562.57510","Escherichia coli strain PB63","fig|562.57510.peg.4669",,,"ABG56870.1","Klebsiella pneumoniae","QnrS1","Pentapeptide repeat protein QnrB family",,"antibiotic target protection protein,fluoroquinolone resistance gene",,,,100,100,100,"1e-129"
"BLAT","Antibiotic Resistance","CARD","562.56841","Escherichia coli strain 50-16","fig|562.56841.peg.6311",,,"ABG56269.1","Citrobacter freundii","QnrB10","Pentapeptide repeat protein QnrB family => Quinolone resistance protein QnrB10",,"antibiotic target protection protein,fluoroquinolone resistance gene",,,,23,100,94,"3e-21"
"K-mer Search","Antibiotic Resistance","PATRIC","562.42692","Escherichia coli strain 248","fig|562.42692.peg.5411",,,,,"QnrB10","Pentapeptide repeat protein QnrB family => Quinolone resistance protein QnrB10","Pentapeptide repeat protein QnrB family => Quinolone resistance protein QnrB10","antibiotic target protection protein","Fluoroquinolones Quinolones Quinolines","ciprofloxacin;gatifloxacin;levofloxacin;moxifloxacin;nalidixic acid;norfloxacin;sparfloxacin","17938184",,,,
"AMRFinderPlus: ALLELEP","Antibiotic Resistance","NDARO","562.57368","Escherichia coli strain PB163","fig|562.57368.peg.4591",,,"WP_001516695.1",,,"Pentapeptide repeat protein QnrB family","quinolone resistance pentapeptide repeat protein QnrS1",,"quinolone","quinolone",,100,100,100,
"AMRFinderPlus: ALLELEP","Antibiotic Resistance","NDARO","562.144924","Escherichia coli MGL_118","fig|562.144924.peg.4734",,,"WP_001516695.1",,,"Pentapeptide repeat protein QnrB family","quinolone resistance pentapeptide repeat protein QnrS1",,"quinolone","quinolone",,100,100,100,
"BLAT","Antibiotic Resistance","NDARO","562.42757","Escherichia coli strain 85","fig|562.42757.peg.5127",,,"WP_001516695.1","Gammaproteobacteria",,"Pentapeptide repeat protein QnrB family","MULTISPECIES: quinolone resistance pentapeptide repeat protein QnrS1","",,,,100,100,100,"1e-129"
"RGI: protein homolog model","Antibiotic Resistance","CARD","562.57415","Escherichia coli strain W2_11_ERG1","fig|562.57415.peg.3813",,,"381",,,"Pentapeptide repeat protein QnrB family","QnrS1","antibiotic target protection","fluoroquinolone","ciprofloxacin;levofloxacin;moxifloxacin;gatifloxacin;nalidixic acid;norfloxacin;sparfloxacin",,100,100,100,"1.18559e-166"
"K-mer Search","Antibiotic Resistance","PATRIC","562.99678","Escherichia coli 5338df10-7bb9-11e9-a8d3-68b59976a384","fig|562.99678.peg.5004",,,,,"QnrB family","Pentapeptide repeat protein QnrB family","Pentapeptide repeat protein QnrB family","antibiotic target protection protein","Fluoroquinolones Quinolones Quinolines","ciprofloxacin;gatifloxacin;levofloxacin;moxifloxacin;nalidixic acid;norfloxacin;sparfloxacin","11943863",,,,
"BLAT","Antibiotic Resistance","CARD","562.57509","Escherichia coli strain PB78","fig|562.57509.peg.4734",,,"ABG56870.1","Klebsiella pneumoniae","QnrS1","Pentapeptide repeat protein QnrB family",,"antibiotic target protection protein,fluoroquinolone resistance gene",,,,100,100,100,"1e-129"
"BLAT","Antibiotic Resistance","NDARO","562.45649","Escherichia coli strain EC_03","fig|562.45649.peg.204","EXX01_24205",,"WP_001516695.1","Gammaproteobacteria",,"Pentapeptide repeat protein QnrB family","MULTISPECIES: quinolone resistance pentapeptide repeat protein QnrS1","",,,,100,100,100,"1e-129"
"BLAT","Antibiotic Resistance","NDARO","562.59229","Escherichia coli strain PBIO1948","fig|562.59229.peg.4692",,,"WP_001749994.1","Enterobacterales",,"Pentapeptide repeat protein QnrB family => Quinolone resistance protein QnrB10","MULTISPECIES: quinolone resistance pentapeptide repeat protein QnrB6","",,,,100,94,100,"1e-124"
"K-mer Search","Antibiotic Resistance","PATRIC","562.145372","Escherichia coli 20200203_MGL_04","fig|562.145372.peg.5133",,,,,"QnrB family","Pentapeptide repeat protein QnrB family","Pentapeptide repeat protein QnrB family","antibiotic target protection protein","Fluoroquinolones Quinolones Quinolines","ciprofloxacin;gatifloxacin;levofloxacin;moxifloxacin;nalidixic acid;norfloxacin;sparfloxacin","11943863",,,,
"BLAT","Antibiotic Resistance","CARD","562.73352","Escherichia coli strain BB1400","fig|562.73352.peg.5793","JFD_05591",,"ABI50486.1","Klebsiella pneumoniae","QnrA1","Pentapeptide repeat protein QnrB family",,"antibiotic target protection protein,fluoroquinolone resistance gene",,,,100,100,100,"1e-130"
"RGI: protein homolog model","Antibiotic Resistance","CARD","562.57400","Escherichia coli strain W2_10_ERB1","fig|562.57400.peg.3936",,,"381",,,"Pentapeptide repeat protein QnrB family","QnrS1","antibiotic target protection","fluoroquinolone","ciprofloxacin;levofloxacin;moxifloxacin;gatifloxacin;nalidixic acid;norfloxacin;sparfloxacin",,100,100,100,"1.18559e-166"
"K-mer Search","Antibiotic Resistance","PATRIC","562.42648","Escherichia coli strain 149","fig|562.42648.peg.4938",,,,,"QnrB family","Pentapeptide repeat protein QnrB family","Pentapeptide repeat protein QnrB family","antibiotic target protection protein","Fluoroquinolones Quinolones Quinolines","ciprofloxacin;gatifloxacin;levofloxacin;moxifloxacin;nalidixic acid;norfloxacin;sparfloxacin","11943863",,,,
"AMRFinderPlus: BLASTP","Antibiotic Resistance","NDARO","562.22521","Escherichia coli O166:H15 strain ECO0095","fig|562.22521.peg.4715",,,"WP_063866276.1",,,"Pentapeptide repeat protein QnrB family => Quinolone resistance protein QnrB10","QnrB family quinolone resistance pentapeptide repeat protein",,"quinolone","quinolone",,100,94,100,
"AMRFinderPlus: ALLELEP","Antibiotic Resistance","NDARO","562.97020","Escherichia coli VRES1202","fig|562.97020.peg.5004",,,"WP_001516695.1",,,"Pentapeptide repeat protein QnrB family","quinolone resistance pentapeptide repeat protein QnrS1",,"quinolone","quinolone",,100,100,100,
"RGI: protein homolog model","Antibiotic Resistance","CARD","562.58783","Escherichia coli strain ENV323","fig|562.58783.peg.4035",,,"381",,,"Pentapeptide repeat protein QnrB family","QnrS1","antibiotic target protection","fluoroquinolone","ciprofloxacin;levofloxacin;moxifloxacin;gatifloxacin;nalidixic acid;norfloxacin;sparfloxacin",,100,100,100,"1.18559e-166"
"BLAT","Antibiotic Resistance","CARD","562.96745","Escherichia coli VREC0905","fig|562.96745.peg.4946",,,"ABG56269.1","Citrobacter freundii","QnrB10","Pentapeptide repeat protein QnrB family => Quinolone resistance protein QnrB10",,"antibiotic target protection protein,fluoroquinolone resistance gene",,,,100,100,99,"1e-130"
"AMRFinderPlus: ALLELEP","Antibiotic Resistance","NDARO","562.97120","Escherichia coli VRES1349","fig|562.97120.peg.4453",,,"WP_001516695.1",,,"Pentapeptide repeat protein QnrB family","quinolone resistance pentapeptide repeat protein QnrS1",,"quinolone","quinolone",,100,100,100,
"AMRFinderPlus: ALLELEP","Antibiotic Resistance","NDARO","562.56851","Escherichia coli strain 51-16","fig|562.56851.peg.5100","PU65_24295",,"WP_001516695.1",,,"Pentapeptide repeat protein QnrB family","quinolone resistance pentapeptide repeat protein QnrS1",,"quinolone","quinolone",,100,100,100,
"BLAT","Antibiotic Resistance","CARD","562.56762","Escherichia coli strain 1041-14","fig|562.56762.peg.3622",,,"ABP87778.1","Pantoea agglomerans","QnrB6","Pentapeptide repeat protein QnrB family => Quinolone resistance protein QnrB10",,"antibiotic target protection protein,fluoroquinolone resistance gene",,,,100,100,100,"1e-131"
"BLAT","Antibiotic Resistance","CARD","562.145372","Escherichia coli 20200203_MGL_04","fig|562.145372.peg.5133",,,"ABG56870.1","Klebsiella pneumoniae","QnrS1","Pentapeptide repeat protein QnrB family",,"antibiotic target protection protein,fluoroquinolone resistance gene",,,,100,100,100,"1e-129"
"RGI: protein homolog model","Antibiotic Resistance","CARD","562.73352","Escherichia coli strain BB1400","fig|562.73352.peg.5793","JFD_05591",,"1987",,"pipB2_2","Pentapeptide repeat protein QnrB family","QnrA1","antibiotic target protection","fluoroquinolone","ciprofloxacin;levofloxacin;moxifloxacin;gatifloxacin;nalidixic acid;norfloxacin;sparfloxacin",,100,100,100,"6.38938e-163"
"K-mer Search","Antibiotic Resistance","PATRIC","562.135562","Escherichia coli MGL_87","fig|562.135562.peg.5139",,,,,"QnrB family","Pentapeptide repeat protein QnrB family","Pentapeptide repeat protein QnrB family","antibiotic target protection protein","Fluoroquinolones Quinolones Quinolines","ciprofloxacin;gatifloxacin;levofloxacin;moxifloxacin;nalidixic acid;norfloxacin;sparfloxacin","11943863",,,,
"BLAT","Antibiotic Resistance","NDARO","562.97215","Escherichia coli VREC1375","fig|562.97215.peg.4922",,,"WP_001516695.1","Gammaproteobacteria",,"Pentapeptide repeat protein QnrB family","MULTISPECIES: quinolone resistance pentapeptide repeat protein QnrS1","",,,,100,100,100,"1e-129"
"K-mer Search","Antibiotic Resistance","PATRIC","562.57176","Escherichia coli strain 24742_1#153","fig|562.57176.peg.5150",,,,,"QnrB10","Pentapeptide repeat protein QnrB family => Quinolone resistance protein QnrB10","Pentapeptide repeat protein QnrB family => Quinolone resistance protein QnrB10","antibiotic target protection protein","Fluoroquinolones Quinolones Quinolines","ciprofloxacin;gatifloxacin;levofloxacin;moxifloxacin;nalidixic acid;norfloxacin;sparfloxacin","17938184",,,,
"RGI: protein homolog model","Antibiotic Resistance","CARD","562.58720","Escherichia coli strain 14060900","fig|562.58720.peg.5573",,,"381",,,"Pentapeptide repeat protein QnrB family","QnrS1","antibiotic target protection","fluoroquinolone","ciprofloxacin;levofloxacin;moxifloxacin;gatifloxacin;nalidixic acid;norfloxacin;sparfloxacin",,100,100,100,"1.18559e-166"
"AMRFinderPlus: ALLELEP","Antibiotic Resistance","NDARO","562.45964","Escherichia coli strain URMC_26","fig|562.45964.peg.5520","ELV28_25695",,"WP_001516695.1",,,"Pentapeptide repeat protein QnrB family","quinolone resistance pentapeptide repeat protein QnrS1",,"quinolone","quinolone",,100,100,100,
"AMRFinderPlus: ALLELEP","Antibiotic Resistance","NDARO","562.57385","Escherichia coli strain W1_10_ERB1","fig|562.57385.peg.4671",,,"WP_001516695.1",,,"Pentapeptide repeat protein QnrB family","quinolone resistance pentapeptide repeat protein QnrS1",,"quinolone","quinolone",,100,100,100,
"BLAT","Antibiotic Resistance","CARD","562.100786","Escherichia coli 02173e4c-7bb9-11e9-a8d3-68b59976a384","fig|562.100786.peg.4868",,,"ABG56870.1","Klebsiella pneumoniae","QnrS1","Pentapeptide repeat protein QnrB family",,"antibiotic target protection protein,fluoroquinolone resistance gene",,,,100,100,100,"1e-129"
"K-mer Search","Antibiotic Resistance","PATRIC","562.42724","Escherichia coli strain 363","fig|562.42724.peg.4169",,,,,"QnrB family","Pentapeptide repeat protein QnrB family","Pentapeptide repeat protein QnrB family","antibiotic target protection protein","Fluoroquinolones Quinolones Quinolines","ciprofloxacin;gatifloxacin;levofloxacin;moxifloxacin;nalidixic acid;norfloxacin;sparfloxacin","11943863",,,,
"K-mer Search","Antibiotic Resistance","PATRIC","562.73392","Escherichia coli strain BB1413","fig|562.73392.peg.5005","BGZ_04943",,,,"QnrB family","Pentapeptide repeat protein QnrB family","Pentapeptide repeat protein QnrB family","antibiotic target protection protein","Fluoroquinolones Quinolones Quinolines","ciprofloxacin;gatifloxacin;levofloxacin;moxifloxacin;nalidixic acid;norfloxacin;sparfloxacin","11943863",,,,
"BLAT","Antibiotic Resistance","CARD","562.42634","Escherichia coli strain 100","fig|562.42634.peg.4553",,,"BAG55487.1","Escherichia coli","QnrB20","Pentapeptide repeat protein QnrB family => Quinolone resistance protein QnrB10",,"antibiotic target protection protein,fluoroquinolone resistance gene",,,,94,100,99,"1e-123"
"BLAT","Antibiotic Resistance","CARD","562.100232","Escherichia coli c4c735ce-7bb8-11e9-a8d3-68b59976a384","fig|562.100232.peg.4975",,,"ABG56870.1","Klebsiella pneumoniae","QnrS1","Pentapeptide repeat protein QnrB family",,"antibiotic target protection protein,fluoroquinolone resistance gene",,,,100,100,100,"1e-129"
"BLAT","Antibiotic Resistance","NDARO","562.144939","Escherichia coli MGL_133","fig|562.144939.peg.5144",,,"WP_001516695.1","Gammaproteobacteria",,"Pentapeptide repeat protein QnrB family","MULTISPECIES: quinolone resistance pentapeptide repeat protein QnrS1","",,,,100,100,100,"1e-129"
"BLAT","Antibiotic Resistance","CARD","562.100601","Escherichia coli 2881ab80-7bb9-11e9-a8d3-68b59976a384","fig|562.100601.peg.4636",,,"ABC86904.1","Klebsiella pneumoniae","QnrB1","Pentapeptide repeat protein QnrB family => Quinolone resistance protein QnrB10",,"antibiotic target protection protein,fluoroquinolone resistance gene",,,,94,100,100,"1e-123"
"K-mer Search","Antibiotic Resistance","PATRIC","562.97118","Escherichia coli VRES1351","fig|562.97118.peg.4458",,,,,"QnrB family","Pentapeptide repeat protein QnrB family","Pentapeptide repeat protein QnrB family","antibiotic target protection protein","Fluoroquinolones Quinolones Quinolines","ciprofloxacin;gatifloxacin;levofloxacin;moxifloxacin;nalidixic acid;norfloxacin;sparfloxacin","11943863",,,,
"AMRFinderPlus: ALLELEP","Antibiotic Resistance","NDARO","562.100601","Escherichia coli 2881ab80-7bb9-11e9-a8d3-68b59976a384","fig|562.100601.peg.4636","AWG78_12510",,"WP_014386481.1",,,"Pentapeptide repeat protein QnrB family => Quinolone resistance protein QnrB10","quinolone resistance pentapeptide repeat protein QnrB1",,"quinolone","quinolone",,100,100,100,
"BLAT","Antibiotic Resistance","CARD","562.58777","Escherichia coli strain ENV225","fig|562.58777.peg.4805",,,"ABG56870.1","Klebsiella pneumoniae","QnrS1","Pentapeptide repeat protein QnrB family",,"antibiotic target protection protein,fluoroquinolone resistance gene",,,,100,100,100,"1e-129"
"AMRFinderPlus: ALLELEP","Antibiotic Resistance","NDARO","562.97029","Escherichia coli VRES1198","fig|562.97029.peg.5004",,,"WP_001516695.1",,,"Pentapeptide repeat protein QnrB family","quinolone resistance pentapeptide repeat protein QnrS1",,"quinolone","quinolone",,100,100,100,
"BLAT","Antibiotic Resistance","NDARO","562.57443","Escherichia coli strain F1_8_ERG5","fig|562.57443.peg.5323",,,"WP_001516695.1","Gammaproteobacteria",,"Pentapeptide repeat protein QnrB family","MULTISPECIES: quinolone resistance pentapeptide repeat protein QnrS1","",,,,100,100,100,"1e-129"
"AMRFinderPlus: BLASTP","Antibiotic Resistance","NDARO","562.100935","Escherichia coli 2a5eec42-7bb9-11e9-a8d3-68b59976a384","fig|562.100935.peg.4885",,,"WP_017900990.1",,,"Pentapeptide repeat protein QnrB family => Quinolone resistance protein QnrB10","QnrB family quinolone resistance pentapeptide repeat protein",,"quinolone","quinolone",,100,99,100,
"RGI: protein homolog model","Antibiotic Resistance","CARD","562.58727","Escherichia coli strain 14083136","fig|562.58727.peg.4813",,,"139",,,"Pentapeptide repeat protein QnrB family => Quinolone resistance protein QnrB10","QnrB10","antibiotic target protection","fluoroquinolone","ciprofloxacin;levofloxacin;moxifloxacin;gatifloxacin;nalidixic acid;norfloxacin;sparfloxacin",,,,,
"BLAT","Antibiotic Resistance","NDARO","562.57426","Escherichia coli strain W2_2_ERB9","fig|562.57426.peg.4939",,,"WP_001516695.1","Gammaproteobacteria",,"Pentapeptide repeat protein QnrB family","MULTISPECIES: quinolone resistance pentapeptide repeat protein QnrS1","",,,,100,100,100,"1e-129"
"AMRFinderPlus: ALLELEP","Antibiotic Resistance","NDARO","562.145026","Escherichia coli PT_EC0194","fig|562.145026.peg.4661",,,"WP_001516695.1",,,"Pentapeptide repeat protein QnrB family","quinolone resistance pentapeptide repeat protein QnrS1",,"quinolone","quinolone",,100,100,100,
"BLAT","Antibiotic Resistance","NDARO","562.57415","Escherichia coli strain W2_11_ERG1","fig|562.57415.peg.3813",,,"WP_001516695.1","Gammaproteobacteria",,"Pentapeptide repeat protein QnrB family","MULTISPECIES: quinolone resistance pentapeptide repeat protein QnrS1","",,,,100,100,100,"1e-129"
"BLAT","Antibiotic Resistance","CARD","562.57383","Escherichia coli strain W1_1_2_ERB1","fig|562.57383.peg.4860",,,"ABG56870.1","Klebsiella pneumoniae","QnrS1","Pentapeptide repeat protein QnrB family",,"antibiotic target protection protein,fluoroquinolone resistance gene",,,,100,100,100,"1e-129"
"K-mer Search","Antibiotic Resistance","PATRIC","562.45658","Escherichia coli strain EC_39","fig|562.45658.peg.4983","EXX39_24410",,,,"QnrB family","Pentapeptide repeat protein QnrB family","Pentapeptide repeat protein QnrB family","antibiotic target protection protein","Fluoroquinolones Quinolones Quinolines","ciprofloxacin;gatifloxacin;levofloxacin;moxifloxacin;nalidixic acid;norfloxacin;sparfloxacin","11943863",,,,
"BLAT","Antibiotic Resistance","CARD","562.57377","Escherichia coli strain PB532","fig|562.57377.peg.4812",,,"ABG56870.1","Klebsiella pneumoniae","QnrS1","Pentapeptide repeat protein QnrB family",,"antibiotic target protection protein,fluoroquinolone resistance gene",,,,100,100,100,"1e-129"
"BLAT","Antibiotic Resistance","NDARO","562.99678","Escherichia coli 5338df10-7bb9-11e9-a8d3-68b59976a384","fig|562.99678.peg.5004",,,"WP_001516695.1","Gammaproteobacteria",,"Pentapeptide repeat protein QnrB family","MULTISPECIES: quinolone resistance pentapeptide repeat protein QnrS1","",,,,100,100,100,"1e-129"
"BLAT","Antibiotic Resistance","CARD","562.57425","Escherichia coli strain W2_3_ERG14","fig|562.57425.peg.4479",,,"ABG56870.1","Klebsiella pneumoniae","QnrS1","Pentapeptide repeat protein QnrB family",,"antibiotic target protection protein,fluoroquinolone resistance gene",,,,100,100,100,"1e-129"
"K-mer Search","Antibiotic Resistance","PATRIC","562.57427","Escherichia coli strain W2_5_ERB8","fig|562.57427.peg.5023",,,,,"QnrB family","Pentapeptide repeat protein QnrB family","Pentapeptide repeat protein QnrB family","antibiotic target protection protein","Fluoroquinolones Quinolones Quinolines","ciprofloxacin;gatifloxacin;levofloxacin;moxifloxacin;nalidixic acid;norfloxacin;sparfloxacin","11943863",,,,
"BLAT","Antibiotic Resistance","CARD","562.135587","Escherichia coli MGL_153","fig|562.135587.peg.4840",,,"ABG56870.1","Klebsiella pneumoniae","QnrS1","Pentapeptide repeat protein QnrB family",,"antibiotic target protection protein,fluoroquinolone resistance gene",,,,100,100,100,"1e-129"
"AMRFinderPlus: ALLELEP","Antibiotic Resistance","NDARO","562.30435","Escherichia coli strain AR_451","fig|562.30435.peg.5018","CSC38_5006",,"WP_001516695.1",,,"Pentapeptide repeat protein QnrB family","quinolone resistance pentapeptide repeat protein QnrS1",,"quinolone","quinolone",,100,100,100,
"K-mer Search","Antibiotic Resistance","PATRIC","562.58790","Escherichia coli strain ENV727","fig|562.58790.peg.4306",,,,,"QnrB family","Pentapeptide repeat protein QnrB family","Pentapeptide repeat protein QnrB family","antibiotic target protection protein","Fluoroquinolones Quinolones Quinolines","ciprofloxacin;gatifloxacin;levofloxacin;moxifloxacin;nalidixic acid;norfloxacin;sparfloxacin","11943863",,,,
"BLAT","Antibiotic Resistance","NDARO","562.57467","Escherichia coli strain PB98","fig|562.57467.peg.5317",,,"WP_001516695.1","Gammaproteobacteria",,"Pentapeptide repeat protein QnrB family","MULTISPECIES: quinolone resistance pentapeptide repeat protein QnrS1","",,,,100,100,100,"1e-129"
"RGI: protein homolog model","Antibiotic Resistance","CARD","562.57427","Escherichia coli strain W2_5_ERB8","fig|562.57427.peg.5023",,,"381",,,"Pentapeptide repeat protein QnrB family","QnrS1","antibiotic target protection","fluoroquinolone","ciprofloxacin;levofloxacin;moxifloxacin;gatifloxacin;nalidixic acid;norfloxacin;sparfloxacin",,100,100,100,"1.18559e-166"
"K-mer Search","Antibiotic Resistance","PATRIC","562.42818","Escherichia coli strain M8","fig|562.42818.peg.292",,,,,"QnrB10","Pentapeptide repeat protein QnrB family => Quinolone resistance protein QnrB10","Pentapeptide repeat protein QnrB family => Quinolone resistance protein QnrB10","antibiotic target protection protein","Fluoroquinolones Quinolones Quinolines","ciprofloxacin;gatifloxacin;levofloxacin;moxifloxacin;nalidixic acid;norfloxacin;sparfloxacin","17938184",,,,
"RGI: protein homolog model","Antibiotic Resistance","CARD","562.58626","Escherichia coli strain PH118","fig|562.58626.peg.3741","FIP50_20840",,"381",,,"Pentapeptide repeat protein QnrB family","QnrS1","antibiotic target protection","fluoroquinolone","ciprofloxacin;levofloxacin;moxifloxacin;gatifloxacin;nalidixic acid;norfloxacin;sparfloxacin",,100,100,100,"1.18559e-166"
"BLAT","Antibiotic Resistance","CARD","562.57392","Escherichia coli strain W1_5_ERB1","fig|562.57392.peg.4937",,,"ABG56870.1","Klebsiella pneumoniae","QnrS1","Pentapeptide repeat protein QnrB family",,"antibiotic target protection protein,fluoroquinolone resistance gene",,,,100,100,100,"1e-129"
"K-mer Search","Antibiotic Resistance","PATRIC","562.73350","Escherichia coli strain BB1407","fig|562.73350.peg.5543","JFD_05388",,,,"QnrB family","Pentapeptide repeat protein QnrB family","Pentapeptide repeat protein QnrB family","antibiotic target protection protein","Fluoroquinolones Quinolones Quinolines","ciprofloxacin;gatifloxacin;levofloxacin;moxifloxacin;nalidixic acid;norfloxacin;sparfloxacin","11943863",,,,
"BLAT","Antibiotic Resistance","CARD","562.57413","Escherichia coli strain W2_12_ERB4","fig|562.57413.peg.4696",,,"ABG56870.1","Klebsiella pneumoniae","QnrS1","Pentapeptide repeat protein QnrB family",,"antibiotic target protection protein,fluoroquinolone resistance gene",,,,100,100,100,"1e-129"
"BLAT","Antibiotic Resistance","CARD","562.100912","Escherichia coli 4a800a88-7bb9-11e9-a8d3-68b59976a384","fig|562.100912.peg.4684",,,"ABG56870.1","Klebsiella pneumoniae","QnrS1","Pentapeptide repeat protein QnrB family",,"antibiotic target protection protein,fluoroquinolone resistance gene",,,,100,100,100,"1e-129"
"K-mer Search","Antibiotic Resistance","PATRIC","562.57402","Escherichia coli strain W2_11_ERB1","fig|562.57402.peg.4430",,,,,"QnrB family","Pentapeptide repeat protein QnrB family","Pentapeptide repeat protein QnrB family","antibiotic target protection protein","Fluoroquinolones Quinolones Quinolines","ciprofloxacin;gatifloxacin;levofloxacin;moxifloxacin;nalidixic acid;norfloxacin;sparfloxacin","11943863",,,,
"BLAT","Antibiotic Resistance","NDARO","562.73354","Escherichia coli strain BB1403","fig|562.73354.peg.5537","JFD_05383",,"WP_012579084.1","Enterobacterales","pipB2_2","Pentapeptide repeat protein QnrB family","MULTISPECIES: quinolone resistance pentapeptide repeat protein QnrA1","",,,,100,100,100,"1e-130"
"BLAT","Antibiotic Resistance","NDARO","562.58784","Escherichia coli strain ENV326","fig|562.58784.peg.4899",,,"WP_001516695.1","Gammaproteobacteria",,"Pentapeptide repeat protein QnrB family","MULTISPECIES: quinolone resistance pentapeptide repeat protein QnrS1","",,,,100,100,100,"1e-129"
"BLAT","Antibiotic Resistance","CARD","562.144924","Escherichia coli MGL_118","fig|562.144924.peg.4734",,,"ABG56870.1","Klebsiella pneumoniae","QnrS1","Pentapeptide repeat protein QnrB family",,"antibiotic target protection protein,fluoroquinolone resistance gene",,,,100,100,100,"1e-129"
"AMRFinderPlus: ALLELEP","Antibiotic Resistance","NDARO","562.58776","Escherichia coli strain ENV222","fig|562.58776.peg.4972",,,"WP_001516695.1",,,"Pentapeptide repeat protein QnrB family","quinolone resistance pentapeptide repeat protein QnrS1",,"quinolone","quinolone",,100,100,100,
"RGI: protein homolog model","Antibiotic Resistance","CARD","562.23166","Escherichia coli NA:H19 strain ECO0783","fig|562.23166.peg.4748",,,"381",,,"Pentapeptide repeat protein QnrB family","QnrS1","antibiotic target protection","fluoroquinolone","ciprofloxacin;levofloxacin;moxifloxacin;gatifloxacin;nalidixic acid;norfloxacin;sparfloxacin",,100,100,100,"1.18559e-166"
"K-mer Search","Antibiotic Resistance","PATRIC","562.57419","Escherichia coli strain W2_4_ERB4","fig|562.57419.peg.4623",,,,,"QnrB family","Pentapeptide repeat protein QnrB family","Pentapeptide repeat protein QnrB family","antibiotic target protection protein","Fluoroquinolones Quinolones Quinolines","ciprofloxacin;gatifloxacin;levofloxacin;moxifloxacin;nalidixic acid;norfloxacin;sparfloxacin","11943863",,,,
"K-mer Search","Antibiotic Resistance","PATRIC","562.57426","Escherichia coli strain W2_2_ERB9","fig|562.57426.peg.4939",,,,,"QnrB family","Pentapeptide repeat protein QnrB family","Pentapeptide repeat protein QnrB family","antibiotic target protection protein","Fluoroquinolones Quinolones Quinolines","ciprofloxacin;gatifloxacin;levofloxacin;moxifloxacin;nalidixic acid;norfloxacin;sparfloxacin","11943863",,,,
"K-mer Search","Antibiotic Resistance","PATRIC","562.57428","Escherichia coli strain W2_5_ERB6","fig|562.57428.peg.4409",,,,,"QnrB family","Pentapeptide repeat protein QnrB family","Pentapeptide repeat protein QnrB family","antibiotic target protection protein","Fluoroquinolones Quinolones Quinolines","ciprofloxacin;gatifloxacin;levofloxacin;moxifloxacin;nalidixic acid;norfloxacin;sparfloxacin","11943863",,,,
"AMRFinderPlus: BLASTP","Antibiotic Resistance","NDARO","562.145039","Escherichia coli PT_EC0130","fig|562.145039.peg.4736",,,"WP_012954666.1",,,"Pentapeptide repeat protein QnrB family => Quinolone resistance protein QnrB10","QnrB family quinolone resistance pentapeptide repeat protein",,"quinolone","quinolone",,100,93,100,
"RGI: protein homolog model","Antibiotic Resistance","CARD","562.57393","Escherichia coli strain W1_4_ERB1","fig|562.57393.peg.4564",,,"381",,,"Pentapeptide repeat protein QnrB family","QnrS1","antibiotic target protection","fluoroquinolone","ciprofloxacin;levofloxacin;moxifloxacin;gatifloxacin;nalidixic acid;norfloxacin;sparfloxacin",,100,100,100,"1.18559e-166"
"BLAT","Antibiotic Resistance","CARD","562.57434","Escherichia coli strain W2_8_ERB3","fig|562.57434.peg.4211",,,"ABG56870.1","Klebsiella pneumoniae","QnrS1","Pentapeptide repeat protein QnrB family",,"antibiotic target protection protein,fluoroquinolone resistance gene",,,,100,100,100,"1e-129"
"AMRFinderPlus: ALLELEP","Antibiotic Resistance","NDARO","562.57458","Escherichia coli strain PB207","fig|562.57458.peg.4698",,,"WP_001516695.1",,,"Pentapeptide repeat protein QnrB family","quinolone resistance pentapeptide repeat protein QnrS1",,"quinolone","quinolone",,100,100,100,
"BLAT","Antibiotic Resistance","NDARO","562.12961","Escherichia coli strain F1-8-ERB4","fig|562.12961.peg.2356","SAMEA3531867_05018",,"WP_001516695.1","Gammaproteobacteria","pipB2","Pentapeptide repeat protein QnrB family","MULTISPECIES: quinolone resistance pentapeptide repeat protein QnrS1",,,,,100,100,100,"1e-129"
"K-mer Search","Antibiotic Resistance","PATRIC","562.45964","Escherichia coli strain URMC_26","fig|562.45964.peg.5520","ELV28_25695",,,,"QnrB family","Pentapeptide repeat protein QnrB family","Pentapeptide repeat protein QnrB family","antibiotic target protection protein","Fluoroquinolones Quinolones Quinolines","ciprofloxacin;gatifloxacin;levofloxacin;moxifloxacin;nalidixic acid;norfloxacin;sparfloxacin","11943863",,,,
"AMRFinderPlus: ALLELEP","Antibiotic Resistance","NDARO","562.135565","Escherichia coli MGL_82","fig|562.135565.peg.5061","R2R64_16340",,"WP_001516695.1",,,"Pentapeptide repeat protein QnrB family","quinolone resistance pentapeptide repeat protein QnrS1",,"quinolone","quinolone",,100,100,100,
"AMRFinderPlus: ALLELEP","Antibiotic Resistance","NDARO","562.144939","Escherichia coli MGL_133","fig|562.144939.peg.5144",,,"WP_001516695.1",,,"Pentapeptide repeat protein QnrB family","quinolone resistance pentapeptide repeat protein QnrS1",,"quinolone","quinolone",,100,100,100,
"RGI: protein homolog model","Antibiotic Resistance","CARD","562.73392","Escherichia coli strain BB1413","fig|562.73392.peg.5005","BGZ_04943",,"1987",,"pipB2_2","Pentapeptide repeat protein QnrB family","QnrA1","antibiotic target protection","fluoroquinolone","ciprofloxacin;levofloxacin;moxifloxacin;gatifloxacin;nalidixic acid;norfloxacin;sparfloxacin",,100,100,100,"6.38938e-163"
"K-mer Search","Antibiotic Resistance","PATRIC","562.100160","Escherichia coli fc69f142-7bb8-11e9-a8d3-68b59976a384","fig|562.100160.peg.5249",,,,,"QnrB family","Pentapeptide repeat protein QnrB family","Pentapeptide repeat protein QnrB family","antibiotic target protection protein","Fluoroquinolones Quinolones Quinolines","ciprofloxacin;gatifloxacin;levofloxacin;moxifloxacin;nalidixic acid;norfloxacin;sparfloxacin","11943863",,,,
"AMRFinderPlus: ALLELEP","Antibiotic Resistance","NDARO","562.31452","Escherichia coli strain KCRI-44 strain RDK37_44","fig|562.31452.peg.4120","SAMEA3753303_05202",,"WP_001516695.1",,,"Pentapeptide repeat protein QnrB family","quinolone resistance pentapeptide repeat protein QnrS1",,"quinolone","quinolone",,100,100,100,
"RGI: protein homolog model","Antibiotic Resistance","CARD","562.97100","Escherichia coli VREC1233","fig|562.97100.peg.4427",,,"381",,,"Pentapeptide repeat protein QnrB family","QnrS1","antibiotic target protection","fluoroquinolone","ciprofloxacin;levofloxacin;moxifloxacin;gatifloxacin;nalidixic acid;norfloxacin;sparfloxacin",,100,100,100,"1.18559e-166"
"K-mer Search","Antibiotic Resistance","PATRIC","562.57437","Escherichia coli strain W2_9_ERB2","fig|562.57437.peg.4717",,,,,"QnrB family","Pentapeptide repeat protein QnrB family","Pentapeptide repeat protein QnrB family","antibiotic target protection protein","Fluoroquinolones Quinolones Quinolines","ciprofloxacin;gatifloxacin;levofloxacin;moxifloxacin;nalidixic acid;norfloxacin;sparfloxacin","11943863",,,,
"K-mer Search","Antibiotic Resistance","PATRIC","562.42703","Escherichia coli strain 280","fig|562.42703.peg.4823",,,,,"QnrB family","Pentapeptide repeat protein QnrB family","Pentapeptide repeat protein QnrB family","antibiotic target protection protein","Fluoroquinolones Quinolones Quinolines","ciprofloxacin;gatifloxacin;levofloxacin;moxifloxacin;nalidixic acid;norfloxacin;sparfloxacin","11943863",,,,
"AMRFinderPlus: ALLELEP","Antibiotic Resistance","NDARO","562.57409","Escherichia coli strain W2_13_ERB1","fig|562.57409.peg.4511",,,"WP_001516695.1",,,"Pentapeptide repeat protein QnrB family","quinolone resistance pentapeptide repeat protein QnrS1",,"quinolone","quinolone",,100,100,100,
"BLAT","Antibiotic Resistance","NDARO","562.58776","Escherichia coli strain ENV222","fig|562.58776.peg.4972",,,"WP_001516695.1","Gammaproteobacteria",,"Pentapeptide repeat protein QnrB family","MULTISPECIES: quinolone resistance pentapeptide repeat protein QnrS1","",,,,100,100,100,"1e-129"
"AMRFinderPlus: BLASTP","Antibiotic Resistance","NDARO","562.59225","Escherichia coli strain PBIO1937","fig|562.59225.peg.4361","HFC66_20820",,"WP_001749994.1",,,"Pentapeptide repeat protein QnrB family => Quinolone resistance protein QnrB10","QnrB family quinolone resistance pentapeptide repeat protein",,"quinolone","quinolone",,100,94,100,
"BLAT","Antibiotic Resistance","NDARO","562.145070","Escherichia coli PT_EC0050","fig|562.145070.peg.5222",,,"WP_012954666.1","Gammaproteobacteria",,"Pentapeptide repeat protein QnrB family => Quinolone resistance protein QnrB10","MULTISPECIES: quinolone resistance pentapeptide repeat protein QnrB19","",,,,100,94,100,"1e-124"
"BLAT","Antibiotic Resistance","NDARO","562.22521","Escherichia coli O166:H15 strain ECO0095","fig|562.22521.peg.4715",,,"WP_063866276.1","Enterobacter cloacae",,"Pentapeptide repeat protein QnrB family => Quinolone resistance protein QnrB10","quinolone resistance pentapeptide repeat protein QnrB7","",,,,100,94,100,"1e-124"
"BLAT","Antibiotic Resistance","NDARO","562.45607","Escherichia coli strain EC_88","fig|562.45607.peg.4206","EXX82_24350",,"WP_001516695.1","Gammaproteobacteria",,"Pentapeptide repeat protein QnrB family","MULTISPECIES: quinolone resistance pentapeptide repeat protein QnrS1","",,,,100,100,100,"1e-129"
"BLAT","Antibiotic Resistance","NDARO","562.57506","Escherichia coli strain PB456","fig|562.57506.peg.5007",,,"WP_001516695.1","Gammaproteobacteria",,"Pentapeptide repeat protein QnrB family","MULTISPECIES: quinolone resistance pentapeptide repeat protein QnrS1","",,,,100,100,100,"1e-129"
"AMRFinderPlus: ALLELEP","Antibiotic Resistance","NDARO","562.12961","Escherichia coli strain F1-8-ERB4","fig|562.12961.peg.2356","SAMEA3531867_05018",,"WP_001516695.1",,"pipB2","Pentapeptide repeat protein QnrB family","quinolone resistance pentapeptide repeat protein QnrS1",,"quinolone","quinolone",,100,100,100,
"BLAT","Antibiotic Resistance","NDARO","562.58774","Escherichia coli strain ENV190","fig|562.58774.peg.4662",,,"WP_001516695.1","Gammaproteobacteria",,"Pentapeptide repeat protein QnrB family","MULTISPECIES: quinolone resistance pentapeptide repeat protein QnrS1","",,,,100,100,100,"1e-129"
"RGI: protein homolog model","Antibiotic Resistance","CARD","562.57436","Escherichia coli strain W2_9_ERB5","fig|562.57436.peg.4704",,,"682",,,"Pentapeptide repeat protein QnrB family","QnrS4","antibiotic target protection","fluoroquinolone","ciprofloxacin;levofloxacin;moxifloxacin;gatifloxacin;nalidixic acid;norfloxacin;sparfloxacin",,100,100,100,"1.29438e-166"
"RGI: protein homolog model","Antibiotic Resistance","CARD","562.57461","Escherichia coli strain W2_15_ERB1","fig|562.57461.peg.4880",,,"381",,,"Pentapeptide repeat protein QnrB family","QnrS1","antibiotic target protection","fluoroquinolone","ciprofloxacin;levofloxacin;moxifloxacin;gatifloxacin;nalidixic acid;norfloxacin;sparfloxacin",,100,100,100,"1.18559e-166"
"BLAT","Antibiotic Resistance","NDARO","562.57480","Escherichia coli strain PB186","fig|562.57480.peg.4990",,,"WP_014386481.1","Enterobacterales",,"Pentapeptide repeat protein QnrB family => Quinolone resistance protein QnrB10","MULTISPECIES: quinolone resistance pentapeptide repeat protein QnrB1","",,,,100,100,100,"1e-123"
"AMRFinderPlus: BLASTP","Antibiotic Resistance","NDARO","562.42818","Escherichia coli strain M8","fig|562.42818.peg.292",,,"WP_032492467.1",,,"Pentapeptide repeat protein QnrB family => Quinolone resistance protein QnrB10","QnrB family quinolone resistance pentapeptide repeat protein",,"quinolone","quinolone",,100,94,99,
"BLAT","Antibiotic Resistance","CARD","562.99875","Escherichia coli f3ae25d2-7bb8-11e9-a8d3-68b59976a384","fig|562.99875.peg.5103",,,"ABG56870.1","Klebsiella pneumoniae","QnrS1","Pentapeptide repeat protein QnrB family",,"antibiotic target protection protein,fluoroquinolone resistance gene",,,,100,100,100,"1e-129"
"K-mer Search","Antibiotic Resistance","PATRIC","562.56841","Escherichia coli strain 50-16","fig|562.56841.peg.6311",,,,,"QnrB10","Pentapeptide repeat protein QnrB family => Quinolone resistance protein QnrB10","Pentapeptide repeat protein QnrB family => Quinolone resistance protein QnrB10","antibiotic target protection protein","Fluoroquinolones Quinolones Quinolines","ciprofloxacin;gatifloxacin;levofloxacin;moxifloxacin;nalidixic acid;norfloxacin;sparfloxacin","17938184",,,,
"BLAT","Antibiotic Resistance","NDARO","562.42668","Escherichia coli strain 196","fig|562.42668.peg.4273",,,"WP_001516695.1","Gammaproteobacteria",,"Pentapeptide repeat protein QnrB family","MULTISPECIES: quinolone resistance pentapeptide repeat protein QnrS1","",,,,100,100,100,"1e-129"
"BLAT","Antibiotic Resistance","CARD","562.73346","Escherichia coli strain BB1412","fig|562.73346.peg.4986","JFD_04893",,"ABI50486.1","Klebsiella pneumoniae","QnrA1","Pentapeptide repeat protein QnrB family",,"antibiotic target protection protein,fluoroquinolone resistance gene",,,,100,100,100,"1e-130"
"BLAT","Antibiotic Resistance","CARD","562.45593","Escherichia coli strain EC_79","fig|562.45593.peg.4306","EXX75_23710",,"ABG56870.1","Klebsiella pneumoniae","QnrS1","Pentapeptide repeat protein QnrB family",,"antibiotic target protection protein,fluoroquinolone resistance gene",,,,100,100,100,"1e-129"
"K-mer Search","Antibiotic Resistance","PATRIC","562.7666","Escherichia coli strain 702566","fig|562.7666.peg.5031","ERS139225_04891",,,,"pipB2_2","Pentapeptide repeat protein QnrB family",,"antibiotic target protection protein","fluoroquinolones quinolones quinolines","ciprofloxacin;gatifloxacin;levofloxacin;moxifloxacin;nalidixic acid;norfloxacin;sparfloxacin","11943863",,,,
"AMRFinderPlus: ALLELEP","Antibiotic Resistance","NDARO","562.135587","Escherichia coli MGL_153","fig|562.135587.peg.4840","R2R64_16340",,"WP_001516695.1",,,"Pentapeptide repeat protein QnrB family","quinolone resistance pentapeptide repeat protein QnrS1",,"quinolone","quinolone",,100,100,100,
"K-mer Search","Antibiotic Resistance","PATRIC","562.45596","Escherichia coli strain EC_90","fig|562.45596.peg.5218","EXX84_24420",,,,"QnrB family","Pentapeptide repeat protein QnrB family","Pentapeptide repeat protein QnrB family","antibiotic target protection protein","Fluoroquinolones Quinolones Quinolines","ciprofloxacin;gatifloxacin;levofloxacin;moxifloxacin;nalidixic acid;norfloxacin;sparfloxacin","11943863",,,,
"BLAT","Antibiotic Resistance","NDARO","562.45665","Escherichia coli strain EC_12","fig|562.45665.peg.3894","EXX14_21080",,"WP_001516695.1","Gammaproteobacteria",,"Pentapeptide repeat protein QnrB family","MULTISPECIES: quinolone resistance pentapeptide repeat protein QnrS1","",,,,100,100,100,"1e-129"
"RGI: protein homolog model","Antibiotic Resistance","CARD","562.42818","Escherichia coli strain M8","fig|562.42818.peg.292",,,"139",,,"Pentapeptide repeat protein QnrB family => Quinolone resistance protein QnrB10","QnrB10","antibiotic target protection","fluoroquinolone","ciprofloxacin;levofloxacin;moxifloxacin;gatifloxacin;nalidixic acid;norfloxacin;sparfloxacin",,100,100,99,"4.05079e-168"
"K-mer Search","Antibiotic Resistance","PATRIC","562.144939","Escherichia coli MGL_133","fig|562.144939.peg.5144",,,,,"QnrB family","Pentapeptide repeat protein QnrB family","Pentapeptide repeat protein QnrB family","antibiotic target protection protein","Fluoroquinolones Quinolones Quinolines","ciprofloxacin;gatifloxacin;levofloxacin;moxifloxacin;nalidixic acid;norfloxacin;sparfloxacin","11943863",,,,
"BLAT","Antibiotic Resistance","CARD","562.97116","Escherichia coli VRES1348","fig|562.97116.peg.4440",,,"ABG56870.1","Klebsiella pneumoniae","QnrS1","Pentapeptide repeat protein QnrB family",,"antibiotic target protection protein,fluoroquinolone resistance gene",,,,100,100,100,"1e-129"
"K-mer Search","Antibiotic Resistance","PATRIC","562.57443","Escherichia coli strain F1_8_ERG5","fig|562.57443.peg.5323",,,,,"QnrB family","Pentapeptide repeat protein QnrB family","Pentapeptide repeat protein QnrB family","antibiotic target protection protein","Fluoroquinolones Quinolones Quinolines","ciprofloxacin;gatifloxacin;levofloxacin;moxifloxacin;nalidixic acid;norfloxacin;sparfloxacin","11943863",,,,
"RGI: protein homolog model","Antibiotic Resistance","CARD","562.97018","Escherichia coli VREC1124","fig|562.97018.peg.5003",,,"381",,,"Pentapeptide repeat protein QnrB family","QnrS1","antibiotic target protection","fluoroquinolone","ciprofloxacin;levofloxacin;moxifloxacin;gatifloxacin;nalidixic acid;norfloxacin;sparfloxacin",,100,100,100,"1.18559e-166"
"BLAT","Antibiotic Resistance","CARD","562.57458","Escherichia coli strain PB207","fig|562.57458.peg.4698",,,"ABG56870.1","Klebsiella pneumoniae","QnrS1","Pentapeptide repeat protein QnrB family",,"antibiotic target protection protein,fluoroquinolone resistance gene",,,,100,100,100,"1e-129"
"AMRFinderPlus: ALLELEP","Antibiotic Resistance","NDARO","562.45964","Escherichia coli strain URMC_26","fig|562.45964.peg.440","ELV28_29655",,"WP_001516695.1",,,"Pentapeptide repeat protein QnrB family","quinolone resistance pentapeptide repeat protein QnrS1",,"quinolone","quinolone",,100,100,100,
"BLAT","Antibiotic Resistance","NDARO","562.135587","Escherichia coli MGL_153","fig|562.135587.peg.4840",,,"WP_001516695.1","Gammaproteobacteria",,"Pentapeptide repeat protein QnrB family","MULTISPECIES: quinolone resistance pentapeptide repeat protein QnrS1","",,,,100,100,100,"1e-129"
"RGI: protein homolog model","Antibiotic Resistance","CARD","562.135576","Escherichia coli 20200203_MGL_04","fig|562.135576.peg.5128","BFL24_27670",,"381",,,"Pentapeptide repeat protein QnrB family","QnrS1","antibiotic target protection","fluoroquinolone","ciprofloxacin;levofloxacin;moxifloxacin;gatifloxacin;nalidixic acid;norfloxacin;sparfloxacin",,100,100,100,"1.18559e-166"
"K-mer Search","Antibiotic Resistance","PATRIC","562.58770","Escherichia coli strain ENV66","fig|562.58770.peg.4829",,,,,"QnrB family","Pentapeptide repeat protein QnrB family","Pentapeptide repeat protein QnrB family","antibiotic target protection protein","Fluoroquinolones Quinolones Quinolines","ciprofloxacin;gatifloxacin;levofloxacin;moxifloxacin;nalidixic acid;norfloxacin;sparfloxacin","11943863",,,,
"K-mer Search","Antibiotic Resistance","PATRIC","562.57401","Escherichia coli strain W2_10_ERB10","fig|562.57401.peg.5140",,,,,"QnrB family","Pentapeptide repeat protein QnrB family","Pentapeptide repeat protein QnrB family","antibiotic target protection protein","Fluoroquinolones Quinolones Quinolines","ciprofloxacin;gatifloxacin;levofloxacin;moxifloxacin;nalidixic acid;norfloxacin;sparfloxacin","11943863",,,,
"BLAT","Antibiotic Resistance","CARD","562.42665","Escherichia coli strain 190","fig|562.42665.peg.5307",,,"ABC86904.1","Klebsiella pneumoniae","QnrB1","Pentapeptide repeat protein QnrB family => Quinolone resistance protein QnrB10",,"antibiotic target protection protein,fluoroquinolone resistance gene",,,,94,100,100,"1e-123"
"RGI: protein homolog model","Antibiotic Resistance","CARD","562.45607","Escherichia coli strain EC_88","fig|562.45607.peg.4206","EXX82_24350",,"381",,,"Pentapeptide repeat protein QnrB family","QnrS1","antibiotic target protection","fluoroquinolone","ciprofloxacin;levofloxacin;moxifloxacin;gatifloxacin;nalidixic acid;norfloxacin;sparfloxacin",,100,100,100,"1.18559e-166"
"BLAT","Antibiotic Resistance","NDARO","562.73358","Escherichia coli strain BB1402","fig|562.73358.peg.5743","JFD_05543",,"WP_012579084.1","Enterobacterales","pipB2_2","Pentapeptide repeat protein QnrB family","MULTISPECIES: quinolone resistance pentapeptide repeat protein QnrA1","",,,,100,100,100,"1e-130"
"K-mer Search","Antibiotic Resistance","PATRIC","562.97215","Escherichia coli VREC1375","fig|562.97215.peg.4922",,,,,"QnrB family","Pentapeptide repeat protein QnrB family","Pentapeptide repeat protein QnrB family","antibiotic target protection protein","Fluoroquinolones Quinolones Quinolines","ciprofloxacin;gatifloxacin;levofloxacin;moxifloxacin;nalidixic acid;norfloxacin;sparfloxacin","11943863",,,,
"BLAT","Antibiotic Resistance","NDARO","562.58790","Escherichia coli strain ENV727","fig|562.58790.peg.4306",,,"WP_001516695.1","Gammaproteobacteria",,"Pentapeptide repeat protein QnrB family","MULTISPECIES: quinolone resistance pentapeptide repeat protein QnrS1","",,,,100,100,100,"1e-129"
"K-mer Search","Antibiotic Resistance","PATRIC","562.97021","Escherichia coli VRES1195","fig|562.97021.peg.4996",,,,,"QnrB family","Pentapeptide repeat protein QnrB family","Pentapeptide repeat protein QnrB family","antibiotic target protection protein","Fluoroquinolones Quinolones Quinolines","ciprofloxacin;gatifloxacin;levofloxacin;moxifloxacin;nalidixic acid;norfloxacin;sparfloxacin","11943863",,,,
"BLAT","Antibiotic Resistance","NDARO","562.100160","Escherichia coli fc69f142-7bb8-11e9-a8d3-68b59976a384","fig|562.100160.peg.5249",,,"WP_001516695.1","Gammaproteobacteria",,"Pentapeptide repeat protein QnrB family","MULTISPECIES: quinolone resistance pentapeptide repeat protein QnrS1","",,,,100,100,100,"1e-129"
"BLAT","Antibiotic Resistance","CARD","562.57393","Escherichia coli strain W1_4_ERB1","fig|562.57393.peg.4564",,,"ABG56870.1","Klebsiella pneumoniae","QnrS1","Pentapeptide repeat protein QnrB family",,"antibiotic target protection protein,fluoroquinolone resistance gene",,,,100,100,100,"1e-129"
"BLAT","Antibiotic Resistance","NDARO","562.57401","Escherichia coli strain W2_10_ERB10","fig|562.57401.peg.5140",,,"WP_001516695.1","Gammaproteobacteria",,"Pentapeptide repeat protein QnrB family","MULTISPECIES: quinolone resistance pentapeptide repeat protein QnrS1","",,,,100,100,100,"1e-129"
"RGI: protein homolog model","Antibiotic Resistance","CARD","562.59222","Escherichia coli strain PBIO1943","fig|562.59222.peg.4686","HFC66_22170",,"975",,,"Pentapeptide repeat protein QnrB family => Quinolone resistance protein QnrB10","QnrB1","antibiotic target protection","fluoroquinolone","ciprofloxacin;levofloxacin;moxifloxacin;gatifloxacin;nalidixic acid;norfloxacin;sparfloxacin",,100,100,100,"9.84351e-160"
"BLAT","Antibiotic Resistance","CARD","562.57449","Escherichia coli strain PB203","fig|562.57449.peg.5191",,,"ABG56870.1","Klebsiella pneumoniae","QnrS1","Pentapeptide repeat protein QnrB family",,"antibiotic target protection protein,fluoroquinolone resistance gene",,,,100,100,100,"1e-129"
"RGI: protein homolog model","Antibiotic Resistance","CARD","562.58628","Escherichia coli strain PH135","fig|562.58628.peg.543","FIP50_20840",,"381",,,"Pentapeptide repeat protein QnrB family","QnrS1","antibiotic target protection","fluoroquinolone","ciprofloxacin;levofloxacin;moxifloxacin;gatifloxacin;nalidixic acid;norfloxacin;sparfloxacin",,100,100,100,"1.18559e-166"
"BLAT","Antibiotic Resistance","CARD","562.144913","Escherichia coli MGL_87","fig|562.144913.peg.5139",,,"ABG56870.1","Klebsiella pneumoniae","QnrS1","Pentapeptide repeat protein QnrB family",,"antibiotic target protection protein,fluoroquinolone resistance gene",,,,100,100,100,"1e-129"
"K-mer Search","Antibiotic Resistance","PATRIC","562.57441","Escherichia coli strain F1_7_ERB1","fig|562.57441.peg.4706",,,,,"QnrB family","Pentapeptide repeat protein QnrB family","Pentapeptide repeat protein QnrB family","antibiotic target protection protein","Fluoroquinolones Quinolones Quinolines","ciprofloxacin;gatifloxacin;levofloxacin;moxifloxacin;nalidixic acid;norfloxacin;sparfloxacin","11943863",,,,
"BLAT","Antibiotic Resistance","NDARO","562.57392","Escherichia coli strain W1_5_ERB1","fig|562.57392.peg.4937",,,"WP_001516695.1","Gammaproteobacteria",,"Pentapeptide repeat protein QnrB family","MULTISPECIES: quinolone resistance pentapeptide repeat protein QnrS1","",,,,100,100,100,"1e-129"
"RGI: protein homolog model","Antibiotic Resistance","CARD","562.57509","Escherichia coli strain PB78","fig|562.57509.peg.4734",,,"381",,,"Pentapeptide repeat protein QnrB family","QnrS1","antibiotic target protection","fluoroquinolone","ciprofloxacin;levofloxacin;moxifloxacin;gatifloxacin;nalidixic acid;norfloxacin;sparfloxacin",,100,100,100,"1.18559e-166"
"AMRFinderPlus: ALLELEP","Antibiotic Resistance","NDARO","562.97025","Escherichia coli VRES1200","fig|562.97025.peg.5007",,,"WP_001516695.1",,,"Pentapeptide repeat protein QnrB family","quinolone resistance pentapeptide repeat protein QnrS1",,"quinolone","quinolone",,100,100,100,
"RGI: protein homolog model","Antibiotic Resistance","CARD","562.57434","Escherichia coli strain W2_8_ERB3","fig|562.57434.peg.4211",,,"381",,,"Pentapeptide repeat protein QnrB family","QnrS1","antibiotic target protection","fluoroquinolone","ciprofloxacin;levofloxacin;moxifloxacin;gatifloxacin;nalidixic acid;norfloxacin;sparfloxacin",,100,100,100,"1.18559e-166"
"BLAT","Antibiotic Resistance","NDARO","562.42665","Escherichia coli strain 190","fig|562.42665.peg.5307",,,"WP_014386481.1","Enterobacterales",,"Pentapeptide repeat protein QnrB family => Quinolone resistance protein QnrB10","MULTISPECIES: quinolone resistance pentapeptide repeat protein QnrB1","",,,,100,100,100,"1e-123"
"BLAT","Antibiotic Resistance","CARD","562.144939","Escherichia coli MGL_133","fig|562.144939.peg.5144",,,"ABG56870.1","Klebsiella pneumoniae","QnrS1","Pentapeptide repeat protein QnrB family",,"antibiotic target protection protein,fluoroquinolone resistance gene",,,,100,100,100,"1e-129"
"BLAT","Antibiotic Resistance","NDARO","562.97022","Escherichia coli VRES1194","fig|562.97022.peg.5010",,,"WP_001516695.1","Gammaproteobacteria",,"Pentapeptide repeat protein QnrB family","MULTISPECIES: quinolone resistance pentapeptide repeat protein QnrS1","",,,,100,100,100,"1e-129"
"K-mer Search","Antibiotic Resistance","PATRIC","562.97032","Escherichia coli VRES1201","fig|562.97032.peg.4996",,,,,"QnrB family","Pentapeptide repeat protein QnrB family","Pentapeptide repeat protein QnrB family","antibiotic target protection protein","Fluoroquinolones Quinolones Quinolines","ciprofloxacin;gatifloxacin;levofloxacin;moxifloxacin;nalidixic acid;norfloxacin;sparfloxacin","11943863",,,,
"RGI: protein homolog model","Antibiotic Resistance","CARD","562.144916","Escherichia coli MGL_82","fig|562.144916.peg.5061",,,"381",,,"Pentapeptide repeat protein QnrB family","QnrS1","antibiotic target protection","fluoroquinolone","ciprofloxacin;levofloxacin;moxifloxacin;gatifloxacin;nalidixic acid;norfloxacin;sparfloxacin",,100,100,100,"1.18559e-166"
"K-mer Search","Antibiotic Resistance","PATRIC","562.30435","Escherichia coli strain AR_451","fig|562.30435.peg.5018","CSC38_5006",,,,,"Pentapeptide repeat protein QnrB family",,"antibiotic target protection protein","fluoroquinolones quinolones quinolines","ciprofloxacin;gatifloxacin;levofloxacin;moxifloxacin;nalidixic acid;norfloxacin;sparfloxacin","11943863",,,,
"RGI: protein homolog model","Antibiotic Resistance","CARD","562.97027","Escherichia coli VRES1203","fig|562.97027.peg.5008",,,"381",,,"Pentapeptide repeat protein QnrB family","QnrS1","antibiotic target protection","fluoroquinolone","ciprofloxacin;levofloxacin;moxifloxacin;gatifloxacin;nalidixic acid;norfloxacin;sparfloxacin",,100,100,100,"1.18559e-166"
"K-mer Search","Antibiotic Resistance","PATRIC","562.23329","Escherichia coli O25:H4 strain ECO1092","fig|562.23329.peg.4925",,,,,,"Pentapeptide repeat protein QnrB family",,"antibiotic target protection protein","fluoroquinolones quinolones quinolines","ciprofloxacin;gatifloxacin;levofloxacin;moxifloxacin;nalidixic acid;norfloxacin;sparfloxacin","11943863",,,,
"AMRFinderPlus: ALLELEP","Antibiotic Resistance","NDARO","562.73358","Escherichia coli strain BB1402","fig|562.73358.peg.5743","JFD_05543",,"WP_012579084.1",,"pipB2_2","Pentapeptide repeat protein QnrB family","quinolone resistance pentapeptide repeat protein QnrA1",,"quinolone","quinolone",,100,100,100,
"RGI: protein homolog model","Antibiotic Resistance","CARD","562.45632","Escherichia coli strain EC_32","fig|562.45632.peg.4355","EXX30_24685",,"381",,,"Pentapeptide repeat protein QnrB family","QnrS1","antibiotic target protection","fluoroquinolone","ciprofloxacin;levofloxacin;moxifloxacin;gatifloxacin;nalidixic acid;norfloxacin;sparfloxacin",,100,100,100,"1.18559e-166"
"BLAT","Antibiotic Resistance","NDARO","562.42763","Escherichia coli strain M1","fig|562.42763.peg.4744",,,"WP_001516695.1","Gammaproteobacteria",,"Pentapeptide repeat protein QnrB family","MULTISPECIES: quinolone resistance pentapeptide repeat protein QnrS1","",,,,100,100,100,"1e-129"
"AMRFinderPlus: ALLELEP","Antibiotic Resistance","NDARO","562.57383","Escherichia coli strain W1_1_2_ERB1","fig|562.57383.peg.4860",,,"WP_001516695.1",,,"Pentapeptide repeat protein QnrB family","quinolone resistance pentapeptide repeat protein QnrS1",,"quinolone","quinolone",,100,100,100,
"BLAT","Antibiotic Resistance","NDARO","562.57370","Escherichia coli strain PB198","fig|562.57370.peg.4876",,,"WP_001516695.1","Gammaproteobacteria",,"Pentapeptide repeat protein QnrB family","MULTISPECIES: quinolone resistance pentapeptide repeat protein QnrS1","",,,,100,100,100,"1e-129"
"BLAT","Antibiotic Resistance","CARD","562.97030","Escherichia coli VREC1125","fig|562.97030.peg.4984",,,"ABG56870.1","Klebsiella pneumoniae","QnrS1","Pentapeptide repeat protein QnrB family",,"antibiotic target protection protein,fluoroquinolone resistance gene",,,,100,100,100,"1e-129"
"RGI: protein homolog model","Antibiotic Resistance","CARD","562.57409","Escherichia coli strain W2_13_ERB1","fig|562.57409.peg.4511",,,"381",,,"Pentapeptide repeat protein QnrB family","QnrS1","antibiotic target protection","fluoroquinolone","ciprofloxacin;levofloxacin;moxifloxacin;gatifloxacin;nalidixic acid;norfloxacin;sparfloxacin",,100,100,100,"1.18559e-166"
"K-mer Search","Antibiotic Resistance","PATRIC","562.97018","Escherichia coli VREC1124","fig|562.97018.peg.5003",,,,,"QnrB family","Pentapeptide repeat protein QnrB family","Pentapeptide repeat protein QnrB family","antibiotic target protection protein","Fluoroquinolones Quinolones Quinolines","ciprofloxacin;gatifloxacin;levofloxacin;moxifloxacin;nalidixic acid;norfloxacin;sparfloxacin","11943863",,,,
"BLAT","Antibiotic Resistance","NDARO","562.57427","Escherichia coli strain W2_5_ERB8","fig|562.57427.peg.5023",,,"WP_001516695.1","Gammaproteobacteria",,"Pentapeptide repeat protein QnrB family","MULTISPECIES: quinolone resistance pentapeptide repeat protein QnrS1","",,,,100,100,100,"1e-129"
"AMRFinderPlus: ALLELEP","Antibiotic Resistance","NDARO","562.97021","Escherichia coli VRES1195","fig|562.97021.peg.4996",,,"WP_001516695.1",,,"Pentapeptide repeat protein QnrB family","quinolone resistance pentapeptide repeat protein QnrS1",,"quinolone","quinolone",,100,100,100,
"BLAT","Antibiotic Resistance","NDARO","562.57460","Escherichia coli strain PB516","fig|562.57460.peg.4895",,,"WP_001516695.1","Gammaproteobacteria",,"Pentapeptide repeat protein QnrB family","MULTISPECIES: quinolone resistance pentapeptide repeat protein QnrS1","",,,,100,100,100,"1e-129"
"BLAT","Antibiotic Resistance","NDARO","562.135562","Escherichia coli MGL_87","fig|562.135562.peg.5139",,,"WP_001516695.1","Gammaproteobacteria",,"Pentapeptide repeat protein QnrB family","MULTISPECIES: quinolone resistance pentapeptide repeat protein QnrS1","",,,,100,100,100,"1e-129"
"K-mer Search","Antibiotic Resistance","PATRIC","562.20499","Escherichia coli strain AR_0162","fig|562.20499.peg.5051","AM408_00610",,,,,"Pentapeptide repeat protein QnrB family",,"antibiotic target protection protein","fluoroquinolones quinolones quinolines","ciprofloxacin;gatifloxacin;levofloxacin;moxifloxacin;nalidixic acid;norfloxacin;sparfloxacin","11943863",,,,
"BLAT","Antibiotic Resistance","NDARO","562.57413","Escherichia coli strain W2_12_ERB4","fig|562.57413.peg.4696",,,"WP_001516695.1","Gammaproteobacteria",,"Pentapeptide repeat protein QnrB family","MULTISPECIES: quinolone resistance pentapeptide repeat protein QnrS1","",,,,100,100,100,"1e-129"
"AMRFinderPlus: ALLELEP","Antibiotic Resistance","NDARO","562.7686","Escherichia coli strain 702890_aEPEC","fig|562.7686.peg.4688","ERS085405_04571",,"WP_001516695.1",,"pipB2_3","Pentapeptide repeat protein QnrB family","quinolone resistance pentapeptide repeat protein QnrS1",,"quinolone","quinolone",,100,100,100,
"AMRFinderPlus: ALLELEP","Antibiotic Resistance","NDARO","562.57490","Escherichia coli strain PB305","fig|562.57490.peg.4000",,,"WP_001516695.1",,,"Pentapeptide repeat protein QnrB family","quinolone resistance pentapeptide repeat protein QnrS1",,"quinolone","quinolone",,100,100,100,
"BLAT","Antibiotic Resistance","NDARO","562.57402","Escherichia coli strain W2_11_ERB1","fig|562.57402.peg.4430",,,"WP_001516695.1","Gammaproteobacteria",,"Pentapeptide repeat protein QnrB family","MULTISPECIES: quinolone resistance pentapeptide repeat protein QnrS1","",,,,100,100,100,"1e-129"
"BLAT","Antibiotic Resistance","CARD","562.57418","Escherichia coli strain W2_13_ERG9","fig|562.57418.peg.4770",,,"ABG56870.1","Klebsiella pneumoniae","QnrS1","Pentapeptide repeat protein QnrB family",,"antibiotic target protection protein,fluoroquinolone resistance gene",,,,100,100,100,"1e-129"
"K-mer Search","Antibiotic Resistance","PATRIC","562.58773","Escherichia coli strain ENV103","fig|562.58773.peg.4699",,,,,"QnrB family","Pentapeptide repeat protein QnrB family","Pentapeptide repeat protein QnrB family","antibiotic target protection protein","Fluoroquinolones Quinolones Quinolines","ciprofloxacin;gatifloxacin;levofloxacin;moxifloxacin;nalidixic acid;norfloxacin;sparfloxacin","11943863",,,,
"RGI: protein homolog model","Antibiotic Resistance","CARD","562.56851","Escherichia coli strain 51-16","fig|562.56851.peg.5100","PU65_18105",,"381",,,"Pentapeptide repeat protein QnrB family","QnrS1","antibiotic target protection","fluoroquinolone","ciprofloxacin;levofloxacin;moxifloxacin;gatifloxacin;nalidixic acid;norfloxacin;sparfloxacin",,100,100,100,"1.18559e-166"
"BLAT","Antibiotic Resistance","CARD","562.56841","Escherichia coli strain 50-16","fig|562.56841.peg.5916",,,"AGK90303.1","Escherichia coli","QnrB19","Pentapeptide repeat protein QnrB family => Quinolone resistance protein QnrB10",,"antibiotic target protection protein,fluoroquinolone resistance gene",,,,92,100,100,"1e-114"
"RGI: protein homolog model","Antibiotic Resistance","CARD","562.45665","Escherichia coli strain EC_12","fig|562.45665.peg.3894","EXX14_21080",,"381",,,"Pentapeptide repeat protein QnrB family","QnrS1","antibiotic target protection","fluoroquinolone","ciprofloxacin;levofloxacin;moxifloxacin;gatifloxacin;nalidixic acid;norfloxacin;sparfloxacin",,100,100,100,"1.18559e-166"
"K-mer Search","Antibiotic Resistance","PATRIC","562.58784","Escherichia coli strain ENV326","fig|562.58784.peg.4899",,,,,"QnrB family","Pentapeptide repeat protein QnrB family","Pentapeptide repeat protein QnrB family","antibiotic target protection protein","Fluoroquinolones Quinolones Quinolines","ciprofloxacin;gatifloxacin;levofloxacin;moxifloxacin;nalidixic acid;norfloxacin;sparfloxacin","11943863",,,,
"AMRFinderPlus: ALLELEP","Antibiotic Resistance","NDARO","562.57446","Escherichia coli strain F1_9_ERB1","fig|562.57446.peg.5167",,,"WP_001516695.1",,,"Pentapeptide repeat protein QnrB family","quinolone resistance pentapeptide repeat protein QnrS1",,"quinolone","quinolone",,100,100,100,
"RGI: protein homolog model","Antibiotic Resistance","CARD","562.73357","Escherichia coli strain BB1410","fig|562.73357.peg.5362","JFD_05234",,"1987",,"pipB2_2","Pentapeptide repeat protein QnrB family","QnrA1","antibiotic target protection","fluoroquinolone","ciprofloxacin;levofloxacin;moxifloxacin;gatifloxacin;nalidixic acid;norfloxacin;sparfloxacin",,100,100,100,"6.38938e-163"
"AMRFinderPlus: ALLELEP","Antibiotic Resistance","NDARO","562.73350","Escherichia coli strain BB1407","fig|562.73350.peg.5543","JFD_05388",,"WP_012579084.1",,"pipB2_2","Pentapeptide repeat protein QnrB family","quinolone resistance pentapeptide repeat protein QnrA1",,"quinolone","quinolone",,100,100,100,
"AMRFinderPlus: ALLELEP","Antibiotic Resistance","NDARO","562.56771","Escherichia coli strain 1043-14","fig|562.56771.peg.4921","PU66_25085",,"WP_001516695.1",,,"Pentapeptide repeat protein QnrB family","quinolone resistance pentapeptide repeat protein QnrS1",,"quinolone","quinolone",,100,100,100,
"BLAT","Antibiotic Resistance","CARD","562.45649","Escherichia coli strain EC_03","fig|562.45649.peg.204","EXX01_24205",,"ABG56870.1","Klebsiella pneumoniae","QnrS1","Pentapeptide repeat protein QnrB family",,"antibiotic target protection protein,fluoroquinolone resistance gene",,,,100,100,100,"1e-129"
"RGI: protein homolog model","Antibiotic Resistance","CARD","562.57385","Escherichia coli strain W1_10_ERB1","fig|562.57385.peg.4671",,,"381",,,"Pentapeptide repeat protein QnrB family","QnrS1","antibiotic target protection","fluoroquinolone","ciprofloxacin;levofloxacin;moxifloxacin;gatifloxacin;nalidixic acid;norfloxacin;sparfloxacin",,100,100,100,"1.18559e-166"
"AMRFinderPlus: ALLELEP","Antibiotic Resistance","NDARO","562.45596","Escherichia coli strain EC_90","fig|562.45596.peg.5218","EXX84_24420",,"WP_064186845.1",,,"Pentapeptide repeat protein QnrB family","quinolone resistance pentapeptide repeat protein QnrS13",,"quinolone","quinolone",,100,100,100,
"RGI: protein homolog model","Antibiotic Resistance","CARD","562.57465","Escherichia coli strain PB412","fig|562.57465.peg.4901",,,"381",,,"Pentapeptide repeat protein QnrB family","QnrS1","antibiotic target protection","fluoroquinolone","ciprofloxacin;levofloxacin;moxifloxacin;gatifloxacin;nalidixic acid;norfloxacin;sparfloxacin",,100,100,100,"1.18559e-166"
"BLAT","Antibiotic Resistance","NDARO","562.57241","Escherichia coli strain 24742_1#352","fig|562.57241.peg.4565",,,"WP_001516695.1","Gammaproteobacteria",,"Pentapeptide repeat protein QnrB family","MULTISPECIES: quinolone resistance pentapeptide repeat protein QnrS1","",,,,100,100,100,"1e-129"
"BLAT","Antibiotic Resistance","NDARO","562.42692","Escherichia coli strain 248","fig|562.42692.peg.5411",,,"WP_004193258.1","Gammaproteobacteria",,"Pentapeptide repeat protein QnrB family => Quinolone resistance protein QnrB10","MULTISPECIES: quinolone resistance pentapeptide repeat protein QnrB4","",,,,100,100,100,"1e-124"
"RGI: protein homolog model","Antibiotic Resistance","CARD","562.57425","Escherichia coli strain W2_3_ERG14","fig|562.57425.peg.4479",,,"381",,,"Pentapeptide repeat protein QnrB family","QnrS1","antibiotic target protection","fluoroquinolone","ciprofloxacin;levofloxacin;moxifloxacin;gatifloxacin;nalidixic acid;norfloxacin;sparfloxacin",,100,100,100,"1.18559e-166"
"AMRFinderPlus: ALLELEP","Antibiotic Resistance","NDARO","562.57419","Escherichia coli strain W2_4_ERB4","fig|562.57419.peg.4623",,,"WP_001516695.1",,,"Pentapeptide repeat protein QnrB family","quinolone resistance pentapeptide repeat protein QnrS1",,"quinolone","quinolone",,100,100,100,
"K-mer Search","Antibiotic Resistance","PATRIC","562.97120","Escherichia coli VRES1349","fig|562.97120.peg.4453",,,,,"QnrB family","Pentapeptide repeat protein QnrB family","Pentapeptide repeat protein QnrB family","antibiotic target protection protein","Fluoroquinolones Quinolones Quinolines","ciprofloxacin;gatifloxacin;levofloxacin;moxifloxacin;nalidixic acid;norfloxacin;sparfloxacin","11943863",,,,
"BLAT","Antibiotic Resistance","NDARO","562.100703","Escherichia coli a2594be4-7bb8-11e9-a8d3-68b59976a384","fig|562.100703.peg.4695",,,"WP_001516695.1","Gammaproteobacteria",,"Pentapeptide repeat protein QnrB family","MULTISPECIES: quinolone resistance pentapeptide repeat protein QnrS1","",,,,100,100,100,"1e-129"
"AMRFinderPlus: ALLELEP","Antibiotic Resistance","NDARO","562.144913","Escherichia coli MGL_87","fig|562.144913.peg.5139",,,"WP_001516695.1",,,"Pentapeptide repeat protein QnrB family","quinolone resistance pentapeptide repeat protein QnrS1",,"quinolone","quinolone",,100,100,100,
"K-mer Search","Antibiotic Resistance","PATRIC","562.100014","Escherichia coli 8b1c8fea-7bb8-11e9-a8d3-68b59976a384","fig|562.100014.peg.4544",,,,,"QnrB family","Pentapeptide repeat protein QnrB family","Pentapeptide repeat protein QnrB family","antibiotic target protection protein","Fluoroquinolones Quinolones Quinolines","ciprofloxacin;gatifloxacin;levofloxacin;moxifloxacin;nalidixic acid;norfloxacin;sparfloxacin","11943863",,,,
"K-mer Search","Antibiotic Resistance","PATRIC","562.57404","Escherichia coli strain W1_7_ERG10","fig|562.57404.peg.4640",,,,,"QnrB family","Pentapeptide repeat protein QnrB family","Pentapeptide repeat protein QnrB family","antibiotic target protection protein","Fluoroquinolones Quinolones Quinolines","ciprofloxacin;gatifloxacin;levofloxacin;moxifloxacin;nalidixic acid;norfloxacin;sparfloxacin","11943863",,,,
"AMRFinderPlus: ALLELEP","Antibiotic Resistance","NDARO","562.57506","Escherichia coli strain PB456","fig|562.57506.peg.5007",,,"WP_001516695.1",,,"Pentapeptide repeat protein QnrB family","quinolone resistance pentapeptide repeat protein QnrS1",,"quinolone","quinolone",,100,100,100,
"BLAT","Antibiotic Resistance","CARD","562.57437","Escherichia coli strain W2_9_ERB2","fig|562.57437.peg.4717",,,"ABG56870.1","Klebsiella pneumoniae","QnrS1","Pentapeptide repeat protein QnrB family",,"antibiotic target protection protein,fluoroquinolone resistance gene",,,,100,100,100,"1e-129"
"BLAT","Antibiotic Resistance","NDARO","562.45632","Escherichia coli strain EC_32","fig|562.45632.peg.4355","EXX30_24685",,"WP_001516695.1","Gammaproteobacteria",,"Pentapeptide repeat protein QnrB family","MULTISPECIES: quinolone resistance pentapeptide repeat protein QnrS1","",,,,100,100,100,"1e-129"
"AMRFinderPlus: ALLELEP","Antibiotic Resistance","NDARO","562.144929","Escherichia coli MGL_1560","fig|562.144929.peg.5075",,,"WP_001516695.1",,,"Pentapeptide repeat protein QnrB family","quinolone resistance pentapeptide repeat protein QnrS1",,"quinolone","quinolone",,100,100,100,
"BLAT","Antibiotic Resistance","NDARO","562.58628","Escherichia coli strain PH135","fig|562.58628.peg.543",,,"WP_001516695.1","Gammaproteobacteria",,"Pentapeptide repeat protein QnrB family","MULTISPECIES: quinolone resistance pentapeptide repeat protein QnrS1","",,,,100,100,100,"1e-129"
"BLAT","Antibiotic Resistance","NDARO","562.57424","Escherichia coli strain W2_3_ERB9","fig|562.57424.peg.1614",,,"WP_001516695.1","Gammaproteobacteria",,"Pentapeptide repeat protein QnrB family","MULTISPECIES: quinolone resistance pentapeptide repeat protein QnrS1","",,,,100,100,100,"1e-129"
"BLAT","Antibiotic Resistance","CARD","562.97019","Escherichia coli VREC1122","fig|562.97019.peg.4977",,,"ABG56870.1","Klebsiella pneumoniae","QnrS1","Pentapeptide repeat protein QnrB family",,"antibiotic target protection protein,fluoroquinolone resistance gene",,,,100,100,100,"1e-129"
"RGI: protein homolog model","Antibiotic Resistance","CARD","562.57424","Escherichia coli strain W2_3_ERB9","fig|562.57424.peg.1614",,,"381",,,"Pentapeptide repeat protein QnrB family","QnrS1","antibiotic target protection","fluoroquinolone","ciprofloxacin;levofloxacin;moxifloxacin;gatifloxacin;nalidixic acid;norfloxacin;sparfloxacin",,100,100,100,"1.18559e-166"
"RGI: protein homolog model","Antibiotic Resistance","CARD","562.97110","Escherichia coli VRES1354","fig|562.97110.peg.4401",,,"381",,,"Pentapeptide repeat protein QnrB family","QnrS1","antibiotic target protection","fluoroquinolone","ciprofloxacin;levofloxacin;moxifloxacin;gatifloxacin;nalidixic acid;norfloxacin;sparfloxacin",,100,100,100,"1.18559e-166"
"BLAT","Antibiotic Resistance","NDARO","562.57461","Escherichia coli strain W2_15_ERB1","fig|562.57461.peg.4880",,,"WP_001516695.1","Gammaproteobacteria",,"Pentapeptide repeat protein QnrB family","MULTISPECIES: quinolone resistance pentapeptide repeat protein QnrS1","",,,,100,100,100,"1e-129"
"BLAT","Antibiotic Resistance","CARD","562.97105","Escherichia coli VRES1352","fig|562.97105.peg.4466",,,"ABG56870.1","Klebsiella pneumoniae","QnrS1","Pentapeptide repeat protein QnrB family",,"antibiotic target protection protein,fluoroquinolone resistance gene",,,,100,100,100,"1e-129"
"RGI: protein homolog model","Antibiotic Resistance","CARD","562.57448","Escherichia coli strain F1_7_ERG10B","fig|562.57448.peg.4683",,,"381",,,"Pentapeptide repeat protein QnrB family","QnrS1","antibiotic target protection","fluoroquinolone","ciprofloxacin;levofloxacin;moxifloxacin;gatifloxacin;nalidixic acid;norfloxacin;sparfloxacin",,100,100,100,"1.18559e-166"
"AMRFinderPlus: ALLELEP","Antibiotic Resistance","NDARO","562.57469","Escherichia coli strain PB97","fig|562.57469.peg.5181",,,"WP_001516695.1",,,"Pentapeptide repeat protein QnrB family","quinolone resistance pentapeptide repeat protein QnrS1",,"quinolone","quinolone",,100,100,100,
"BLAT","Antibiotic Resistance","NDARO","562.97103","Escherichia coli VRES1347","fig|562.97103.peg.4439",,,"WP_001516695.1","Gammaproteobacteria",,"Pentapeptide repeat protein QnrB family","MULTISPECIES: quinolone resistance pentapeptide repeat protein QnrS1","",,,,100,100,100,"1e-129"
"BLAT","Antibiotic Resistance","CARD","562.57446","Escherichia coli strain F1_9_ERB1","fig|562.57446.peg.5167",,,"ABG56870.1","Klebsiella pneumoniae","QnrS1","Pentapeptide repeat protein QnrB family",,"antibiotic target protection protein,fluoroquinolone resistance gene",,,,100,100,100,"1e-129"
"AMRFinderPlus: BLASTP","Antibiotic Resistance","NDARO","562.57176","Escherichia coli strain 24742_1#153","fig|562.57176.peg.5150",,,"WP_012954666.1",,,"Pentapeptide repeat protein QnrB family => Quinolone resistance protein QnrB10","QnrB family quinolone resistance pentapeptide repeat protein",,"quinolone","quinolone",,100,94,100,
"K-mer Search","Antibiotic Resistance","PATRIC","562.57418","Escherichia coli strain W2_13_ERG9","fig|562.57418.peg.4770",,,,,"QnrB family","Pentapeptide repeat protein QnrB family","Pentapeptide repeat protein QnrB family","antibiotic target protection protein","Fluoroquinolones Quinolones Quinolines","ciprofloxacin;gatifloxacin;levofloxacin;moxifloxacin;nalidixic acid;norfloxacin;sparfloxacin","11943863",,,,
"BLAT","Antibiotic Resistance","NDARO","562.144936","Escherichia coli MGL_153","fig|562.144936.peg.4843",,,"WP_001516695.1","Gammaproteobacteria",,"Pentapeptide repeat protein QnrB family","MULTISPECIES: quinolone resistance pentapeptide repeat protein QnrS1","",,,,100,100,100,"1e-129"
"AMRFinderPlus: ALLELEP","Antibiotic Resistance","NDARO","562.73357","Escherichia coli strain BB1410","fig|562.73357.peg.5362","JFD_05234",,"WP_012579084.1",,"pipB2_2","Pentapeptide repeat protein QnrB family","quinolone resistance pentapeptide repeat protein QnrA1",,"quinolone","quinolone",,100,100,100,
"BLAT","Antibiotic Resistance","CARD","562.100374","Escherichia coli 093ec334-7bb9-11e9-a8d3-68b59976a384","fig|562.100374.peg.5091",,,"ABG56870.1","Klebsiella pneumoniae","QnrS1","Pentapeptide repeat protein QnrB family",,"antibiotic target protection protein,fluoroquinolone resistance gene",,,,100,100,100,"1e-129"
"AMRFinderPlus: BLASTP","Antibiotic Resistance","NDARO","562.59223","Escherichia coli strain PBIO711","fig|562.59223.peg.4670","HFC66_20820",,"WP_001749994.1",,,"Pentapeptide repeat protein QnrB family => Quinolone resistance protein QnrB10","QnrB family quinolone resistance pentapeptide repeat protein",,"quinolone","quinolone",,100,94,100,
"K-mer Search","Antibiotic Resistance","PATRIC","562.57425","Escherichia coli strain W2_3_ERG14","fig|562.57425.peg.4479",,,,,"QnrB family","Pentapeptide repeat protein QnrB family","Pentapeptide repeat protein QnrB family","antibiotic target protection protein","Fluoroquinolones Quinolones Quinolines","ciprofloxacin;gatifloxacin;levofloxacin;moxifloxacin;nalidixic acid;norfloxacin;sparfloxacin","11943863",,,,
"AMRFinderPlus: ALLELEP","Antibiotic Resistance","NDARO","562.57416","Escherichia coli strain W2_13_ERB6","fig|562.57416.peg.4741",,,"WP_001516695.1",,,"Pentapeptide repeat protein QnrB family","quinolone resistance pentapeptide repeat protein QnrS1",,"quinolone","quinolone",,100,100,100,
"K-mer Search","Antibiotic Resistance","PATRIC","562.45605","Escherichia coli strain EC_74","fig|562.45605.peg.4136","EXX70_23165",,,,"QnrB family","Pentapeptide repeat protein QnrB family","Pentapeptide repeat protein QnrB family","antibiotic target protection protein","Fluoroquinolones Quinolones Quinolines","ciprofloxacin;gatifloxacin;levofloxacin;moxifloxacin;nalidixic acid;norfloxacin;sparfloxacin","11943863",,,,
"RGI: protein homolog model","Antibiotic Resistance","CARD","562.57469","Escherichia coli strain PB97","fig|562.57469.peg.5181",,,"381",,,"Pentapeptide repeat protein QnrB family","QnrS1","antibiotic target protection","fluoroquinolone","ciprofloxacin;levofloxacin;moxifloxacin;gatifloxacin;nalidixic acid;norfloxacin;sparfloxacin",,100,100,100,"1.18559e-166"
"K-mer Search","Antibiotic Resistance","PATRIC","562.97025","Escherichia coli VRES1200","fig|562.97025.peg.5007",,,,,"QnrB family","Pentapeptide repeat protein QnrB family","Pentapeptide repeat protein QnrB family","antibiotic target protection protein","Fluoroquinolones Quinolones Quinolines","ciprofloxacin;gatifloxacin;levofloxacin;moxifloxacin;nalidixic acid;norfloxacin;sparfloxacin","11943863",,,,
"RGI: protein homolog model","Antibiotic Resistance","CARD","562.42687","Escherichia coli strain 240","fig|562.42687.peg.4820",,,"381",,,"Pentapeptide repeat protein QnrB family","QnrS1","antibiotic target protection","fluoroquinolone","ciprofloxacin;levofloxacin;moxifloxacin;gatifloxacin;nalidixic acid;norfloxacin;sparfloxacin",,100,100,100,"1.18559e-166"
"RGI: protein homolog model","Antibiotic Resistance","CARD","562.42648","Escherichia coli strain 149","fig|562.42648.peg.4938",,,"381",,,"Pentapeptide repeat protein QnrB family","QnrS1","antibiotic target protection","fluoroquinolone","ciprofloxacin;levofloxacin;moxifloxacin;gatifloxacin;nalidixic acid;norfloxacin;sparfloxacin",,100,100,100,"1.18559e-166"
"RGI: protein homolog model","Antibiotic Resistance","CARD","562.57443","Escherichia coli strain F1_8_ERG5","fig|562.57443.peg.5323",,,"381",,,"Pentapeptide repeat protein QnrB family","QnrS1","antibiotic target protection","fluoroquinolone","ciprofloxacin;levofloxacin;moxifloxacin;gatifloxacin;nalidixic acid;norfloxacin;sparfloxacin",,100,100,100,"1.18559e-166"
"BLAT","Antibiotic Resistance","CARD","562.57457","Escherichia coli strain PB251","fig|562.57457.peg.4992",,,"ABG56870.1","Klebsiella pneumoniae","QnrS1","Pentapeptide repeat protein QnrB family",,"antibiotic target protection protein,fluoroquinolone resistance gene",,,,100,100,100,"1e-129"
"BLAT","Antibiotic Resistance","NDARO","562.135560","Escherichia coli MGL_106","fig|562.135560.peg.4690",,,"WP_001516695.1","Gammaproteobacteria",,"Pentapeptide repeat protein QnrB family","MULTISPECIES: quinolone resistance pentapeptide repeat protein QnrS1","",,,,100,100,100,"1e-129"
"K-mer Search","Antibiotic Resistance","PATRIC","562.57370","Escherichia coli strain PB198","fig|562.57370.peg.4876",,,,,"QnrB family","Pentapeptide repeat protein QnrB family","Pentapeptide repeat protein QnrB family","antibiotic target protection protein","Fluoroquinolones Quinolones Quinolines","ciprofloxacin;gatifloxacin;levofloxacin;moxifloxacin;nalidixic acid;norfloxacin;sparfloxacin","11943863",,,,
"RGI: protein homolog model","Antibiotic Resistance","CARD","562.97019","Escherichia coli VREC1122","fig|562.97019.peg.4977",,,"381",,,"Pentapeptide repeat protein QnrB family","QnrS1","antibiotic target protection","fluoroquinolone","ciprofloxacin;levofloxacin;moxifloxacin;gatifloxacin;nalidixic acid;norfloxacin;sparfloxacin",,100,100,100,"1.18559e-166"
"BLAT","Antibiotic Resistance","CARD","562.135579","Escherichia coli MGL_1560","fig|562.135579.peg.5080",,,"ABG56870.1","Klebsiella pneumoniae","QnrS1","Pentapeptide repeat protein QnrB family",,"antibiotic target protection protein,fluoroquinolone resistance gene",,,,100,100,100,"1e-129"
"RGI: protein homolog model","Antibiotic Resistance","CARD","562.58736","Escherichia coli strain 15062645","fig|562.58736.peg.5107",,,"381",,,"Pentapeptide repeat protein QnrB family","QnrS1","antibiotic target protection","fluoroquinolone","ciprofloxacin;levofloxacin;moxifloxacin;gatifloxacin;nalidixic acid;norfloxacin;sparfloxacin",,100,100,100,"1.18559e-166"
"K-mer Search","Antibiotic Resistance","PATRIC","562.57377","Escherichia coli strain PB532","fig|562.57377.peg.4812",,,,,"QnrB family","Pentapeptide repeat protein QnrB family","Pentapeptide repeat protein QnrB family","antibiotic target protection protein","Fluoroquinolones Quinolones Quinolines","ciprofloxacin;gatifloxacin;levofloxacin;moxifloxacin;nalidixic acid;norfloxacin;sparfloxacin","11943863",,,,
"K-mer Search","Antibiotic Resistance","PATRIC","562.100703","Escherichia coli a2594be4-7bb8-11e9-a8d3-68b59976a384","fig|562.100703.peg.4695",,,,,"QnrB family","Pentapeptide repeat protein QnrB family","Pentapeptide repeat protein QnrB family","antibiotic target protection protein","Fluoroquinolones Quinolones Quinolines","ciprofloxacin;gatifloxacin;levofloxacin;moxifloxacin;nalidixic acid;norfloxacin;sparfloxacin","11943863",,,,
"AMRFinderPlus: ALLELEP","Antibiotic Resistance","NDARO","562.57417","Escherichia coli strain W2_2_ERB4","fig|562.57417.peg.4328",,,"WP_001516695.1",,,"Pentapeptide repeat protein QnrB family","quinolone resistance pentapeptide repeat protein QnrS1",,"quinolone","quinolone",,100,100,100,
"BLAT","Antibiotic Resistance","NDARO","562.96745","Escherichia coli VREC0905","fig|562.96745.peg.4946",,,"WP_012954666.1","Gammaproteobacteria",,"Pentapeptide repeat protein QnrB family => Quinolone resistance protein QnrB10","MULTISPECIES: quinolone resistance pentapeptide repeat protein QnrB19","",,,,100,94,100,"1e-124"
"BLAT","Antibiotic Resistance","NDARO","562.57400","Escherichia coli strain W2_10_ERB1","fig|562.57400.peg.3936",,,"WP_001516695.1","Gammaproteobacteria",,"Pentapeptide repeat protein QnrB family","MULTISPECIES: quinolone resistance pentapeptide repeat protein QnrS1","",,,,100,100,100,"1e-129"
"BLAT","Antibiotic Resistance","CARD","562.73351","Escherichia coli strain BB1408","fig|562.73351.peg.5495","JFD_05344",,"ABI50486.1","Klebsiella pneumoniae","QnrA1","Pentapeptide repeat protein QnrB family",,"antibiotic target protection protein,fluoroquinolone resistance gene",,,,100,100,100,"1e-130"
"K-mer Search","Antibiotic Resistance","PATRIC","562.56762","Escherichia coli strain 1041-14","fig|562.56762.peg.3622",,,,,"QnrB10","Pentapeptide repeat protein QnrB family => Quinolone resistance protein QnrB10","Pentapeptide repeat protein QnrB family => Quinolone resistance protein QnrB10","antibiotic target protection protein","Fluoroquinolones Quinolones Quinolines","ciprofloxacin;gatifloxacin;levofloxacin;moxifloxacin;nalidixic acid;norfloxacin;sparfloxacin","17938184",,,,
"K-mer Search","Antibiotic Resistance","PATRIC","562.144916","Escherichia coli MGL_82","fig|562.144916.peg.5061",,,,,"QnrB family","Pentapeptide repeat protein QnrB family","Pentapeptide repeat protein QnrB family","antibiotic target protection protein","Fluoroquinolones Quinolones Quinolines","ciprofloxacin;gatifloxacin;levofloxacin;moxifloxacin;nalidixic acid;norfloxacin;sparfloxacin","11943863",,,,
"K-mer Search","Antibiotic Resistance","PATRIC","562.57393","Escherichia coli strain W1_4_ERB1","fig|562.57393.peg.4564",,,,,"QnrB family","Pentapeptide repeat protein QnrB family","Pentapeptide repeat protein QnrB family","antibiotic target protection protein","Fluoroquinolones Quinolones Quinolines","ciprofloxacin;gatifloxacin;levofloxacin;moxifloxacin;nalidixic acid;norfloxacin;sparfloxacin","11943863",,,,
"BLAT","Antibiotic Resistance","NDARO","562.135589","Escherichia coli MGL_133","fig|562.135589.peg.5145",,,"WP_001516695.1","Gammaproteobacteria",,"Pentapeptide repeat protein QnrB family","MULTISPECIES: quinolone resistance pentapeptide repeat protein QnrS1","",,,,100,100,100,"1e-129"
"BLAT","Antibiotic Resistance","CARD","562.57470","Escherichia coli strain PB67","fig|562.57470.peg.4997",,,"ABC86904.1","Klebsiella pneumoniae","QnrB1","Pentapeptide repeat protein QnrB family => Quinolone resistance protein QnrB10",,"antibiotic target protection protein,fluoroquinolone resistance gene",,,,94,100,100,"1e-123"
"BLAT","Antibiotic Resistance","NDARO","562.57393","Escherichia coli strain W1_4_ERB1","fig|562.57393.peg.4564",,,"WP_001516695.1","Gammaproteobacteria",,"Pentapeptide repeat protein QnrB family","MULTISPECIES: quinolone resistance pentapeptide repeat protein QnrS1","",,,,100,100,100,"1e-129"
"BLAT","Antibiotic Resistance","NDARO","562.42687","Escherichia coli strain 240","fig|562.42687.peg.4820",,,"WP_001516695.1","Gammaproteobacteria",,"Pentapeptide repeat protein QnrB family","MULTISPECIES: quinolone resistance pentapeptide repeat protein QnrS1","",,,,100,100,100,"1e-129"
"K-mer Search","Antibiotic Resistance","PATRIC","562.145039","Escherichia coli PT_EC0130","fig|562.145039.peg.4736",,,,,"QnrB10","Pentapeptide repeat protein QnrB family => Quinolone resistance protein QnrB10","Pentapeptide repeat protein QnrB family => Quinolone resistance protein QnrB10","antibiotic target protection protein","Fluoroquinolones Quinolones Quinolines","ciprofloxacin;gatifloxacin;levofloxacin;moxifloxacin;nalidixic acid;norfloxacin;sparfloxacin","17938184",,,,
"K-mer Search","Antibiotic Resistance","PATRIC","562.57416","Escherichia coli strain W2_13_ERB6","fig|562.57416.peg.4741",,,,,"QnrB family","Pentapeptide repeat protein QnrB family","Pentapeptide repeat protein QnrB family","antibiotic target protection protein","Fluoroquinolones Quinolones Quinolines","ciprofloxacin;gatifloxacin;levofloxacin;moxifloxacin;nalidixic acid;norfloxacin;sparfloxacin","11943863",,,,
"BLAT","Antibiotic Resistance","CARD","562.57441","Escherichia coli strain F1_7_ERB1","fig|562.57441.peg.4706",,,"ABG56870.1","Klebsiella pneumoniae","QnrS1","Pentapeptide repeat protein QnrB family",,"antibiotic target protection protein,fluoroquinolone resistance gene",,,,84,100,100,"1e-109"
"BLAT","Antibiotic Resistance","CARD","562.45628","Escherichia coli strain EC_33_B","fig|562.45628.peg.3995","EXX31_24445",,"ABG56870.1","Klebsiella pneumoniae","QnrS1","Pentapeptide repeat protein QnrB family",,"antibiotic target protection protein,fluoroquinolone resistance gene",,,,100,100,100,"1e-129"
"K-mer Search","Antibiotic Resistance","PATRIC","562.97100","Escherichia coli VREC1233","fig|562.97100.peg.4427",,,,,"QnrB family","Pentapeptide repeat protein QnrB family","Pentapeptide repeat protein QnrB family","antibiotic target protection protein","Fluoroquinolones Quinolones Quinolines","ciprofloxacin;gatifloxacin;levofloxacin;moxifloxacin;nalidixic acid;norfloxacin;sparfloxacin","11943863",,,,
"RGI: protein homolog model","Antibiotic Resistance","CARD","562.144911","Escherichia coli MGL_106","fig|562.144911.peg.4675",,,"381",,,"Pentapeptide repeat protein QnrB family","QnrS1","antibiotic target protection","fluoroquinolone","ciprofloxacin;levofloxacin;moxifloxacin;gatifloxacin;nalidixic acid;norfloxacin;sparfloxacin",,100,100,100,"1.18559e-166"
"AMRFinderPlus: ALLELEP","Antibiotic Resistance","NDARO","562.57425","Escherichia coli strain W2_3_ERG14","fig|562.57425.peg.4479",,,"WP_001516695.1",,,"Pentapeptide repeat protein QnrB family","quinolone resistance pentapeptide repeat protein QnrS1",,"quinolone","quinolone",,100,100,100,
"AMRFinderPlus: ALLELEP","Antibiotic Resistance","NDARO","562.42733","Escherichia coli strain 399","fig|562.42733.peg.4947",,,"WP_012537714.1",,,"Pentapeptide repeat protein QnrB family","quinolone resistance pentapeptide repeat protein QnrS2",,"quinolone","quinolone",,100,100,100,
"RGI: protein homolog model","Antibiotic Resistance","CARD","562.42634","Escherichia coli strain 100","fig|562.42634.peg.4553",,,"1856",,,"Pentapeptide repeat protein QnrB family => Quinolone resistance protein QnrB10","QnrB20","antibiotic target protection","fluoroquinolone","ciprofloxacin;levofloxacin;moxifloxacin;gatifloxacin;nalidixic acid;norfloxacin;sparfloxacin",,94,100,99,"2.43194e-160"
"K-mer Search","Antibiotic Resistance","PATRIC","562.100232","Escherichia coli c4c735ce-7bb8-11e9-a8d3-68b59976a384","fig|562.100232.peg.4975",,,,,"QnrB family","Pentapeptide repeat protein QnrB family","Pentapeptide repeat protein QnrB family","antibiotic target protection protein","Fluoroquinolones Quinolones Quinolines","ciprofloxacin;gatifloxacin;levofloxacin;moxifloxacin;nalidixic acid;norfloxacin;sparfloxacin","11943863",,,,
"BLAT","Antibiotic Resistance","CARD","562.57417","Escherichia coli strain W2_2_ERB4","fig|562.57417.peg.4328",,,"ABG56870.1","Klebsiella pneumoniae","QnrS1","Pentapeptide repeat protein QnrB family",,"antibiotic target protection protein,fluoroquinolone resistance gene",,,,100,100,100,"1e-129"
"AMRFinderPlus: ALLELEP","Antibiotic Resistance","NDARO","562.57443","Escherichia coli strain F1_8_ERG5","fig|562.57443.peg.5323",,,"WP_001516695.1",,,"Pentapeptide repeat protein QnrB family","quinolone resistance pentapeptide repeat protein QnrS1",,"quinolone","quinolone",,100,100,100,
"BLAT","Antibiotic Resistance","NDARO","562.42818","Escherichia coli strain M8","fig|562.42818.peg.292",,,"WP_032492467.1","Enterobacteriaceae",,"Pentapeptide repeat protein QnrB family => Quinolone resistance protein QnrB10","MULTISPECIES: quinolone resistance pentapeptide repeat protein QnrB10","",,,,100,94,99,"1e-123"
"AMRFinderPlus: ALLELEP","Antibiotic Resistance","NDARO","562.97109","Escherichia coli VRES1346","fig|562.97109.peg.4436",,,"WP_001516695.1",,,"Pentapeptide repeat protein QnrB family","quinolone resistance pentapeptide repeat protein QnrS1",,"quinolone","quinolone",,100,100,100,
"BLAT","Antibiotic Resistance","NDARO","562.57439","Escherichia coli strain W3_1_ERB5","fig|562.57439.peg.1114",,,"WP_001516695.1","Gammaproteobacteria",,"Pentapeptide repeat protein QnrB family","MULTISPECIES: quinolone resistance pentapeptide repeat protein QnrS1","",,,,100,100,100,"1e-129"
"AMRFinderPlus: ALLELEP","Antibiotic Resistance","NDARO","562.57461","Escherichia coli strain W2_15_ERB1","fig|562.57461.peg.4880",,,"WP_001516695.1",,,"Pentapeptide repeat protein QnrB family","quinolone resistance pentapeptide repeat protein QnrS1",,"quinolone","quinolone",,100,100,100,
"BLAT","Antibiotic Resistance","NDARO","562.100374","Escherichia coli 093ec334-7bb9-11e9-a8d3-68b59976a384","fig|562.100374.peg.5091",,,"WP_001516695.1","Gammaproteobacteria",,"Pentapeptide repeat protein QnrB family","MULTISPECIES: quinolone resistance pentapeptide repeat protein QnrS1","",,,,100,100,100,"1e-129"
"K-mer Search","Antibiotic Resistance","PATRIC","562.97105","Escherichia coli VRES1352","fig|562.97105.peg.4466",,,,,"QnrB family","Pentapeptide repeat protein QnrB family","Pentapeptide repeat protein QnrB family","antibiotic target protection protein","Fluoroquinolones Quinolones Quinolines","ciprofloxacin;gatifloxacin;levofloxacin;moxifloxacin;nalidixic acid;norfloxacin;sparfloxacin","11943863",,,,
"RGI: protein homolog model","Antibiotic Resistance","CARD","562.56762","Escherichia coli strain 1041-14","fig|562.56762.peg.3622","PU70_20305",,"417",,,"Pentapeptide repeat protein QnrB family => Quinolone resistance protein QnrB10","QnrB6","antibiotic target protection","fluoroquinolone","ciprofloxacin;levofloxacin;moxifloxacin;gatifloxacin;nalidixic acid;norfloxacin;sparfloxacin",,100,100,100,"1.34748e-170"
"K-mer Search","Antibiotic Resistance","PATRIC","562.57424","Escherichia coli strain W2_3_ERB9","fig|562.57424.peg.1614",,,,,"QnrB family","Pentapeptide repeat protein QnrB family","Pentapeptide repeat protein QnrB family","antibiotic target protection protein","Fluoroquinolones Quinolones Quinolines","ciprofloxacin;gatifloxacin;levofloxacin;moxifloxacin;nalidixic acid;norfloxacin;sparfloxacin","11943863",,,,
"BLAT","Antibiotic Resistance","CARD","562.100160","Escherichia coli fc69f142-7bb8-11e9-a8d3-68b59976a384","fig|562.100160.peg.5249",,,"ABG56870.1","Klebsiella pneumoniae","QnrS1","Pentapeptide repeat protein QnrB family",,"antibiotic target protection protein,fluoroquinolone resistance gene",,,,100,100,100,"1e-129"
"K-mer Search","Antibiotic Resistance","PATRIC","562.45628","Escherichia coli strain EC_33_B","fig|562.45628.peg.3995","EXX31_24445",,,,"QnrB family","Pentapeptide repeat protein QnrB family","Pentapeptide repeat protein QnrB family","antibiotic target protection protein","Fluoroquinolones Quinolones Quinolines","ciprofloxacin;gatifloxacin;levofloxacin;moxifloxacin;nalidixic acid;norfloxacin;sparfloxacin","11943863",,,,
"AMRFinderPlus: ALLELEP","Antibiotic Resistance","NDARO","562.135575","Escherichia coli MGL_118","fig|562.135575.peg.4732","R2R64_16340",,"WP_001516695.1",,,"Pentapeptide repeat protein QnrB family","quinolone resistance pentapeptide repeat protein QnrS1",,"quinolone","quinolone",,100,100,100,
"RGI: protein homolog model","Antibiotic Resistance","CARD","562.97114","Escherichia coli VRES1353","fig|562.97114.peg.4442",,,"381",,,"Pentapeptide repeat protein QnrB family","QnrS1","antibiotic target protection","fluoroquinolone","ciprofloxacin;levofloxacin;moxifloxacin;gatifloxacin;nalidixic acid;norfloxacin;sparfloxacin",,100,100,100,"1.18559e-166"
"AMRFinderPlus: ALLELEP","Antibiotic Resistance","NDARO","562.100374","Escherichia coli 093ec334-7bb9-11e9-a8d3-68b59976a384","fig|562.100374.peg.5091","AWG52_27070",,"WP_001516695.1",,,"Pentapeptide repeat protein QnrB family","quinolone resistance pentapeptide repeat protein QnrS1",,"quinolone","quinolone",,100,100,100,
"BLAT","Antibiotic Resistance","CARD","562.42686","Escherichia coli strain 24","fig|562.42686.peg.4753",,,"ABG56870.1","Klebsiella pneumoniae","QnrS1","Pentapeptide repeat protein QnrB family",,"antibiotic target protection protein,fluoroquinolone resistance gene",,,,100,100,100,"1e-129"
"K-mer Search","Antibiotic Resistance","PATRIC","562.22521","Escherichia coli O166:H15 strain ECO0095","fig|562.22521.peg.4715",,,,,,"Pentapeptide repeat protein QnrB family => Quinolone resistance protein QnrB10",,"antibiotic target protection protein","fluoroquinolones quinolones quinolines","ciprofloxacin;gatifloxacin;levofloxacin;moxifloxacin;nalidixic acid;norfloxacin;sparfloxacin","17938184",,,,
"BLAT","Antibiotic Resistance","NDARO","562.56841","Escherichia coli strain 50-16","fig|562.56841.peg.5916",,,"WP_012954666.1","Gammaproteobacteria",,"Pentapeptide repeat protein QnrB family => Quinolone resistance protein QnrB10","MULTISPECIES: quinolone resistance pentapeptide repeat protein QnrB19","",,,,92,100,100,"1e-114"
"BLAT","Antibiotic Resistance","CARD","562.97029","Escherichia coli VRES1198","fig|562.97029.peg.5004",,,"ABG56870.1","Klebsiella pneumoniae","QnrS1","Pentapeptide repeat protein QnrB family",,"antibiotic target protection protein,fluoroquinolone resistance gene",,,,100,100,100,"1e-129"
"K-mer Search","Antibiotic Resistance","PATRIC","562.57386","Escherichia coli strain W1_3_ERB1","fig|562.57386.peg.4997",,,,,"QnrB family","Pentapeptide repeat protein QnrB family","Pentapeptide repeat protein QnrB family","antibiotic target protection protein","Fluoroquinolones Quinolones Quinolines","ciprofloxacin;gatifloxacin;levofloxacin;moxifloxacin;nalidixic acid;norfloxacin;sparfloxacin","11943863",,,,
"K-mer Search","Antibiotic Resistance","PATRIC","562.97017","Escherichia coli VREC1123","fig|562.97017.peg.4982",,,,,"QnrB family","Pentapeptide repeat protein QnrB family","Pentapeptide repeat protein QnrB family","antibiotic target protection protein","Fluoroquinolones Quinolones Quinolines","ciprofloxacin;gatifloxacin;levofloxacin;moxifloxacin;nalidixic acid;norfloxacin;sparfloxacin","11943863",,,,
"K-mer Search","Antibiotic Resistance","PATRIC","562.100601","Escherichia coli 2881ab80-7bb9-11e9-a8d3-68b59976a384","fig|562.100601.peg.4636",,,,,"QnrB10","Pentapeptide repeat protein QnrB family => Quinolone resistance protein QnrB10","Pentapeptide repeat protein QnrB family => Quinolone resistance protein QnrB10","antibiotic target protection protein","Fluoroquinolones Quinolones Quinolines","ciprofloxacin;gatifloxacin;levofloxacin;moxifloxacin;nalidixic acid;norfloxacin;sparfloxacin","17938184",,,,
"BLAT","Antibiotic Resistance","CARD","562.57461","Escherichia coli strain W2_15_ERB1","fig|562.57461.peg.4880",,,"ABG56870.1","Klebsiella pneumoniae","QnrS1","Pentapeptide repeat protein QnrB family",,"antibiotic target protection protein,fluoroquinolone resistance gene",,,,100,100,100,"1e-129"
"RGI: protein homolog model","Antibiotic Resistance","CARD","562.42741","Escherichia coli strain 412","fig|562.42741.peg.5041",,,"1707",,,"Pentapeptide repeat protein QnrB family => Quinolone resistance protein QnrB10","QnrB4","antibiotic target protection","fluoroquinolone","ciprofloxacin;levofloxacin;moxifloxacin;gatifloxacin;nalidixic acid;norfloxacin;sparfloxacin",,100,99,100,"4.70475e-160"
"BLAT","Antibiotic Resistance","NDARO","562.100014","Escherichia coli 8b1c8fea-7bb8-11e9-a8d3-68b59976a384","fig|562.100014.peg.4544",,,"WP_001516695.1","Gammaproteobacteria",,"Pentapeptide repeat protein QnrB family","MULTISPECIES: quinolone resistance pentapeptide repeat protein QnrS1","",,,,100,100,100,"1e-129"
"RGI: protein homolog model","Antibiotic Resistance","CARD","562.57420","Escherichia coli strain W2_4_ERB1","fig|562.57420.peg.4800",,,"381",,,"Pentapeptide repeat protein QnrB family","QnrS1","antibiotic target protection","fluoroquinolone","ciprofloxacin;levofloxacin;moxifloxacin;gatifloxacin;nalidixic acid;norfloxacin;sparfloxacin",,100,100,100,"1.18559e-166"
"K-mer Search","Antibiotic Resistance","PATRIC","562.56771","Escherichia coli strain 1043-14","fig|562.56771.peg.4921",,,,,"QnrB family","Pentapeptide repeat protein QnrB family","Pentapeptide repeat protein QnrB family","antibiotic target protection protein","Fluoroquinolones Quinolones Quinolines","ciprofloxacin;gatifloxacin;levofloxacin;moxifloxacin;nalidixic acid;norfloxacin;sparfloxacin","11943863",,,,
"RGI: protein homolog model","Antibiotic Resistance","CARD","562.100014","Escherichia coli 8b1c8fea-7bb8-11e9-a8d3-68b59976a384","fig|562.100014.peg.4544","ShiD9_010100016065",,"381",,,"Pentapeptide repeat protein QnrB family","QnrS1","antibiotic target protection","fluoroquinolone","ciprofloxacin;levofloxacin;moxifloxacin;gatifloxacin;nalidixic acid;norfloxacin;sparfloxacin",,100,100,100,"1.18559e-166"
"RGI: protein homolog model","Antibiotic Resistance","CARD","562.59225","Escherichia coli strain PBIO1937","fig|562.59225.peg.4361","HFC66_22170",,"417",,,"Pentapeptide repeat protein QnrB family => Quinolone resistance protein QnrB10","QnrB6","antibiotic target protection","fluoroquinolone","ciprofloxacin;levofloxacin;moxifloxacin;gatifloxacin;nalidixic acid;norfloxacin;sparfloxacin",,100,100,100,"1.34748e-170"
"AMRFinderPlus: BLASTP","Antibiotic Resistance","NDARO","562.42692","Escherichia coli strain 248","fig|562.42692.peg.5411",,,"WP_017900990.1",,,"Pentapeptide repeat protein QnrB family => Quinolone resistance protein QnrB10","QnrB family quinolone resistance pentapeptide repeat protein",,"quinolone","quinolone",,100,99,100,
"RGI: protein homolog model","Antibiotic Resistance","CARD","562.97028","Escherichia coli VRES1199","fig|562.97028.peg.4977",,,"381",,,"Pentapeptide repeat protein QnrB family","QnrS1","antibiotic target protection","fluoroquinolone","ciprofloxacin;levofloxacin;moxifloxacin;gatifloxacin;nalidixic acid;norfloxacin;sparfloxacin",,100,100,100,"1.18559e-166"
"AMRFinderPlus: ALLELEP","Antibiotic Resistance","NDARO","562.57370","Escherichia coli strain PB198","fig|562.57370.peg.4876",,,"WP_001516695.1",,,"Pentapeptide repeat protein QnrB family","quinolone resistance pentapeptide repeat protein QnrS1",,"quinolone","quinolone",,100,100,100,
"K-mer Search","Antibiotic Resistance","PATRIC","562.45632","Escherichia coli strain EC_32","fig|562.45632.peg.4355","EXX30_24685",,,,"QnrB family","Pentapeptide repeat protein QnrB family","Pentapeptide repeat protein QnrB family","antibiotic target protection protein","Fluoroquinolones Quinolones Quinolines","ciprofloxacin;gatifloxacin;levofloxacin;moxifloxacin;nalidixic acid;norfloxacin;sparfloxacin","11943863",,,,
"BLAT","Antibiotic Resistance","NDARO","562.42686","Escherichia coli strain 24","fig|562.42686.peg.4753",,,"WP_001516695.1","Gammaproteobacteria",,"Pentapeptide repeat protein QnrB family","MULTISPECIES: quinolone resistance pentapeptide repeat protein QnrS1","",,,,100,100,100,"1e-129"
"RGI: protein homolog model","Antibiotic Resistance","CARD","562.45605","Escherichia coli strain EC_74","fig|562.45605.peg.4136","EXX70_23165",,"381",,,"Pentapeptide repeat protein QnrB family","QnrS1","antibiotic target protection","fluoroquinolone","ciprofloxacin;levofloxacin;moxifloxacin;gatifloxacin;nalidixic acid;norfloxacin;sparfloxacin",,100,100,100,"1.18559e-166"
"AMRFinderPlus: ALLELEP","Antibiotic Resistance","NDARO","562.57389","Escherichia coli strain W1_5_ERP10B","fig|562.57389.peg.4518",,,"WP_001516695.1",,,"Pentapeptide repeat protein QnrB family","quinolone resistance pentapeptide repeat protein QnrS1",,"quinolone","quinolone",,100,100,100,
"BLAT","Antibiotic Resistance","NDARO","562.97025","Escherichia coli VRES1200","fig|562.97025.peg.5007",,,"WP_001516695.1","Gammaproteobacteria",,"Pentapeptide repeat protein QnrB family","MULTISPECIES: quinolone resistance pentapeptide repeat protein QnrS1","",,,,100,100,100,"1e-129"
"BLAT","Antibiotic Resistance","NDARO","562.42702","Escherichia coli strain 279","fig|562.42702.peg.5056",,,"WP_001516695.1","Gammaproteobacteria",,"Pentapeptide repeat protein QnrB family","MULTISPECIES: quinolone resistance pentapeptide repeat protein QnrS1","",,,,100,100,100,"1e-129"
"AMRFinderPlus: BLASTP","Antibiotic Resistance","NDARO","562.96745","Escherichia coli VREC0905","fig|562.96745.peg.4946",,,"WP_012954666.1",,,"Pentapeptide repeat protein QnrB family => Quinolone resistance protein QnrB10","QnrB family quinolone resistance pentapeptide repeat protein",,"quinolone","quinolone",,100,94,100,
"BLAT","Antibiotic Resistance","NDARO","562.57419","Escherichia coli strain W2_4_ERB4","fig|562.57419.peg.4623",,,"WP_001516695.1","Gammaproteobacteria",,"Pentapeptide repeat protein QnrB family","MULTISPECIES: quinolone resistance pentapeptide repeat protein QnrS1","",,,,100,100,100,"1e-129"
"AMRFinderPlus: ALLELEP","Antibiotic Resistance","NDARO","562.42648","Escherichia coli strain 149","fig|562.42648.peg.4938",,,"WP_001516695.1",,,"Pentapeptide repeat protein QnrB family","quinolone resistance pentapeptide repeat protein QnrS1",,"quinolone","quinolone",,100,100,100,
"RGI: protein homolog model","Antibiotic Resistance","CARD","562.145070","Escherichia coli PT_EC0050","fig|562.145070.peg.5222",,,"139",,,"Pentapeptide repeat protein QnrB family => Quinolone resistance protein QnrB10","QnrB10","antibiotic target protection","fluoroquinolone","ciprofloxacin;levofloxacin;moxifloxacin;gatifloxacin;nalidixic acid;norfloxacin;sparfloxacin",,,,,
"AMRFinderPlus: ALLELEP","Antibiotic Resistance","NDARO","562.58784","Escherichia coli strain ENV326","fig|562.58784.peg.4899",,,"WP_001516695.1",,,"Pentapeptide repeat protein QnrB family","quinolone resistance pentapeptide repeat protein QnrS1",,"quinolone","quinolone",,100,100,100,
"BLAT","Antibiotic Resistance","CARD","562.45596","Escherichia coli strain EC_90","fig|562.45596.peg.5218","EXX84_24420",,"ABG56870.1","Klebsiella pneumoniae","QnrS1","Pentapeptide repeat protein QnrB family",,"antibiotic target protection protein,fluoroquinolone resistance gene",,,,100,100,99,"1e-128"
"RGI: protein homolog model","Antibiotic Resistance","CARD","562.57368","Escherichia coli strain PB163","fig|562.57368.peg.4591",,,"381",,,"Pentapeptide repeat protein QnrB family","QnrS1","antibiotic target protection","fluoroquinolone","ciprofloxacin;levofloxacin;moxifloxacin;gatifloxacin;nalidixic acid;norfloxacin;sparfloxacin",,100,100,100,"1.18559e-166"
"BLAT","Antibiotic Resistance","CARD","562.57386","Escherichia coli strain W1_3_ERB1","fig|562.57386.peg.4997",,,"ABG56870.1","Klebsiella pneumoniae","QnrS1","Pentapeptide repeat protein QnrB family",,"antibiotic target protection protein,fluoroquinolone resistance gene",,,,100,100,100,"1e-129"
"RGI: protein homolog model","Antibiotic Resistance","CARD","562.45660","Escherichia coli strain EC_38","fig|562.45660.peg.4560","EXX38_24370",,"381",,,"Pentapeptide repeat protein QnrB family","QnrS1","antibiotic target protection","fluoroquinolone","ciprofloxacin;levofloxacin;moxifloxacin;gatifloxacin;nalidixic acid;norfloxacin;sparfloxacin",,100,100,100,"1.18559e-166"
"BLAT","Antibiotic Resistance","NDARO","562.42741","Escherichia coli strain 412","fig|562.42741.peg.5041",,,"WP_004193258.1","Gammaproteobacteria",,"Pentapeptide repeat protein QnrB family => Quinolone resistance protein QnrB10","MULTISPECIES: quinolone resistance pentapeptide repeat protein QnrB4","",,,,100,100,100,"1e-124"
"BLAT","Antibiotic Resistance","CARD","562.45615","Escherichia coli strain EC_27","fig|562.45615.peg.4128","EXX25_24130",,"ABG56870.1","Klebsiella pneumoniae","QnrS1","Pentapeptide repeat protein QnrB family",,"antibiotic target protection protein,fluoroquinolone resistance gene",,,,100,100,100,"1e-129"
"K-mer Search","Antibiotic Resistance","PATRIC","562.56841","Escherichia coli strain 50-16","fig|562.56841.peg.6386",,,,,"QnrB10","Pentapeptide repeat protein QnrB family => Quinolone resistance protein QnrB10","Pentapeptide repeat protein QnrB family => Quinolone resistance protein QnrB10","antibiotic target protection protein","Fluoroquinolones Quinolones Quinolines","ciprofloxacin;gatifloxacin;levofloxacin;moxifloxacin;nalidixic acid;norfloxacin;sparfloxacin","17938184",,,,
"BLAT","Antibiotic Resistance","NDARO","562.57428","Escherichia coli strain W2_5_ERB6","fig|562.57428.peg.4409",,,"WP_001516695.1","Gammaproteobacteria",,"Pentapeptide repeat protein QnrB family","MULTISPECIES: quinolone resistance pentapeptide repeat protein QnrS1","",,,,100,100,100,"1e-129"
"K-mer Search","Antibiotic Resistance","PATRIC","562.135591","Escherichia coli 20200203_MGL_12","fig|562.135591.peg.5026",,,,,"QnrB family","Pentapeptide repeat protein QnrB family","Pentapeptide repeat protein QnrB family","antibiotic target protection protein","Fluoroquinolones Quinolones Quinolines","ciprofloxacin;gatifloxacin;levofloxacin;moxifloxacin;nalidixic acid;norfloxacin;sparfloxacin","11943863",,,,
"BLAT","Antibiotic Resistance","CARD","562.57402","Escherichia coli strain W2_11_ERB1","fig|562.57402.peg.4430",,,"ABG56870.1","Klebsiella pneumoniae","QnrS1","Pentapeptide repeat protein QnrB family",,"antibiotic target protection protein,fluoroquinolone resistance gene",,,,100,100,100,"1e-129"
"BLAT","Antibiotic Resistance","NDARO","562.97021","Escherichia coli VRES1195","fig|562.97021.peg.4996",,,"WP_001516695.1","Gammaproteobacteria",,"Pentapeptide repeat protein QnrB family","MULTISPECIES: quinolone resistance pentapeptide repeat protein QnrS1","",,,,100,100,100,"1e-129"
"BLAT","Antibiotic Resistance","CARD","562.59229","Escherichia coli strain PBIO1948","fig|562.59229.peg.4692",,,"ABP87778.1","Pantoea agglomerans","QnrB6","Pentapeptide repeat protein QnrB family => Quinolone resistance protein QnrB10",,"antibiotic target protection protein,fluoroquinolone resistance gene",,,,100,100,100,"1e-131"
"BLAT","Antibiotic Resistance","CARD","562.57490","Escherichia coli strain PB305","fig|562.57490.peg.4000",,,"ABG56870.1","Klebsiella pneumoniae","QnrS1","Pentapeptide repeat protein QnrB family",,"antibiotic target protection protein,fluoroquinolone resistance gene",,,,100,100,100,"1e-129"
"BLAT","Antibiotic Resistance","NDARO","562.59223","Escherichia coli strain PBIO711","fig|562.59223.peg.4670",,,"WP_001749994.1","Enterobacterales",,"Pentapeptide repeat protein QnrB family => Quinolone resistance protein QnrB10","MULTISPECIES: quinolone resistance pentapeptide repeat protein QnrB6","",,,,100,94,100,"1e-124"
"BLAT","Antibiotic Resistance","NDARO","562.73383","Escherichia coli strain BB1443","fig|562.73383.peg.5499","JFD_05362",,"WP_012579084.1","Enterobacterales","pipB2_2","Pentapeptide repeat protein QnrB family","MULTISPECIES: quinolone resistance pentapeptide repeat protein QnrA1","",,,,100,100,100,"1e-130"
"K-mer Search","Antibiotic Resistance","PATRIC","562.56841","Escherichia coli strain 50-16","fig|562.56841.peg.6377",,,,,"QnrB10","Pentapeptide repeat protein QnrB family => Quinolone resistance protein QnrB10","Pentapeptide repeat protein QnrB family => Quinolone resistance protein QnrB10","antibiotic target protection protein","Fluoroquinolones Quinolones Quinolines","ciprofloxacin;gatifloxacin;levofloxacin;moxifloxacin;nalidixic acid;norfloxacin;sparfloxacin","17938184",,,,
"K-mer Search","Antibiotic Resistance","PATRIC","562.100884","Escherichia coli cf4ce2b8-7bb9-11e9-a8d3-68b59976a384","fig|562.100884.peg.4654",,,,,"QnrB family","Pentapeptide repeat protein QnrB family","Pentapeptide repeat protein QnrB family","antibiotic target protection protein","Fluoroquinolones Quinolones Quinolines","ciprofloxacin;gatifloxacin;levofloxacin;moxifloxacin;nalidixic acid;norfloxacin;sparfloxacin","11943863",,,,
"AMRFinderPlus: BLASTP","Antibiotic Resistance","NDARO","562.96439","Escherichia coli VREC0650","fig|562.96439.peg.4629","MMN38_10290",,"WP_012954666.1",,,"Pentapeptide repeat protein QnrB family => Quinolone resistance protein QnrB10","QnrB family quinolone resistance pentapeptide repeat protein",,"quinolone","quinolone",,100,94,100,
"BLAT","Antibiotic Resistance","CARD","562.100935","Escherichia coli 2a5eec42-7bb9-11e9-a8d3-68b59976a384","fig|562.100935.peg.4885",,,"ABC17630.2","Escherichia coli","QnrB4","Pentapeptide repeat protein QnrB family => Quinolone resistance protein QnrB10",,"antibiotic target protection protein,fluoroquinolone resistance gene",,,,100,100,100,"1e-124"
"BLAT","Antibiotic Resistance","CARD","562.31452","Escherichia coli strain KCRI-44 strain RDK37_44","fig|562.31452.peg.4120",,,"ABG56870.1","Klebsiella pneumoniae","QnrS1","Pentapeptide repeat protein QnrB family",,"antibiotic target protection protein,fluoroquinolone resistance gene",,,,100,100,100,"1e-129"
"AMRFinderPlus: ALLELEP","Antibiotic Resistance","NDARO","562.57393","Escherichia coli strain W1_4_ERB1","fig|562.57393.peg.4564",,,"WP_001516695.1",,,"Pentapeptide repeat protein QnrB family","quinolone resistance pentapeptide repeat protein QnrS1",,"quinolone","quinolone",,100,100,100,
"RGI: protein homolog model","Antibiotic Resistance","CARD","562.57417","Escherichia coli strain W2_2_ERB4","fig|562.57417.peg.4328",,,"381",,,"Pentapeptide repeat protein QnrB family","QnrS1","antibiotic target protection","fluoroquinolone","ciprofloxacin;levofloxacin;moxifloxacin;gatifloxacin;nalidixic acid;norfloxacin;sparfloxacin",,100,100,100,"1.18559e-166"
"AMRFinderPlus: ALLELEP","Antibiotic Resistance","NDARO","562.42634","Escherichia coli strain 100","fig|562.42634.peg.4553",,,"WP_012695489.1",,,"Pentapeptide repeat protein QnrB family => Quinolone resistance protein QnrB10","quinolone resistance pentapeptide repeat protein QnrB2",,"quinolone","quinolone",,100,100,100,
"BLAT","Antibiotic Resistance","CARD","562.57506","Escherichia coli strain PB456","fig|562.57506.peg.5007",,,"ABG56870.1","Klebsiella pneumoniae","QnrS1","Pentapeptide repeat protein QnrB family",,"antibiotic target protection protein,fluoroquinolone resistance gene",,,,100,100,100,"1e-129"
"RGI: protein homolog model","Antibiotic Resistance","CARD","562.42692","Escherichia coli strain 248","fig|562.42692.peg.5411",,,"1707",,,"Pentapeptide repeat protein QnrB family => Quinolone resistance protein QnrB10","QnrB4","antibiotic target protection","fluoroquinolone","ciprofloxacin;levofloxacin;moxifloxacin;gatifloxacin;nalidixic acid;norfloxacin;sparfloxacin",,100,99,100,"4.70475e-160"
"BLAT","Antibiotic Resistance","CARD","562.45964","Escherichia coli strain URMC_26","fig|562.45964.peg.5520","ELV28_25695",,"ABG56870.1","Klebsiella pneumoniae","QnrS1","Pentapeptide repeat protein QnrB family",,"antibiotic target protection protein,fluoroquinolone resistance gene",,,,100,100,100,"1e-129"
"RGI: protein homolog model","Antibiotic Resistance","CARD","562.31452","Escherichia coli strain KCRI-44 strain RDK37_44","fig|562.31452.peg.4120","SAMEA3753303_04769",,"381",,,"Pentapeptide repeat protein QnrB family","QnrS1","antibiotic target protection","fluoroquinolone","ciprofloxacin;levofloxacin;moxifloxacin;gatifloxacin;nalidixic acid;norfloxacin;sparfloxacin",,100,100,100,"1.18559e-166"
"K-mer Search","Antibiotic Resistance","PATRIC","562.42763","Escherichia coli strain M1","fig|562.42763.peg.4744",,,,,"QnrB family","Pentapeptide repeat protein QnrB family","Pentapeptide repeat protein QnrB family","antibiotic target protection protein","Fluoroquinolones Quinolones Quinolines","ciprofloxacin;gatifloxacin;levofloxacin;moxifloxacin;nalidixic acid;norfloxacin;sparfloxacin","11943863",,,,
"BLAT","Antibiotic Resistance","CARD","562.59225","Escherichia coli strain PBIO1937","fig|562.59225.peg.4361",,,"ABP87778.1","Pantoea agglomerans","QnrB6","Pentapeptide repeat protein QnrB family => Quinolone resistance protein QnrB10",,"antibiotic target protection protein,fluoroquinolone resistance gene",,,,100,100,100,"1e-131"
"K-mer Search","Antibiotic Resistance","PATRIC","562.57396","Escherichia coli strain W1_7_ERB9","fig|562.57396.peg.4344",,,,,"QnrB family","Pentapeptide repeat protein QnrB family","Pentapeptide repeat protein QnrB family","antibiotic target protection protein","Fluoroquinolones Quinolones Quinolines","ciprofloxacin;gatifloxacin;levofloxacin;moxifloxacin;nalidixic acid;norfloxacin;sparfloxacin","11943863",,,,
"BLAT","Antibiotic Resistance","NDARO","562.97100","Escherichia coli VREC1233","fig|562.97100.peg.4427",,,"WP_001516695.1","Gammaproteobacteria",,"Pentapeptide repeat protein QnrB family","MULTISPECIES: quinolone resistance pentapeptide repeat protein QnrS1","",,,,100,100,100,"1e-129"
"AMRFinderPlus: ALLELEP","Antibiotic Resistance","NDARO","562.57424","Escherichia coli strain W2_3_ERB9","fig|562.57424.peg.1614",,,"WP_001516695.1",,,"Pentapeptide repeat protein QnrB family","quinolone resistance pentapeptide repeat protein QnrS1",,"quinolone","quinolone",,100,100,100,
"AMRFinderPlus: ALLELEP","Antibiotic Resistance","NDARO","562.7666","Escherichia coli strain 702566","fig|562.7666.peg.5031","ERS139225_04891",,"WP_001516695.1",,"pipB2_2","Pentapeptide repeat protein QnrB family","quinolone resistance pentapeptide repeat protein QnrS1",,"quinolone","quinolone",,100,100,100,
"AMRFinderPlus: ALLELEP","Antibiotic Resistance","NDARO","562.57391","Escherichia coli strain W1_4_ERB5","fig|562.57391.peg.4464",,,"WP_001516695.1",,,"Pentapeptide repeat protein QnrB family","quinolone resistance pentapeptide repeat protein QnrS1",,"quinolone","quinolone",,100,100,100,
"BLAT","Antibiotic Resistance","NDARO","562.57510","Escherichia coli strain PB63","fig|562.57510.peg.4669",,,"WP_001516695.1","Gammaproteobacteria",,"Pentapeptide repeat protein QnrB family","MULTISPECIES: quinolone resistance pentapeptide repeat protein QnrS1","",,,,100,100,100,"1e-129"
"K-mer Search","Antibiotic Resistance","PATRIC","562.57510","Escherichia coli strain PB63","fig|562.57510.peg.4669",,,,,"QnrB family","Pentapeptide repeat protein QnrB family","Pentapeptide repeat protein QnrB family","antibiotic target protection protein","Fluoroquinolones Quinolones Quinolines","ciprofloxacin;gatifloxacin;levofloxacin;moxifloxacin;nalidixic acid;norfloxacin;sparfloxacin","11943863",,,,
"BLAT","Antibiotic Resistance","NDARO","562.42724","Escherichia coli strain 363","fig|562.42724.peg.4169",,,"WP_001516695.1","Gammaproteobacteria",,"Pentapeptide repeat protein QnrB family","MULTISPECIES: quinolone resistance pentapeptide repeat protein QnrS1","",,,,100,100,100,"1e-129"
"RGI: protein homolog model","Antibiotic Resistance","CARD","562.97025","Escherichia coli VRES1200","fig|562.97025.peg.5007",,,"381",,,"Pentapeptide repeat protein QnrB family","QnrS1","antibiotic target protection","fluoroquinolone","ciprofloxacin;levofloxacin;moxifloxacin;gatifloxacin;nalidixic acid;norfloxacin;sparfloxacin",,100,100,100,"1.18559e-166"
"RGI: protein homolog model","Antibiotic Resistance","CARD","562.42724","Escherichia coli strain 363","fig|562.42724.peg.4169",,,"381",,,"Pentapeptide repeat protein QnrB family","QnrS1","antibiotic target protection","fluoroquinolone","ciprofloxacin;levofloxacin;moxifloxacin;gatifloxacin;nalidixic acid;norfloxacin;sparfloxacin",,100,100,100,"1.18559e-166"
"BLAT","Antibiotic Resistance","CARD","562.57448","Escherichia coli strain F1_7_ERG10B","fig|562.57448.peg.4683",,,"ABG56870.1","Klebsiella pneumoniae","QnrS1","Pentapeptide repeat protein QnrB family",,"antibiotic target protection protein,fluoroquinolone resistance gene",,,,100,100,100,"1e-129"
"AMRFinderPlus: ALLELEP","Antibiotic Resistance","NDARO","562.57401","Escherichia coli strain W2_10_ERB10","fig|562.57401.peg.5140",,,"WP_001516695.1",,,"Pentapeptide repeat protein QnrB family","quinolone resistance pentapeptide repeat protein QnrS1",,"quinolone","quinolone",,100,100,100,
"BLAT","Antibiotic Resistance","CARD","562.145026","Escherichia coli PT_EC0194","fig|562.145026.peg.4661",,,"ABG56870.1","Klebsiella pneumoniae","QnrS1","Pentapeptide repeat protein QnrB family",,"antibiotic target protection protein,fluoroquinolone resistance gene",,,,100,100,100,"1e-129"
"RGI: protein homolog model","Antibiotic Resistance","CARD","562.100786","Escherichia coli 02173e4c-7bb9-11e9-a8d3-68b59976a384","fig|562.100786.peg.4868","AWG96_00515",,"381",,,"Pentapeptide repeat protein QnrB family","QnrS1","antibiotic target protection","fluoroquinolone","ciprofloxacin;levofloxacin;moxifloxacin;gatifloxacin;nalidixic acid;norfloxacin;sparfloxacin",,100,100,100,"1.18559e-166"
"AMRFinderPlus: ALLELEP","Antibiotic Resistance","NDARO","562.97030","Escherichia coli VREC1125","fig|562.97030.peg.4984",,,"WP_001516695.1",,,"Pentapeptide repeat protein QnrB family","quinolone resistance pentapeptide repeat protein QnrS1",,"quinolone","quinolone",,100,100,100,
"K-mer Search","Antibiotic Resistance","PATRIC","562.100374","Escherichia coli 093ec334-7bb9-11e9-a8d3-68b59976a384","fig|562.100374.peg.5091",,,,,"QnrB family","Pentapeptide repeat protein QnrB family","Pentapeptide repeat protein QnrB family","antibiotic target protection protein","Fluoroquinolones Quinolones Quinolines","ciprofloxacin;gatifloxacin;levofloxacin;moxifloxacin;nalidixic acid;norfloxacin;sparfloxacin","11943863",,,,
"BLAT","Antibiotic Resistance","NDARO","562.56854","Escherichia coli strain 52-16","fig|562.56854.peg.3583",,,"WP_001516695.1","Gammaproteobacteria",,"Pentapeptide repeat protein QnrB family","MULTISPECIES: quinolone resistance pentapeptide repeat protein QnrS1","",,,,100,100,100,"1e-129"
"K-mer Search","Antibiotic Resistance","PATRIC","562.45665","Escherichia coli strain EC_12","fig|562.45665.peg.3894","EXX14_21080",,,,"QnrB family","Pentapeptide repeat protein QnrB family","Pentapeptide repeat protein QnrB family","antibiotic target protection protein","Fluoroquinolones Quinolones Quinolines","ciprofloxacin;gatifloxacin;levofloxacin;moxifloxacin;nalidixic acid;norfloxacin;sparfloxacin","11943863",,,,
"BLAT","Antibiotic Resistance","NDARO","562.45964","Escherichia coli strain URMC_26","fig|562.45964.peg.5520","ELV28_25695",,"WP_001516695.1","Gammaproteobacteria",,"Pentapeptide repeat protein QnrB family","MULTISPECIES: quinolone resistance pentapeptide repeat protein QnrS1","",,,,100,100,100,"1e-129"
"AMRFinderPlus: ALLELEP","Antibiotic Resistance","NDARO","562.57379","Escherichia coli strain PB514","fig|562.57379.peg.4963",,,"WP_001516695.1",,,"Pentapeptide repeat protein QnrB family","quinolone resistance pentapeptide repeat protein QnrS1",,"quinolone","quinolone",,100,100,100,
"BLAT","Antibiotic Resistance","CARD","562.100757","Escherichia coli 9d8376da-7bb8-11e9-a8d3-68b59976a384","fig|562.100757.peg.4708",,,"ABG56870.1","Klebsiella pneumoniae","QnrS1","Pentapeptide repeat protein QnrB family",,"antibiotic target protection protein,fluoroquinolone resistance gene",,,,100,100,100,"1e-129"
"BLAT","Antibiotic Resistance","NDARO","562.45605","Escherichia coli strain EC_74","fig|562.45605.peg.4136","EXX70_23165",,"WP_001516695.1","Gammaproteobacteria",,"Pentapeptide repeat protein QnrB family","MULTISPECIES: quinolone resistance pentapeptide repeat protein QnrS1","",,,,100,100,100,"1e-129"
"BLAT","Antibiotic Resistance","CARD","562.56841","Escherichia coli strain 50-16","fig|562.56841.peg.6386",,,"ABC17628.1","Salmonella enterica subsp. enterica serovar Berta","QnrB5","Pentapeptide repeat protein QnrB family => Quinolone resistance protein QnrB10",,"antibiotic target protection protein,fluoroquinolone resistance gene",,,,26,100,100,"7e-29"
"K-mer Search","Antibiotic Resistance","PATRIC","562.56841","Escherichia coli strain 50-16","fig|562.56841.peg.6367",,,,,"QnrB10","Pentapeptide repeat protein QnrB family => Quinolone resistance protein QnrB10","Pentapeptide repeat protein QnrB family => Quinolone resistance protein QnrB10","antibiotic target protection protein","Fluoroquinolones Quinolones Quinolines","ciprofloxacin;gatifloxacin;levofloxacin;moxifloxacin;nalidixic acid;norfloxacin;sparfloxacin","17938184",,,,
"RGI: protein homolog model","Antibiotic Resistance","CARD","562.96745","Escherichia coli VREC0905","fig|562.96745.peg.4946",,,"139",,,"Pentapeptide repeat protein QnrB family => Quinolone resistance protein QnrB10","QnrB10","antibiotic target protection","fluoroquinolone","ciprofloxacin;levofloxacin;moxifloxacin;gatifloxacin;nalidixic acid;norfloxacin;sparfloxacin",,,,,
"RGI: protein homolog model","Antibiotic Resistance","CARD","562.57241","Escherichia coli strain 24742_1#352","fig|562.57241.peg.4565",,,"381",,,"Pentapeptide repeat protein QnrB family","QnrS1","antibiotic target protection","fluoroquinolone","ciprofloxacin;levofloxacin;moxifloxacin;gatifloxacin;nalidixic acid;norfloxacin;sparfloxacin",,100,100,100,"1.18559e-166"
"RGI: protein homolog model","Antibiotic Resistance","CARD","562.73383","Escherichia coli strain BB1443","fig|562.73383.peg.5499","JFD_05362",,"1987",,"pipB2_2","Pentapeptide repeat protein QnrB family","QnrA1","antibiotic target protection","fluoroquinolone","ciprofloxacin;levofloxacin;moxifloxacin;gatifloxacin;nalidixic acid;norfloxacin;sparfloxacin",,100,100,100,"6.38938e-163"
"AMRFinderPlus: ALLELEP","Antibiotic Resistance","NDARO","562.42703","Escherichia coli strain 280","fig|562.42703.peg.4823",,,"WP_001516695.1",,,"Pentapeptide repeat protein QnrB family","quinolone resistance pentapeptide repeat protein QnrS1",,"quinolone","quinolone",,100,100,100,
"BLAT","Antibiotic Resistance","NDARO","562.98936","Escherichia coli a83901b6-7bb9-11e9-a8d3-68b59976a384","fig|562.98936.peg.5176",,,"WP_001516695.1","Gammaproteobacteria",,"Pentapeptide repeat protein QnrB family","MULTISPECIES: quinolone resistance pentapeptide repeat protein QnrS1","",,,,100,100,100,"1e-129"
"K-mer Search","Antibiotic Resistance","PATRIC","562.59227","Escherichia coli strain PBIO1949","fig|562.59227.peg.4342",,,,,"QnrB10","Pentapeptide repeat protein QnrB family => Quinolone resistance protein QnrB10","Pentapeptide repeat protein QnrB family => Quinolone resistance protein QnrB10","antibiotic target protection protein","Fluoroquinolones Quinolones Quinolines","ciprofloxacin;gatifloxacin;levofloxacin;moxifloxacin;nalidixic acid;norfloxacin;sparfloxacin","17938184",,,,
"AMRFinderPlus: ALLELEP","Antibiotic Resistance","NDARO","562.97110","Escherichia coli VRES1354","fig|562.97110.peg.4401",,,"WP_001516695.1",,,"Pentapeptide repeat protein QnrB family","quinolone resistance pentapeptide repeat protein QnrS1",,"quinolone","quinolone",,100,100,100,
"BLAT","Antibiotic Resistance","NDARO","562.57416","Escherichia coli strain W2_13_ERB6","fig|562.57416.peg.4741",,,"WP_001516695.1","Gammaproteobacteria",,"Pentapeptide repeat protein QnrB family","MULTISPECIES: quinolone resistance pentapeptide repeat protein QnrS1","",,,,100,100,100,"1e-129"
"K-mer Search","Antibiotic Resistance","PATRIC","562.73383","Escherichia coli strain BB1443","fig|562.73383.peg.5499","JFD_05362",,,,"QnrB family","Pentapeptide repeat protein QnrB family","Pentapeptide repeat protein QnrB family","antibiotic target protection protein","Fluoroquinolones Quinolones Quinolines","ciprofloxacin;gatifloxacin;levofloxacin;moxifloxacin;nalidixic acid;norfloxacin;sparfloxacin","11943863",,,,
"RGI: protein homolog model","Antibiotic Resistance","CARD","562.12961","Escherichia coli strain F1-8-ERB4","fig|562.12961.peg.2356","SAMEA3531867_05018",,"381",,"pipB2","Pentapeptide repeat protein QnrB family","QnrS1","antibiotic target protection","fluoroquinolone","ciprofloxacin;levofloxacin;moxifloxacin;gatifloxacin;nalidixic acid;norfloxacin;sparfloxacin",,100,100,100,"1.18559e-166"
"BLAT","Antibiotic Resistance","CARD","562.22521","Escherichia coli O166:H15 strain ECO0095","fig|562.22521.peg.4715",,,"AFA52645.1","Escherichia coli",,"Pentapeptide repeat protein QnrB family => Quinolone resistance protein QnrB10",,"antibiotic target protection protein,fluoroquinolone resistance gene",,,,100,100,99,"1e-131"
"K-mer Search","Antibiotic Resistance","PATRIC","562.45675","Escherichia coli strain EC_07","fig|562.45675.peg.4306","EXX04_23595",,,,"QnrB family","Pentapeptide repeat protein QnrB family","Pentapeptide repeat protein QnrB family","antibiotic target protection protein","Fluoroquinolones Quinolones Quinolines","ciprofloxacin;gatifloxacin;levofloxacin;moxifloxacin;nalidixic acid;norfloxacin;sparfloxacin","11943863",,,,
"BLAT","Antibiotic Resistance","CARD","562.23329","Escherichia coli O25:H4 strain ECO1092","fig|562.23329.peg.4925",,,"ABG56870.1","Klebsiella pneumoniae",,"Pentapeptide repeat protein QnrB family",,"antibiotic target protection protein,fluoroquinolone resistance gene",,,,100,100,100,"1e-129"
"AMRFinderPlus: ALLELEP","Antibiotic Resistance","NDARO","562.100757","Escherichia coli 9d8376da-7bb8-11e9-a8d3-68b59976a384","fig|562.100757.peg.4708","AWG92_19935",,"WP_001516695.1",,,"Pentapeptide repeat protein QnrB family","quinolone resistance pentapeptide repeat protein QnrS1",,"quinolone","quinolone",,100,100,100,
"K-mer Search","Antibiotic Resistance","PATRIC","562.100757","Escherichia coli 9d8376da-7bb8-11e9-a8d3-68b59976a384","fig|562.100757.peg.4708",,,,,"QnrB family","Pentapeptide repeat protein QnrB family","Pentapeptide repeat protein QnrB family","antibiotic target protection protein","Fluoroquinolones Quinolones Quinolines","ciprofloxacin;gatifloxacin;levofloxacin;moxifloxacin;nalidixic acid;norfloxacin;sparfloxacin","11943863",,,,
"BLAT","Antibiotic Resistance","NDARO","562.135575","Escherichia coli MGL_118","fig|562.135575.peg.4732",,,"WP_001516695.1","Gammaproteobacteria",,"Pentapeptide repeat protein QnrB family","MULTISPECIES: quinolone resistance pentapeptide repeat protein QnrS1","",,,,100,100,100,"1e-129"
"RGI: protein homolog model","Antibiotic Resistance","CARD","562.45594","Escherichia coli strain EC_76","fig|562.45594.peg.3241","EXX72_20000",,"381",,,"Pentapeptide repeat protein QnrB family","QnrS1","antibiotic target protection","fluoroquinolone","ciprofloxacin;levofloxacin;moxifloxacin;gatifloxacin;nalidixic acid;norfloxacin;sparfloxacin",,100,100,99,"1.18783e-165"
"K-mer Search","Antibiotic Resistance","PATRIC","562.45594","Escherichia coli strain EC_76","fig|562.45594.peg.3241","EXX72_20000",,,,"QnrB family","Pentapeptide repeat protein QnrB family","Pentapeptide repeat protein QnrB family","antibiotic target protection protein","Fluoroquinolones Quinolones Quinolines","ciprofloxacin;gatifloxacin;levofloxacin;moxifloxacin;nalidixic acid;norfloxacin;sparfloxacin","11943863",,,,
"AMRFinderPlus: ALLELEP","Antibiotic Resistance","NDARO","562.100884","Escherichia coli cf4ce2b8-7bb9-11e9-a8d3-68b59976a384","fig|562.100884.peg.4654","AWH01_14185",,"WP_001516695.1",,,"Pentapeptide repeat protein QnrB family","quinolone resistance pentapeptide repeat protein QnrS1",,"quinolone","quinolone",,100,100,100,
"AMRFinderPlus: ALLELEP","Antibiotic Resistance","NDARO","562.57392","Escherichia coli strain W1_5_ERB1","fig|562.57392.peg.4937",,,"WP_001516695.1",,,"Pentapeptide repeat protein QnrB family","quinolone resistance pentapeptide repeat protein QnrS1",,"quinolone","quinolone",,100,100,100,
"AMRFinderPlus: ALLELEP","Antibiotic Resistance","NDARO","562.97118","Escherichia coli VRES1351","fig|562.97118.peg.4458",,,"WP_001516695.1",,,"Pentapeptide repeat protein QnrB family","quinolone resistance pentapeptide repeat protein QnrS1",,"quinolone","quinolone",,100,100,100,
"BLAT","Antibiotic Resistance","NDARO","562.56851","Escherichia coli strain 51-16","fig|562.56851.peg.5100",,,"WP_001516695.1","Gammaproteobacteria",,"Pentapeptide repeat protein QnrB family","MULTISPECIES: quinolone resistance pentapeptide repeat protein QnrS1","",,,,100,100,100,"1e-129"
"AMRFinderPlus: ALLELEP","Antibiotic Resistance","NDARO","562.57396","Escherichia coli strain W1_7_ERB9","fig|562.57396.peg.4344",,,"WP_001516695.1",,,"Pentapeptide repeat protein QnrB family","quinolone resistance pentapeptide repeat protein QnrS1",,"quinolone","quinolone",,100,100,100,
"K-mer Search","Antibiotic Resistance","PATRIC","562.145037","Escherichia coli PT_EC0182","fig|562.145037.peg.4976",,,,,"QnrB10","Pentapeptide repeat protein QnrB family => Quinolone resistance protein QnrB10","Pentapeptide repeat protein QnrB family => Quinolone resistance protein QnrB10","antibiotic target protection protein","Fluoroquinolones Quinolones Quinolines","ciprofloxacin;gatifloxacin;levofloxacin;moxifloxacin;nalidixic acid;norfloxacin;sparfloxacin","17938184",,,,
"BLAT","Antibiotic Resistance","CARD","562.57420","Escherichia coli strain W2_4_ERB1","fig|562.57420.peg.4800",,,"ABG56870.1","Klebsiella pneumoniae","QnrS1","Pentapeptide repeat protein QnrB family",,"antibiotic target protection protein,fluoroquinolone resistance gene",,,,100,100,100,"1e-129"
"K-mer Search","Antibiotic Resistance","PATRIC","562.58774","Escherichia coli strain ENV190","fig|562.58774.peg.4662",,,,,"QnrB family","Pentapeptide repeat protein QnrB family","Pentapeptide repeat protein QnrB family","antibiotic target protection protein","Fluoroquinolones Quinolones Quinolines","ciprofloxacin;gatifloxacin;levofloxacin;moxifloxacin;nalidixic acid;norfloxacin;sparfloxacin","11943863",,,,
"RGI: protein homolog model","Antibiotic Resistance","CARD","562.57413","Escherichia coli strain W2_12_ERB4","fig|562.57413.peg.4696",,,"381",,,"Pentapeptide repeat protein QnrB family","QnrS1","antibiotic target protection","fluoroquinolone","ciprofloxacin;levofloxacin;moxifloxacin;gatifloxacin;nalidixic acid;norfloxacin;sparfloxacin",,100,100,100,"1.18559e-166"
"K-mer Search","Antibiotic Resistance","PATRIC","562.58626","Escherichia coli strain PH118","fig|562.58626.peg.3741",,,,,"QnrB family","Pentapeptide repeat protein QnrB family","Pentapeptide repeat protein QnrB family","antibiotic target protection protein","Fluoroquinolones Quinolones Quinolines","ciprofloxacin;gatifloxacin;levofloxacin;moxifloxacin;nalidixic acid;norfloxacin;sparfloxacin","11943863",,,,
"K-mer Search","Antibiotic Resistance","PATRIC","562.58736","Escherichia coli strain 15062645","fig|562.58736.peg.5107",,,,,"QnrB family","Pentapeptide repeat protein QnrB family","Pentapeptide repeat protein QnrB family","antibiotic target protection protein","Fluoroquinolones Quinolones Quinolines","ciprofloxacin;gatifloxacin;levofloxacin;moxifloxacin;nalidixic acid;norfloxacin;sparfloxacin","11943863",,,,
"BLAT","Antibiotic Resistance","CARD","562.73358","Escherichia coli strain BB1402","fig|562.73358.peg.5743","JFD_05543",,"ABI50486.1","Klebsiella pneumoniae","QnrA1","Pentapeptide repeat protein QnrB family",,"antibiotic target protection protein,fluoroquinolone resistance gene",,,,100,100,100,"1e-130"
"K-mer Search","Antibiotic Resistance","PATRIC","562.57480","Escherichia coli strain PB186","fig|562.57480.peg.4990",,,,,"QnrB10","Pentapeptide repeat protein QnrB family => Quinolone resistance protein QnrB10","Pentapeptide repeat protein QnrB family => Quinolone resistance protein QnrB10","antibiotic target protection protein","Fluoroquinolones Quinolones Quinolines","ciprofloxacin;gatifloxacin;levofloxacin;moxifloxacin;nalidixic acid;norfloxacin;sparfloxacin","17938184",,,,
"K-mer Search","Antibiotic Resistance","PATRIC","562.96439","Escherichia coli VREC0650","fig|562.96439.peg.4629",,,,,"QnrB10","Pentapeptide repeat protein QnrB family => Quinolone resistance protein QnrB10","Pentapeptide repeat protein QnrB family => Quinolone resistance protein QnrB10","antibiotic target protection protein","Fluoroquinolones Quinolones Quinolines","ciprofloxacin;gatifloxacin;levofloxacin;moxifloxacin;nalidixic acid;norfloxacin;sparfloxacin","17938184",,,,
"BLAT","Antibiotic Resistance","CARD","562.56851","Escherichia coli strain 51-16","fig|562.56851.peg.5100",,,"ABG56870.1","Klebsiella pneumoniae","QnrS1","Pentapeptide repeat protein QnrB family",,"antibiotic target protection protein,fluoroquinolone resistance gene",,,,100,100,100,"1e-129"
"RGI: protein homolog model","Antibiotic Resistance","CARD","562.59223","Escherichia coli strain PBIO711","fig|562.59223.peg.4670","HFC66_22170",,"417",,,"Pentapeptide repeat protein QnrB family => Quinolone resistance protein QnrB10","QnrB6","antibiotic target protection","fluoroquinolone","ciprofloxacin;levofloxacin;moxifloxacin;gatifloxacin;nalidixic acid;norfloxacin;sparfloxacin",,100,100,100,"1.34748e-170"
"RGI: protein homolog model","Antibiotic Resistance","CARD","562.45593","Escherichia coli strain EC_79","fig|562.45593.peg.4306","EXX75_23710",,"381",,,"Pentapeptide repeat protein QnrB family","QnrS1","antibiotic target protection","fluoroquinolone","ciprofloxacin;levofloxacin;moxifloxacin;gatifloxacin;nalidixic acid;norfloxacin;sparfloxacin",,100,100,100,"1.18559e-166"
"AMRFinderPlus: ALLELEP","Antibiotic Resistance","NDARO","562.45660","Escherichia coli strain EC_38","fig|562.45660.peg.4560","EXX38_24370",,"WP_001516695.1",,,"Pentapeptide repeat protein QnrB family","quinolone resistance pentapeptide repeat protein QnrS1",,"quinolone","quinolone",,100,100,100,
"K-mer Search","Antibiotic Resistance","PATRIC","562.144929","Escherichia coli MGL_1560","fig|562.144929.peg.5075",,,,,"QnrB family","Pentapeptide repeat protein QnrB family","Pentapeptide repeat protein QnrB family","antibiotic target protection protein","Fluoroquinolones Quinolones Quinolines","ciprofloxacin;gatifloxacin;levofloxacin;moxifloxacin;nalidixic acid;norfloxacin;sparfloxacin","11943863",,,,
"RGI: protein homolog model","Antibiotic Resistance","CARD","562.98936","Escherichia coli a83901b6-7bb9-11e9-a8d3-68b59976a384","fig|562.98936.peg.5176",,,"381",,,"Pentapeptide repeat protein QnrB family","QnrS1","antibiotic target protection","fluoroquinolone","ciprofloxacin;levofloxacin;moxifloxacin;gatifloxacin;nalidixic acid;norfloxacin;sparfloxacin",,100,100,100,"1.18559e-166"
"K-mer Search","Antibiotic Resistance","PATRIC","562.58771","Escherichia coli strain ENV68","fig|562.58771.peg.4622",,,,,"QnrB10","Pentapeptide repeat protein QnrB family => Quinolone resistance protein QnrB10","Pentapeptide repeat protein QnrB family => Quinolone resistance protein QnrB10","antibiotic target protection protein","Fluoroquinolones Quinolones Quinolines","ciprofloxacin;gatifloxacin;levofloxacin;moxifloxacin;nalidixic acid;norfloxacin;sparfloxacin","17938184",,,,
"K-mer Search","Antibiotic Resistance","PATRIC","562.73354","Escherichia coli strain BB1403","fig|562.73354.peg.5537","JFD_05383",,,,"QnrB family","Pentapeptide repeat protein QnrB family","Pentapeptide repeat protein QnrB family","antibiotic target protection protein","Fluoroquinolones Quinolones Quinolines","ciprofloxacin;gatifloxacin;levofloxacin;moxifloxacin;nalidixic acid;norfloxacin;sparfloxacin","11943863",,,,
"AMRFinderPlus: ALLELEP","Antibiotic Resistance","NDARO","562.45675","Escherichia coli strain EC_07","fig|562.45675.peg.4306","EXX04_23595",,"WP_001516695.1",,,"Pentapeptide repeat protein QnrB family","quinolone resistance pentapeptide repeat protein QnrS1",,"quinolone","quinolone",,100,100,100,
"K-mer Search","Antibiotic Resistance","PATRIC","562.99875","Escherichia coli f3ae25d2-7bb8-11e9-a8d3-68b59976a384","fig|562.99875.peg.5103",,,,,"QnrB family","Pentapeptide repeat protein QnrB family","Pentapeptide repeat protein QnrB family","antibiotic target protection protein","Fluoroquinolones Quinolones Quinolines","ciprofloxacin;gatifloxacin;levofloxacin;moxifloxacin;nalidixic acid;norfloxacin;sparfloxacin","11943863",,,,
"BLAT","Antibiotic Resistance","NDARO","562.135565","Escherichia coli MGL_82","fig|562.135565.peg.5061",,,"WP_001516695.1","Gammaproteobacteria",,"Pentapeptide repeat protein QnrB family","MULTISPECIES: quinolone resistance pentapeptide repeat protein QnrS1","",,,,100,100,100,"1e-129"
"AMRFinderPlus: ALLELEP","Antibiotic Resistance","NDARO","562.42650","Escherichia coli strain 153","fig|562.42650.peg.5007",,,"WP_001516695.1",,,"Pentapeptide repeat protein QnrB family","quinolone resistance pentapeptide repeat protein QnrS1",,"quinolone","quinolone",,100,100,100,
"K-mer Search","Antibiotic Resistance","PATRIC","562.135560","Escherichia coli MGL_106","fig|562.135560.peg.4690",,,,,"QnrB family","Pentapeptide repeat protein QnrB family","Pentapeptide repeat protein QnrB family","antibiotic target protection protein","Fluoroquinolones Quinolones Quinolines","ciprofloxacin;gatifloxacin;levofloxacin;moxifloxacin;nalidixic acid;norfloxacin;sparfloxacin","11943863",,,,
"RGI: protein homolog model","Antibiotic Resistance","CARD","562.57426","Escherichia coli strain W2_2_ERB9","fig|562.57426.peg.4939",,,"381",,,"Pentapeptide repeat protein QnrB family","QnrS1","antibiotic target protection","fluoroquinolone","ciprofloxacin;levofloxacin;moxifloxacin;gatifloxacin;nalidixic acid;norfloxacin;sparfloxacin",,100,100,100,"1.18559e-166"
"RGI: protein homolog model","Antibiotic Resistance","CARD","562.56841","Escherichia coli strain 50-16","fig|562.56841.peg.6311","PU65_18105",,"891",,,"Pentapeptide repeat protein QnrB family => Quinolone resistance protein QnrB10","QnrB37","antibiotic target protection","fluoroquinolone","ciprofloxacin;levofloxacin;moxifloxacin;gatifloxacin;nalidixic acid;norfloxacin;sparfloxacin",,,,,
"BLAT","Antibiotic Resistance","NDARO","562.42648","Escherichia coli strain 149","fig|562.42648.peg.4938",,,"WP_001516695.1","Gammaproteobacteria",,"Pentapeptide repeat protein QnrB family","MULTISPECIES: quinolone resistance pentapeptide repeat protein QnrS1","",,,,100,100,100,"1e-129"
"BLAT","Antibiotic Resistance","CARD","562.57433","Escherichia coli strain W2_6_ERG5","fig|562.57433.peg.4498",,,"ABG56870.1","Klebsiella pneumoniae","QnrS1","Pentapeptide repeat protein QnrB family",,"antibiotic target protection protein,fluoroquinolone resistance gene",,,,100,100,100,"1e-129"
"BLAT","Antibiotic Resistance","CARD","562.58727","Escherichia coli strain 14083136","fig|562.58727.peg.4813",,,"ABG56269.1","Citrobacter freundii","QnrB10","Pentapeptide repeat protein QnrB family => Quinolone resistance protein QnrB10",,"antibiotic target protection protein,fluoroquinolone resistance gene",,,,100,100,99,"1e-130"
"AMRFinderPlus: BLASTP","Antibiotic Resistance","NDARO","562.56762","Escherichia coli strain 1041-14","fig|562.56762.peg.3622","PU70_00395",,"WP_001749994.1",,,"Pentapeptide repeat protein QnrB family => Quinolone resistance protein QnrB10","QnrB family quinolone resistance pentapeptide repeat protein",,"quinolone","quinolone",,100,94,100,
"BLAT","Antibiotic Resistance","CARD","562.57379","Escherichia coli strain PB514","fig|562.57379.peg.4963",,,"ABG56870.1","Klebsiella pneumoniae","QnrS1","Pentapeptide repeat protein QnrB family",,"antibiotic target protection protein,fluoroquinolone resistance gene",,,,100,100,100,"1e-129"
"BLAT","Antibiotic Resistance","CARD","562.57436","Escherichia coli strain W2_9_ERB5","fig|562.57436.peg.4704",,,"ACJ24509.1","Salmonella enterica subsp. enterica serovar Stanley","QnrS4","Pentapeptide repeat protein QnrB family",,"antibiotic target protection protein,fluoroquinolone resistance gene",,,,100,100,100,"1e-129"
"RGI: protein homolog model","Antibiotic Resistance","CARD","562.57401","Escherichia coli strain W2_10_ERB10","fig|562.57401.peg.5140",,,"381",,,"Pentapeptide repeat protein QnrB family","QnrS1","antibiotic target protection","fluoroquinolone","ciprofloxacin;levofloxacin;moxifloxacin;gatifloxacin;nalidixic acid;norfloxacin;sparfloxacin",,100,100,100,"1.18559e-166"
"K-mer Search","Antibiotic Resistance","PATRIC","562.135565","Escherichia coli MGL_82","fig|562.135565.peg.5061",,,,,"QnrB family","Pentapeptide repeat protein QnrB family","Pentapeptide repeat protein QnrB family","antibiotic target protection protein","Fluoroquinolones Quinolones Quinolines","ciprofloxacin;gatifloxacin;levofloxacin;moxifloxacin;nalidixic acid;norfloxacin;sparfloxacin","11943863",,,,
"K-mer Search","Antibiotic Resistance","PATRIC","562.56841","Escherichia coli strain 50-16","fig|562.56841.peg.6177",,,,,"QnrB10","Pentapeptide repeat protein QnrB family => Quinolone resistance protein QnrB10","Pentapeptide repeat protein QnrB family => Quinolone resistance protein QnrB10","antibiotic target protection protein","Fluoroquinolones Quinolones Quinolines","ciprofloxacin;gatifloxacin;levofloxacin;moxifloxacin;nalidixic acid;norfloxacin;sparfloxacin","17938184",,,,
"K-mer Search","Antibiotic Resistance","PATRIC","562.57364","Escherichia coli strain PB320","fig|562.57364.peg.5453",,,,,"QnrB family","Pentapeptide repeat protein QnrB family","Pentapeptide repeat protein QnrB family","antibiotic target protection protein","Fluoroquinolones Quinolones Quinolines","ciprofloxacin;gatifloxacin;levofloxacin;moxifloxacin;nalidixic acid;norfloxacin;sparfloxacin","11943863",,,,
"K-mer Search","Antibiotic Resistance","PATRIC","562.56851","Escherichia coli strain 51-16","fig|562.56851.peg.5100",,,,,"QnrB family","Pentapeptide repeat protein QnrB family","Pentapeptide repeat protein QnrB family","antibiotic target protection protein","Fluoroquinolones Quinolones Quinolines","ciprofloxacin;gatifloxacin;levofloxacin;moxifloxacin;nalidixic acid;norfloxacin;sparfloxacin","11943863",,,,
"BLAT","Antibiotic Resistance","CARD","562.45964","Escherichia coli strain URMC_26","fig|562.45964.peg.440","ELV28_29655",,"ABG56870.1","Klebsiella pneumoniae","QnrS1","Pentapeptide repeat protein QnrB family",,"antibiotic target protection protein,fluoroquinolone resistance gene",,,,100,100,100,"1e-129"
"K-mer Search","Antibiotic Resistance","PATRIC","562.58720","Escherichia coli strain 14060900","fig|562.58720.peg.5573",,,,,"QnrB family","Pentapeptide repeat protein QnrB family","Pentapeptide repeat protein QnrB family","antibiotic target protection protein","Fluoroquinolones Quinolones Quinolines","ciprofloxacin;gatifloxacin;levofloxacin;moxifloxacin;nalidixic acid;norfloxacin;sparfloxacin","11943863",,,,
"RGI: protein homolog model","Antibiotic Resistance","CARD","562.144913","Escherichia coli MGL_87","fig|562.144913.peg.5139",,,"381",,,"Pentapeptide repeat protein QnrB family","QnrS1","antibiotic target protection","fluoroquinolone","ciprofloxacin;levofloxacin;moxifloxacin;gatifloxacin;nalidixic acid;norfloxacin;sparfloxacin",,100,100,100,"1.18559e-166"
"BLAT","Antibiotic Resistance","CARD","562.57467","Escherichia coli strain PB98","fig|562.57467.peg.5317",,,"ABG56870.1","Klebsiella pneumoniae","QnrS1","Pentapeptide repeat protein QnrB family",,"antibiotic target protection protein,fluoroquinolone resistance gene",,,,100,100,100,"1e-129"
"BLAT","Antibiotic Resistance","CARD","562.12961","Escherichia coli strain F1-8-ERB4","fig|562.12961.peg.2356","SAMEA3531867_05018",,"ABG56870.1","Klebsiella pneumoniae","pipB2","Pentapeptide repeat protein QnrB family",,"antibiotic target protection protein;fluoroquinolone resistance gene",,,,100,100,100,"1e-129"
"RGI: protein homolog model","Antibiotic Resistance","CARD","562.57456","Escherichia coli strain PB303","fig|562.57456.peg.2376",,,"381",,,"Pentapeptide repeat protein QnrB family","QnrS1","antibiotic target protection","fluoroquinolone","ciprofloxacin;levofloxacin;moxifloxacin;gatifloxacin;nalidixic acid;norfloxacin;sparfloxacin",,100,100,100,"1.18559e-166"
"AMRFinderPlus: ALLELEP","Antibiotic Resistance","NDARO","562.57426","Escherichia coli strain W2_2_ERB9","fig|562.57426.peg.4939",,,"WP_001516695.1",,,"Pentapeptide repeat protein QnrB family","quinolone resistance pentapeptide repeat protein QnrS1",,"quinolone","quinolone",,100,100,100,
"BLAT","Antibiotic Resistance","NDARO","562.56762","Escherichia coli strain 1041-14","fig|562.56762.peg.3622",,,"WP_001749994.1","Enterobacterales",,"Pentapeptide repeat protein QnrB family => Quinolone resistance protein QnrB10","MULTISPECIES: quinolone resistance pentapeptide repeat protein QnrB6","",,,,100,94,100,"1e-124"
"AMRFinderPlus: ALLELEP","Antibiotic Resistance","NDARO","562.98936","Escherichia coli a83901b6-7bb9-11e9-a8d3-68b59976a384","fig|562.98936.peg.5176",,,"WP_001516695.1",,,"Pentapeptide repeat protein QnrB family","quinolone resistance pentapeptide repeat protein QnrS1",,"quinolone","quinolone",,100,100,100,
"BLAT","Antibiotic Resistance","CARD","562.22426","Escherichia coli strain AR_0162","fig|562.22426.peg.5051","AM408_00610",,"ABG56870.1","Klebsiella pneumoniae",,"Pentapeptide repeat protein QnrB family",,"antibiotic target protection protein,fluoroquinolone resistance gene",,,,100,100,100,"1e-129"
"BLAT","Antibiotic Resistance","CARD","562.57424","Escherichia coli strain W2_3_ERB9","fig|562.57424.peg.1614",,,"ABG56870.1","Klebsiella pneumoniae","QnrS1","Pentapeptide repeat protein QnrB family",,"antibiotic target protection protein,fluoroquinolone resistance gene",,,,100,100,100,"1e-129"
"BLAT","Antibiotic Resistance","CARD","562.145039","Escherichia coli PT_EC0130","fig|562.145039.peg.4736",,,"ABG56269.1","Citrobacter freundii","QnrB10","Pentapeptide repeat protein QnrB family => Quinolone resistance protein QnrB10",,"antibiotic target protection protein,fluoroquinolone resistance gene",,,,100,98,99,"1e-130"
"K-mer Search","Antibiotic Resistance","PATRIC","562.45607","Escherichia coli strain EC_88","fig|562.45607.peg.4206","EXX82_24350",,,,"QnrB family","Pentapeptide repeat protein QnrB family","Pentapeptide repeat protein QnrB family","antibiotic target protection protein","Fluoroquinolones Quinolones Quinolines","ciprofloxacin;gatifloxacin;levofloxacin;moxifloxacin;nalidixic acid;norfloxacin;sparfloxacin","11943863",,,,
"BLAT","Antibiotic Resistance","CARD","562.45605","Escherichia coli strain EC_74","fig|562.45605.peg.4136","EXX70_23165",,"ABG56870.1","Klebsiella pneumoniae","QnrS1","Pentapeptide repeat protein QnrB family",,"antibiotic target protection protein,fluoroquinolone resistance gene",,,,100,100,100,"1e-129"
"AMRFinderPlus: ALLELEP","Antibiotic Resistance","NDARO","562.100014","Escherichia coli 8b1c8fea-7bb8-11e9-a8d3-68b59976a384","fig|562.100014.peg.4544","ShiD9_010100001695",,"WP_001516695.1",,,"Pentapeptide repeat protein QnrB family","quinolone resistance pentapeptide repeat protein QnrS1",,"quinolone","quinolone",,100,100,100,
"BLAT","Antibiotic Resistance","NDARO","562.57490","Escherichia coli strain PB305","fig|562.57490.peg.4000",,,"WP_001516695.1","Gammaproteobacteria",,"Pentapeptide repeat protein QnrB family","MULTISPECIES: quinolone resistance pentapeptide repeat protein QnrS1","",,,,100,100,100,"1e-129"
"AMRFinderPlus: BLASTP","Antibiotic Resistance","NDARO","562.42741","Escherichia coli strain 412","fig|562.42741.peg.5041",,,"WP_017900990.1",,,"Pentapeptide repeat protein QnrB family => Quinolone resistance protein QnrB10","QnrB family quinolone resistance pentapeptide repeat protein",,"quinolone","quinolone",,100,99,100,
"K-mer Search","Antibiotic Resistance","PATRIC","562.42741","Escherichia coli strain 412","fig|562.42741.peg.5041",,,,,"QnrB10","Pentapeptide repeat protein QnrB family => Quinolone resistance protein QnrB10","Pentapeptide repeat protein QnrB family => Quinolone resistance protein QnrB10","antibiotic target protection protein","Fluoroquinolones Quinolones Quinolines","ciprofloxacin;gatifloxacin;levofloxacin;moxifloxacin;nalidixic acid;norfloxacin;sparfloxacin","17938184",,,,
"K-mer Search","Antibiotic Resistance","PATRIC","562.100935","Escherichia coli 2a5eec42-7bb9-11e9-a8d3-68b59976a384","fig|562.100935.peg.4885",,,,,"QnrB10","Pentapeptide repeat protein QnrB family => Quinolone resistance protein QnrB10","Pentapeptide repeat protein QnrB family => Quinolone resistance protein QnrB10","antibiotic target protection protein","Fluoroquinolones Quinolones Quinolines","ciprofloxacin;gatifloxacin;levofloxacin;moxifloxacin;nalidixic acid;norfloxacin;sparfloxacin","17938184",,,,
"RGI: protein homolog model","Antibiotic Resistance","CARD","562.42703","Escherichia coli strain 280","fig|562.42703.peg.4823",,,"381",,,"Pentapeptide repeat protein QnrB family","QnrS1","antibiotic target protection","fluoroquinolone","ciprofloxacin;levofloxacin;moxifloxacin;gatifloxacin;nalidixic acid;norfloxacin;sparfloxacin",,100,100,100,"1.18559e-166"
"BLAT","Antibiotic Resistance","NDARO","562.58770","Escherichia coli strain ENV66","fig|562.58770.peg.4829",,,"WP_001516695.1","Gammaproteobacteria",,"Pentapeptide repeat protein QnrB family","MULTISPECIES: quinolone resistance pentapeptide repeat protein QnrS1","",,,,100,100,100,"1e-129"
"AMRFinderPlus: ALLELEP","Antibiotic Resistance","NDARO","562.22979","Escherichia coli O6:H1 strain ECO0602","fig|562.22979.peg.5274",,,"WP_012579084.1",,,"Pentapeptide repeat protein QnrB family","quinolone resistance pentapeptide repeat protein QnrA1",,"quinolone","quinolone",,100,100,100,
"K-mer Search","Antibiotic Resistance","PATRIC","562.73393","Escherichia coli strain BB1409","fig|562.73393.peg.5159","BGZ_05100",,,,"QnrB family","Pentapeptide repeat protein QnrB family","Pentapeptide repeat protein QnrB family","antibiotic target protection protein","Fluoroquinolones Quinolones Quinolines","ciprofloxacin;gatifloxacin;levofloxacin;moxifloxacin;nalidixic acid;norfloxacin;sparfloxacin","11943863",,,,
"RGI: protein homolog model","Antibiotic Resistance","CARD","562.45649","Escherichia coli strain EC_03","fig|562.45649.peg.204","EXX01_24205",,"381",,,"Pentapeptide repeat protein QnrB family","QnrS1","antibiotic target protection","fluoroquinolone","ciprofloxacin;levofloxacin;moxifloxacin;gatifloxacin;nalidixic acid;norfloxacin;sparfloxacin",,100,100,100,"1.18559e-166"
"K-mer Search","Antibiotic Resistance","PATRIC","562.73347","Escherichia coli strain BB1404","fig|562.73347.peg.5558","JFD_05389",,,,"QnrB family","Pentapeptide repeat protein QnrB family","Pentapeptide repeat protein QnrB family","antibiotic target protection protein","Fluoroquinolones Quinolones Quinolines","ciprofloxacin;gatifloxacin;levofloxacin;moxifloxacin;nalidixic acid;norfloxacin;sparfloxacin","11943863",,,,
"BLAT","Antibiotic Resistance","CARD","562.100703","Escherichia coli a2594be4-7bb8-11e9-a8d3-68b59976a384","fig|562.100703.peg.4695",,,"ABG56870.1","Klebsiella pneumoniae","QnrS1","Pentapeptide repeat protein QnrB family",,"antibiotic target protection protein,fluoroquinolone resistance gene",,,,100,100,100,"1e-129"
"K-mer Search","Antibiotic Resistance","PATRIC","562.57391","Escherichia coli strain W1_4_ERB5","fig|562.57391.peg.4464",,,,,"QnrB family","Pentapeptide repeat protein QnrB family","Pentapeptide repeat protein QnrB family","antibiotic target protection protein","Fluoroquinolones Quinolones Quinolines","ciprofloxacin;gatifloxacin;levofloxacin;moxifloxacin;nalidixic acid;norfloxacin;sparfloxacin","11943863",,,,
"K-mer Search","Antibiotic Resistance","PATRIC","562.97029","Escherichia coli VRES1198","fig|562.97029.peg.5004",,,,,"QnrB family","Pentapeptide repeat protein QnrB family","Pentapeptide repeat protein QnrB family","antibiotic target protection protein","Fluoroquinolones Quinolones Quinolines","ciprofloxacin;gatifloxacin;levofloxacin;moxifloxacin;nalidixic acid;norfloxacin;sparfloxacin","11943863",,,,
"RGI: protein homolog model","Antibiotic Resistance","CARD","562.45615","Escherichia coli strain EC_27","fig|562.45615.peg.4128","EXX25_24130",,"381",,,"Pentapeptide repeat protein QnrB family","QnrS1","antibiotic target protection","fluoroquinolone","ciprofloxacin;levofloxacin;moxifloxacin;gatifloxacin;nalidixic acid;norfloxacin;sparfloxacin",,100,100,100,"1.18559e-166"
"RGI: protein homolog model","Antibiotic Resistance","CARD","562.99678","Escherichia coli 5338df10-7bb9-11e9-a8d3-68b59976a384","fig|562.99678.peg.5004",,,"381",,,"Pentapeptide repeat protein QnrB family","QnrS1","antibiotic target protection","fluoroquinolone","ciprofloxacin;levofloxacin;moxifloxacin;gatifloxacin;nalidixic acid;norfloxacin;sparfloxacin",,100,100,100,"1.18559e-166"
"K-mer Search","Antibiotic Resistance","PATRIC","562.145070","Escherichia coli PT_EC0050","fig|562.145070.peg.5222",,,,,"QnrB10","Pentapeptide repeat protein QnrB family => Quinolone resistance protein QnrB10","Pentapeptide repeat protein QnrB family => Quinolone resistance protein QnrB10","antibiotic target protection protein","Fluoroquinolones Quinolones Quinolines","ciprofloxacin;gatifloxacin;levofloxacin;moxifloxacin;nalidixic acid;norfloxacin;sparfloxacin","17938184",,,,
"AMRFinderPlus: ALLELEP","Antibiotic Resistance","NDARO","562.42691","Escherichia coli strain 245","fig|562.42691.peg.4835",,,"WP_001516695.1",,,"Pentapeptide repeat protein QnrB family","quinolone resistance pentapeptide repeat protein QnrS1",,"quinolone","quinolone",,100,100,100,
"AMRFinderPlus: ALLELEP","Antibiotic Resistance","NDARO","562.97114","Escherichia coli VRES1353","fig|562.97114.peg.4442",,,"WP_001516695.1",,,"Pentapeptide repeat protein QnrB family","quinolone resistance pentapeptide repeat protein QnrS1",,"quinolone","quinolone",,100,100,100,
"K-mer Search","Antibiotic Resistance","PATRIC","562.45660","Escherichia coli strain EC_38","fig|562.45660.peg.4560","EXX38_24370",,,,"QnrB family","Pentapeptide repeat protein QnrB family","Pentapeptide repeat protein QnrB family","antibiotic target protection protein","Fluoroquinolones Quinolones Quinolines","ciprofloxacin;gatifloxacin;levofloxacin;moxifloxacin;nalidixic acid;norfloxacin;sparfloxacin","11943863",,,,
"BLAT","Antibiotic Resistance","CARD","562.58773","Escherichia coli strain ENV103","fig|562.58773.peg.4699",,,"ABG56870.1","Klebsiella pneumoniae","QnrS1","Pentapeptide repeat protein QnrB family",,"antibiotic target protection protein,fluoroquinolone resistance gene",,,,100,100,100,"1e-129"
"RGI: protein homolog model","Antibiotic Resistance","CARD","562.59227","Escherichia coli strain PBIO1949","fig|562.59227.peg.4342","HFC66_22170",,"417",,,"Pentapeptide repeat protein QnrB family => Quinolone resistance protein QnrB10","QnrB6","antibiotic target protection","fluoroquinolone","ciprofloxacin;levofloxacin;moxifloxacin;gatifloxacin;nalidixic acid;norfloxacin;sparfloxacin",,100,100,100,"1.34748e-170"
"K-mer Search","Antibiotic Resistance","PATRIC","562.97108","Escherichia coli VRES1350","fig|562.97108.peg.4434",,,,,"QnrB family","Pentapeptide repeat protein QnrB family","Pentapeptide repeat protein QnrB family","antibiotic target protection protein","Fluoroquinolones Quinolones Quinolines","ciprofloxacin;gatifloxacin;levofloxacin;moxifloxacin;nalidixic acid;norfloxacin;sparfloxacin","11943863",,,,
"BLAT","Antibiotic Resistance","CARD","562.57426","Escherichia coli strain W2_2_ERB9","fig|562.57426.peg.4939",,,"ABG56870.1","Klebsiella pneumoniae","QnrS1","Pentapeptide repeat protein QnrB family",,"antibiotic target protection protein,fluoroquinolone resistance gene",,,,100,100,100,"1e-129"
"BLAT","Antibiotic Resistance","NDARO","562.57442","Escherichia coli strain F1_8_ERB12","fig|562.57442.peg.4244",,,"WP_001516695.1","Gammaproteobacteria",,"Pentapeptide repeat protein QnrB family","MULTISPECIES: quinolone resistance pentapeptide repeat protein QnrS1","",,,,100,100,100,"1e-129"
"K-mer Search","Antibiotic Resistance","PATRIC","562.135589","Escherichia coli MGL_133","fig|562.135589.peg.5145",,,,,"QnrB family","Pentapeptide repeat protein QnrB family","Pentapeptide repeat protein QnrB family","antibiotic target protection protein","Fluoroquinolones Quinolones Quinolines","ciprofloxacin;gatifloxacin;levofloxacin;moxifloxacin;nalidixic acid;norfloxacin;sparfloxacin","11943863",,,,
"K-mer Search","Antibiotic Resistance","PATRIC","562.57456","Escherichia coli strain PB303","fig|562.57456.peg.2376",,,,,"QnrB family","Pentapeptide repeat protein QnrB family","Pentapeptide repeat protein QnrB family","antibiotic target protection protein","Fluoroquinolones Quinolones Quinolines","ciprofloxacin;gatifloxacin;levofloxacin;moxifloxacin;nalidixic acid;norfloxacin;sparfloxacin","11943863",,,,
"AMRFinderPlus: ALLELEP","Antibiotic Resistance","NDARO","562.144942","Escherichia coli 20200203_MGL_12","fig|562.144942.peg.5025",,,"WP_012579084.1",,,"Pentapeptide repeat protein QnrB family","quinolone resistance pentapeptide repeat protein QnrA1",,"quinolone","quinolone",,100,100,100,
"BLAT","Antibiotic Resistance","NDARO","562.58771","Escherichia coli strain ENV68","fig|562.58771.peg.4622",,,"WP_001749994.1","Enterobacterales",,"Pentapeptide repeat protein QnrB family => Quinolone resistance protein QnrB10","MULTISPECIES: quinolone resistance pentapeptide repeat protein QnrB6","",,,,100,94,100,"1e-124"
"RGI: protein homolog model","Antibiotic Resistance","CARD","562.20499","Escherichia coli strain AR_0162","fig|562.20499.peg.5051","AM408_00610",,"381",,,"Pentapeptide repeat protein QnrB family","QnrS1","antibiotic target protection","fluoroquinolone","ciprofloxacin;levofloxacin;moxifloxacin;gatifloxacin;nalidixic acid;norfloxacin;sparfloxacin",,100,100,100,"1.18559e-166"
"RGI: protein homolog model","Antibiotic Resistance","CARD","562.57460","Escherichia coli strain PB516","fig|562.57460.peg.4895",,,"381",,,"Pentapeptide repeat protein QnrB family","QnrS1","antibiotic target protection","fluoroquinolone","ciprofloxacin;levofloxacin;moxifloxacin;gatifloxacin;nalidixic acid;norfloxacin;sparfloxacin",,100,100,100,"1.18559e-166"
