Evidence,Property,Source,Genome ID,Genome Name,BRC ID,RefSeq Locus Tag,Alt Locus Tag,Source ID,Source Organism,Gene,Product,Function,Classification,Antibiotics Class,Antibiotics,PubMed,Subject Coverage,Query Coverage,Identity,E-value
"BLAT","Antibiotic Resistance","CARD","562.57415","Escherichia coli strain W2_11_ERG1","fig|562.57415.peg.3813",,,"ABG56870.1","Klebsiella pneumoniae","QnrS1","Pentapeptide repeat protein QnrB family",,"antibiotic target protection protein,fluoroquinolone resistance gene",,,,100,100,100,"1e-129"
"BLAT","Antibiotic Resistance","NDARO","562.45964","Escherichia coli strain URMC_26","fig|562.45964.peg.440","ELV28_29655",,"WP_001516695.1","Gammaproteobacteria",,"Pentapeptide repeat protein QnrB family","MULTISPECIES: quinolone resistance pentapeptide repeat protein QnrS1","",,,,100,100,100,"1e-129"
"BLAT","Antibiotic Resistance","CARD","562.144929","Escherichia coli MGL_1560","fig|562.144929.peg.5075",,,"ABG56870.1","Klebsiella pneumoniae","QnrS1","Pentapeptide repeat protein QnrB family",,"antibiotic target protection protein,fluoroquinolone resistance gene",,,,100,100,100,"1e-129"
"AMRFinderPlus: ALLELEP","Antibiotic Resistance","NDARO","562.23329","Escherichia coli O25:H4 strain ECO1092","fig|562.23329.peg.4925",,,"WP_001516695.1",,,"Pentapeptide repeat protein QnrB family","quinolone resistance pentapeptide repeat protein QnrS1",,"quinolone","quinolone",,100,100,100,
"RGI: protein homolog model","Antibiotic Resistance","CARD","562.57419","Escherichia coli strain W2_4_ERB4","fig|562.57419.peg.4623",,,"381",,,"Pentapeptide repeat protein QnrB family","QnrS1","antibiotic target protection","fluoroquinolone","ciprofloxacin;levofloxacin;moxifloxacin;gatifloxacin;nalidixic acid;norfloxacin;sparfloxacin",,100,100,100,"1.18559e-166"
"AMRFinderPlus: ALLELEP","Antibiotic Resistance","NDARO","562.97108","Escherichia coli VRES1350","fig|562.97108.peg.4434",,,"WP_001516695.1",,,"Pentapeptide repeat protein QnrB family","quinolone resistance pentapeptide repeat protein QnrS1",,"quinolone","quinolone",,100,100,100,
"BLAT","Antibiotic Resistance","CARD","562.42757","Escherichia coli strain 85","fig|562.42757.peg.5127",,,"ABG56870.1","Klebsiella pneumoniae","QnrS1","Pentapeptide repeat protein QnrB family",,"antibiotic target protection protein,fluoroquinolone resistance gene",,,,100,100,100,"1e-129"
"BLAT","Antibiotic Resistance","NDARO","562.100786","Escherichia coli 02173e4c-7bb9-11e9-a8d3-68b59976a384","fig|562.100786.peg.4868",,,"WP_001516695.1","Gammaproteobacteria",,"Pentapeptide repeat protein QnrB family","MULTISPECIES: quinolone resistance pentapeptide repeat protein QnrS1","",,,,100,100,100,"1e-129"
"AMRFinderPlus: ALLELEP","Antibiotic Resistance","NDARO","562.58777","Escherichia coli strain ENV225","fig|562.58777.peg.4805",,,"WP_001516695.1",,,"Pentapeptide repeat protein QnrB family","quinolone resistance pentapeptide repeat protein QnrS1",,"quinolone","quinolone",,100,100,100,
"AMRFinderPlus: ALLELEP","Antibiotic Resistance","NDARO","562.97116","Escherichia coli VRES1348","fig|562.97116.peg.4440",,,"WP_001516695.1",,,"Pentapeptide repeat protein QnrB family","quinolone resistance pentapeptide repeat protein QnrS1",,"quinolone","quinolone",,100,100,100,
"RGI: protein homolog model","Antibiotic Resistance","CARD","562.57364","Escherichia coli strain PB320","fig|562.57364.peg.5453",,,"381",,,"Pentapeptide repeat protein QnrB family","QnrS1","antibiotic target protection","fluoroquinolone","ciprofloxacin;levofloxacin;moxifloxacin;gatifloxacin;nalidixic acid;norfloxacin;sparfloxacin",,100,100,100,"1.18559e-166"
"BLAT","Antibiotic Resistance","CARD","562.97027","Escherichia coli VRES1203","fig|562.97027.peg.5008",,,"ABG56870.1","Klebsiella pneumoniae","QnrS1","Pentapeptide repeat protein QnrB family",,"antibiotic target protection protein,fluoroquinolone resistance gene",,,,100,100,100,"1e-129"
"BLAT","Antibiotic Resistance","CARD","562.97103","Escherichia coli VRES1347","fig|562.97103.peg.4439",,,"ABG56870.1","Klebsiella pneumoniae","QnrS1","Pentapeptide repeat protein QnrB family",,"antibiotic target protection protein,fluoroquinolone resistance gene",,,,100,100,100,"1e-129"
"AMRFinderPlus: ALLELEP","Antibiotic Resistance","NDARO","562.45632","Escherichia coli strain EC_32","fig|562.45632.peg.4355","EXX30_24685",,"WP_001516695.1",,,"Pentapeptide repeat protein QnrB family","quinolone resistance pentapeptide repeat protein QnrS1",,"quinolone","quinolone",,100,100,100,
"AMRFinderPlus: ALLELEP","Antibiotic Resistance","NDARO","562.57415","Escherichia coli strain W2_11_ERG1","fig|562.57415.peg.3813",,,"WP_001516695.1",,,"Pentapeptide repeat protein QnrB family","quinolone resistance pentapeptide repeat protein QnrS1",,"quinolone","quinolone",,100,100,100,
"BLAT","Antibiotic Resistance","NDARO","562.23329","Escherichia coli O25:H4 strain ECO1092","fig|562.23329.peg.4925",,,"WP_001516695.1","Gammaproteobacteria",,"Pentapeptide repeat protein QnrB family","MULTISPECIES: quinolone resistance pentapeptide repeat protein QnrS1","",,,,100,100,100,"1e-129"
"BLAT","Antibiotic Resistance","CARD","562.42733","Escherichia coli strain 399","fig|562.42733.peg.4947",,,"ABF47470.1","Salmonella enterica subsp. enterica serovar Anatum","QnrS2","Pentapeptide repeat protein QnrB family",,"antibiotic target protection protein,fluoroquinolone resistance gene",,,,100,100,100,"1e-129"
"BLAT","Antibiotic Resistance","NDARO","562.42691","Escherichia coli strain 245","fig|562.42691.peg.4835",,,"WP_001516695.1","Gammaproteobacteria",,"Pentapeptide repeat protein QnrB family","MULTISPECIES: quinolone resistance pentapeptide repeat protein QnrS1","",,,,100,100,100,"1e-129"
"AMRFinderPlus: ALLELEP","Antibiotic Resistance","NDARO","562.58626","Escherichia coli strain PH118","fig|562.58626.peg.3741","FIP50_22985",,"WP_001516695.1",,,"Pentapeptide repeat protein QnrB family","quinolone resistance pentapeptide repeat protein QnrS1",,"quinolone","quinolone",,100,100,100,
"RGI: protein homolog model","Antibiotic Resistance","CARD","562.45628","Escherichia coli strain EC_33_B","fig|562.45628.peg.3995","EXX31_24445",,"381",,,"Pentapeptide repeat protein QnrB family","QnrS1","antibiotic target protection","fluoroquinolone","ciprofloxacin;levofloxacin;moxifloxacin;gatifloxacin;nalidixic acid;norfloxacin;sparfloxacin",,100,100,100,"1.18559e-166"
"BLAT","Antibiotic Resistance","NDARO","562.57433","Escherichia coli strain W2_6_ERG5","fig|562.57433.peg.4498",,,"WP_001516695.1","Gammaproteobacteria",,"Pentapeptide repeat protein QnrB family","MULTISPECIES: quinolone resistance pentapeptide repeat protein QnrS1","",,,,100,100,100,"1e-129"
"BLAT","Antibiotic Resistance","NDARO","562.58736","Escherichia coli strain 15062645","fig|562.58736.peg.5107",,,"WP_001516695.1","Gammaproteobacteria",,"Pentapeptide repeat protein QnrB family","MULTISPECIES: quinolone resistance pentapeptide repeat protein QnrS1","",,,,100,100,100,"1e-129"
"BLAT","Antibiotic Resistance","NDARO","562.57386","Escherichia coli strain W1_3_ERB1","fig|562.57386.peg.4997",,,"WP_001516695.1","Gammaproteobacteria",,"Pentapeptide repeat protein QnrB family","MULTISPECIES: quinolone resistance pentapeptide repeat protein QnrS1","",,,,100,100,100,"1e-129"
"BLAT","Antibiotic Resistance","NDARO","562.57430","Escherichia coli strain W2_6_ERB1","fig|562.57430.peg.4692",,,"WP_001516695.1","Gammaproteobacteria",,"Pentapeptide repeat protein QnrB family","MULTISPECIES: quinolone resistance pentapeptide repeat protein QnrS1","",,,,100,100,100,"1e-129"
"BLAT","Antibiotic Resistance","CARD","562.42679","Escherichia coli strain 222","fig|562.42679.peg.5057",,,"ABG56870.1","Klebsiella pneumoniae","QnrS1","Pentapeptide repeat protein QnrB family",,"antibiotic target protection protein,fluoroquinolone resistance gene",,,,100,100,100,"1e-129"
"BLAT","Antibiotic Resistance","NDARO","562.57409","Escherichia coli strain W2_13_ERB1","fig|562.57409.peg.4511",,,"WP_001516695.1","Gammaproteobacteria",,"Pentapeptide repeat protein QnrB family","MULTISPECIES: quinolone resistance pentapeptide repeat protein QnrS1","",,,,100,100,100,"1e-129"
"RGI: protein homolog model","Antibiotic Resistance","CARD","562.57379","Escherichia coli strain PB514","fig|562.57379.peg.4963",,,"381",,,"Pentapeptide repeat protein QnrB family","QnrS1","antibiotic target protection","fluoroquinolone","ciprofloxacin;levofloxacin;moxifloxacin;gatifloxacin;nalidixic acid;norfloxacin;sparfloxacin",,100,100,100,"1.18559e-166"
"RGI: protein homolog model","Antibiotic Resistance","CARD","562.58770","Escherichia coli strain ENV66","fig|562.58770.peg.4829",,,"381",,,"Pentapeptide repeat protein QnrB family","QnrS1","antibiotic target protection","fluoroquinolone","ciprofloxacin;levofloxacin;moxifloxacin;gatifloxacin;nalidixic acid;norfloxacin;sparfloxacin",,100,100,100,"1.18559e-166"
"BLAT","Antibiotic Resistance","CARD","562.58783","Escherichia coli strain ENV323","fig|562.58783.peg.4035",,,"ABG56870.1","Klebsiella pneumoniae","QnrS1","Pentapeptide repeat protein QnrB family",,"antibiotic target protection protein,fluoroquinolone resistance gene",,,,100,100,100,"1e-129"
"AMRFinderPlus: ALLELEP","Antibiotic Resistance","NDARO","562.100703","Escherichia coli a2594be4-7bb8-11e9-a8d3-68b59976a384","fig|562.100703.peg.4695","AWG87_24770",,"WP_001516695.1",,,"Pentapeptide repeat protein QnrB family","quinolone resistance pentapeptide repeat protein QnrS1",,"quinolone","quinolone",,100,100,100,
"RGI: protein homolog model","Antibiotic Resistance","CARD","562.97215","Escherichia coli VREC1375","fig|562.97215.peg.4922",,,"381",,,"Pentapeptide repeat protein QnrB family","QnrS1","antibiotic target protection","fluoroquinolone","ciprofloxacin;levofloxacin;moxifloxacin;gatifloxacin;nalidixic acid;norfloxacin;sparfloxacin",,100,100,100,"1.18559e-166"
"RGI: protein homolog model","Antibiotic Resistance","CARD","562.135575","Escherichia coli MGL_118","fig|562.135575.peg.4732","BFL24_27670",,"381",,,"Pentapeptide repeat protein QnrB family","QnrS1","antibiotic target protection","fluoroquinolone","ciprofloxacin;levofloxacin;moxifloxacin;gatifloxacin;nalidixic acid;norfloxacin;sparfloxacin",,100,100,100,"1.18559e-166"
"AMRFinderPlus: ALLELEP","Antibiotic Resistance","NDARO","562.42763","Escherichia coli strain M1","fig|562.42763.peg.4744",,,"WP_001516695.1",,,"Pentapeptide repeat protein QnrB family","quinolone resistance pentapeptide repeat protein QnrS1",,"quinolone","quinolone",,100,100,100,
"BLAT","Antibiotic Resistance","CARD","562.57411","Escherichia coli strain W2_11_ERB6","fig|562.57411.peg.4807",,,"ABF47470.1","Salmonella enterica subsp. enterica serovar Anatum","QnrS2","Pentapeptide repeat protein QnrB family",,"antibiotic target protection protein,fluoroquinolone resistance gene",,,,65,100,100,"1e-80"
"BLAT","Antibiotic Resistance","CARD","562.58736","Escherichia coli strain 15062645","fig|562.58736.peg.5107",,,"ABG56870.1","Klebsiella pneumoniae","QnrS1","Pentapeptide repeat protein QnrB family",,"antibiotic target protection protein,fluoroquinolone resistance gene",,,,100,100,100,"1e-129"
"BLAT","Antibiotic Resistance","NDARO","562.57471","Escherichia coli strain W2_15_ERB4","fig|562.57471.peg.4749",,,"WP_001516695.1","Gammaproteobacteria",,"Pentapeptide repeat protein QnrB family","MULTISPECIES: quinolone resistance pentapeptide repeat protein QnrS1","",,,,100,100,100,"1e-129"
"RGI: protein homolog model","Antibiotic Resistance","CARD","562.57428","Escherichia coli strain W2_5_ERB6","fig|562.57428.peg.4409",,,"381",,,"Pentapeptide repeat protein QnrB family","QnrS1","antibiotic target protection","fluoroquinolone","ciprofloxacin;levofloxacin;moxifloxacin;gatifloxacin;nalidixic acid;norfloxacin;sparfloxacin",,100,100,100,"1.18559e-166"
"RGI: protein homolog model","Antibiotic Resistance","CARD","562.100160","Escherichia coli fc69f142-7bb8-11e9-a8d3-68b59976a384","fig|562.100160.peg.5249","A4R37_24845",,"381",,,"Pentapeptide repeat protein QnrB family","QnrS1","antibiotic target protection","fluoroquinolone","ciprofloxacin;levofloxacin;moxifloxacin;gatifloxacin;nalidixic acid;norfloxacin;sparfloxacin",,100,100,100,"1.18559e-166"
"RGI: protein homolog model","Antibiotic Resistance","CARD","562.97030","Escherichia coli VREC1125","fig|562.97030.peg.4984",,,"381",,,"Pentapeptide repeat protein QnrB family","QnrS1","antibiotic target protection","fluoroquinolone","ciprofloxacin;levofloxacin;moxifloxacin;gatifloxacin;nalidixic acid;norfloxacin;sparfloxacin",,100,100,100,"1.18559e-166"
"RGI: protein homolog model","Antibiotic Resistance","CARD","562.42702","Escherichia coli strain 279","fig|562.42702.peg.5056",,,"381",,,"Pentapeptide repeat protein QnrB family","QnrS1","antibiotic target protection","fluoroquinolone","ciprofloxacin;levofloxacin;moxifloxacin;gatifloxacin;nalidixic acid;norfloxacin;sparfloxacin",,100,100,100,"1.18559e-166"
"BLAT","Antibiotic Resistance","CARD","562.135565","Escherichia coli MGL_82","fig|562.135565.peg.5061",,,"ABG56870.1","Klebsiella pneumoniae","QnrS1","Pentapeptide repeat protein QnrB family",,"antibiotic target protection protein,fluoroquinolone resistance gene",,,,100,100,100,"1e-129"
"BLAT","Antibiotic Resistance","NDARO","562.58773","Escherichia coli strain ENV103","fig|562.58773.peg.4699",,,"WP_001516695.1","Gammaproteobacteria",,"Pentapeptide repeat protein QnrB family","MULTISPECIES: quinolone resistance pentapeptide repeat protein QnrS1","",,,,100,100,100,"1e-129"
"RGI: protein homolog model","Antibiotic Resistance","CARD","562.97108","Escherichia coli VRES1350","fig|562.97108.peg.4434",,,"381",,,"Pentapeptide repeat protein QnrB family","QnrS1","antibiotic target protection","fluoroquinolone","ciprofloxacin;levofloxacin;moxifloxacin;gatifloxacin;nalidixic acid;norfloxacin;sparfloxacin",,100,100,100,"1.18559e-166"
"BLAT","Antibiotic Resistance","CARD","562.57465","Escherichia coli strain PB412","fig|562.57465.peg.4901",,,"ABG56870.1","Klebsiella pneumoniae","QnrS1","Pentapeptide repeat protein QnrB family",,"antibiotic target protection protein,fluoroquinolone resistance gene",,,,100,100,100,"1e-129"
"AMRFinderPlus: ALLELEP","Antibiotic Resistance","NDARO","562.58772","Escherichia coli strain ENV76","fig|562.58772.peg.4681",,,"WP_001516695.1",,,"Pentapeptide repeat protein QnrB family","quinolone resistance pentapeptide repeat protein QnrS1",,"quinolone","quinolone",,100,100,100,
"BLAT","Antibiotic Resistance","CARD","562.97100","Escherichia coli VREC1233","fig|562.97100.peg.4427",,,"ABG56870.1","Klebsiella pneumoniae","QnrS1","Pentapeptide repeat protein QnrB family",,"antibiotic target protection protein,fluoroquinolone resistance gene",,,,100,100,100,"1e-129"
"RGI: protein homolog model","Antibiotic Resistance","CARD","562.57433","Escherichia coli strain W2_6_ERG5","fig|562.57433.peg.4498",,,"381",,,"Pentapeptide repeat protein QnrB family","QnrS1","antibiotic target protection","fluoroquinolone","ciprofloxacin;levofloxacin;moxifloxacin;gatifloxacin;nalidixic acid;norfloxacin;sparfloxacin",,100,100,100,"1.18559e-166"
"AMRFinderPlus: ALLELEP","Antibiotic Resistance","NDARO","562.57509","Escherichia coli strain PB78","fig|562.57509.peg.4734",,,"WP_001516695.1",,,"Pentapeptide repeat protein QnrB family","quinolone resistance pentapeptide repeat protein QnrS1",,"quinolone","quinolone",,100,100,100,
"BLAT","Antibiotic Resistance","CARD","562.100724","Escherichia coli 98ff30b8-7bb8-11e9-a8d3-68b59976a384","fig|562.100724.peg.4676",,,"ABG56870.1","Klebsiella pneumoniae","QnrS1","Pentapeptide repeat protein QnrB family",,"antibiotic target protection protein,fluoroquinolone resistance gene",,,,100,100,100,"1e-129"
"BLAT","Antibiotic Resistance","CARD","562.57389","Escherichia coli strain W1_5_ERP10B","fig|562.57389.peg.4518",,,"ABG56870.1","Klebsiella pneumoniae","QnrS1","Pentapeptide repeat protein QnrB family",,"antibiotic target protection protein,fluoroquinolone resistance gene",,,,100,100,100,"1e-129"
"AMRFinderPlus: ALLELEP","Antibiotic Resistance","NDARO","562.99678","Escherichia coli 5338df10-7bb9-11e9-a8d3-68b59976a384","fig|562.99678.peg.5004",,,"WP_001516695.1",,,"Pentapeptide repeat protein QnrB family","quinolone resistance pentapeptide repeat protein QnrS1",,"quinolone","quinolone",,100,100,100,
"BLAT","Antibiotic Resistance","NDARO","562.45593","Escherichia coli strain EC_79","fig|562.45593.peg.4306","EXX75_23710",,"WP_001516695.1","Gammaproteobacteria",,"Pentapeptide repeat protein QnrB family","MULTISPECIES: quinolone resistance pentapeptide repeat protein QnrS1","",,,,100,100,100,"1e-129"
"BLAT","Antibiotic Resistance","NDARO","562.19151","Escherichia coli strain 104","fig|562.19151.peg.1937","CDN93_10730",,"WP_001516695.1","Gammaproteobacteria",,"Pentapeptide repeat protein QnrB family","MULTISPECIES: quinolone resistance pentapeptide repeat protein QnrS1","",,,,100,100,100,"1e-129"
"BLAT","Antibiotic Resistance","CARD","562.58770","Escherichia coli strain ENV66","fig|562.58770.peg.4829",,,"ABG56870.1","Klebsiella pneumoniae","QnrS1","Pentapeptide repeat protein QnrB family",,"antibiotic target protection protein,fluoroquinolone resistance gene",,,,100,100,100,"1e-129"
"RGI: protein homolog model","Antibiotic Resistance","CARD","562.97033","Escherichia coli VRES1196","fig|562.97033.peg.4995",,,"381",,,"Pentapeptide repeat protein QnrB family","QnrS1","antibiotic target protection","fluoroquinolone","ciprofloxacin;levofloxacin;moxifloxacin;gatifloxacin;nalidixic acid;norfloxacin;sparfloxacin",,100,100,100,"1.18559e-166"
"BLAT","Antibiotic Resistance","NDARO","562.97028","Escherichia coli VRES1199","fig|562.97028.peg.4977",,,"WP_001516695.1","Gammaproteobacteria",,"Pentapeptide repeat protein QnrB family","MULTISPECIES: quinolone resistance pentapeptide repeat protein QnrS1","",,,,100,100,100,"1e-129"
"AMRFinderPlus: ALLELEP","Antibiotic Resistance","NDARO","562.57437","Escherichia coli strain W2_9_ERB2","fig|562.57437.peg.4717",,,"WP_001516695.1",,,"Pentapeptide repeat protein QnrB family","quinolone resistance pentapeptide repeat protein QnrS1",,"quinolone","quinolone",,100,100,100,
"BLAT","Antibiotic Resistance","CARD","562.97028","Escherichia coli VRES1199","fig|562.97028.peg.4977",,,"ABG56870.1","Klebsiella pneumoniae","QnrS1","Pentapeptide repeat protein QnrB family",,"antibiotic target protection protein,fluoroquinolone resistance gene",,,,100,100,100,"1e-129"
"RGI: protein homolog model","Antibiotic Resistance","CARD","562.57437","Escherichia coli strain W2_9_ERB2","fig|562.57437.peg.4717",,,"381",,,"Pentapeptide repeat protein QnrB family","QnrS1","antibiotic target protection","fluoroquinolone","ciprofloxacin;levofloxacin;moxifloxacin;gatifloxacin;nalidixic acid;norfloxacin;sparfloxacin",,100,100,100,"1.18559e-166"
"BLAT","Antibiotic Resistance","NDARO","562.144911","Escherichia coli MGL_106","fig|562.144911.peg.4675",,,"WP_001516695.1","Gammaproteobacteria",,"Pentapeptide repeat protein QnrB family","MULTISPECIES: quinolone resistance pentapeptide repeat protein QnrS1","",,,,100,100,100,"1e-129"
"BLAT","Antibiotic Resistance","NDARO","562.100912","Escherichia coli 4a800a88-7bb9-11e9-a8d3-68b59976a384","fig|562.100912.peg.4684",,,"WP_001516695.1","Gammaproteobacteria",,"Pentapeptide repeat protein QnrB family","MULTISPECIES: quinolone resistance pentapeptide repeat protein QnrS1","",,,,100,100,100,"1e-129"
"BLAT","Antibiotic Resistance","CARD","562.97120","Escherichia coli VRES1349","fig|562.97120.peg.4453",,,"ABG56870.1","Klebsiella pneumoniae","QnrS1","Pentapeptide repeat protein QnrB family",,"antibiotic target protection protein,fluoroquinolone resistance gene",,,,100,100,100,"1e-129"
"AMRFinderPlus: ALLELEP","Antibiotic Resistance","NDARO","562.57413","Escherichia coli strain W2_12_ERB4","fig|562.57413.peg.4696",,,"WP_001516695.1",,,"Pentapeptide repeat protein QnrB family","quinolone resistance pentapeptide repeat protein QnrS1",,"quinolone","quinolone",,100,100,100,
"AMRFinderPlus: ALLELEP","Antibiotic Resistance","NDARO","562.42724","Escherichia coli strain 363","fig|562.42724.peg.4169",,,"WP_001516695.1",,,"Pentapeptide repeat protein QnrB family","quinolone resistance pentapeptide repeat protein QnrS1",,"quinolone","quinolone",,100,100,100,
"RGI: protein homolog model","Antibiotic Resistance","CARD","562.23329","Escherichia coli O25:H4 strain ECO1092","fig|562.23329.peg.4925",,,"381",,,"Pentapeptide repeat protein QnrB family","QnrS1","antibiotic target protection","fluoroquinolone","ciprofloxacin;levofloxacin;moxifloxacin;gatifloxacin;nalidixic acid;norfloxacin;sparfloxacin",,100,100,100,"1.18559e-166"
"BLAT","Antibiotic Resistance","NDARO","562.57469","Escherichia coli strain PB97","fig|562.57469.peg.5181",,,"WP_001516695.1","Gammaproteobacteria",,"Pentapeptide repeat protein QnrB family","MULTISPECIES: quinolone resistance pentapeptide repeat protein QnrS1","",,,,100,100,100,"1e-129"
"AMRFinderPlus: ALLELEP","Antibiotic Resistance","NDARO","562.42686","Escherichia coli strain 24","fig|562.42686.peg.4753",,,"WP_001516695.1",,,"Pentapeptide repeat protein QnrB family","quinolone resistance pentapeptide repeat protein QnrS1",,"quinolone","quinolone",,100,100,100,
"BLAT","Antibiotic Resistance","NDARO","562.42679","Escherichia coli strain 222","fig|562.42679.peg.5057",,,"WP_001516695.1","Gammaproteobacteria",,"Pentapeptide repeat protein QnrB family","MULTISPECIES: quinolone resistance pentapeptide repeat protein QnrS1","",,,,100,100,100,"1e-129"
"RGI: protein homolog model","Antibiotic Resistance","CARD","562.100374","Escherichia coli 093ec334-7bb9-11e9-a8d3-68b59976a384","fig|562.100374.peg.5091","AWG53_01710",,"381",,,"Pentapeptide repeat protein QnrB family","QnrS1","antibiotic target protection","fluoroquinolone","ciprofloxacin;levofloxacin;moxifloxacin;gatifloxacin;nalidixic acid;norfloxacin;sparfloxacin",,100,100,100,"1.18559e-166"
"RGI: protein homolog model","Antibiotic Resistance","CARD","562.42650","Escherichia coli strain 153","fig|562.42650.peg.5007",,,"381",,,"Pentapeptide repeat protein QnrB family","QnrS1","antibiotic target protection","fluoroquinolone","ciprofloxacin;levofloxacin;moxifloxacin;gatifloxacin;nalidixic acid;norfloxacin;sparfloxacin",,100,100,100,"1.18559e-166"
"RGI: protein homolog model","Antibiotic Resistance","CARD","562.57392","Escherichia coli strain W1_5_ERB1","fig|562.57392.peg.4937",,,"381",,,"Pentapeptide repeat protein QnrB family","QnrS1","antibiotic target protection","fluoroquinolone","ciprofloxacin;levofloxacin;moxifloxacin;gatifloxacin;nalidixic acid;norfloxacin;sparfloxacin",,100,100,100,"1.18559e-166"
"BLAT","Antibiotic Resistance","NDARO","562.58626","Escherichia coli strain PH118","fig|562.58626.peg.3741",,,"WP_001516695.1","Gammaproteobacteria",,"Pentapeptide repeat protein QnrB family","MULTISPECIES: quinolone resistance pentapeptide repeat protein QnrS1","",,,,100,100,100,"1e-129"
"AMRFinderPlus: PARTIALP","Antibiotic Resistance","NDARO","562.57411","Escherichia coli strain W2_11_ERB6","fig|562.57411.peg.4807",,,"WP_012537714.1",,,"Pentapeptide repeat protein QnrB family","QnrS family quinolone resistance pentapeptide repeat protein",,"quinolone","quinolone",,65,100,100,
"RGI: protein homolog model","Antibiotic Resistance","CARD","562.57446","Escherichia coli strain F1_9_ERB1","fig|562.57446.peg.5167",,,"381",,,"Pentapeptide repeat protein QnrB family","QnrS1","antibiotic target protection","fluoroquinolone","ciprofloxacin;levofloxacin;moxifloxacin;gatifloxacin;nalidixic acid;norfloxacin;sparfloxacin",,100,100,100,"1.18559e-166"
"BLAT","Antibiotic Resistance","NDARO","562.97114","Escherichia coli VRES1353","fig|562.97114.peg.4442",,,"WP_001516695.1","Gammaproteobacteria",,"Pentapeptide repeat protein QnrB family","MULTISPECIES: quinolone resistance pentapeptide repeat protein QnrS1","",,,,100,100,100,"1e-129"
"BLAT","Antibiotic Resistance","NDARO","562.145026","Escherichia coli PT_EC0194","fig|562.145026.peg.4661",,,"WP_001516695.1","Gammaproteobacteria",,"Pentapeptide repeat protein QnrB family","MULTISPECIES: quinolone resistance pentapeptide repeat protein QnrS1","",,,,100,100,100,"1e-129"
"AMRFinderPlus: ALLELEP","Antibiotic Resistance","NDARO","562.97022","Escherichia coli VRES1194","fig|562.97022.peg.5010",,,"WP_001516695.1",,,"Pentapeptide repeat protein QnrB family","quinolone resistance pentapeptide repeat protein QnrS1",,"quinolone","quinolone",,100,100,100,
"BLAT","Antibiotic Resistance","CARD","562.57416","Escherichia coli strain W2_13_ERB6","fig|562.57416.peg.4741",,,"ABG56870.1","Klebsiella pneumoniae","QnrS1","Pentapeptide repeat protein QnrB family",,"antibiotic target protection protein,fluoroquinolone resistance gene",,,,100,100,100,"1e-129"
"AMRFinderPlus: ALLELEP","Antibiotic Resistance","NDARO","562.7696","Escherichia coli strain 504225_aEPEC","fig|562.7696.peg.4629","ERS085369_04552",,"WP_001516695.1",,"pipB2","Pentapeptide repeat protein QnrB family","quinolone resistance pentapeptide repeat protein QnrS1",,"quinolone","quinolone",,100,100,100,
"AMRFinderPlus: ALLELEP","Antibiotic Resistance","NDARO","562.57386","Escherichia coli strain W1_3_ERB1","fig|562.57386.peg.4997",,,"WP_001516695.1",,,"Pentapeptide repeat protein QnrB family","quinolone resistance pentapeptide repeat protein QnrS1",,"quinolone","quinolone",,100,100,100,
"BLAT","Antibiotic Resistance","CARD","562.97022","Escherichia coli VRES1194","fig|562.97022.peg.5010",,,"ABG56870.1","Klebsiella pneumoniae","QnrS1","Pentapeptide repeat protein QnrB family",,"antibiotic target protection protein,fluoroquinolone resistance gene",,,,100,100,100,"1e-129"
"BLAT","Antibiotic Resistance","CARD","562.97118","Escherichia coli VRES1351","fig|562.97118.peg.4458",,,"ABG56870.1","Klebsiella pneumoniae","QnrS1","Pentapeptide repeat protein QnrB family",,"antibiotic target protection protein,fluoroquinolone resistance gene",,,,100,100,100,"1e-129"
"RGI: protein homolog model","Antibiotic Resistance","CARD","562.45964","Escherichia coli strain URMC_26","fig|562.45964.peg.5520","ELV28_25695",,"381",,,"Pentapeptide repeat protein QnrB family","QnrS1","antibiotic target protection","fluoroquinolone","ciprofloxacin;levofloxacin;moxifloxacin;gatifloxacin;nalidixic acid;norfloxacin;sparfloxacin",,100,100,100,"1.18559e-166"
"BLAT","Antibiotic Resistance","NDARO","562.57437","Escherichia coli strain W2_9_ERB2","fig|562.57437.peg.4717",,,"WP_001516695.1","Gammaproteobacteria",,"Pentapeptide repeat protein QnrB family","MULTISPECIES: quinolone resistance pentapeptide repeat protein QnrS1","",,,,100,100,100,"1e-129"
"RGI: protein homolog model","Antibiotic Resistance","CARD","562.7686","Escherichia coli strain 702890_aEPEC","fig|562.7686.peg.4688","ERS085405_04571",,"381",,"pipB2_3","Pentapeptide repeat protein QnrB family","QnrS1","antibiotic target protection","fluoroquinolone","ciprofloxacin;levofloxacin;moxifloxacin;gatifloxacin;nalidixic acid;norfloxacin;sparfloxacin",,100,100,100,"1.18559e-166"
"AMRFinderPlus: ALLELEP","Antibiotic Resistance","NDARO","562.58770","Escherichia coli strain ENV66","fig|562.58770.peg.4829",,,"WP_001516695.1",,,"Pentapeptide repeat protein QnrB family","quinolone resistance pentapeptide repeat protein QnrS1",,"quinolone","quinolone",,100,100,100,
"BLAT","Antibiotic Resistance","CARD","562.57431","Escherichia coli strain W2_9_ERBR2","fig|562.57431.peg.5041",,,"ABG56870.1","Klebsiella pneumoniae","QnrS1","Pentapeptide repeat protein QnrB family",,"antibiotic target protection protein,fluoroquinolone resistance gene",,,,100,100,100,"1e-129"
"AMRFinderPlus: ALLELEP","Antibiotic Resistance","NDARO","562.99759","Escherichia coli ea0054a6-7bb8-11e9-a8d3-68b59976a384","fig|562.99759.peg.5067",,,"WP_001516695.1",,,"Pentapeptide repeat protein QnrB family","quinolone resistance pentapeptide repeat protein QnrS1",,"quinolone","quinolone",,100,100,100,
"RGI: protein homolog model","Antibiotic Resistance","CARD","562.97023","Escherichia coli VRES1197","fig|562.97023.peg.4991",,,"381",,,"Pentapeptide repeat protein QnrB family","QnrS1","antibiotic target protection","fluoroquinolone","ciprofloxacin;levofloxacin;moxifloxacin;gatifloxacin;nalidixic acid;norfloxacin;sparfloxacin",,100,100,100,"1.18559e-166"
"BLAT","Antibiotic Resistance","CARD","562.97017","Escherichia coli VREC1123","fig|562.97017.peg.4982",,,"ABG56870.1","Klebsiella pneumoniae","QnrS1","Pentapeptide repeat protein QnrB family",,"antibiotic target protection protein,fluoroquinolone resistance gene",,,,100,100,100,"1e-129"
"RGI: protein homolog model","Antibiotic Resistance","CARD","562.58776","Escherichia coli strain ENV222","fig|562.58776.peg.4972",,,"381",,,"Pentapeptide repeat protein QnrB family","QnrS1","antibiotic target protection","fluoroquinolone","ciprofloxacin;levofloxacin;moxifloxacin;gatifloxacin;nalidixic acid;norfloxacin;sparfloxacin",,100,100,100,"1.18559e-166"
"BLAT","Antibiotic Resistance","NDARO","562.97105","Escherichia coli VRES1352","fig|562.97105.peg.4466",,,"WP_001516695.1","Gammaproteobacteria",,"Pentapeptide repeat protein QnrB family","MULTISPECIES: quinolone resistance pentapeptide repeat protein QnrS1","",,,,100,100,100,"1e-129"
"AMRFinderPlus: ALLELEP","Antibiotic Resistance","NDARO","562.97032","Escherichia coli VRES1201","fig|562.97032.peg.4996",,,"WP_001516695.1",,,"Pentapeptide repeat protein QnrB family","quinolone resistance pentapeptide repeat protein QnrS1",,"quinolone","quinolone",,100,100,100,
"BLAT","Antibiotic Resistance","CARD","562.99759","Escherichia coli ea0054a6-7bb8-11e9-a8d3-68b59976a384","fig|562.99759.peg.5067",,,"ABG56870.1","Klebsiella pneumoniae","QnrS1","Pentapeptide repeat protein QnrB family",,"antibiotic target protection protein,fluoroquinolone resistance gene",,,,100,100,100,"1e-129"
"BLAT","Antibiotic Resistance","CARD","562.97018","Escherichia coli VREC1124","fig|562.97018.peg.5003",,,"ABG56870.1","Klebsiella pneumoniae","QnrS1","Pentapeptide repeat protein QnrB family",,"antibiotic target protection protein,fluoroquinolone resistance gene",,,,100,100,100,"1e-129"
"BLAT","Antibiotic Resistance","NDARO","562.45675","Escherichia coli strain EC_07","fig|562.45675.peg.4306","EXX04_23595",,"WP_001516695.1","Gammaproteobacteria",,"Pentapeptide repeat protein QnrB family","MULTISPECIES: quinolone resistance pentapeptide repeat protein QnrS1","",,,,100,100,100,"1e-129"
"AMRFinderPlus: ALLELEP","Antibiotic Resistance","NDARO","562.97106","Escherichia coli VREC1234","fig|562.97106.peg.4437",,,"WP_001516695.1",,,"Pentapeptide repeat protein QnrB family","quinolone resistance pentapeptide repeat protein QnrS1",,"quinolone","quinolone",,100,100,100,
"BLAT","Antibiotic Resistance","CARD","562.42648","Escherichia coli strain 149","fig|562.42648.peg.4938",,,"ABG56870.1","Klebsiella pneumoniae","QnrS1","Pentapeptide repeat protein QnrB family",,"antibiotic target protection protein,fluoroquinolone resistance gene",,,,100,100,100,"1e-129"
"BLAT","Antibiotic Resistance","NDARO","562.97116","Escherichia coli VRES1348","fig|562.97116.peg.4440",,,"WP_001516695.1","Gammaproteobacteria",,"Pentapeptide repeat protein QnrB family","MULTISPECIES: quinolone resistance pentapeptide repeat protein QnrS1","",,,,100,100,100,"1e-129"
"BLAT","Antibiotic Resistance","NDARO","562.58777","Escherichia coli strain ENV225","fig|562.58777.peg.4805",,,"WP_001516695.1","Gammaproteobacteria",,"Pentapeptide repeat protein QnrB family","MULTISPECIES: quinolone resistance pentapeptide repeat protein QnrS1","",,,,100,100,100,"1e-129"
"BLAT","Antibiotic Resistance","CARD","562.57427","Escherichia coli strain W2_5_ERB8","fig|562.57427.peg.5023",,,"ABG56870.1","Klebsiella pneumoniae","QnrS1","Pentapeptide repeat protein QnrB family",,"antibiotic target protection protein,fluoroquinolone resistance gene",,,,100,100,100,"1e-129"
"AMRFinderPlus: ALLELEP","Antibiotic Resistance","NDARO","562.97105","Escherichia coli VRES1352","fig|562.97105.peg.4466",,,"WP_001516695.1",,,"Pentapeptide repeat protein QnrB family","quinolone resistance pentapeptide repeat protein QnrS1",,"quinolone","quinolone",,100,100,100,
"AMRFinderPlus: ALLELEP","Antibiotic Resistance","NDARO","562.42649","Escherichia coli strain 151","fig|562.42649.peg.4760",,,"WP_001516695.1",,,"Pentapeptide repeat protein QnrB family","quinolone resistance pentapeptide repeat protein QnrS1",,"quinolone","quinolone",,100,100,100,
"BLAT","Antibiotic Resistance","NDARO","562.99759","Escherichia coli ea0054a6-7bb8-11e9-a8d3-68b59976a384","fig|562.99759.peg.5067",,,"WP_001516695.1","Gammaproteobacteria",,"Pentapeptide repeat protein QnrB family","MULTISPECIES: quinolone resistance pentapeptide repeat protein QnrS1","",,,,100,100,100,"1e-129"
"RGI: protein homolog model","Antibiotic Resistance","CARD","562.57441","Escherichia coli strain F1_7_ERB1","fig|562.57441.peg.4706",,,"381",,,"Pentapeptide repeat protein QnrB family","QnrS1","antibiotic target protection","fluoroquinolone","ciprofloxacin;levofloxacin;moxifloxacin;gatifloxacin;nalidixic acid;norfloxacin;sparfloxacin",,84,100,100,"1.76165e-138"
"BLAT","Antibiotic Resistance","NDARO","562.144913","Escherichia coli MGL_87","fig|562.144913.peg.5139",,,"WP_001516695.1","Gammaproteobacteria",,"Pentapeptide repeat protein QnrB family","MULTISPECIES: quinolone resistance pentapeptide repeat protein QnrS1","",,,,100,100,100,"1e-129"
"BLAT","Antibiotic Resistance","CARD","562.135575","Escherichia coli MGL_118","fig|562.135575.peg.4732",,,"ABG56870.1","Klebsiella pneumoniae","QnrS1","Pentapeptide repeat protein QnrB family",,"antibiotic target protection protein,fluoroquinolone resistance gene",,,,100,100,100,"1e-129"
"BLAT","Antibiotic Resistance","NDARO","562.7686","Escherichia coli strain 702890_aEPEC","fig|562.7686.peg.4688","ERS085405_04571",,"WP_001516695.1","Gammaproteobacteria","pipB2_3","Pentapeptide repeat protein QnrB family","MULTISPECIES: quinolone resistance pentapeptide repeat protein QnrS1",,,,,100,100,100,"1e-129"
"RGI: protein homolog model","Antibiotic Resistance","CARD","562.57442","Escherichia coli strain F1_8_ERB12","fig|562.57442.peg.4244",,,"381",,,"Pentapeptide repeat protein QnrB family","QnrS1","antibiotic target protection","fluoroquinolone","ciprofloxacin;levofloxacin;moxifloxacin;gatifloxacin;nalidixic acid;norfloxacin;sparfloxacin",,100,100,100,"1.18559e-166"
"BLAT","Antibiotic Resistance","NDARO","562.56771","Escherichia coli strain 1043-14","fig|562.56771.peg.4921",,,"WP_001516695.1","Gammaproteobacteria",,"Pentapeptide repeat protein QnrB family","MULTISPECIES: quinolone resistance pentapeptide repeat protein QnrS1","",,,,100,100,100,"1e-129"
"RGI: protein homolog model","Antibiotic Resistance","CARD","562.57396","Escherichia coli strain W1_7_ERB9","fig|562.57396.peg.4344",,,"381",,,"Pentapeptide repeat protein QnrB family","QnrS1","antibiotic target protection","fluoroquinolone","ciprofloxacin;levofloxacin;moxifloxacin;gatifloxacin;nalidixic acid;norfloxacin;sparfloxacin",,100,100,100,"1.18559e-166"
"RGI: protein homolog model","Antibiotic Resistance","CARD","562.57370","Escherichia coli strain PB198","fig|562.57370.peg.4876",,,"381",,,"Pentapeptide repeat protein QnrB family","QnrS1","antibiotic target protection","fluoroquinolone","ciprofloxacin;levofloxacin;moxifloxacin;gatifloxacin;nalidixic acid;norfloxacin;sparfloxacin",,100,100,100,"1.18559e-166"
"BLAT","Antibiotic Resistance","NDARO","562.57417","Escherichia coli strain W2_2_ERB4","fig|562.57417.peg.4328",,,"WP_001516695.1","Gammaproteobacteria",,"Pentapeptide repeat protein QnrB family","MULTISPECIES: quinolone resistance pentapeptide repeat protein QnrS1","",,,,100,100,100,"1e-129"
"BLAT","Antibiotic Resistance","NDARO","562.57385","Escherichia coli strain W1_10_ERB1","fig|562.57385.peg.4671",,,"WP_001516695.1","Gammaproteobacteria",,"Pentapeptide repeat protein QnrB family","MULTISPECIES: quinolone resistance pentapeptide repeat protein QnrS1","",,,,100,100,100,"1e-129"
"BLAT","Antibiotic Resistance","NDARO","562.57431","Escherichia coli strain W2_9_ERBR2","fig|562.57431.peg.5041",,,"WP_001516695.1","Gammaproteobacteria",,"Pentapeptide repeat protein QnrB family","MULTISPECIES: quinolone resistance pentapeptide repeat protein QnrS1","",,,,100,100,100,"1e-129"
"AMRFinderPlus: ALLELEP","Antibiotic Resistance","NDARO","562.135579","Escherichia coli MGL_1560","fig|562.135579.peg.5080","R2R64_16340",,"WP_001516695.1",,,"Pentapeptide repeat protein QnrB family","quinolone resistance pentapeptide repeat protein QnrS1",,"quinolone","quinolone",,100,100,100,
"BLAT","Antibiotic Resistance","NDARO","562.42649","Escherichia coli strain 151","fig|562.42649.peg.4760",,,"WP_001516695.1","Gammaproteobacteria",,"Pentapeptide repeat protein QnrB family","MULTISPECIES: quinolone resistance pentapeptide repeat protein QnrS1","",,,,100,100,100,"1e-129"
"BLAT","Antibiotic Resistance","CARD","562.42724","Escherichia coli strain 363","fig|562.42724.peg.4169",,,"ABG56870.1","Klebsiella pneumoniae","QnrS1","Pentapeptide repeat protein QnrB family",,"antibiotic target protection protein,fluoroquinolone resistance gene",,,,100,100,100,"1e-129"
"RGI: protein homolog model","Antibiotic Resistance","CARD","562.58777","Escherichia coli strain ENV225","fig|562.58777.peg.4805",,,"381",,,"Pentapeptide repeat protein QnrB family","QnrS1","antibiotic target protection","fluoroquinolone","ciprofloxacin;levofloxacin;moxifloxacin;gatifloxacin;nalidixic acid;norfloxacin;sparfloxacin",,100,100,100,"1.18559e-166"
"AMRFinderPlus: ALLELEP","Antibiotic Resistance","NDARO","562.57439","Escherichia coli strain W3_1_ERB5","fig|562.57439.peg.1114",,,"WP_001516695.1",,,"Pentapeptide repeat protein QnrB family","quinolone resistance pentapeptide repeat protein QnrS1",,"quinolone","quinolone",,100,100,100,
"BLAT","Antibiotic Resistance","NDARO","562.45628","Escherichia coli strain EC_33_B","fig|562.45628.peg.3995","EXX31_24445",,"WP_001516695.1","Gammaproteobacteria",,"Pentapeptide repeat protein QnrB family","MULTISPECIES: quinolone resistance pentapeptide repeat protein QnrS1","",,,,100,100,100,"1e-129"
"RGI: protein homolog model","Antibiotic Resistance","CARD","562.57386","Escherichia coli strain W1_3_ERB1","fig|562.57386.peg.4997",,,"381",,,"Pentapeptide repeat protein QnrB family","QnrS1","antibiotic target protection","fluoroquinolone","ciprofloxacin;levofloxacin;moxifloxacin;gatifloxacin;nalidixic acid;norfloxacin;sparfloxacin",,100,100,100,"1.18559e-166"
"RGI: protein homolog model","Antibiotic Resistance","CARD","562.144936","Escherichia coli MGL_153","fig|562.144936.peg.4843",,,"381",,,"Pentapeptide repeat protein QnrB family","QnrS1","antibiotic target protection","fluoroquinolone","ciprofloxacin;levofloxacin;moxifloxacin;gatifloxacin;nalidixic acid;norfloxacin;sparfloxacin",,100,100,100,"1.18559e-166"
"BLAT","Antibiotic Resistance","NDARO","562.97020","Escherichia coli VRES1202","fig|562.97020.peg.5004",,,"WP_001516695.1","Gammaproteobacteria",,"Pentapeptide repeat protein QnrB family","MULTISPECIES: quinolone resistance pentapeptide repeat protein QnrS1","",,,,100,100,100,"1e-129"
"BLAT","Antibiotic Resistance","NDARO","562.100884","Escherichia coli cf4ce2b8-7bb9-11e9-a8d3-68b59976a384","fig|562.100884.peg.4654",,,"WP_001516695.1","Gammaproteobacteria",,"Pentapeptide repeat protein QnrB family","MULTISPECIES: quinolone resistance pentapeptide repeat protein QnrS1","",,,,100,100,100,"1e-129"
"BLAT","Antibiotic Resistance","NDARO","562.144916","Escherichia coli MGL_82","fig|562.144916.peg.5061",,,"WP_001516695.1","Gammaproteobacteria",,"Pentapeptide repeat protein QnrB family","MULTISPECIES: quinolone resistance pentapeptide repeat protein QnrS1","",,,,100,100,100,"1e-129"
"BLAT","Antibiotic Resistance","NDARO","562.42733","Escherichia coli strain 399","fig|562.42733.peg.4947",,,"WP_012537714.1","Gammaproteobacteria",,"Pentapeptide repeat protein QnrB family","MULTISPECIES: quinolone resistance pentapeptide repeat protein QnrS2","",,,,100,100,100,"1e-129"
"RGI: protein homolog model","Antibiotic Resistance","CARD","562.97105","Escherichia coli VRES1352","fig|562.97105.peg.4466",,,"381",,,"Pentapeptide repeat protein QnrB family","QnrS1","antibiotic target protection","fluoroquinolone","ciprofloxacin;levofloxacin;moxifloxacin;gatifloxacin;nalidixic acid;norfloxacin;sparfloxacin",,100,100,100,"1.18559e-166"
"AMRFinderPlus: ALLELEP","Antibiotic Resistance","NDARO","562.97215","Escherichia coli VREC1375","fig|562.97215.peg.4922",,,"WP_001516695.1",,,"Pentapeptide repeat protein QnrB family","quinolone resistance pentapeptide repeat protein QnrS1",,"quinolone","quinolone",,100,100,100,
"AMRFinderPlus: ALLELEP","Antibiotic Resistance","NDARO","562.45593","Escherichia coli strain EC_79","fig|562.45593.peg.4306","EXX75_23710",,"WP_001516695.1",,,"Pentapeptide repeat protein QnrB family","quinolone resistance pentapeptide repeat protein QnrS1",,"quinolone","quinolone",,100,100,100,
"BLAT","Antibiotic Resistance","NDARO","562.144924","Escherichia coli MGL_118","fig|562.144924.peg.4734",,,"WP_001516695.1","Gammaproteobacteria",,"Pentapeptide repeat protein QnrB family","MULTISPECIES: quinolone resistance pentapeptide repeat protein QnrS1","",,,,100,100,100,"1e-129"
"AMRFinderPlus: ALLELEP","Antibiotic Resistance","NDARO","562.145012","Escherichia coli PT_EC0214","fig|562.145012.peg.5227",,,"WP_001516695.1",,,"Pentapeptide repeat protein QnrB family","quinolone resistance pentapeptide repeat protein QnrS1",,"quinolone","quinolone",,100,100,100,
"RGI: protein homolog model","Antibiotic Resistance","CARD","562.58773","Escherichia coli strain ENV103","fig|562.58773.peg.4699",,,"381",,,"Pentapeptide repeat protein QnrB family","QnrS1","antibiotic target protection","fluoroquinolone","ciprofloxacin;levofloxacin;moxifloxacin;gatifloxacin;nalidixic acid;norfloxacin;sparfloxacin",,100,100,100,"1.18559e-166"
"BLAT","Antibiotic Resistance","NDARO","562.144929","Escherichia coli MGL_1560","fig|562.144929.peg.5075",,,"WP_001516695.1","Gammaproteobacteria",,"Pentapeptide repeat protein QnrB family","MULTISPECIES: quinolone resistance pentapeptide repeat protein QnrS1","",,,,100,100,100,"1e-129"
"AMRFinderPlus: ALLELEP","Antibiotic Resistance","NDARO","562.144916","Escherichia coli MGL_82","fig|562.144916.peg.5061",,,"WP_001516695.1",,,"Pentapeptide repeat protein QnrB family","quinolone resistance pentapeptide repeat protein QnrS1",,"quinolone","quinolone",,100,100,100,
"BLAT","Antibiotic Resistance","CARD","562.57368","Escherichia coli strain PB163","fig|562.57368.peg.4591",,,"ABG56870.1","Klebsiella pneumoniae","QnrS1","Pentapeptide repeat protein QnrB family",,"antibiotic target protection protein,fluoroquinolone resistance gene",,,,100,100,100,"1e-129"
"AMRFinderPlus: ALLELEP","Antibiotic Resistance","NDARO","562.97023","Escherichia coli VRES1197","fig|562.97023.peg.4991",,,"WP_001516695.1",,,"Pentapeptide repeat protein QnrB family","quinolone resistance pentapeptide repeat protein QnrS1",,"quinolone","quinolone",,100,100,100,
"AMRFinderPlus: ALLELEP","Antibiotic Resistance","NDARO","562.45665","Escherichia coli strain EC_12","fig|562.45665.peg.3894","EXX14_21080",,"WP_001516695.1",,,"Pentapeptide repeat protein QnrB family","quinolone resistance pentapeptide repeat protein QnrS1",,"quinolone","quinolone",,100,100,100,
"RGI: protein homolog model","Antibiotic Resistance","CARD","562.57441","Escherichia coli strain F1_7_ERB1","fig|562.57441.peg.4471",,,"3326",,,"hypothetical protein","QnrS15","antibiotic target protection","fluoroquinolone","ciprofloxacin;levofloxacin;moxifloxacin;gatifloxacin;nalidixic acid;norfloxacin;sparfloxacin",,8,69,100,"4.94699e-08"
"RGI: protein homolog model","Antibiotic Resistance","CARD","562.97116","Escherichia coli VRES1348","fig|562.97116.peg.4440",,,"381",,,"Pentapeptide repeat protein QnrB family","QnrS1","antibiotic target protection","fluoroquinolone","ciprofloxacin;levofloxacin;moxifloxacin;gatifloxacin;nalidixic acid;norfloxacin;sparfloxacin",,100,100,100,"1.18559e-166"
"BLAT","Antibiotic Resistance","CARD","562.42702","Escherichia coli strain 279","fig|562.42702.peg.5056",,,"ABG56870.1","Klebsiella pneumoniae","QnrS1","Pentapeptide repeat protein QnrB family",,"antibiotic target protection protein,fluoroquinolone resistance gene",,,,100,100,100,"1e-129"
"BLAT","Antibiotic Resistance","CARD","562.97032","Escherichia coli VRES1201","fig|562.97032.peg.4996",,,"ABG56870.1","Klebsiella pneumoniae","QnrS1","Pentapeptide repeat protein QnrB family",,"antibiotic target protection protein,fluoroquinolone resistance gene",,,,100,100,100,"1e-129"
"AMRFinderPlus: ALLELEP","Antibiotic Resistance","NDARO","562.144911","Escherichia coli MGL_106","fig|562.144911.peg.4675",,,"WP_001516695.1",,,"Pentapeptide repeat protein QnrB family","quinolone resistance pentapeptide repeat protein QnrS1",,"quinolone","quinolone",,100,100,100,
"RGI: protein homolog model","Antibiotic Resistance","CARD","562.57402","Escherichia coli strain W2_11_ERB1","fig|562.57402.peg.4430",,,"381",,,"Pentapeptide repeat protein QnrB family","QnrS1","antibiotic target protection","fluoroquinolone","ciprofloxacin;levofloxacin;moxifloxacin;gatifloxacin;nalidixic acid;norfloxacin;sparfloxacin",,100,100,100,"1.18559e-166"
"BLAT","Antibiotic Resistance","CARD","562.145012","Escherichia coli PT_EC0214","fig|562.145012.peg.5227",,,"ABG56870.1","Klebsiella pneumoniae","QnrS1","Pentapeptide repeat protein QnrB family",,"antibiotic target protection protein,fluoroquinolone resistance gene",,,,100,100,100,"1e-129"
"AMRFinderPlus: ALLELEP","Antibiotic Resistance","NDARO","562.97027","Escherichia coli VRES1203","fig|562.97027.peg.5008",,,"WP_001516695.1",,,"Pentapeptide repeat protein QnrB family","quinolone resistance pentapeptide repeat protein QnrS1",,"quinolone","quinolone",,100,100,100,
"BLAT","Antibiotic Resistance","NDARO","562.57448","Escherichia coli strain F1_7_ERG10B","fig|562.57448.peg.4683",,,"WP_001516695.1","Gammaproteobacteria",,"Pentapeptide repeat protein QnrB family","MULTISPECIES: quinolone resistance pentapeptide repeat protein QnrS1","",,,,100,100,100,"1e-129"
"BLAT","Antibiotic Resistance","CARD","562.57468","Escherichia coli strain PB29","fig|562.57468.peg.4479",,,"ABG56870.1","Klebsiella pneumoniae","QnrS1","Pentapeptide repeat protein QnrB family",,"antibiotic target protection protein,fluoroquinolone resistance gene",,,,100,100,100,"1e-129"
"BLAT","Antibiotic Resistance","CARD","562.45675","Escherichia coli strain EC_07","fig|562.45675.peg.4306","EXX04_23595",,"ABG56870.1","Klebsiella pneumoniae","QnrS1","Pentapeptide repeat protein QnrB family",,"antibiotic target protection protein,fluoroquinolone resistance gene",,,,100,100,100,"1e-129"
"RGI: protein homolog model","Antibiotic Resistance","CARD","562.144929","Escherichia coli MGL_1560","fig|562.144929.peg.5075",,,"381",,,"Pentapeptide repeat protein QnrB family","QnrS1","antibiotic target protection","fluoroquinolone","ciprofloxacin;levofloxacin;moxifloxacin;gatifloxacin;nalidixic acid;norfloxacin;sparfloxacin",,100,100,100,"1.18559e-166"
"BLAT","Antibiotic Resistance","CARD","562.97215","Escherichia coli VREC1375","fig|562.97215.peg.4922",,,"ABG56870.1","Klebsiella pneumoniae","QnrS1","Pentapeptide repeat protein QnrB family",,"antibiotic target protection protein,fluoroquinolone resistance gene",,,,100,100,100,"1e-129"
"BLAT","Antibiotic Resistance","NDARO","562.45596","Escherichia coli strain EC_90","fig|562.45596.peg.5218","EXX84_24420",,"WP_001516695.1","Gammaproteobacteria",,"Pentapeptide repeat protein QnrB family","MULTISPECIES: quinolone resistance pentapeptide repeat protein QnrS1","",,,,100,100,99,"1e-128"
"RGI: protein homolog model","Antibiotic Resistance","CARD","562.57471","Escherichia coli strain W2_15_ERB4","fig|562.57471.peg.4749",,,"381",,,"Pentapeptide repeat protein QnrB family","QnrS1","antibiotic target protection","fluoroquinolone","ciprofloxacin;levofloxacin;moxifloxacin;gatifloxacin;nalidixic acid;norfloxacin;sparfloxacin",,100,100,100,"1.18559e-166"
"BLAT","Antibiotic Resistance","CARD","562.42650","Escherichia coli strain 153","fig|562.42650.peg.5007",,,"ABG56870.1","Klebsiella pneumoniae","QnrS1","Pentapeptide repeat protein QnrB family",,"antibiotic target protection protein,fluoroquinolone resistance gene",,,,100,100,100,"1e-129"
"BLAT","Antibiotic Resistance","NDARO","562.42703","Escherichia coli strain 280","fig|562.42703.peg.4823",,,"WP_001516695.1","Gammaproteobacteria",,"Pentapeptide repeat protein QnrB family","MULTISPECIES: quinolone resistance pentapeptide repeat protein QnrS1","",,,,100,100,100,"1e-129"
"BLAT","Antibiotic Resistance","NDARO","562.57404","Escherichia coli strain W1_7_ERG10","fig|562.57404.peg.4640",,,"WP_001516695.1","Gammaproteobacteria",,"Pentapeptide repeat protein QnrB family","MULTISPECIES: quinolone resistance pentapeptide repeat protein QnrS1","",,,,100,100,100,"1e-129"
"BLAT","Antibiotic Resistance","CARD","562.97106","Escherichia coli VREC1234","fig|562.97106.peg.4437",,,"ABG56870.1","Klebsiella pneumoniae","QnrS1","Pentapeptide repeat protein QnrB family",,"antibiotic target protection protein,fluoroquinolone resistance gene",,,,100,100,100,"1e-129"
"BLAT","Antibiotic Resistance","CARD","562.57370","Escherichia coli strain PB198","fig|562.57370.peg.4876",,,"ABG56870.1","Klebsiella pneumoniae","QnrS1","Pentapeptide repeat protein QnrB family",,"antibiotic target protection protein,fluoroquinolone resistance gene",,,,100,100,100,"1e-129"
"AMRFinderPlus: ALLELEP","Antibiotic Resistance","NDARO","562.57400","Escherichia coli strain W2_10_ERB1","fig|562.57400.peg.3936",,,"WP_001516695.1",,,"Pentapeptide repeat protein QnrB family","quinolone resistance pentapeptide repeat protein QnrS1",,"quinolone","quinolone",,100,100,100,
"RGI: protein homolog model","Antibiotic Resistance","CARD","562.57438","Escherichia coli strain W3_1_ERB3","fig|562.57438.peg.4640",,,"381",,,"S-(hydroxymethyl)glutathione dehydrogenase (EC 1.1.1.284)","QnrS1","antibiotic target protection","fluoroquinolone","ciprofloxacin;levofloxacin;moxifloxacin;gatifloxacin;nalidixic acid;norfloxacin;sparfloxacin",,51,86,100,"1.28489e-81"
"RGI: protein homolog model","Antibiotic Resistance","CARD","562.57431","Escherichia coli strain W2_9_ERBR2","fig|562.57431.peg.5041",,,"381",,,"Pentapeptide repeat protein QnrB family","QnrS1","antibiotic target protection","fluoroquinolone","ciprofloxacin;levofloxacin;moxifloxacin;gatifloxacin;nalidixic acid;norfloxacin;sparfloxacin",,100,100,100,"1.18559e-166"
"AMRFinderPlus: ALLELEP","Antibiotic Resistance","NDARO","562.58774","Escherichia coli strain ENV190","fig|562.58774.peg.4662",,,"WP_001516695.1",,,"Pentapeptide repeat protein QnrB family","quinolone resistance pentapeptide repeat protein QnrS1",,"quinolone","quinolone",,100,100,100,
"RGI: protein homolog model","Antibiotic Resistance","CARD","562.135560","Escherichia coli MGL_106","fig|562.135560.peg.4690","BFL18_27100",,"381",,,"Pentapeptide repeat protein QnrB family","QnrS1","antibiotic target protection","fluoroquinolone","ciprofloxacin;levofloxacin;moxifloxacin;gatifloxacin;nalidixic acid;norfloxacin;sparfloxacin",,100,100,100,"1.18559e-166"
"BLAT","Antibiotic Resistance","CARD","562.57443","Escherichia coli strain F1_8_ERG5","fig|562.57443.peg.5323",,,"ABG56870.1","Klebsiella pneumoniae","QnrS1","Pentapeptide repeat protein QnrB family",,"antibiotic target protection protein,fluoroquinolone resistance gene",,,,100,100,100,"1e-129"
"BLAT","Antibiotic Resistance","NDARO","562.57465","Escherichia coli strain PB412","fig|562.57465.peg.4901",,,"WP_001516695.1","Gammaproteobacteria",,"Pentapeptide repeat protein QnrB family","MULTISPECIES: quinolone resistance pentapeptide repeat protein QnrS1","",,,,100,100,100,"1e-129"
"BLAT","Antibiotic Resistance","NDARO","562.57364","Escherichia coli strain PB320","fig|562.57364.peg.5453",,,"WP_001516695.1","Gammaproteobacteria",,"Pentapeptide repeat protein QnrB family","MULTISPECIES: quinolone resistance pentapeptide repeat protein QnrS1","",,,,100,100,100,"1e-129"
"RGI: protein homolog model","Antibiotic Resistance","CARD","562.100232","Escherichia coli c4c735ce-7bb8-11e9-a8d3-68b59976a384","fig|562.100232.peg.4975","AWG33_11410",,"381",,,"Pentapeptide repeat protein QnrB family","QnrS1","antibiotic target protection","fluoroquinolone","ciprofloxacin;levofloxacin;moxifloxacin;gatifloxacin;nalidixic acid;norfloxacin;sparfloxacin",,100,100,100,"1.18559e-166"
"RGI: protein homolog model","Antibiotic Resistance","CARD","562.57404","Escherichia coli strain W1_7_ERG10","fig|562.57404.peg.4640",,,"381",,,"Pentapeptide repeat protein QnrB family","QnrS1","antibiotic target protection","fluoroquinolone","ciprofloxacin;levofloxacin;moxifloxacin;gatifloxacin;nalidixic acid;norfloxacin;sparfloxacin",,100,100,100,"1.18559e-166"
"BLAT","Antibiotic Resistance","NDARO","562.57391","Escherichia coli strain W1_4_ERB5","fig|562.57391.peg.4464",,,"WP_001516695.1","Gammaproteobacteria",,"Pentapeptide repeat protein QnrB family","MULTISPECIES: quinolone resistance pentapeptide repeat protein QnrS1","",,,,100,100,100,"1e-129"
"BLAT","Antibiotic Resistance","CARD","562.57430","Escherichia coli strain W2_6_ERB1","fig|562.57430.peg.4692",,,"ABG56870.1","Klebsiella pneumoniae","QnrS1","Pentapeptide repeat protein QnrB family",,"antibiotic target protection protein,fluoroquinolone resistance gene",,,,100,100,100,"1e-129"
"RGI: protein homolog model","Antibiotic Resistance","CARD","562.57510","Escherichia coli strain PB63","fig|562.57510.peg.4669",,,"381",,,"Pentapeptide repeat protein QnrB family","QnrS1","antibiotic target protection","fluoroquinolone","ciprofloxacin;levofloxacin;moxifloxacin;gatifloxacin;nalidixic acid;norfloxacin;sparfloxacin",,100,100,100,"1.18559e-166"
"BLAT","Antibiotic Resistance","CARD","562.97025","Escherichia coli VRES1200","fig|562.97025.peg.5007",,,"ABG56870.1","Klebsiella pneumoniae","QnrS1","Pentapeptide repeat protein QnrB family",,"antibiotic target protection protein,fluoroquinolone resistance gene",,,,100,100,100,"1e-129"
"AMRFinderPlus: ALLELEP","Antibiotic Resistance","NDARO","562.135562","Escherichia coli MGL_87","fig|562.135562.peg.5139","R2R64_16340",,"WP_001516695.1",,,"Pentapeptide repeat protein QnrB family","quinolone resistance pentapeptide repeat protein QnrS1",,"quinolone","quinolone",,100,100,100,
"BLAT","Antibiotic Resistance","CARD","562.97216","Escherichia coli VREC1376","fig|562.97216.peg.4810",,,"ABG56870.1","Klebsiella pneumoniae","QnrS1","Pentapeptide repeat protein QnrB family",,"antibiotic target protection protein,fluoroquinolone resistance gene",,,,100,100,100,"1e-129"
"BLAT","Antibiotic Resistance","CARD","562.57364","Escherichia coli strain PB320","fig|562.57364.peg.5453",,,"ABG56870.1","Klebsiella pneumoniae","QnrS1","Pentapeptide repeat protein QnrB family",,"antibiotic target protection protein,fluoroquinolone resistance gene",,,,100,100,100,"1e-129"
"BLAT","Antibiotic Resistance","CARD","562.97020","Escherichia coli VRES1202","fig|562.97020.peg.5004",,,"ABG56870.1","Klebsiella pneumoniae","QnrS1","Pentapeptide repeat protein QnrB family",,"antibiotic target protection protein,fluoroquinolone resistance gene",,,,100,100,100,"1e-129"
"BLAT","Antibiotic Resistance","NDARO","562.58772","Escherichia coli strain ENV76","fig|562.58772.peg.4681",,,"WP_001516695.1","Gammaproteobacteria",,"Pentapeptide repeat protein QnrB family","MULTISPECIES: quinolone resistance pentapeptide repeat protein QnrS1","",,,,100,100,100,"1e-129"
"AMRFinderPlus: ALLELEP","Antibiotic Resistance","NDARO","562.100786","Escherichia coli 02173e4c-7bb9-11e9-a8d3-68b59976a384","fig|562.100786.peg.4868","AWG95_09620",,"WP_001516695.1",,,"Pentapeptide repeat protein QnrB family","quinolone resistance pentapeptide repeat protein QnrS1",,"quinolone","quinolone",,100,100,100,
"BLAT","Antibiotic Resistance","NDARO","562.45660","Escherichia coli strain EC_38","fig|562.45660.peg.4560","EXX38_24370",,"WP_001516695.1","Gammaproteobacteria",,"Pentapeptide repeat protein QnrB family","MULTISPECIES: quinolone resistance pentapeptide repeat protein QnrS1","",,,,100,100,100,"1e-129"
"BLAT","Antibiotic Resistance","CARD","562.97033","Escherichia coli VRES1196","fig|562.97033.peg.4995",,,"ABG56870.1","Klebsiella pneumoniae","QnrS1","Pentapeptide repeat protein QnrB family",,"antibiotic target protection protein,fluoroquinolone resistance gene",,,,100,100,100,"1e-129"
"RGI: protein homolog model","Antibiotic Resistance","CARD","562.42763","Escherichia coli strain M1","fig|562.42763.peg.4744",,,"381",,,"Pentapeptide repeat protein QnrB family","QnrS1","antibiotic target protection","fluoroquinolone","ciprofloxacin;levofloxacin;moxifloxacin;gatifloxacin;nalidixic acid;norfloxacin;sparfloxacin",,100,100,100,"1.18559e-166"
"BLAT","Antibiotic Resistance","CARD","562.135576","Escherichia coli 20200203_MGL_04","fig|562.135576.peg.5128",,,"ABG56870.1","Klebsiella pneumoniae","QnrS1","Pentapeptide repeat protein QnrB family",,"antibiotic target protection protein,fluoroquinolone resistance gene",,,,100,100,100,"1e-129"
"BLAT","Antibiotic Resistance","NDARO","562.45594","Escherichia coli strain EC_76","fig|562.45594.peg.3241","EXX72_20000",,"WP_001516695.1","Gammaproteobacteria",,"Pentapeptide repeat protein QnrB family","MULTISPECIES: quinolone resistance pentapeptide repeat protein QnrS1","",,,,100,100,99,"1e-128"
"BLAT","Antibiotic Resistance","CARD","562.97110","Escherichia coli VRES1354","fig|562.97110.peg.4401",,,"ABG56870.1","Klebsiella pneumoniae","QnrS1","Pentapeptide repeat protein QnrB family",,"antibiotic target protection protein,fluoroquinolone resistance gene",,,,100,100,100,"1e-129"
"BLAT","Antibiotic Resistance","NDARO","562.57457","Escherichia coli strain PB251","fig|562.57457.peg.4992",,,"WP_001516695.1","Gammaproteobacteria",,"Pentapeptide repeat protein QnrB family","MULTISPECIES: quinolone resistance pentapeptide repeat protein QnrS1","",,,,100,100,100,"1e-129"
"RGI: protein homolog model","Antibiotic Resistance","CARD","562.57430","Escherichia coli strain W2_6_ERB1","fig|562.57430.peg.4692",,,"381",,,"Pentapeptide repeat protein QnrB family","QnrS1","antibiotic target protection","fluoroquinolone","ciprofloxacin;levofloxacin;moxifloxacin;gatifloxacin;nalidixic acid;norfloxacin;sparfloxacin",,100,100,100,"1.18559e-166"
"AMRFinderPlus: ALLELEP","Antibiotic Resistance","NDARO","562.57402","Escherichia coli strain W2_11_ERB1","fig|562.57402.peg.4430",,,"WP_001516695.1",,,"Pentapeptide repeat protein QnrB family","quinolone resistance pentapeptide repeat protein QnrS1",,"quinolone","quinolone",,100,100,100,
"BLAT","Antibiotic Resistance","CARD","562.57404","Escherichia coli strain W1_7_ERG10","fig|562.57404.peg.4640",,,"ABG56870.1","Klebsiella pneumoniae","QnrS1","Pentapeptide repeat protein QnrB family",,"antibiotic target protection protein,fluoroquinolone resistance gene",,,,100,100,100,"1e-129"
"BLAT","Antibiotic Resistance","NDARO","562.57509","Escherichia coli strain PB78","fig|562.57509.peg.4734",,,"WP_001516695.1","Gammaproteobacteria",,"Pentapeptide repeat protein QnrB family","MULTISPECIES: quinolone resistance pentapeptide repeat protein QnrS1","",,,,100,100,100,"1e-129"
"AMRFinderPlus: ALLELEP","Antibiotic Resistance","NDARO","562.58720","Escherichia coli strain 14060900","fig|562.58720.peg.5573",,,"WP_001516695.1",,,"Pentapeptide repeat protein QnrB family","quinolone resistance pentapeptide repeat protein QnrS1",,"quinolone","quinolone",,100,100,100,
"RGI: protein homolog model","Antibiotic Resistance","CARD","562.42757","Escherichia coli strain 85","fig|562.42757.peg.5127",,,"381",,,"Pentapeptide repeat protein QnrB family","QnrS1","antibiotic target protection","fluoroquinolone","ciprofloxacin;levofloxacin;moxifloxacin;gatifloxacin;nalidixic acid;norfloxacin;sparfloxacin",,100,100,100,"1.18559e-166"
"BLAT","Antibiotic Resistance","CARD","562.58626","Escherichia coli strain PH118","fig|562.58626.peg.3741",,,"ABG56870.1","Klebsiella pneumoniae","QnrS1","Pentapeptide repeat protein QnrB family",,"antibiotic target protection protein,fluoroquinolone resistance gene",,,,100,100,100,"1e-129"
"BLAT","Antibiotic Resistance","NDARO","562.45615","Escherichia coli strain EC_27","fig|562.45615.peg.4128","EXX25_24130",,"WP_001516695.1","Gammaproteobacteria",,"Pentapeptide repeat protein QnrB family","MULTISPECIES: quinolone resistance pentapeptide repeat protein QnrS1","",,,,100,100,100,"1e-129"
"BLAT","Antibiotic Resistance","NDARO","562.97030","Escherichia coli VREC1125","fig|562.97030.peg.4984",,,"WP_001516695.1","Gammaproteobacteria",,"Pentapeptide repeat protein QnrB family","MULTISPECIES: quinolone resistance pentapeptide repeat protein QnrS1","",,,,100,100,100,"1e-129"
"AMRFinderPlus: ALLELEP","Antibiotic Resistance","NDARO","562.45658","Escherichia coli strain EC_39","fig|562.45658.peg.4983","EXX39_24410",,"WP_001516695.1",,,"Pentapeptide repeat protein QnrB family","quinolone resistance pentapeptide repeat protein QnrS1",,"quinolone","quinolone",,100,100,100,
"BLAT","Antibiotic Resistance","NDARO","562.58783","Escherichia coli strain ENV323","fig|562.58783.peg.4035",,,"WP_001516695.1","Gammaproteobacteria",,"Pentapeptide repeat protein QnrB family","MULTISPECIES: quinolone resistance pentapeptide repeat protein QnrS1","",,,,100,100,100,"1e-129"
"RGI: protein homolog model","Antibiotic Resistance","CARD","562.97106","Escherichia coli VREC1234","fig|562.97106.peg.4437",,,"381",,,"Pentapeptide repeat protein QnrB family","QnrS1","antibiotic target protection","fluoroquinolone","ciprofloxacin;levofloxacin;moxifloxacin;gatifloxacin;nalidixic acid;norfloxacin;sparfloxacin",,100,100,100,"1.18559e-166"
"BLAT","Antibiotic Resistance","NDARO","562.57446","Escherichia coli strain F1_9_ERB1","fig|562.57446.peg.5167",,,"WP_001516695.1","Gammaproteobacteria",,"Pentapeptide repeat protein QnrB family","MULTISPECIES: quinolone resistance pentapeptide repeat protein QnrS1","",,,,100,100,100,"1e-129"
"AMRFinderPlus: ALLELEP","Antibiotic Resistance","NDARO","562.57442","Escherichia coli strain F1_8_ERB12","fig|562.57442.peg.4244",,,"WP_001516695.1",,,"Pentapeptide repeat protein QnrB family","quinolone resistance pentapeptide repeat protein QnrS1",,"quinolone","quinolone",,100,100,100,
"BLAT","Antibiotic Resistance","CARD","562.97023","Escherichia coli VRES1197","fig|562.97023.peg.4991",,,"ABG56870.1","Klebsiella pneumoniae","QnrS1","Pentapeptide repeat protein QnrB family",,"antibiotic target protection protein,fluoroquinolone resistance gene",,,,100,100,100,"1e-129"
"AMRFinderPlus: ALLELEP","Antibiotic Resistance","NDARO","562.57241","Escherichia coli strain 24742_1#352","fig|562.57241.peg.4565",,,"WP_001516695.1",,,"Pentapeptide repeat protein QnrB family","quinolone resistance pentapeptide repeat protein QnrS1",,"quinolone","quinolone",,100,100,100,
"BLAT","Antibiotic Resistance","CARD","562.57385","Escherichia coli strain W1_10_ERB1","fig|562.57385.peg.4671",,,"ABG56870.1","Klebsiella pneumoniae","QnrS1","Pentapeptide repeat protein QnrB family",,"antibiotic target protection protein,fluoroquinolone resistance gene",,,,100,100,100,"1e-129"
"BLAT","Antibiotic Resistance","NDARO","562.58720","Escherichia coli strain 14060900","fig|562.58720.peg.5573",,,"WP_001516695.1","Gammaproteobacteria",,"Pentapeptide repeat protein QnrB family","MULTISPECIES: quinolone resistance pentapeptide repeat protein QnrS1","",,,,100,100,100,"1e-129"
"RGI: protein homolog model","Antibiotic Resistance","CARD","562.57377","Escherichia coli strain PB532","fig|562.57377.peg.4812",,,"381",,,"Pentapeptide repeat protein QnrB family","QnrS1","antibiotic target protection","fluoroquinolone","ciprofloxacin;levofloxacin;moxifloxacin;gatifloxacin;nalidixic acid;norfloxacin;sparfloxacin",,100,100,100,"1.18559e-166"
"BLAT","Antibiotic Resistance","CARD","562.57460","Escherichia coli strain PB516","fig|562.57460.peg.4895",,,"ABG56870.1","Klebsiella pneumoniae","QnrS1","Pentapeptide repeat protein QnrB family",,"antibiotic target protection protein,fluoroquinolone resistance gene",,,,100,100,100,"1e-129"
"BLAT","Antibiotic Resistance","CARD","562.57391","Escherichia coli strain W1_4_ERB5","fig|562.57391.peg.4464",,,"ABG56870.1","Klebsiella pneumoniae","QnrS1","Pentapeptide repeat protein QnrB family",,"antibiotic target protection protein,fluoroquinolone resistance gene",,,,100,100,100,"1e-129"
"RGI: protein homolog model","Antibiotic Resistance","CARD","562.57391","Escherichia coli strain W1_4_ERB5","fig|562.57391.peg.4464",,,"381",,,"Pentapeptide repeat protein QnrB family","QnrS1","antibiotic target protection","fluoroquinolone","ciprofloxacin;levofloxacin;moxifloxacin;gatifloxacin;nalidixic acid;norfloxacin;sparfloxacin",,100,100,100,"1.18559e-166"
"BLAT","Antibiotic Resistance","NDARO","562.57458","Escherichia coli strain PB207","fig|562.57458.peg.4698",,,"WP_001516695.1","Gammaproteobacteria",,"Pentapeptide repeat protein QnrB family","MULTISPECIES: quinolone resistance pentapeptide repeat protein QnrS1","",,,,100,100,100,"1e-129"
"RGI: protein homolog model","Antibiotic Resistance","CARD","562.57411","Escherichia coli strain W2_11_ERB6","fig|562.57411.peg.4807",,,"1832",,,"Pentapeptide repeat protein QnrB family","QnrS2","antibiotic target protection","fluoroquinolone","ciprofloxacin;levofloxacin;moxifloxacin;gatifloxacin;nalidixic acid;norfloxacin;sparfloxacin",,65,100,100,"7.98158e-106"
"AMRFinderPlus: ALLELEP","Antibiotic Resistance","NDARO","562.57456","Escherichia coli strain PB303","fig|562.57456.peg.2376",,,"WP_001516695.1",,,"Pentapeptide repeat protein QnrB family","quinolone resistance pentapeptide repeat protein QnrS1",,"quinolone","quinolone",,100,100,100,
"RGI: protein homolog model","Antibiotic Resistance","CARD","562.135579","Escherichia coli MGL_1560","fig|562.135579.peg.5080","BFL24_27670",,"381",,,"Pentapeptide repeat protein QnrB family","QnrS1","antibiotic target protection","fluoroquinolone","ciprofloxacin;levofloxacin;moxifloxacin;gatifloxacin;nalidixic acid;norfloxacin;sparfloxacin",,100,100,100,"1.18559e-166"
"AMRFinderPlus: ALLELEP","Antibiotic Resistance","NDARO","562.57431","Escherichia coli strain W2_9_ERBR2","fig|562.57431.peg.5041",,,"WP_001516695.1",,,"Pentapeptide repeat protein QnrB family","quinolone resistance pentapeptide repeat protein QnrS1",,"quinolone","quinolone",,100,100,100,
"BLAT","Antibiotic Resistance","CARD","562.57442","Escherichia coli strain F1_8_ERB12","fig|562.57442.peg.4244",,,"ABG56870.1","Klebsiella pneumoniae","QnrS1","Pentapeptide repeat protein QnrB family",,"antibiotic target protection protein,fluoroquinolone resistance gene",,,,100,100,100,"1e-129"
"BLAT","Antibiotic Resistance","CARD","562.144936","Escherichia coli MGL_153","fig|562.144936.peg.4843",,,"ABG56870.1","Klebsiella pneumoniae","QnrS1","Pentapeptide repeat protein QnrB family",,"antibiotic target protection protein,fluoroquinolone resistance gene",,,,100,100,100,"1e-129"
"RGI: protein homolog model","Antibiotic Resistance","CARD","562.57432","Escherichia coli strain W3_1_ERB1","fig|562.57432.peg.4911",,,"381",,,"Pentapeptide repeat protein QnrB family","QnrS1","antibiotic target protection","fluoroquinolone","ciprofloxacin;levofloxacin;moxifloxacin;gatifloxacin;nalidixic acid;norfloxacin;sparfloxacin",,100,100,100,"1.18559e-166"
"BLAT","Antibiotic Resistance","CARD","562.144916","Escherichia coli MGL_82","fig|562.144916.peg.5061",,,"ABG56870.1","Klebsiella pneumoniae","QnrS1","Pentapeptide repeat protein QnrB family",,"antibiotic target protection protein,fluoroquinolone resistance gene",,,,100,100,100,"1e-129"
"BLAT","Antibiotic Resistance","CARD","562.57428","Escherichia coli strain W2_5_ERB6","fig|562.57428.peg.4409",,,"ABG56870.1","Klebsiella pneumoniae","QnrS1","Pentapeptide repeat protein QnrB family",,"antibiotic target protection protein,fluoroquinolone resistance gene",,,,100,100,100,"1e-129"
"BLAT","Antibiotic Resistance","CARD","562.45658","Escherichia coli strain EC_39","fig|562.45658.peg.4983","EXX39_24410",,"ABG56870.1","Klebsiella pneumoniae","QnrS1","Pentapeptide repeat protein QnrB family",,"antibiotic target protection protein,fluoroquinolone resistance gene",,,,100,100,100,"1e-129"
"RGI: protein homolog model","Antibiotic Resistance","CARD","562.7666","Escherichia coli strain 702566","fig|562.7666.peg.5031","ERS139225_04891",,"381",,"pipB2_2","Pentapeptide repeat protein QnrB family","QnrS1","antibiotic target protection","fluoroquinolone","ciprofloxacin;levofloxacin;moxifloxacin;gatifloxacin;nalidixic acid;norfloxacin;sparfloxacin",,100,100,100,"1.18559e-166"
"BLAT","Antibiotic Resistance","NDARO","562.57420","Escherichia coli strain W2_4_ERB1","fig|562.57420.peg.4800",,,"WP_001516695.1","Gammaproteobacteria",,"Pentapeptide repeat protein QnrB family","MULTISPECIES: quinolone resistance pentapeptide repeat protein QnrS1","",,,,100,100,100,"1e-129"
"RGI: protein homolog model","Antibiotic Resistance","CARD","562.57449","Escherichia coli strain PB203","fig|562.57449.peg.5191",,,"381",,,"Pentapeptide repeat protein QnrB family","QnrS1","antibiotic target protection","fluoroquinolone","ciprofloxacin;levofloxacin;moxifloxacin;gatifloxacin;nalidixic acid;norfloxacin;sparfloxacin",,100,100,100,"1.18559e-166"
"AMRFinderPlus: ALLELEP","Antibiotic Resistance","NDARO","562.45607","Escherichia coli strain EC_88","fig|562.45607.peg.4206","EXX82_24350",,"WP_001516695.1",,,"Pentapeptide repeat protein QnrB family","quinolone resistance pentapeptide repeat protein QnrS1",,"quinolone","quinolone",,100,100,100,
"RGI: protein homolog model","Antibiotic Resistance","CARD","562.56854","Escherichia coli strain 52-16","fig|562.56854.peg.3583","PU65_18105",,"381",,,"Pentapeptide repeat protein QnrB family","QnrS1","antibiotic target protection","fluoroquinolone","ciprofloxacin;levofloxacin;moxifloxacin;gatifloxacin;nalidixic acid;norfloxacin;sparfloxacin",,100,100,100,"1.18559e-166"
"RGI: protein homolog model","Antibiotic Resistance","CARD","562.30435","Escherichia coli strain AR_451","fig|562.30435.peg.5018","CSC38_5006",,"381",,,"Pentapeptide repeat protein QnrB family","QnrS1","antibiotic target protection","fluoroquinolone","ciprofloxacin;levofloxacin;moxifloxacin;gatifloxacin;nalidixic acid;norfloxacin;sparfloxacin",,100,100,100,"1.18559e-166"
"RGI: protein homolog model","Antibiotic Resistance","CARD","562.57389","Escherichia coli strain W1_5_ERP10B","fig|562.57389.peg.4518",,,"381",,,"Pentapeptide repeat protein QnrB family","QnrS1","antibiotic target protection","fluoroquinolone","ciprofloxacin;levofloxacin;moxifloxacin;gatifloxacin;nalidixic acid;norfloxacin;sparfloxacin",,100,100,100,"1.18559e-166"
"BLAT","Antibiotic Resistance","CARD","562.45632","Escherichia coli strain EC_32","fig|562.45632.peg.4355","EXX30_24685",,"ABG56870.1","Klebsiella pneumoniae","QnrS1","Pentapeptide repeat protein QnrB family",,"antibiotic target protection protein,fluoroquinolone resistance gene",,,,100,100,100,"1e-129"
"AMRFinderPlus: ALLELEP","Antibiotic Resistance","NDARO","562.57510","Escherichia coli strain PB63","fig|562.57510.peg.4669",,,"WP_001516695.1",,,"Pentapeptide repeat protein QnrB family","quinolone resistance pentapeptide repeat protein QnrS1",,"quinolone","quinolone",,100,100,100,
"RGI: protein homolog model","Antibiotic Resistance","CARD","562.57383","Escherichia coli strain W1_1_2_ERB1","fig|562.57383.peg.4860",,,"381",,,"Pentapeptide repeat protein QnrB family","QnrS1","antibiotic target protection","fluoroquinolone","ciprofloxacin;levofloxacin;moxifloxacin;gatifloxacin;nalidixic acid;norfloxacin;sparfloxacin",,100,100,100,"1.18559e-166"
"RGI: protein homolog model","Antibiotic Resistance","CARD","562.97216","Escherichia coli VREC1376","fig|562.97216.peg.4810",,,"381",,,"Pentapeptide repeat protein QnrB family","QnrS1","antibiotic target protection","fluoroquinolone","ciprofloxacin;levofloxacin;moxifloxacin;gatifloxacin;nalidixic acid;norfloxacin;sparfloxacin",,100,100,100,"1.18559e-166"
"RGI: protein homolog model","Antibiotic Resistance","CARD","562.100884","Escherichia coli cf4ce2b8-7bb9-11e9-a8d3-68b59976a384","fig|562.100884.peg.4654","AWH01_19280",,"381",,,"Pentapeptide repeat protein QnrB family","QnrS1","antibiotic target protection","fluoroquinolone","ciprofloxacin;levofloxacin;moxifloxacin;gatifloxacin;nalidixic acid;norfloxacin;sparfloxacin",,100,100,100,"1.18559e-166"
"AMRFinderPlus: ALLELEP","Antibiotic Resistance","NDARO","562.58773","Escherichia coli strain ENV103","fig|562.58773.peg.4699",,,"WP_001516695.1",,,"Pentapeptide repeat protein QnrB family","quinolone resistance pentapeptide repeat protein QnrS1",,"quinolone","quinolone",,100,100,100,
"BLAT","Antibiotic Resistance","CARD","562.98936","Escherichia coli a83901b6-7bb9-11e9-a8d3-68b59976a384","fig|562.98936.peg.5176",,,"ABG56870.1","Klebsiella pneumoniae","QnrS1","Pentapeptide repeat protein QnrB family",,"antibiotic target protection protein,fluoroquinolone resistance gene",,,,100,100,100,"1e-129"
"BLAT","Antibiotic Resistance","NDARO","562.97109","Escherichia coli VRES1346","fig|562.97109.peg.4436",,,"WP_001516695.1","Gammaproteobacteria",,"Pentapeptide repeat protein QnrB family","MULTISPECIES: quinolone resistance pentapeptide repeat protein QnrS1","",,,,100,100,100,"1e-129"
"AMRFinderPlus: ALLELEP","Antibiotic Resistance","NDARO","562.100724","Escherichia coli 98ff30b8-7bb8-11e9-a8d3-68b59976a384","fig|562.100724.peg.4676","AWG90_16740",,"WP_001516695.1",,,"Pentapeptide repeat protein QnrB family","quinolone resistance pentapeptide repeat protein QnrS1",,"quinolone","quinolone",,100,100,100,
"RGI: protein homolog model","Antibiotic Resistance","CARD","562.42649","Escherichia coli strain 151","fig|562.42649.peg.4760",,,"381",,,"Pentapeptide repeat protein QnrB family","QnrS1","antibiotic target protection","fluoroquinolone","ciprofloxacin;levofloxacin;moxifloxacin;gatifloxacin;nalidixic acid;norfloxacin;sparfloxacin",,100,100,100,"1.18559e-166"
"RGI: protein homolog model","Antibiotic Resistance","CARD","562.42679","Escherichia coli strain 222","fig|562.42679.peg.5057",,,"381",,,"Pentapeptide repeat protein QnrB family","QnrS1","antibiotic target protection","fluoroquinolone","ciprofloxacin;levofloxacin;moxifloxacin;gatifloxacin;nalidixic acid;norfloxacin;sparfloxacin",,100,100,100,"1.18559e-166"
"RGI: protein homolog model","Antibiotic Resistance","CARD","562.135587","Escherichia coli MGL_153","fig|562.135587.peg.4840","BFL17_27490",,"381",,,"Pentapeptide repeat protein QnrB family","QnrS1","antibiotic target protection","fluoroquinolone","ciprofloxacin;levofloxacin;moxifloxacin;gatifloxacin;nalidixic acid;norfloxacin;sparfloxacin",,100,100,100,"1.18559e-166"
"BLAT","Antibiotic Resistance","CARD","562.30435","Escherichia coli strain AR_451","fig|562.30435.peg.5018","CSC38_5006",,"ABG56870.1","Klebsiella pneumoniae","QnrS1","Pentapeptide repeat protein QnrB family",,"antibiotic target protection protein,fluoroquinolone resistance gene",,,,100,100,100,"1e-129"
"BLAT","Antibiotic Resistance","CARD","562.42691","Escherichia coli strain 245","fig|562.42691.peg.4835",,,"ABG56870.1","Klebsiella pneumoniae","QnrS1","Pentapeptide repeat protein QnrB family",,"antibiotic target protection protein,fluoroquinolone resistance gene",,,,100,100,100,"1e-129"
"BLAT","Antibiotic Resistance","CARD","562.45607","Escherichia coli strain EC_88","fig|562.45607.peg.4206","EXX82_24350",,"ABG56870.1","Klebsiella pneumoniae","QnrS1","Pentapeptide repeat protein QnrB family",,"antibiotic target protection protein,fluoroquinolone resistance gene",,,,100,100,100,"1e-129"
"AMRFinderPlus: ALLELEP","Antibiotic Resistance","NDARO","562.97028","Escherichia coli VRES1199","fig|562.97028.peg.4977",,,"WP_001516695.1",,,"Pentapeptide repeat protein QnrB family","quinolone resistance pentapeptide repeat protein QnrS1",,"quinolone","quinolone",,100,100,100,
"BLAT","Antibiotic Resistance","NDARO","562.57425","Escherichia coli strain W2_3_ERG14","fig|562.57425.peg.4479",,,"WP_001516695.1","Gammaproteobacteria",,"Pentapeptide repeat protein QnrB family","MULTISPECIES: quinolone resistance pentapeptide repeat protein QnrS1","",,,,100,100,100,"1e-129"
"RGI: protein homolog model","Antibiotic Resistance","CARD","562.97029","Escherichia coli VRES1198","fig|562.97029.peg.5004",,,"381",,,"Pentapeptide repeat protein QnrB family","QnrS1","antibiotic target protection","fluoroquinolone","ciprofloxacin;levofloxacin;moxifloxacin;gatifloxacin;nalidixic acid;norfloxacin;sparfloxacin",,100,100,100,"1.18559e-166"
"AMRFinderPlus: ALLELEP","Antibiotic Resistance","NDARO","562.58628","Escherichia coli strain PH135","fig|562.58628.peg.543","FIP50_22985",,"WP_001516695.1",,,"Pentapeptide repeat protein QnrB family","quinolone resistance pentapeptide repeat protein QnrS1",,"quinolone","quinolone",,100,100,100,
"RGI: protein homolog model","Antibiotic Resistance","CARD","562.57468","Escherichia coli strain PB29","fig|562.57468.peg.4479",,,"381",,,"Pentapeptide repeat protein QnrB family","QnrS1","antibiotic target protection","fluoroquinolone","ciprofloxacin;levofloxacin;moxifloxacin;gatifloxacin;nalidixic acid;norfloxacin;sparfloxacin",,100,100,100,"1.18559e-166"
"RGI: protein homolog model","Antibiotic Resistance","CARD","562.100912","Escherichia coli 4a800a88-7bb9-11e9-a8d3-68b59976a384","fig|562.100912.peg.4684",,,"381",,,"Pentapeptide repeat protein QnrB family","QnrS1","antibiotic target protection","fluoroquinolone","ciprofloxacin;levofloxacin;moxifloxacin;gatifloxacin;nalidixic acid;norfloxacin;sparfloxacin",,100,100,100,"1.18559e-166"
"AMRFinderPlus: ALLELEP","Antibiotic Resistance","NDARO","562.57434","Escherichia coli strain W2_8_ERB3","fig|562.57434.peg.4211",,,"WP_001516695.1",,,"Pentapeptide repeat protein QnrB family","quinolone resistance pentapeptide repeat protein QnrS1",,"quinolone","quinolone",,100,100,100,
"AMRFinderPlus: ALLELEP","Antibiotic Resistance","NDARO","562.57460","Escherichia coli strain PB516","fig|562.57460.peg.4895",,,"WP_001516695.1",,,"Pentapeptide repeat protein QnrB family","quinolone resistance pentapeptide repeat protein QnrS1",,"quinolone","quinolone",,100,100,100,
"AMRFinderPlus: ALLELEP","Antibiotic Resistance","NDARO","562.57432","Escherichia coli strain W3_1_ERB1","fig|562.57432.peg.4911",,,"WP_001516695.1",,,"Pentapeptide repeat protein QnrB family","quinolone resistance pentapeptide repeat protein QnrS1",,"quinolone","quinolone",,100,100,100,
"AMRFinderPlus: ALLELEP","Antibiotic Resistance","NDARO","562.57428","Escherichia coli strain W2_5_ERB6","fig|562.57428.peg.4409",,,"WP_001516695.1",,,"Pentapeptide repeat protein QnrB family","quinolone resistance pentapeptide repeat protein QnrS1",,"quinolone","quinolone",,100,100,100,
"BLAT","Antibiotic Resistance","NDARO","562.97118","Escherichia coli VRES1351","fig|562.97118.peg.4458",,,"WP_001516695.1","Gammaproteobacteria",,"Pentapeptide repeat protein QnrB family","MULTISPECIES: quinolone resistance pentapeptide repeat protein QnrS1","",,,,100,100,100,"1e-129"
"BLAT","Antibiotic Resistance","NDARO","562.7696","Escherichia coli strain 504225_aEPEC","fig|562.7696.peg.4629","ERS085369_04552",,"WP_001516695.1","Gammaproteobacteria","pipB2","Pentapeptide repeat protein QnrB family","MULTISPECIES: quinolone resistance pentapeptide repeat protein QnrS1",,,,,100,100,100,"1e-129"
"BLAT","Antibiotic Resistance","NDARO","562.45658","Escherichia coli strain EC_39","fig|562.45658.peg.4983","EXX39_24410",,"WP_001516695.1","Gammaproteobacteria",,"Pentapeptide repeat protein QnrB family","MULTISPECIES: quinolone resistance pentapeptide repeat protein QnrS1","",,,,100,100,100,"1e-129"
"RGI: protein homolog model","Antibiotic Resistance","CARD","562.58774","Escherichia coli strain ENV190","fig|562.58774.peg.4662",,,"381",,,"Pentapeptide repeat protein QnrB family","QnrS1","antibiotic target protection","fluoroquinolone","ciprofloxacin;levofloxacin;moxifloxacin;gatifloxacin;nalidixic acid;norfloxacin;sparfloxacin",,100,100,100,"1.18559e-166"
"RGI: protein homolog model","Antibiotic Resistance","CARD","562.57457","Escherichia coli strain PB251","fig|562.57457.peg.4992",,,"381",,,"Pentapeptide repeat protein QnrB family","QnrS1","antibiotic target protection","fluoroquinolone","ciprofloxacin;levofloxacin;moxifloxacin;gatifloxacin;nalidixic acid;norfloxacin;sparfloxacin",,100,100,100,"1.18559e-166"
"AMRFinderPlus: ALLELEP","Antibiotic Resistance","NDARO","562.42679","Escherichia coli strain 222","fig|562.42679.peg.5057",,,"WP_001516695.1",,,"Pentapeptide repeat protein QnrB family","quinolone resistance pentapeptide repeat protein QnrS1",,"quinolone","quinolone",,100,100,100,
"RGI: protein homolog model","Antibiotic Resistance","CARD","562.97103","Escherichia coli VRES1347","fig|562.97103.peg.4439",,,"381",,,"Pentapeptide repeat protein QnrB family","QnrS1","antibiotic target protection","fluoroquinolone","ciprofloxacin;levofloxacin;moxifloxacin;gatifloxacin;nalidixic acid;norfloxacin;sparfloxacin",,100,100,100,"1.18559e-166"
"RGI: protein homolog model","Antibiotic Resistance","CARD","562.19151","Escherichia coli strain 104","fig|562.19151.peg.1937","CDN93_10730",,"381",,,"Pentapeptide repeat protein QnrB family","QnrS1","antibiotic target protection","fluoroquinolone","ciprofloxacin;levofloxacin;moxifloxacin;gatifloxacin;nalidixic acid;norfloxacin;sparfloxacin",,100,100,100,"1.18559e-166"
"RGI: protein homolog model","Antibiotic Resistance","CARD","562.58784","Escherichia coli strain ENV326","fig|562.58784.peg.4899",,,"381",,,"Pentapeptide repeat protein QnrB family","QnrS1","antibiotic target protection","fluoroquinolone","ciprofloxacin;levofloxacin;moxifloxacin;gatifloxacin;nalidixic acid;norfloxacin;sparfloxacin",,100,100,100,"1.18559e-166"
"AMRFinderPlus: ALLELEP","Antibiotic Resistance","NDARO","562.57468","Escherichia coli strain PB29","fig|562.57468.peg.4479",,,"WP_001516695.1",,,"Pentapeptide repeat protein QnrB family","quinolone resistance pentapeptide repeat protein QnrS1",,"quinolone","quinolone",,100,100,100,
"AMRFinderPlus: ALLELEP","Antibiotic Resistance","NDARO","562.57433","Escherichia coli strain W2_6_ERG5","fig|562.57433.peg.4498",,,"WP_001516695.1",,,"Pentapeptide repeat protein QnrB family","quinolone resistance pentapeptide repeat protein QnrS1",,"quinolone","quinolone",,100,100,100,
"AMRFinderPlus: ALLELEP","Antibiotic Resistance","NDARO","562.45649","Escherichia coli strain EC_03","fig|562.45649.peg.204","EXX01_24205",,"WP_001516695.1",,,"Pentapeptide repeat protein QnrB family","quinolone resistance pentapeptide repeat protein QnrS1",,"quinolone","quinolone",,100,100,100,
"BLAT","Antibiotic Resistance","NDARO","562.97032","Escherichia coli VRES1201","fig|562.97032.peg.4996",,,"WP_001516695.1","Gammaproteobacteria",,"Pentapeptide repeat protein QnrB family","MULTISPECIES: quinolone resistance pentapeptide repeat protein QnrS1","",,,,100,100,100,"1e-129"
"BLAT","Antibiotic Resistance","CARD","562.135562","Escherichia coli MGL_87","fig|562.135562.peg.5139",,,"ABG56870.1","Klebsiella pneumoniae","QnrS1","Pentapeptide repeat protein QnrB family",,"antibiotic target protection protein,fluoroquinolone resistance gene",,,,100,100,100,"1e-129"
"BLAT","Antibiotic Resistance","NDARO","562.97017","Escherichia coli VREC1123","fig|562.97017.peg.4982",,,"WP_001516695.1","Gammaproteobacteria",,"Pentapeptide repeat protein QnrB family","MULTISPECIES: quinolone resistance pentapeptide repeat protein QnrS1","",,,,100,100,100,"1e-129"
"RGI: protein homolog model","Antibiotic Resistance","CARD","562.56771","Escherichia coli strain 1043-14","fig|562.56771.peg.4921","PU66_17875",,"381",,,"Pentapeptide repeat protein QnrB family","QnrS1","antibiotic target protection","fluoroquinolone","ciprofloxacin;levofloxacin;moxifloxacin;gatifloxacin;nalidixic acid;norfloxacin;sparfloxacin",,100,100,100,"1.18559e-166"
"RGI: protein homolog model","Antibiotic Resistance","CARD","562.45658","Escherichia coli strain EC_39","fig|562.45658.peg.4983","EXX39_24410",,"381",,,"Pentapeptide repeat protein QnrB family","QnrS1","antibiotic target protection","fluoroquinolone","ciprofloxacin;levofloxacin;moxifloxacin;gatifloxacin;nalidixic acid;norfloxacin;sparfloxacin",,100,100,100,"1.18559e-166"
"RGI: protein homolog model","Antibiotic Resistance","CARD","562.42691","Escherichia coli strain 245","fig|562.42691.peg.4835",,,"381",,,"Pentapeptide repeat protein QnrB family","QnrS1","antibiotic target protection","fluoroquinolone","ciprofloxacin;levofloxacin;moxifloxacin;gatifloxacin;nalidixic acid;norfloxacin;sparfloxacin",,100,100,100,"1.18559e-166"
"BLAT","Antibiotic Resistance","NDARO","562.97023","Escherichia coli VRES1197","fig|562.97023.peg.4991",,,"WP_001516695.1","Gammaproteobacteria",,"Pentapeptide repeat protein QnrB family","MULTISPECIES: quinolone resistance pentapeptide repeat protein QnrS1","",,,,100,100,100,"1e-129"
"BLAT","Antibiotic Resistance","CARD","562.57396","Escherichia coli strain W1_7_ERB9","fig|562.57396.peg.4344",,,"ABG56870.1","Klebsiella pneumoniae","QnrS1","Pentapeptide repeat protein QnrB family",,"antibiotic target protection protein,fluoroquinolone resistance gene",,,,100,100,100,"1e-129"
"AMRFinderPlus: ALLELEP","Antibiotic Resistance","NDARO","562.45594","Escherichia coli strain EC_76","fig|562.45594.peg.3241","EXX72_20000",,"WP_064186845.1",,,"Pentapeptide repeat protein QnrB family","quinolone resistance pentapeptide repeat protein QnrS13",,"quinolone","quinolone",,100,100,100,
"BLAT","Antibiotic Resistance","NDARO","562.57441","Escherichia coli strain F1_7_ERB1","fig|562.57441.peg.4757",,,"WP_001516695.1","Gammaproteobacteria",,"Qnr","MULTISPECIES: quinolone resistance pentapeptide repeat protein QnrS1","",,,,23,100,100,"2e-23"
"BLAT","Antibiotic Resistance","NDARO","562.97027","Escherichia coli VRES1203","fig|562.97027.peg.5008",,,"WP_001516695.1","Gammaproteobacteria",,"Pentapeptide repeat protein QnrB family","MULTISPECIES: quinolone resistance pentapeptide repeat protein QnrS1","",,,,100,100,100,"1e-129"
"AMRFinderPlus: ALLELEP","Antibiotic Resistance","NDARO","562.57404","Escherichia coli strain W1_7_ERG10","fig|562.57404.peg.4640",,,"WP_001516695.1",,,"Pentapeptide repeat protein QnrB family","quinolone resistance pentapeptide repeat protein QnrS1",,"quinolone","quinolone",,100,100,100,
"BLAT","Antibiotic Resistance","NDARO","562.97106","Escherichia coli VREC1234","fig|562.97106.peg.4437",,,"WP_001516695.1","Gammaproteobacteria",,"Pentapeptide repeat protein QnrB family","MULTISPECIES: quinolone resistance pentapeptide repeat protein QnrS1","",,,,100,100,100,"1e-129"
"RGI: protein homolog model","Antibiotic Resistance","CARD","562.58772","Escherichia coli strain ENV76","fig|562.58772.peg.4681",,,"381",,,"Pentapeptide repeat protein QnrB family","QnrS1","antibiotic target protection","fluoroquinolone","ciprofloxacin;levofloxacin;moxifloxacin;gatifloxacin;nalidixic acid;norfloxacin;sparfloxacin",,100,100,100,"1.18559e-166"
"BLAT","Antibiotic Resistance","NDARO","562.99875","Escherichia coli f3ae25d2-7bb8-11e9-a8d3-68b59976a384","fig|562.99875.peg.5103",,,"WP_001516695.1","Gammaproteobacteria",,"Pentapeptide repeat protein QnrB family","MULTISPECIES: quinolone resistance pentapeptide repeat protein QnrS1","",,,,100,100,100,"1e-129"
"RGI: protein homolog model","Antibiotic Resistance","CARD","562.45675","Escherichia coli strain EC_07","fig|562.45675.peg.4306","EXX04_23595",,"381",,,"Pentapeptide repeat protein QnrB family","QnrS1","antibiotic target protection","fluoroquinolone","ciprofloxacin;levofloxacin;moxifloxacin;gatifloxacin;nalidixic acid;norfloxacin;sparfloxacin",,100,100,100,"1.18559e-166"
"RGI: protein homolog model","Antibiotic Resistance","CARD","562.135562","Escherichia coli MGL_87","fig|562.135562.peg.5139","BFL18_27100",,"381",,,"Pentapeptide repeat protein QnrB family","QnrS1","antibiotic target protection","fluoroquinolone","ciprofloxacin;levofloxacin;moxifloxacin;gatifloxacin;nalidixic acid;norfloxacin;sparfloxacin",,100,100,100,"1.18559e-166"
"RGI: protein homolog model","Antibiotic Resistance","CARD","562.97118","Escherichia coli VRES1351","fig|562.97118.peg.4458",,,"381",,,"Pentapeptide repeat protein QnrB family","QnrS1","antibiotic target protection","fluoroquinolone","ciprofloxacin;levofloxacin;moxifloxacin;gatifloxacin;nalidixic acid;norfloxacin;sparfloxacin",,100,100,100,"1.18559e-166"
"BLAT","Antibiotic Resistance","CARD","562.135560","Escherichia coli MGL_106","fig|562.135560.peg.4690",,,"ABG56870.1","Klebsiella pneumoniae","QnrS1","Pentapeptide repeat protein QnrB family",,"antibiotic target protection protein,fluoroquinolone resistance gene",,,,100,100,100,"1e-129"
"BLAT","Antibiotic Resistance","CARD","562.42649","Escherichia coli strain 151","fig|562.42649.peg.4760",,,"ABG56870.1","Klebsiella pneumoniae","QnrS1","Pentapeptide repeat protein QnrB family",,"antibiotic target protection protein,fluoroquinolone resistance gene",,,,100,100,100,"1e-129"
"BLAT","Antibiotic Resistance","CARD","562.42687","Escherichia coli strain 240","fig|562.42687.peg.4820",,,"ABG56870.1","Klebsiella pneumoniae","QnrS1","Pentapeptide repeat protein QnrB family",,"antibiotic target protection protein,fluoroquinolone resistance gene",,,,100,100,100,"1e-129"
"BLAT","Antibiotic Resistance","CARD","562.100884","Escherichia coli cf4ce2b8-7bb9-11e9-a8d3-68b59976a384","fig|562.100884.peg.4654",,,"ABG56870.1","Klebsiella pneumoniae","QnrS1","Pentapeptide repeat protein QnrB family",,"antibiotic target protection protein,fluoroquinolone resistance gene",,,,100,100,100,"1e-129"
"AMRFinderPlus: ALLELEP","Antibiotic Resistance","NDARO","562.57430","Escherichia coli strain W2_6_ERB1","fig|562.57430.peg.4692",,,"WP_001516695.1",,,"Pentapeptide repeat protein QnrB family","quinolone resistance pentapeptide repeat protein QnrS1",,"quinolone","quinolone",,100,100,100,
"RGI: protein homolog model","Antibiotic Resistance","CARD","562.144939","Escherichia coli MGL_133","fig|562.144939.peg.5144",,,"381",,,"Pentapeptide repeat protein QnrB family","QnrS1","antibiotic target protection","fluoroquinolone","ciprofloxacin;levofloxacin;moxifloxacin;gatifloxacin;nalidixic acid;norfloxacin;sparfloxacin",,100,100,100,"1.18559e-166"
"BLAT","Antibiotic Resistance","NDARO","562.57411","Escherichia coli strain W2_11_ERB6","fig|562.57411.peg.4807",,,"WP_012537714.1","Gammaproteobacteria",,"Pentapeptide repeat protein QnrB family","MULTISPECIES: quinolone resistance pentapeptide repeat protein QnrS2","",,,,65,100,100,"1e-80"
"BLAT","Antibiotic Resistance","NDARO","562.57432","Escherichia coli strain W3_1_ERB1","fig|562.57432.peg.4911",,,"WP_001516695.1","Gammaproteobacteria",,"Pentapeptide repeat protein QnrB family","MULTISPECIES: quinolone resistance pentapeptide repeat protein QnrS1","",,,,100,100,100,"1e-129"
"BLAT","Antibiotic Resistance","CARD","562.58784","Escherichia coli strain ENV326","fig|562.58784.peg.4899",,,"ABG56870.1","Klebsiella pneumoniae","QnrS1","Pentapeptide repeat protein QnrB family",,"antibiotic target protection protein,fluoroquinolone resistance gene",,,,100,100,100,"1e-129"
"BLAT","Antibiotic Resistance","CARD","562.58772","Escherichia coli strain ENV76","fig|562.58772.peg.4681",,,"ABG56870.1","Klebsiella pneumoniae","QnrS1","Pentapeptide repeat protein QnrB family",,"antibiotic target protection protein,fluoroquinolone resistance gene",,,,100,100,100,"1e-129"
"BLAT","Antibiotic Resistance","CARD","562.57401","Escherichia coli strain W2_10_ERB10","fig|562.57401.peg.5140",,,"ABG56870.1","Klebsiella pneumoniae","QnrS1","Pentapeptide repeat protein QnrB family",,"antibiotic target protection protein,fluoroquinolone resistance gene",,,,100,100,100,"1e-129"
"RGI: protein homolog model","Antibiotic Resistance","CARD","562.97022","Escherichia coli VRES1194","fig|562.97022.peg.5010",,,"381",,,"Pentapeptide repeat protein QnrB family","QnrS1","antibiotic target protection","fluoroquinolone","ciprofloxacin;levofloxacin;moxifloxacin;gatifloxacin;nalidixic acid;norfloxacin;sparfloxacin",,100,100,100,"1.18559e-166"
"BLAT","Antibiotic Resistance","NDARO","562.97033","Escherichia coli VRES1196","fig|562.97033.peg.4995",,,"WP_001516695.1","Gammaproteobacteria",,"Pentapeptide repeat protein QnrB family","MULTISPECIES: quinolone resistance pentapeptide repeat protein QnrS1","",,,,100,100,100,"1e-129"
"AMRFinderPlus: ALLELEP","Antibiotic Resistance","NDARO","562.97033","Escherichia coli VRES1196","fig|562.97033.peg.4995",,,"WP_001516695.1",,,"Pentapeptide repeat protein QnrB family","quinolone resistance pentapeptide repeat protein QnrS1",,"quinolone","quinolone",,100,100,100,
"AMRFinderPlus: ALLELEP","Antibiotic Resistance","NDARO","562.42702","Escherichia coli strain 279","fig|562.42702.peg.5056",,,"WP_001516695.1",,,"Pentapeptide repeat protein QnrB family","quinolone resistance pentapeptide repeat protein QnrS1",,"quinolone","quinolone",,100,100,100,
"AMRFinderPlus: ALLELEP","Antibiotic Resistance","NDARO","562.135560","Escherichia coli MGL_106","fig|562.135560.peg.4690","R2R64_16340",,"WP_001516695.1",,,"Pentapeptide repeat protein QnrB family","quinolone resistance pentapeptide repeat protein QnrS1",,"quinolone","quinolone",,100,100,100,
"RGI: protein homolog model","Antibiotic Resistance","CARD","562.97021","Escherichia coli VRES1195","fig|562.97021.peg.4996",,,"381",,,"Pentapeptide repeat protein QnrB family","QnrS1","antibiotic target protection","fluoroquinolone","ciprofloxacin;levofloxacin;moxifloxacin;gatifloxacin;nalidixic acid;norfloxacin;sparfloxacin",,100,100,100,"1.18559e-166"
"RGI: protein homolog model","Antibiotic Resistance","CARD","562.97017","Escherichia coli VREC1123","fig|562.97017.peg.4982",,,"381",,,"Pentapeptide repeat protein QnrB family","QnrS1","antibiotic target protection","fluoroquinolone","ciprofloxacin;levofloxacin;moxifloxacin;gatifloxacin;nalidixic acid;norfloxacin;sparfloxacin",,100,100,100,"1.18559e-166"
"AMRFinderPlus: ALLELEP","Antibiotic Resistance","NDARO","562.100160","Escherichia coli fc69f142-7bb8-11e9-a8d3-68b59976a384","fig|562.100160.peg.5249","A4R37_26090",,"WP_001516695.1",,,"Pentapeptide repeat protein QnrB family","quinolone resistance pentapeptide repeat protein QnrS1",,"quinolone","quinolone",,100,100,100,
"AMRFinderPlus: ALLELEP","Antibiotic Resistance","NDARO","562.100232","Escherichia coli c4c735ce-7bb8-11e9-a8d3-68b59976a384","fig|562.100232.peg.4975","AWG36_20365",,"WP_001516695.1",,,"Pentapeptide repeat protein QnrB family","quinolone resistance pentapeptide repeat protein QnrS1",,"quinolone","quinolone",,100,100,100,
"RGI: protein homolog model","Antibiotic Resistance","CARD","562.99875","Escherichia coli f3ae25d2-7bb8-11e9-a8d3-68b59976a384","fig|562.99875.peg.5103",,,"381",,,"Pentapeptide repeat protein QnrB family","QnrS1","antibiotic target protection","fluoroquinolone","ciprofloxacin;levofloxacin;moxifloxacin;gatifloxacin;nalidixic acid;norfloxacin;sparfloxacin",,100,100,100,"1.18559e-166"
"RGI: protein homolog model","Antibiotic Resistance","CARD","562.58790","Escherichia coli strain ENV727","fig|562.58790.peg.4306",,,"381",,,"Pentapeptide repeat protein QnrB family","QnrS1","antibiotic target protection","fluoroquinolone","ciprofloxacin;levofloxacin;moxifloxacin;gatifloxacin;nalidixic acid;norfloxacin;sparfloxacin",,100,100,100,"1.18559e-166"
"RGI: protein homolog model","Antibiotic Resistance","CARD","562.57506","Escherichia coli strain PB456","fig|562.57506.peg.5007",,,"381",,,"Pentapeptide repeat protein QnrB family","QnrS1","antibiotic target protection","fluoroquinolone","ciprofloxacin;levofloxacin;moxifloxacin;gatifloxacin;nalidixic acid;norfloxacin;sparfloxacin",,100,100,100,"1.18559e-166"
"BLAT","Antibiotic Resistance","NDARO","562.30435","Escherichia coli strain AR_451","fig|562.30435.peg.5018","CSC38_5006",,"WP_001516695.1","Gammaproteobacteria",,"Pentapeptide repeat protein QnrB family","MULTISPECIES: quinolone resistance pentapeptide repeat protein QnrS1","",,,,100,100,100,"1e-129"
"RGI: protein homolog model","Antibiotic Resistance","CARD","562.144924","Escherichia coli MGL_118","fig|562.144924.peg.4734",,,"381",,,"Pentapeptide repeat protein QnrB family","QnrS1","antibiotic target protection","fluoroquinolone","ciprofloxacin;levofloxacin;moxifloxacin;gatifloxacin;nalidixic acid;norfloxacin;sparfloxacin",,100,100,100,"1.18559e-166"
"BLAT","Antibiotic Resistance","NDARO","562.57418","Escherichia coli strain W2_13_ERG9","fig|562.57418.peg.4770",,,"WP_001516695.1","Gammaproteobacteria",,"Pentapeptide repeat protein QnrB family","MULTISPECIES: quinolone resistance pentapeptide repeat protein QnrS1","",,,,100,100,100,"1e-129"
"RGI: protein homolog model","Antibiotic Resistance","CARD","562.97032","Escherichia coli VRES1201","fig|562.97032.peg.4996",,,"381",,,"Pentapeptide repeat protein QnrB family","QnrS1","antibiotic target protection","fluoroquinolone","ciprofloxacin;levofloxacin;moxifloxacin;gatifloxacin;nalidixic acid;norfloxacin;sparfloxacin",,100,100,100,"1.18559e-166"
"BLAT","Antibiotic Resistance","CARD","562.56771","Escherichia coli strain 1043-14","fig|562.56771.peg.4921",,,"ABG56870.1","Klebsiella pneumoniae","QnrS1","Pentapeptide repeat protein QnrB family",,"antibiotic target protection protein,fluoroquinolone resistance gene",,,,100,100,100,"1e-129"
"RGI: protein homolog model","Antibiotic Resistance","CARD","562.100724","Escherichia coli 98ff30b8-7bb8-11e9-a8d3-68b59976a384","fig|562.100724.peg.4676","AWG89_08670",,"381",,,"Pentapeptide repeat protein QnrB family","QnrS1","antibiotic target protection","fluoroquinolone","ciprofloxacin;levofloxacin;moxifloxacin;gatifloxacin;nalidixic acid;norfloxacin;sparfloxacin",,100,100,100,"1.18559e-166"
"BLAT","Antibiotic Resistance","CARD","562.57471","Escherichia coli strain W2_15_ERB4","fig|562.57471.peg.4749",,,"ABG56870.1","Klebsiella pneumoniae","QnrS1","Pentapeptide repeat protein QnrB family",,"antibiotic target protection protein,fluoroquinolone resistance gene",,,,100,100,100,"1e-129"
"RGI: protein homolog model","Antibiotic Resistance","CARD","562.97109","Escherichia coli VRES1346","fig|562.97109.peg.4436",,,"381",,,"Pentapeptide repeat protein QnrB family","QnrS1","antibiotic target protection","fluoroquinolone","ciprofloxacin;levofloxacin;moxifloxacin;gatifloxacin;nalidixic acid;norfloxacin;sparfloxacin",,100,100,100,"1.18559e-166"
"BLAT","Antibiotic Resistance","NDARO","562.97018","Escherichia coli VREC1124","fig|562.97018.peg.5003",,,"WP_001516695.1","Gammaproteobacteria",,"Pentapeptide repeat protein QnrB family","MULTISPECIES: quinolone resistance pentapeptide repeat protein QnrS1","",,,,100,100,100,"1e-129"
"AMRFinderPlus: ALLELEP","Antibiotic Resistance","NDARO","562.57471","Escherichia coli strain W2_15_ERB4","fig|562.57471.peg.4749",,,"WP_001516695.1",,,"Pentapeptide repeat protein QnrB family","quinolone resistance pentapeptide repeat protein QnrS1",,"quinolone","quinolone",,100,100,100,
"AMRFinderPlus: ALLELEP","Antibiotic Resistance","NDARO","562.42757","Escherichia coli strain 85","fig|562.42757.peg.5127",,,"WP_001516695.1",,,"Pentapeptide repeat protein QnrB family","quinolone resistance pentapeptide repeat protein QnrS1",,"quinolone","quinolone",,100,100,100,
"BLAT","Antibiotic Resistance","NDARO","562.97216","Escherichia coli VREC1376","fig|562.97216.peg.4810",,,"WP_001516695.1","Gammaproteobacteria",,"Pentapeptide repeat protein QnrB family","MULTISPECIES: quinolone resistance pentapeptide repeat protein QnrS1","",,,,100,100,100,"1e-129"
"RGI: protein homolog model","Antibiotic Resistance","CARD","562.45596","Escherichia coli strain EC_90","fig|562.45596.peg.5218","EXX84_24420",,"381",,,"Pentapeptide repeat protein QnrB family","QnrS1","antibiotic target protection","fluoroquinolone","ciprofloxacin;levofloxacin;moxifloxacin;gatifloxacin;nalidixic acid;norfloxacin;sparfloxacin",,100,100,99,"1.18783e-165"
"BLAT","Antibiotic Resistance","CARD","562.58790","Escherichia coli strain ENV727","fig|562.58790.peg.4306",,,"ABG56870.1","Klebsiella pneumoniae","QnrS1","Pentapeptide repeat protein QnrB family",,"antibiotic target protection protein,fluoroquinolone resistance gene",,,,100,100,100,"1e-129"
"BLAT","Antibiotic Resistance","CARD","562.58720","Escherichia coli strain 14060900","fig|562.58720.peg.5573",,,"ABG56870.1","Klebsiella pneumoniae","QnrS1","Pentapeptide repeat protein QnrB family",,"antibiotic target protection protein,fluoroquinolone resistance gene",,,,100,100,100,"1e-129"
"RGI: protein homolog model","Antibiotic Resistance","CARD","562.100703","Escherichia coli a2594be4-7bb8-11e9-a8d3-68b59976a384","fig|562.100703.peg.4695","AWG88_06880",,"381",,,"Pentapeptide repeat protein QnrB family","QnrS1","antibiotic target protection","fluoroquinolone","ciprofloxacin;levofloxacin;moxifloxacin;gatifloxacin;nalidixic acid;norfloxacin;sparfloxacin",,100,100,100,"1.18559e-166"
"AMRFinderPlus: ALLELEP","Antibiotic Resistance","NDARO","562.57448","Escherichia coli strain F1_7_ERG10B","fig|562.57448.peg.4683",,,"WP_001516695.1",,,"Pentapeptide repeat protein QnrB family","quinolone resistance pentapeptide repeat protein QnrS1",,"quinolone","quinolone",,100,100,100,
"BLAT","Antibiotic Resistance","NDARO","562.57434","Escherichia coli strain W2_8_ERB3","fig|562.57434.peg.4211",,,"WP_001516695.1","Gammaproteobacteria",,"Pentapeptide repeat protein QnrB family","MULTISPECIES: quinolone resistance pentapeptide repeat protein QnrS1","",,,,100,100,100,"1e-129"
"AMRFinderPlus: ALLELEP","Antibiotic Resistance","NDARO","562.45615","Escherichia coli strain EC_27","fig|562.45615.peg.4128","EXX25_24130",,"WP_001516695.1",,,"Pentapeptide repeat protein QnrB family","quinolone resistance pentapeptide repeat protein QnrS1",,"quinolone","quinolone",,100,100,100,
"AMRFinderPlus: ALLELEP","Antibiotic Resistance","NDARO","562.97019","Escherichia coli VREC1122","fig|562.97019.peg.4977",,,"WP_001516695.1",,,"Pentapeptide repeat protein QnrB family","quinolone resistance pentapeptide repeat protein QnrS1",,"quinolone","quinolone",,100,100,100,
"BLAT","Antibiotic Resistance","NDARO","562.100757","Escherichia coli 9d8376da-7bb8-11e9-a8d3-68b59976a384","fig|562.100757.peg.4708",,,"WP_001516695.1","Gammaproteobacteria",,"Pentapeptide repeat protein QnrB family","MULTISPECIES: quinolone resistance pentapeptide repeat protein QnrS1","",,,,100,100,100,"1e-129"
"AMRFinderPlus: ALLELEP","Antibiotic Resistance","NDARO","562.57436","Escherichia coli strain W2_9_ERB5","fig|562.57436.peg.4704",,,"WP_063866398.1",,,"Pentapeptide repeat protein QnrB family","quinolone resistance pentapeptide repeat protein QnrS4",,"quinolone","quinolone",,100,100,100,
"RGI: protein homolog model","Antibiotic Resistance","CARD","562.97020","Escherichia coli VRES1202","fig|562.97020.peg.5004",,,"381",,,"Pentapeptide repeat protein QnrB family","QnrS1","antibiotic target protection","fluoroquinolone","ciprofloxacin;levofloxacin;moxifloxacin;gatifloxacin;nalidixic acid;norfloxacin;sparfloxacin",,100,100,100,"1.18559e-166"
"BLAT","Antibiotic Resistance","NDARO","562.22426","Escherichia coli strain AR_0162","fig|562.22426.peg.5051","AM408_00610",,"WP_001516695.1","Gammaproteobacteria",,"Pentapeptide repeat protein QnrB family","MULTISPECIES: quinolone resistance pentapeptide repeat protein QnrS1","",,,,100,100,100,"1e-129"
"BLAT","Antibiotic Resistance","CARD","562.97114","Escherichia coli VRES1353","fig|562.97114.peg.4442",,,"ABG56870.1","Klebsiella pneumoniae","QnrS1","Pentapeptide repeat protein QnrB family",,"antibiotic target protection protein,fluoroquinolone resistance gene",,,,100,100,100,"1e-129"
"BLAT","Antibiotic Resistance","NDARO","562.57368","Escherichia coli strain PB163","fig|562.57368.peg.4591",,,"WP_001516695.1","Gammaproteobacteria",,"Pentapeptide repeat protein QnrB family","MULTISPECIES: quinolone resistance pentapeptide repeat protein QnrS1","",,,,100,100,100,"1e-129"
"RGI: protein homolog model","Antibiotic Resistance","CARD","562.45964","Escherichia coli strain URMC_26","fig|562.45964.peg.440","ELV28_29655",,"381",,,"Pentapeptide repeat protein QnrB family","QnrS1","antibiotic target protection","fluoroquinolone","ciprofloxacin;levofloxacin;moxifloxacin;gatifloxacin;nalidixic acid;norfloxacin;sparfloxacin",,100,100,100,"1.18559e-166"
"AMRFinderPlus: ALLELEP","Antibiotic Resistance","NDARO","562.135589","Escherichia coli MGL_133","fig|562.135589.peg.5145","R2R64_16340",,"WP_001516695.1",,,"Pentapeptide repeat protein QnrB family","quinolone resistance pentapeptide repeat protein QnrS1",,"quinolone","quinolone",,100,100,100,
"RGI: protein homolog model","Antibiotic Resistance","CARD","562.135565","Escherichia coli MGL_82","fig|562.135565.peg.5061","BFL18_27100",,"381",,,"Pentapeptide repeat protein QnrB family","QnrS1","antibiotic target protection","fluoroquinolone","ciprofloxacin;levofloxacin;moxifloxacin;gatifloxacin;nalidixic acid;norfloxacin;sparfloxacin",,100,100,100,"1.18559e-166"
"BLAT","Antibiotic Resistance","CARD","562.42703","Escherichia coli strain 280","fig|562.42703.peg.4823",,,"ABG56870.1","Klebsiella pneumoniae","QnrS1","Pentapeptide repeat protein QnrB family",,"antibiotic target protection protein,fluoroquinolone resistance gene",,,,100,100,100,"1e-129"
"BLAT","Antibiotic Resistance","CARD","562.135589","Escherichia coli MGL_133","fig|562.135589.peg.5145",,,"ABG56870.1","Klebsiella pneumoniae","QnrS1","Pentapeptide repeat protein QnrB family",,"antibiotic target protection protein,fluoroquinolone resistance gene",,,,100,100,100,"1e-129"
"BLAT","Antibiotic Resistance","NDARO","562.31452","Escherichia coli strain KCRI-44 strain RDK37_44","fig|562.31452.peg.4120",,,"WP_001516695.1","Gammaproteobacteria",,"Pentapeptide repeat protein QnrB family","MULTISPECIES: quinolone resistance pentapeptide repeat protein QnrS1","",,,,100,100,100,"1e-129"
"AMRFinderPlus: ALLELEP","Antibiotic Resistance","NDARO","562.57364","Escherichia coli strain PB320","fig|562.57364.peg.5453",,,"WP_001516695.1",,,"Pentapeptide repeat protein QnrB family","quinolone resistance pentapeptide repeat protein QnrS1",,"quinolone","quinolone",,100,100,100,
"RGI: protein homolog model","Antibiotic Resistance","CARD","562.145026","Escherichia coli PT_EC0194","fig|562.145026.peg.4661",,,"381",,,"Pentapeptide repeat protein QnrB family","QnrS1","antibiotic target protection","fluoroquinolone","ciprofloxacin;levofloxacin;moxifloxacin;gatifloxacin;nalidixic acid;norfloxacin;sparfloxacin",,100,100,100,"1.18559e-166"
"AMRFinderPlus: ALLELEP","Antibiotic Resistance","NDARO","562.58783","Escherichia coli strain ENV323","fig|562.58783.peg.4035",,,"WP_001516695.1",,,"Pentapeptide repeat protein QnrB family","quinolone resistance pentapeptide repeat protein QnrS1",,"quinolone","quinolone",,100,100,100,
"AMRFinderPlus: ALLELEP","Antibiotic Resistance","NDARO","562.57418","Escherichia coli strain W2_13_ERG9","fig|562.57418.peg.4770",,,"WP_001516695.1",,,"Pentapeptide repeat protein QnrB family","quinolone resistance pentapeptide repeat protein QnrS1",,"quinolone","quinolone",,100,100,100,
"BLAT","Antibiotic Resistance","CARD","562.97021","Escherichia coli VRES1195","fig|562.97021.peg.4996",,,"ABG56870.1","Klebsiella pneumoniae","QnrS1","Pentapeptide repeat protein QnrB family",,"antibiotic target protection protein,fluoroquinolone resistance gene",,,,100,100,100,"1e-129"
"AMRFinderPlus: ALLELEP","Antibiotic Resistance","NDARO","562.45628","Escherichia coli strain EC_33_B","fig|562.45628.peg.3995","EXX31_24445",,"WP_001516695.1",,,"Pentapeptide repeat protein QnrB family","quinolone resistance pentapeptide repeat protein QnrS1",,"quinolone","quinolone",,100,100,100,
"AMRFinderPlus: ALLELEP","Antibiotic Resistance","NDARO","562.99875","Escherichia coli f3ae25d2-7bb8-11e9-a8d3-68b59976a384","fig|562.99875.peg.5103",,,"WP_001516695.1",,,"Pentapeptide repeat protein QnrB family","quinolone resistance pentapeptide repeat protein QnrS1",,"quinolone","quinolone",,100,100,100,
"BLAT","Antibiotic Resistance","NDARO","562.23166","Escherichia coli NA:H19 strain ECO0783","fig|562.23166.peg.4748",,,"WP_001516695.1","Gammaproteobacteria",,"Pentapeptide repeat protein QnrB family","MULTISPECIES: quinolone resistance pentapeptide repeat protein QnrS1","",,,,100,100,100,"1e-129"
"AMRFinderPlus: ALLELEP","Antibiotic Resistance","NDARO","562.57457","Escherichia coli strain PB251","fig|562.57457.peg.4992",,,"WP_001516695.1",,,"Pentapeptide repeat protein QnrB family","quinolone resistance pentapeptide repeat protein QnrS1",,"quinolone","quinolone",,100,100,100,
"BLAT","Antibiotic Resistance","CARD","562.58628","Escherichia coli strain PH135","fig|562.58628.peg.543",,,"ABG56870.1","Klebsiella pneumoniae","QnrS1","Pentapeptide repeat protein QnrB family",,"antibiotic target protection protein,fluoroquinolone resistance gene",,,,100,100,100,"1e-129"
"BLAT","Antibiotic Resistance","NDARO","562.97108","Escherichia coli VRES1350","fig|562.97108.peg.4434",,,"WP_001516695.1","Gammaproteobacteria",,"Pentapeptide repeat protein QnrB family","MULTISPECIES: quinolone resistance pentapeptide repeat protein QnrS1","",,,,100,100,100,"1e-129"
"AMRFinderPlus: ALLELEP","Antibiotic Resistance","NDARO","562.57467","Escherichia coli strain PB98","fig|562.57467.peg.5317",,,"WP_001516695.1",,,"Pentapeptide repeat protein QnrB family","quinolone resistance pentapeptide repeat protein QnrS1",,"quinolone","quinolone",,100,100,100,
"BLAT","Antibiotic Resistance","CARD","562.57456","Escherichia coli strain PB303","fig|562.57456.peg.2376",,,"ABG56870.1","Klebsiella pneumoniae","QnrS1","Pentapeptide repeat protein QnrB family",,"antibiotic target protection protein,fluoroquinolone resistance gene",,,,100,100,100,"1e-129"
"AMRFinderPlus: PARTIALP","Antibiotic Resistance","NDARO","562.57441","Escherichia coli strain F1_7_ERB1","fig|562.57441.peg.4706",,,"WP_001516695.1",,,"Pentapeptide repeat protein QnrB family","QnrS family quinolone resistance pentapeptide repeat protein",,"quinolone","quinolone",,84,100,100,
"AMRFinderPlus: ALLELEP","Antibiotic Resistance","NDARO","562.57377","Escherichia coli strain PB532","fig|562.57377.peg.4812",,,"WP_001516695.1",,,"Pentapeptide repeat protein QnrB family","quinolone resistance pentapeptide repeat protein QnrS1",,"quinolone","quinolone",,100,100,100,
"AMRFinderPlus: ALLELEP","Antibiotic Resistance","NDARO","562.97018","Escherichia coli VREC1124","fig|562.97018.peg.5003",,,"WP_001516695.1",,,"Pentapeptide repeat protein QnrB family","quinolone resistance pentapeptide repeat protein QnrS1",,"quinolone","quinolone",,100,100,100,
"AMRFinderPlus: ALLELEP","Antibiotic Resistance","NDARO","562.42668","Escherichia coli strain 196","fig|562.42668.peg.4273",,,"WP_001516695.1",,,"Pentapeptide repeat protein QnrB family","quinolone resistance pentapeptide repeat protein QnrS1",,"quinolone","quinolone",,100,100,100,
"BLAT","Antibiotic Resistance","NDARO","562.100232","Escherichia coli c4c735ce-7bb8-11e9-a8d3-68b59976a384","fig|562.100232.peg.4975",,,"WP_001516695.1","Gammaproteobacteria",,"Pentapeptide repeat protein QnrB family","MULTISPECIES: quinolone resistance pentapeptide repeat protein QnrS1","",,,,100,100,100,"1e-129"
"BLAT","Antibiotic Resistance","CARD","562.99678","Escherichia coli 5338df10-7bb9-11e9-a8d3-68b59976a384","fig|562.99678.peg.5004",,,"ABG56870.1","Klebsiella pneumoniae","QnrS1","Pentapeptide repeat protein QnrB family",,"antibiotic target protection protein,fluoroquinolone resistance gene",,,,100,100,100,"1e-129"
"RGI: protein homolog model","Antibiotic Resistance","CARD","562.42668","Escherichia coli strain 196","fig|562.42668.peg.4273",,,"381",,,"Pentapeptide repeat protein QnrB family","QnrS1","antibiotic target protection","fluoroquinolone","ciprofloxacin;levofloxacin;moxifloxacin;gatifloxacin;nalidixic acid;norfloxacin;sparfloxacin",,100,100,100,"1.18559e-166"
"BLAT","Antibiotic Resistance","CARD","562.58776","Escherichia coli strain ENV222","fig|562.58776.peg.4972",,,"ABG56870.1","Klebsiella pneumoniae","QnrS1","Pentapeptide repeat protein QnrB family",,"antibiotic target protection protein,fluoroquinolone resistance gene",,,,100,100,100,"1e-129"
"AMRFinderPlus: ALLELEP","Antibiotic Resistance","NDARO","562.58790","Escherichia coli strain ENV727","fig|562.58790.peg.4306",,,"WP_001516695.1",,,"Pentapeptide repeat protein QnrB family","quinolone resistance pentapeptide repeat protein QnrS1",,"quinolone","quinolone",,100,100,100,
"BLAT","Antibiotic Resistance","NDARO","562.135576","Escherichia coli 20200203_MGL_04","fig|562.135576.peg.5128",,,"WP_001516695.1","Gammaproteobacteria",,"Pentapeptide repeat protein QnrB family","MULTISPECIES: quinolone resistance pentapeptide repeat protein QnrS1","",,,,100,100,100,"1e-129"
"RGI: protein homolog model","Antibiotic Resistance","CARD","562.135589","Escherichia coli MGL_133","fig|562.135589.peg.5145","BFL17_27490",,"381",,,"Pentapeptide repeat protein QnrB family","QnrS1","antibiotic target protection","fluoroquinolone","ciprofloxacin;levofloxacin;moxifloxacin;gatifloxacin;nalidixic acid;norfloxacin;sparfloxacin",,100,100,100,"1.18559e-166"
"BLAT","Antibiotic Resistance","NDARO","562.7666","Escherichia coli strain 702566","fig|562.7666.peg.5031","ERS139225_04891",,"WP_001516695.1","Gammaproteobacteria","pipB2_2","Pentapeptide repeat protein QnrB family","MULTISPECIES: quinolone resistance pentapeptide repeat protein QnrS1",,,,,100,100,100,"1e-129"
"BLAT","Antibiotic Resistance","NDARO","562.57396","Escherichia coli strain W1_7_ERB9","fig|562.57396.peg.4344",,,"WP_001516695.1","Gammaproteobacteria",,"Pentapeptide repeat protein QnrB family","MULTISPECIES: quinolone resistance pentapeptide repeat protein QnrS1","",,,,100,100,100,"1e-129"
"BLAT","Antibiotic Resistance","NDARO","562.57436","Escherichia coli strain W2_9_ERB5","fig|562.57436.peg.4704",,,"WP_063866398.1","Salmonella enterica",,"Pentapeptide repeat protein QnrB family","quinolone resistance pentapeptide repeat protein QnrS4","",,,,100,100,100,"1e-129"
"BLAT","Antibiotic Resistance","NDARO","562.42650","Escherichia coli strain 153","fig|562.42650.peg.5007",,,"WP_001516695.1","Gammaproteobacteria",,"Pentapeptide repeat protein QnrB family","MULTISPECIES: quinolone resistance pentapeptide repeat protein QnrS1","",,,,100,100,100,"1e-129"
"BLAT","Antibiotic Resistance","NDARO","562.97110","Escherichia coli VRES1354","fig|562.97110.peg.4401",,,"WP_001516695.1","Gammaproteobacteria",,"Pentapeptide repeat protein QnrB family","MULTISPECIES: quinolone resistance pentapeptide repeat protein QnrS1","",,,,100,100,100,"1e-129"
"BLAT","Antibiotic Resistance","CARD","562.57469","Escherichia coli strain PB97","fig|562.57469.peg.5181",,,"ABG56870.1","Klebsiella pneumoniae","QnrS1","Pentapeptide repeat protein QnrB family",,"antibiotic target protection protein,fluoroquinolone resistance gene",,,,100,100,100,"1e-129"
"RGI: protein homolog model","Antibiotic Resistance","CARD","562.57416","Escherichia coli strain W2_13_ERB6","fig|562.57416.peg.4741",,,"381",,,"Pentapeptide repeat protein QnrB family","QnrS1","antibiotic target protection","fluoroquinolone","ciprofloxacin;levofloxacin;moxifloxacin;gatifloxacin;nalidixic acid;norfloxacin;sparfloxacin",,100,100,100,"1.18559e-166"
"BLAT","Antibiotic Resistance","NDARO","562.100724","Escherichia coli 98ff30b8-7bb8-11e9-a8d3-68b59976a384","fig|562.100724.peg.4676",,,"WP_001516695.1","Gammaproteobacteria",,"Pentapeptide repeat protein QnrB family","MULTISPECIES: quinolone resistance pentapeptide repeat protein QnrS1","",,,,100,100,100,"1e-129"
"BLAT","Antibiotic Resistance","CARD","562.42763","Escherichia coli strain M1","fig|562.42763.peg.4744",,,"ABG56870.1","Klebsiella pneumoniae","QnrS1","Pentapeptide repeat protein QnrB family",,"antibiotic target protection protein,fluoroquinolone resistance gene",,,,100,100,100,"1e-129"
"AMRFinderPlus: ALLELEP","Antibiotic Resistance","NDARO","562.144936","Escherichia coli MGL_153","fig|562.144936.peg.4843",,,"WP_001516695.1",,,"Pentapeptide repeat protein QnrB family","quinolone resistance pentapeptide repeat protein QnrS1",,"quinolone","quinolone",,100,100,100,
"BLAT","Antibiotic Resistance","NDARO","562.57389","Escherichia coli strain W1_5_ERP10B","fig|562.57389.peg.4518",,,"WP_001516695.1","Gammaproteobacteria",,"Pentapeptide repeat protein QnrB family","MULTISPECIES: quinolone resistance pentapeptide repeat protein QnrS1","",,,,100,100,100,"1e-129"
"AMRFinderPlus: ALLELEP","Antibiotic Resistance","NDARO","562.57420","Escherichia coli strain W2_4_ERB1","fig|562.57420.peg.4800",,,"WP_001516695.1",,,"Pentapeptide repeat protein QnrB family","quinolone resistance pentapeptide repeat protein QnrS1",,"quinolone","quinolone",,100,100,100,
"BLAT","Antibiotic Resistance","NDARO","562.97029","Escherichia coli VRES1198","fig|562.97029.peg.5004",,,"WP_001516695.1","Gammaproteobacteria",,"Pentapeptide repeat protein QnrB family","MULTISPECIES: quinolone resistance pentapeptide repeat protein QnrS1","",,,,100,100,100,"1e-129"
"AMRFinderPlus: ALLELEP","Antibiotic Resistance","NDARO","562.45605","Escherichia coli strain EC_74","fig|562.45605.peg.4136","EXX70_23165",,"WP_001516695.1",,,"Pentapeptide repeat protein QnrB family","quinolone resistance pentapeptide repeat protein QnrS1",,"quinolone","quinolone",,100,100,100,
"BLAT","Antibiotic Resistance","CARD","562.57409","Escherichia coli strain W2_13_ERB1","fig|562.57409.peg.4511",,,"ABG56870.1","Klebsiella pneumoniae","QnrS1","Pentapeptide repeat protein QnrB family",,"antibiotic target protection protein,fluoroquinolone resistance gene",,,,100,100,100,"1e-129"
"RGI: protein homolog model","Antibiotic Resistance","CARD","562.42686","Escherichia coli strain 24","fig|562.42686.peg.4753",,,"381",,,"Pentapeptide repeat protein QnrB family","QnrS1","antibiotic target protection","fluoroquinolone","ciprofloxacin;levofloxacin;moxifloxacin;gatifloxacin;nalidixic acid;norfloxacin;sparfloxacin",,100,100,100,"1.18559e-166"
"AMRFinderPlus: ALLELEP","Antibiotic Resistance","NDARO","562.42687","Escherichia coli strain 240","fig|562.42687.peg.4820",,,"WP_001516695.1",,,"Pentapeptide repeat protein QnrB family","quinolone resistance pentapeptide repeat protein QnrS1",,"quinolone","quinolone",,100,100,100,
"AMRFinderPlus: ALLELEP","Antibiotic Resistance","NDARO","562.97216","Escherichia coli VREC1376","fig|562.97216.peg.4810",,,"WP_001516695.1",,,"Pentapeptide repeat protein QnrB family","quinolone resistance pentapeptide repeat protein QnrS1",,"quinolone","quinolone",,100,100,100,
"BLAT","Antibiotic Resistance","NDARO","562.57468","Escherichia coli strain PB29","fig|562.57468.peg.4479",,,"WP_001516695.1","Gammaproteobacteria",,"Pentapeptide repeat protein QnrB family","MULTISPECIES: quinolone resistance pentapeptide repeat protein QnrS1","",,,,100,100,100,"1e-129"
"BLAT","Antibiotic Resistance","CARD","562.45594","Escherichia coli strain EC_76","fig|562.45594.peg.3241","EXX72_20000",,"ABG56870.1","Klebsiella pneumoniae","QnrS1","Pentapeptide repeat protein QnrB family",,"antibiotic target protection protein,fluoroquinolone resistance gene",,,,100,100,99,"1e-128"
"AMRFinderPlus: ALLELEP","Antibiotic Resistance","NDARO","562.57449","Escherichia coli strain PB203","fig|562.57449.peg.5191",,,"WP_001516695.1",,,"Pentapeptide repeat protein QnrB family","quinolone resistance pentapeptide repeat protein QnrS1",,"quinolone","quinolone",,100,100,100,
"RGI: protein homolog model","Antibiotic Resistance","CARD","562.57418","Escherichia coli strain W2_13_ERG9","fig|562.57418.peg.4770",,,"381",,,"Pentapeptide repeat protein QnrB family","QnrS1","antibiotic target protection","fluoroquinolone","ciprofloxacin;levofloxacin;moxifloxacin;gatifloxacin;nalidixic acid;norfloxacin;sparfloxacin",,100,100,100,"1.18559e-166"
"BLAT","Antibiotic Resistance","NDARO","562.97120","Escherichia coli VRES1349","fig|562.97120.peg.4453",,,"WP_001516695.1","Gammaproteobacteria",,"Pentapeptide repeat protein QnrB family","MULTISPECIES: quinolone resistance pentapeptide repeat protein QnrS1","",,,,100,100,100,"1e-129"
"RGI: protein homolog model","Antibiotic Resistance","CARD","562.7696","Escherichia coli strain 504225_aEPEC","fig|562.7696.peg.4629","ERS085369_04552",,"381",,"pipB2","Pentapeptide repeat protein QnrB family","QnrS1","antibiotic target protection","fluoroquinolone","ciprofloxacin;levofloxacin;moxifloxacin;gatifloxacin;nalidixic acid;norfloxacin;sparfloxacin",,100,100,100,"1.18559e-166"
"BLAT","Antibiotic Resistance","CARD","562.58774","Escherichia coli strain ENV190","fig|562.58774.peg.4662",,,"ABG56870.1","Klebsiella pneumoniae","QnrS1","Pentapeptide repeat protein QnrB family",,"antibiotic target protection protein,fluoroquinolone resistance gene",,,,100,100,100,"1e-129"
"BLAT","Antibiotic Resistance","NDARO","562.97019","Escherichia coli VREC1122","fig|562.97019.peg.4977",,,"WP_001516695.1","Gammaproteobacteria",,"Pentapeptide repeat protein QnrB family","MULTISPECIES: quinolone resistance pentapeptide repeat protein QnrS1","",,,,100,100,100,"1e-129"
"RGI: protein homolog model","Antibiotic Resistance","CARD","562.145012","Escherichia coli PT_EC0214","fig|562.145012.peg.5227",,,"381",,,"Pentapeptide repeat protein QnrB family","QnrS1","antibiotic target protection","fluoroquinolone","ciprofloxacin;levofloxacin;moxifloxacin;gatifloxacin;nalidixic acid;norfloxacin;sparfloxacin",,100,100,100,"1.18559e-166"
"AMRFinderPlus: ALLELEP","Antibiotic Resistance","NDARO","562.56854","Escherichia coli strain 52-16","fig|562.56854.peg.3583","PU65_24295",,"WP_001516695.1",,,"Pentapeptide repeat protein QnrB family","quinolone resistance pentapeptide repeat protein QnrS1",,"quinolone","quinolone",,100,100,100,
"BLAT","Antibiotic Resistance","NDARO","562.57456","Escherichia coli strain PB303","fig|562.57456.peg.2376",,,"WP_001516695.1","Gammaproteobacteria",,"Pentapeptide repeat protein QnrB family","MULTISPECIES: quinolone resistance pentapeptide repeat protein QnrS1","",,,,100,100,100,"1e-129"
"AMRFinderPlus: ALLELEP","Antibiotic Resistance","NDARO","562.100912","Escherichia coli 4a800a88-7bb9-11e9-a8d3-68b59976a384","fig|562.100912.peg.4684",,,"WP_001516695.1",,,"Pentapeptide repeat protein QnrB family","quinolone resistance pentapeptide repeat protein QnrS1",,"quinolone","quinolone",,100,100,100,
"BLAT","Antibiotic Resistance","NDARO","562.57449","Escherichia coli strain PB203","fig|562.57449.peg.5191",,,"WP_001516695.1","Gammaproteobacteria",,"Pentapeptide repeat protein QnrB family","MULTISPECIES: quinolone resistance pentapeptide repeat protein QnrS1","",,,,100,100,100,"1e-129"
"BLAT","Antibiotic Resistance","CARD","562.97108","Escherichia coli VRES1350","fig|562.97108.peg.4434",,,"ABG56870.1","Klebsiella pneumoniae","QnrS1","Pentapeptide repeat protein QnrB family",,"antibiotic target protection protein,fluoroquinolone resistance gene",,,,100,100,100,"1e-129"
"BLAT","Antibiotic Resistance","CARD","562.45660","Escherichia coli strain EC_38","fig|562.45660.peg.4560","EXX38_24370",,"ABG56870.1","Klebsiella pneumoniae","QnrS1","Pentapeptide repeat protein QnrB family",,"antibiotic target protection protein,fluoroquinolone resistance gene",,,,100,100,100,"1e-129"
"BLAT","Antibiotic Resistance","NDARO","562.57377","Escherichia coli strain PB532","fig|562.57377.peg.4812",,,"WP_001516695.1","Gammaproteobacteria",,"Pentapeptide repeat protein QnrB family","MULTISPECIES: quinolone resistance pentapeptide repeat protein QnrS1","",,,,100,100,100,"1e-129"
"BLAT","Antibiotic Resistance","CARD","562.57439","Escherichia coli strain W3_1_ERB5","fig|562.57439.peg.1114",,,"ABG56870.1","Klebsiella pneumoniae","QnrS1","Pentapeptide repeat protein QnrB family",,"antibiotic target protection protein,fluoroquinolone resistance gene",,,,100,100,100,"1e-129"
"BLAT","Antibiotic Resistance","CARD","562.144911","Escherichia coli MGL_106","fig|562.144911.peg.4675",,,"ABG56870.1","Klebsiella pneumoniae","QnrS1","Pentapeptide repeat protein QnrB family",,"antibiotic target protection protein,fluoroquinolone resistance gene",,,,100,100,100,"1e-129"
"RGI: protein homolog model","Antibiotic Resistance","CARD","562.57490","Escherichia coli strain PB305","fig|562.57490.peg.4000",,,"381",,,"Pentapeptide repeat protein QnrB family","QnrS1","antibiotic target protection","fluoroquinolone","ciprofloxacin;levofloxacin;moxifloxacin;gatifloxacin;nalidixic acid;norfloxacin;sparfloxacin",,100,100,100,"1.18559e-166"
"RGI: protein homolog model","Antibiotic Resistance","CARD","562.42733","Escherichia coli strain 399","fig|562.42733.peg.4947",,,"1832",,,"Pentapeptide repeat protein QnrB family","QnrS2","antibiotic target protection","fluoroquinolone","ciprofloxacin;levofloxacin;moxifloxacin;gatifloxacin;nalidixic acid;norfloxacin;sparfloxacin",,100,100,100,"3.11406e-166"
"BLAT","Antibiotic Resistance","CARD","562.57241","Escherichia coli strain 24742_1#352","fig|562.57241.peg.4565",,,"ABG56870.1","Klebsiella pneumoniae","QnrS1","Pentapeptide repeat protein QnrB family",,"antibiotic target protection protein,fluoroquinolone resistance gene",,,,100,100,100,"1e-129"
"BLAT","Antibiotic Resistance","NDARO","562.145372","Escherichia coli 20200203_MGL_04","fig|562.145372.peg.5133",,,"WP_001516695.1","Gammaproteobacteria",,"Pentapeptide repeat protein QnrB family","MULTISPECIES: quinolone resistance pentapeptide repeat protein QnrS1","",,,,100,100,100,"1e-129"
"BLAT","Antibiotic Resistance","NDARO","562.20499","Escherichia coli strain AR_0162","fig|562.20499.peg.5051","AM408_00610",,"WP_001516695.1","Gammaproteobacteria",,"Pentapeptide repeat protein QnrB family","MULTISPECIES: quinolone resistance pentapeptide repeat protein QnrS1","",,,,100,100,100,"1e-129"
"BLAT","Antibiotic Resistance","CARD","562.100014","Escherichia coli 8b1c8fea-7bb8-11e9-a8d3-68b59976a384","fig|562.100014.peg.4544",,,"ABG56870.1","Klebsiella pneumoniae","QnrS1","Pentapeptide repeat protein QnrB family",,"antibiotic target protection protein,fluoroquinolone resistance gene",,,,100,100,100,"1e-129"
"BLAT","Antibiotic Resistance","CARD","562.45665","Escherichia coli strain EC_12","fig|562.45665.peg.3894","EXX14_21080",,"ABG56870.1","Klebsiella pneumoniae","QnrS1","Pentapeptide repeat protein QnrB family",,"antibiotic target protection protein,fluoroquinolone resistance gene",,,,100,100,100,"1e-129"
"AMRFinderPlus: ALLELEP","Antibiotic Resistance","NDARO","562.58736","Escherichia coli strain 15062645","fig|562.58736.peg.5107",,,"WP_001516695.1",,,"Pentapeptide repeat protein QnrB family","quinolone resistance pentapeptide repeat protein QnrS1",,"quinolone","quinolone",,100,100,100,
"AMRFinderPlus: ALLELEP","Antibiotic Resistance","NDARO","562.57465","Escherichia coli strain PB412","fig|562.57465.peg.4901",,,"WP_001516695.1",,,"Pentapeptide repeat protein QnrB family","quinolone resistance pentapeptide repeat protein QnrS1",,"quinolone","quinolone",,100,100,100,
"BLAT","Antibiotic Resistance","NDARO","562.135579","Escherichia coli MGL_1560","fig|562.135579.peg.5080",,,"WP_001516695.1","Gammaproteobacteria",,"Pentapeptide repeat protein QnrB family","MULTISPECIES: quinolone resistance pentapeptide repeat protein QnrS1","",,,,100,100,100,"1e-129"
"AMRFinderPlus: ALLELEP","Antibiotic Resistance","NDARO","562.57427","Escherichia coli strain W2_5_ERB8","fig|562.57427.peg.5023",,,"WP_001516695.1",,,"Pentapeptide repeat protein QnrB family","quinolone resistance pentapeptide repeat protein QnrS1",,"quinolone","quinolone",,100,100,100,
"RGI: protein homolog model","Antibiotic Resistance","CARD","562.57458","Escherichia coli strain PB207","fig|562.57458.peg.4698",,,"381",,,"Pentapeptide repeat protein QnrB family","QnrS1","antibiotic target protection","fluoroquinolone","ciprofloxacin;levofloxacin;moxifloxacin;gatifloxacin;nalidixic acid;norfloxacin;sparfloxacin",,100,100,100,"1.18559e-166"
"BLAT","Antibiotic Resistance","NDARO","562.57383","Escherichia coli strain W1_1_2_ERB1","fig|562.57383.peg.4860",,,"WP_001516695.1","Gammaproteobacteria",,"Pentapeptide repeat protein QnrB family","MULTISPECIES: quinolone resistance pentapeptide repeat protein QnrS1","",,,,100,100,100,"1e-129"
"BLAT","Antibiotic Resistance","CARD","562.57432","Escherichia coli strain W3_1_ERB1","fig|562.57432.peg.4911",,,"ABG56870.1","Klebsiella pneumoniae","QnrS1","Pentapeptide repeat protein QnrB family",,"antibiotic target protection protein,fluoroquinolone resistance gene",,,,100,100,100,"1e-129"
"BLAT","Antibiotic Resistance","CARD","562.57419","Escherichia coli strain W2_4_ERB4","fig|562.57419.peg.4623",,,"ABG56870.1","Klebsiella pneumoniae","QnrS1","Pentapeptide repeat protein QnrB family",,"antibiotic target protection protein,fluoroquinolone resistance gene",,,,100,100,100,"1e-129"
"AMRFinderPlus: ALLELEP","Antibiotic Resistance","NDARO","562.97017","Escherichia coli VREC1123","fig|562.97017.peg.4982",,,"WP_001516695.1",,,"Pentapeptide repeat protein QnrB family","quinolone resistance pentapeptide repeat protein QnrS1",,"quinolone","quinolone",,100,100,100,
"BLAT","Antibiotic Resistance","NDARO","562.57379","Escherichia coli strain PB514","fig|562.57379.peg.4963",,,"WP_001516695.1","Gammaproteobacteria",,"Pentapeptide repeat protein QnrB family","MULTISPECIES: quinolone resistance pentapeptide repeat protein QnrS1","",,,,100,100,100,"1e-129"
"AMRFinderPlus: ALLELEP","Antibiotic Resistance","NDARO","562.97100","Escherichia coli VREC1233","fig|562.97100.peg.4427",,,"WP_001516695.1",,,"Pentapeptide repeat protein QnrB family","quinolone resistance pentapeptide repeat protein QnrS1",,"quinolone","quinolone",,100,100,100,
"BLAT","Antibiotic Resistance","NDARO","562.57441","Escherichia coli strain F1_7_ERB1","fig|562.57441.peg.4706",,,"WP_001516695.1","Gammaproteobacteria",,"Pentapeptide repeat protein QnrB family","MULTISPECIES: quinolone resistance pentapeptide repeat protein QnrS1","",,,,84,100,100,"1e-109"
"RGI: protein homolog model","Antibiotic Resistance","CARD","562.57439","Escherichia coli strain W3_1_ERB5","fig|562.57439.peg.1114",,,"381",,,"Pentapeptide repeat protein QnrB family","QnrS1","antibiotic target protection","fluoroquinolone","ciprofloxacin;levofloxacin;moxifloxacin;gatifloxacin;nalidixic acid;norfloxacin;sparfloxacin",,100,100,100,"1.18559e-166"
"BLAT","Antibiotic Resistance","NDARO","562.145012","Escherichia coli PT_EC0214","fig|562.145012.peg.5227",,,"WP_001516695.1","Gammaproteobacteria",,"Pentapeptide repeat protein QnrB family","MULTISPECIES: quinolone resistance pentapeptide repeat protein QnrS1","",,,,100,100,100,"1e-129"
"RGI: protein homolog model","Antibiotic Resistance","CARD","562.97120","Escherichia coli VRES1349","fig|562.97120.peg.4453",,,"381",,,"Pentapeptide repeat protein QnrB family","QnrS1","antibiotic target protection","fluoroquinolone","ciprofloxacin;levofloxacin;moxifloxacin;gatifloxacin;nalidixic acid;norfloxacin;sparfloxacin",,100,100,100,"1.18559e-166"
"BLAT","Antibiotic Resistance","CARD","562.57400","Escherichia coli strain W2_10_ERB1","fig|562.57400.peg.3936",,,"ABG56870.1","Klebsiella pneumoniae","QnrS1","Pentapeptide repeat protein QnrB family",,"antibiotic target protection protein,fluoroquinolone resistance gene",,,,100,100,100,"1e-129"
"RGI: protein homolog model","Antibiotic Resistance","CARD","562.100757","Escherichia coli 9d8376da-7bb8-11e9-a8d3-68b59976a384","fig|562.100757.peg.4708","AWG93_16765",,"381",,,"Pentapeptide repeat protein QnrB family","QnrS1","antibiotic target protection","fluoroquinolone","ciprofloxacin;levofloxacin;moxifloxacin;gatifloxacin;nalidixic acid;norfloxacin;sparfloxacin",,100,100,100,"1.18559e-166"
"RGI: protein homolog model","Antibiotic Resistance","CARD","562.57467","Escherichia coli strain PB98","fig|562.57467.peg.5317",,,"381",,,"Pentapeptide repeat protein QnrB family","QnrS1","antibiotic target protection","fluoroquinolone","ciprofloxacin;levofloxacin;moxifloxacin;gatifloxacin;nalidixic acid;norfloxacin;sparfloxacin",,100,100,100,"1.18559e-166"
"AMRFinderPlus: ALLELEP","Antibiotic Resistance","NDARO","562.97103","Escherichia coli VRES1347","fig|562.97103.peg.4439",,,"WP_001516695.1",,,"Pentapeptide repeat protein QnrB family","quinolone resistance pentapeptide repeat protein QnrS1",,"quinolone","quinolone",,100,100,100,
"BLAT","Antibiotic Resistance","CARD","562.42668","Escherichia coli strain 196","fig|562.42668.peg.4273",,,"ABG56870.1","Klebsiella pneumoniae","QnrS1","Pentapeptide repeat protein QnrB family",,"antibiotic target protection protein,fluoroquinolone resistance gene",,,,100,100,100,"1e-129"
"AMRFinderPlus: ALLELEP","Antibiotic Resistance","NDARO","562.23166","Escherichia coli NA:H19 strain ECO0783","fig|562.23166.peg.4748",,,"WP_001516695.1",,,"Pentapeptide repeat protein QnrB family","quinolone resistance pentapeptide repeat protein QnrS1",,"quinolone","quinolone",,100,100,100,
"BLAT","Antibiotic Resistance","CARD","562.97109","Escherichia coli VRES1346","fig|562.97109.peg.4436",,,"ABG56870.1","Klebsiella pneumoniae","QnrS1","Pentapeptide repeat protein QnrB family",,"antibiotic target protection protein,fluoroquinolone resistance gene",,,,100,100,100,"1e-129"
"AMRFinderPlus: ALLELEP","Antibiotic Resistance","NDARO","562.135576","Escherichia coli 20200203_MGL_04","fig|562.135576.peg.5128","R2R64_16340",,"WP_001516695.1",,,"Pentapeptide repeat protein QnrB family","quinolone resistance pentapeptide repeat protein QnrS1",,"quinolone","quinolone",,100,100,100,
"RGI: protein homolog model","Antibiotic Resistance","CARD","562.99759","Escherichia coli ea0054a6-7bb8-11e9-a8d3-68b59976a384","fig|562.99759.peg.5067",,,"381",,,"Pentapeptide repeat protein QnrB family","QnrS1","antibiotic target protection","fluoroquinolone","ciprofloxacin;levofloxacin;moxifloxacin;gatifloxacin;nalidixic acid;norfloxacin;sparfloxacin",,100,100,100,"1.18559e-166"
"BLAT","Antibiotic Resistance","CARD","562.56854","Escherichia coli strain 52-16","fig|562.56854.peg.3583",,,"ABG56870.1","Klebsiella pneumoniae","QnrS1","Pentapeptide repeat protein QnrB family",,"antibiotic target protection protein,fluoroquinolone resistance gene",,,,100,100,100,"1e-129"
"RGI: protein homolog model","Antibiotic Resistance","CARD","562.17721","Escherichia coli strain AR_0137","fig|562.17721.peg.5193","AM384_25880",,"381",,,"Pentapeptide repeat protein QnrB family","QnrS1","antibiotic target protection","fluoroquinolone","ciprofloxacin;levofloxacin;moxifloxacin;gatifloxacin;nalidixic acid;norfloxacin;sparfloxacin",,100,100,100,"1.18559e-166"
"BLAT","Antibiotic Resistance","CARD","562.57510","Escherichia coli strain PB63","fig|562.57510.peg.4669",,,"ABG56870.1","Klebsiella pneumoniae","QnrS1","Pentapeptide repeat protein QnrB family",,"antibiotic target protection protein,fluoroquinolone resistance gene",,,,100,100,100,"1e-129"
"AMRFinderPlus: ALLELEP","Antibiotic Resistance","NDARO","562.57368","Escherichia coli strain PB163","fig|562.57368.peg.4591",,,"WP_001516695.1",,,"Pentapeptide repeat protein QnrB family","quinolone resistance pentapeptide repeat protein QnrS1",,"quinolone","quinolone",,100,100,100,
"AMRFinderPlus: ALLELEP","Antibiotic Resistance","NDARO","562.144924","Escherichia coli MGL_118","fig|562.144924.peg.4734",,,"WP_001516695.1",,,"Pentapeptide repeat protein QnrB family","quinolone resistance pentapeptide repeat protein QnrS1",,"quinolone","quinolone",,100,100,100,
"BLAT","Antibiotic Resistance","NDARO","562.42757","Escherichia coli strain 85","fig|562.42757.peg.5127",,,"WP_001516695.1","Gammaproteobacteria",,"Pentapeptide repeat protein QnrB family","MULTISPECIES: quinolone resistance pentapeptide repeat protein QnrS1","",,,,100,100,100,"1e-129"
"RGI: protein homolog model","Antibiotic Resistance","CARD","562.57415","Escherichia coli strain W2_11_ERG1","fig|562.57415.peg.3813",,,"381",,,"Pentapeptide repeat protein QnrB family","QnrS1","antibiotic target protection","fluoroquinolone","ciprofloxacin;levofloxacin;moxifloxacin;gatifloxacin;nalidixic acid;norfloxacin;sparfloxacin",,100,100,100,"1.18559e-166"
"BLAT","Antibiotic Resistance","CARD","562.57509","Escherichia coli strain PB78","fig|562.57509.peg.4734",,,"ABG56870.1","Klebsiella pneumoniae","QnrS1","Pentapeptide repeat protein QnrB family",,"antibiotic target protection protein,fluoroquinolone resistance gene",,,,100,100,100,"1e-129"
"BLAT","Antibiotic Resistance","NDARO","562.45649","Escherichia coli strain EC_03","fig|562.45649.peg.204","EXX01_24205",,"WP_001516695.1","Gammaproteobacteria",,"Pentapeptide repeat protein QnrB family","MULTISPECIES: quinolone resistance pentapeptide repeat protein QnrS1","",,,,100,100,100,"1e-129"
"RGI: protein homolog model","Antibiotic Resistance","CARD","562.57400","Escherichia coli strain W2_10_ERB1","fig|562.57400.peg.3936",,,"381",,,"Pentapeptide repeat protein QnrB family","QnrS1","antibiotic target protection","fluoroquinolone","ciprofloxacin;levofloxacin;moxifloxacin;gatifloxacin;nalidixic acid;norfloxacin;sparfloxacin",,100,100,100,"1.18559e-166"
"AMRFinderPlus: ALLELEP","Antibiotic Resistance","NDARO","562.97020","Escherichia coli VRES1202","fig|562.97020.peg.5004",,,"WP_001516695.1",,,"Pentapeptide repeat protein QnrB family","quinolone resistance pentapeptide repeat protein QnrS1",,"quinolone","quinolone",,100,100,100,
"RGI: protein homolog model","Antibiotic Resistance","CARD","562.58783","Escherichia coli strain ENV323","fig|562.58783.peg.4035",,,"381",,,"Pentapeptide repeat protein QnrB family","QnrS1","antibiotic target protection","fluoroquinolone","ciprofloxacin;levofloxacin;moxifloxacin;gatifloxacin;nalidixic acid;norfloxacin;sparfloxacin",,100,100,100,"1.18559e-166"
"AMRFinderPlus: ALLELEP","Antibiotic Resistance","NDARO","562.97120","Escherichia coli VRES1349","fig|562.97120.peg.4453",,,"WP_001516695.1",,,"Pentapeptide repeat protein QnrB family","quinolone resistance pentapeptide repeat protein QnrS1",,"quinolone","quinolone",,100,100,100,
"AMRFinderPlus: ALLELEP","Antibiotic Resistance","NDARO","562.56851","Escherichia coli strain 51-16","fig|562.56851.peg.5100","PU65_24295",,"WP_001516695.1",,,"Pentapeptide repeat protein QnrB family","quinolone resistance pentapeptide repeat protein QnrS1",,"quinolone","quinolone",,100,100,100,
"BLAT","Antibiotic Resistance","CARD","562.145372","Escherichia coli 20200203_MGL_04","fig|562.145372.peg.5133",,,"ABG56870.1","Klebsiella pneumoniae","QnrS1","Pentapeptide repeat protein QnrB family",,"antibiotic target protection protein,fluoroquinolone resistance gene",,,,100,100,100,"1e-129"
"BLAT","Antibiotic Resistance","NDARO","562.97215","Escherichia coli VREC1375","fig|562.97215.peg.4922",,,"WP_001516695.1","Gammaproteobacteria",,"Pentapeptide repeat protein QnrB family","MULTISPECIES: quinolone resistance pentapeptide repeat protein QnrS1","",,,,100,100,100,"1e-129"
"RGI: protein homolog model","Antibiotic Resistance","CARD","562.58720","Escherichia coli strain 14060900","fig|562.58720.peg.5573",,,"381",,,"Pentapeptide repeat protein QnrB family","QnrS1","antibiotic target protection","fluoroquinolone","ciprofloxacin;levofloxacin;moxifloxacin;gatifloxacin;nalidixic acid;norfloxacin;sparfloxacin",,100,100,100,"1.18559e-166"
"AMRFinderPlus: ALLELEP","Antibiotic Resistance","NDARO","562.45964","Escherichia coli strain URMC_26","fig|562.45964.peg.5520","ELV28_25695",,"WP_001516695.1",,,"Pentapeptide repeat protein QnrB family","quinolone resistance pentapeptide repeat protein QnrS1",,"quinolone","quinolone",,100,100,100,
"AMRFinderPlus: ALLELEP","Antibiotic Resistance","NDARO","562.57385","Escherichia coli strain W1_10_ERB1","fig|562.57385.peg.4671",,,"WP_001516695.1",,,"Pentapeptide repeat protein QnrB family","quinolone resistance pentapeptide repeat protein QnrS1",,"quinolone","quinolone",,100,100,100,
"BLAT","Antibiotic Resistance","CARD","562.100786","Escherichia coli 02173e4c-7bb9-11e9-a8d3-68b59976a384","fig|562.100786.peg.4868",,,"ABG56870.1","Klebsiella pneumoniae","QnrS1","Pentapeptide repeat protein QnrB family",,"antibiotic target protection protein,fluoroquinolone resistance gene",,,,100,100,100,"1e-129"
"BLAT","Antibiotic Resistance","CARD","562.100232","Escherichia coli c4c735ce-7bb8-11e9-a8d3-68b59976a384","fig|562.100232.peg.4975",,,"ABG56870.1","Klebsiella pneumoniae","QnrS1","Pentapeptide repeat protein QnrB family",,"antibiotic target protection protein,fluoroquinolone resistance gene",,,,100,100,100,"1e-129"
"BLAT","Antibiotic Resistance","NDARO","562.144939","Escherichia coli MGL_133","fig|562.144939.peg.5144",,,"WP_001516695.1","Gammaproteobacteria",,"Pentapeptide repeat protein QnrB family","MULTISPECIES: quinolone resistance pentapeptide repeat protein QnrS1","",,,,100,100,100,"1e-129"
"BLAT","Antibiotic Resistance","CARD","562.58777","Escherichia coli strain ENV225","fig|562.58777.peg.4805",,,"ABG56870.1","Klebsiella pneumoniae","QnrS1","Pentapeptide repeat protein QnrB family",,"antibiotic target protection protein,fluoroquinolone resistance gene",,,,100,100,100,"1e-129"
"AMRFinderPlus: ALLELEP","Antibiotic Resistance","NDARO","562.97029","Escherichia coli VRES1198","fig|562.97029.peg.5004",,,"WP_001516695.1",,,"Pentapeptide repeat protein QnrB family","quinolone resistance pentapeptide repeat protein QnrS1",,"quinolone","quinolone",,100,100,100,
"BLAT","Antibiotic Resistance","NDARO","562.57443","Escherichia coli strain F1_8_ERG5","fig|562.57443.peg.5323",,,"WP_001516695.1","Gammaproteobacteria",,"Pentapeptide repeat protein QnrB family","MULTISPECIES: quinolone resistance pentapeptide repeat protein QnrS1","",,,,100,100,100,"1e-129"
"BLAT","Antibiotic Resistance","NDARO","562.57426","Escherichia coli strain W2_2_ERB9","fig|562.57426.peg.4939",,,"WP_001516695.1","Gammaproteobacteria",,"Pentapeptide repeat protein QnrB family","MULTISPECIES: quinolone resistance pentapeptide repeat protein QnrS1","",,,,100,100,100,"1e-129"
"AMRFinderPlus: ALLELEP","Antibiotic Resistance","NDARO","562.145026","Escherichia coli PT_EC0194","fig|562.145026.peg.4661",,,"WP_001516695.1",,,"Pentapeptide repeat protein QnrB family","quinolone resistance pentapeptide repeat protein QnrS1",,"quinolone","quinolone",,100,100,100,
"BLAT","Antibiotic Resistance","NDARO","562.57415","Escherichia coli strain W2_11_ERG1","fig|562.57415.peg.3813",,,"WP_001516695.1","Gammaproteobacteria",,"Pentapeptide repeat protein QnrB family","MULTISPECIES: quinolone resistance pentapeptide repeat protein QnrS1","",,,,100,100,100,"1e-129"
"BLAT","Antibiotic Resistance","CARD","562.57383","Escherichia coli strain W1_1_2_ERB1","fig|562.57383.peg.4860",,,"ABG56870.1","Klebsiella pneumoniae","QnrS1","Pentapeptide repeat protein QnrB family",,"antibiotic target protection protein,fluoroquinolone resistance gene",,,,100,100,100,"1e-129"
"BLAT","Antibiotic Resistance","CARD","562.57377","Escherichia coli strain PB532","fig|562.57377.peg.4812",,,"ABG56870.1","Klebsiella pneumoniae","QnrS1","Pentapeptide repeat protein QnrB family",,"antibiotic target protection protein,fluoroquinolone resistance gene",,,,100,100,100,"1e-129"
"BLAT","Antibiotic Resistance","NDARO","562.99678","Escherichia coli 5338df10-7bb9-11e9-a8d3-68b59976a384","fig|562.99678.peg.5004",,,"WP_001516695.1","Gammaproteobacteria",,"Pentapeptide repeat protein QnrB family","MULTISPECIES: quinolone resistance pentapeptide repeat protein QnrS1","",,,,100,100,100,"1e-129"
"BLAT","Antibiotic Resistance","CARD","562.57425","Escherichia coli strain W2_3_ERG14","fig|562.57425.peg.4479",,,"ABG56870.1","Klebsiella pneumoniae","QnrS1","Pentapeptide repeat protein QnrB family",,"antibiotic target protection protein,fluoroquinolone resistance gene",,,,100,100,100,"1e-129"
"BLAT","Antibiotic Resistance","CARD","562.135587","Escherichia coli MGL_153","fig|562.135587.peg.4840",,,"ABG56870.1","Klebsiella pneumoniae","QnrS1","Pentapeptide repeat protein QnrB family",,"antibiotic target protection protein,fluoroquinolone resistance gene",,,,100,100,100,"1e-129"
"AMRFinderPlus: ALLELEP","Antibiotic Resistance","NDARO","562.30435","Escherichia coli strain AR_451","fig|562.30435.peg.5018","CSC38_5006",,"WP_001516695.1",,,"Pentapeptide repeat protein QnrB family","quinolone resistance pentapeptide repeat protein QnrS1",,"quinolone","quinolone",,100,100,100,
"BLAT","Antibiotic Resistance","NDARO","562.57467","Escherichia coli strain PB98","fig|562.57467.peg.5317",,,"WP_001516695.1","Gammaproteobacteria",,"Pentapeptide repeat protein QnrB family","MULTISPECIES: quinolone resistance pentapeptide repeat protein QnrS1","",,,,100,100,100,"1e-129"
"RGI: protein homolog model","Antibiotic Resistance","CARD","562.57427","Escherichia coli strain W2_5_ERB8","fig|562.57427.peg.5023",,,"381",,,"Pentapeptide repeat protein QnrB family","QnrS1","antibiotic target protection","fluoroquinolone","ciprofloxacin;levofloxacin;moxifloxacin;gatifloxacin;nalidixic acid;norfloxacin;sparfloxacin",,100,100,100,"1.18559e-166"
"RGI: protein homolog model","Antibiotic Resistance","CARD","562.58626","Escherichia coli strain PH118","fig|562.58626.peg.3741","FIP50_20840",,"381",,,"Pentapeptide repeat protein QnrB family","QnrS1","antibiotic target protection","fluoroquinolone","ciprofloxacin;levofloxacin;moxifloxacin;gatifloxacin;nalidixic acid;norfloxacin;sparfloxacin",,100,100,100,"1.18559e-166"
"BLAT","Antibiotic Resistance","CARD","562.57392","Escherichia coli strain W1_5_ERB1","fig|562.57392.peg.4937",,,"ABG56870.1","Klebsiella pneumoniae","QnrS1","Pentapeptide repeat protein QnrB family",,"antibiotic target protection protein,fluoroquinolone resistance gene",,,,100,100,100,"1e-129"
"BLAT","Antibiotic Resistance","CARD","562.57413","Escherichia coli strain W2_12_ERB4","fig|562.57413.peg.4696",,,"ABG56870.1","Klebsiella pneumoniae","QnrS1","Pentapeptide repeat protein QnrB family",,"antibiotic target protection protein,fluoroquinolone resistance gene",,,,100,100,100,"1e-129"
"BLAT","Antibiotic Resistance","CARD","562.100912","Escherichia coli 4a800a88-7bb9-11e9-a8d3-68b59976a384","fig|562.100912.peg.4684",,,"ABG56870.1","Klebsiella pneumoniae","QnrS1","Pentapeptide repeat protein QnrB family",,"antibiotic target protection protein,fluoroquinolone resistance gene",,,,100,100,100,"1e-129"
"BLAT","Antibiotic Resistance","NDARO","562.58784","Escherichia coli strain ENV326","fig|562.58784.peg.4899",,,"WP_001516695.1","Gammaproteobacteria",,"Pentapeptide repeat protein QnrB family","MULTISPECIES: quinolone resistance pentapeptide repeat protein QnrS1","",,,,100,100,100,"1e-129"
"BLAT","Antibiotic Resistance","CARD","562.144924","Escherichia coli MGL_118","fig|562.144924.peg.4734",,,"ABG56870.1","Klebsiella pneumoniae","QnrS1","Pentapeptide repeat protein QnrB family",,"antibiotic target protection protein,fluoroquinolone resistance gene",,,,100,100,100,"1e-129"
"AMRFinderPlus: ALLELEP","Antibiotic Resistance","NDARO","562.58776","Escherichia coli strain ENV222","fig|562.58776.peg.4972",,,"WP_001516695.1",,,"Pentapeptide repeat protein QnrB family","quinolone resistance pentapeptide repeat protein QnrS1",,"quinolone","quinolone",,100,100,100,
"RGI: protein homolog model","Antibiotic Resistance","CARD","562.23166","Escherichia coli NA:H19 strain ECO0783","fig|562.23166.peg.4748",,,"381",,,"Pentapeptide repeat protein QnrB family","QnrS1","antibiotic target protection","fluoroquinolone","ciprofloxacin;levofloxacin;moxifloxacin;gatifloxacin;nalidixic acid;norfloxacin;sparfloxacin",,100,100,100,"1.18559e-166"
"RGI: protein homolog model","Antibiotic Resistance","CARD","562.57393","Escherichia coli strain W1_4_ERB1","fig|562.57393.peg.4564",,,"381",,,"Pentapeptide repeat protein QnrB family","QnrS1","antibiotic target protection","fluoroquinolone","ciprofloxacin;levofloxacin;moxifloxacin;gatifloxacin;nalidixic acid;norfloxacin;sparfloxacin",,100,100,100,"1.18559e-166"
"BLAT","Antibiotic Resistance","CARD","562.57434","Escherichia coli strain W2_8_ERB3","fig|562.57434.peg.4211",,,"ABG56870.1","Klebsiella pneumoniae","QnrS1","Pentapeptide repeat protein QnrB family",,"antibiotic target protection protein,fluoroquinolone resistance gene",,,,100,100,100,"1e-129"
"AMRFinderPlus: ALLELEP","Antibiotic Resistance","NDARO","562.57458","Escherichia coli strain PB207","fig|562.57458.peg.4698",,,"WP_001516695.1",,,"Pentapeptide repeat protein QnrB family","quinolone resistance pentapeptide repeat protein QnrS1",,"quinolone","quinolone",,100,100,100,
"BLAT","Antibiotic Resistance","NDARO","562.12961","Escherichia coli strain F1-8-ERB4","fig|562.12961.peg.2356","SAMEA3531867_05018",,"WP_001516695.1","Gammaproteobacteria","pipB2","Pentapeptide repeat protein QnrB family","MULTISPECIES: quinolone resistance pentapeptide repeat protein QnrS1",,,,,100,100,100,"1e-129"
"AMRFinderPlus: ALLELEP","Antibiotic Resistance","NDARO","562.135565","Escherichia coli MGL_82","fig|562.135565.peg.5061","R2R64_16340",,"WP_001516695.1",,,"Pentapeptide repeat protein QnrB family","quinolone resistance pentapeptide repeat protein QnrS1",,"quinolone","quinolone",,100,100,100,
"AMRFinderPlus: ALLELEP","Antibiotic Resistance","NDARO","562.144939","Escherichia coli MGL_133","fig|562.144939.peg.5144",,,"WP_001516695.1",,,"Pentapeptide repeat protein QnrB family","quinolone resistance pentapeptide repeat protein QnrS1",,"quinolone","quinolone",,100,100,100,
"AMRFinderPlus: ALLELEP","Antibiotic Resistance","NDARO","562.31452","Escherichia coli strain KCRI-44 strain RDK37_44","fig|562.31452.peg.4120","SAMEA3753303_05202",,"WP_001516695.1",,,"Pentapeptide repeat protein QnrB family","quinolone resistance pentapeptide repeat protein QnrS1",,"quinolone","quinolone",,100,100,100,
"RGI: protein homolog model","Antibiotic Resistance","CARD","562.97100","Escherichia coli VREC1233","fig|562.97100.peg.4427",,,"381",,,"Pentapeptide repeat protein QnrB family","QnrS1","antibiotic target protection","fluoroquinolone","ciprofloxacin;levofloxacin;moxifloxacin;gatifloxacin;nalidixic acid;norfloxacin;sparfloxacin",,100,100,100,"1.18559e-166"
"AMRFinderPlus: ALLELEP","Antibiotic Resistance","NDARO","562.57409","Escherichia coli strain W2_13_ERB1","fig|562.57409.peg.4511",,,"WP_001516695.1",,,"Pentapeptide repeat protein QnrB family","quinolone resistance pentapeptide repeat protein QnrS1",,"quinolone","quinolone",,100,100,100,
"BLAT","Antibiotic Resistance","NDARO","562.58776","Escherichia coli strain ENV222","fig|562.58776.peg.4972",,,"WP_001516695.1","Gammaproteobacteria",,"Pentapeptide repeat protein QnrB family","MULTISPECIES: quinolone resistance pentapeptide repeat protein QnrS1","",,,,100,100,100,"1e-129"
"BLAT","Antibiotic Resistance","NDARO","562.45607","Escherichia coli strain EC_88","fig|562.45607.peg.4206","EXX82_24350",,"WP_001516695.1","Gammaproteobacteria",,"Pentapeptide repeat protein QnrB family","MULTISPECIES: quinolone resistance pentapeptide repeat protein QnrS1","",,,,100,100,100,"1e-129"
"BLAT","Antibiotic Resistance","NDARO","562.57506","Escherichia coli strain PB456","fig|562.57506.peg.5007",,,"WP_001516695.1","Gammaproteobacteria",,"Pentapeptide repeat protein QnrB family","MULTISPECIES: quinolone resistance pentapeptide repeat protein QnrS1","",,,,100,100,100,"1e-129"
"AMRFinderPlus: ALLELEP","Antibiotic Resistance","NDARO","562.12961","Escherichia coli strain F1-8-ERB4","fig|562.12961.peg.2356","SAMEA3531867_05018",,"WP_001516695.1",,"pipB2","Pentapeptide repeat protein QnrB family","quinolone resistance pentapeptide repeat protein QnrS1",,"quinolone","quinolone",,100,100,100,
"BLAT","Antibiotic Resistance","NDARO","562.58774","Escherichia coli strain ENV190","fig|562.58774.peg.4662",,,"WP_001516695.1","Gammaproteobacteria",,"Pentapeptide repeat protein QnrB family","MULTISPECIES: quinolone resistance pentapeptide repeat protein QnrS1","",,,,100,100,100,"1e-129"
"RGI: protein homolog model","Antibiotic Resistance","CARD","562.57436","Escherichia coli strain W2_9_ERB5","fig|562.57436.peg.4704",,,"682",,,"Pentapeptide repeat protein QnrB family","QnrS4","antibiotic target protection","fluoroquinolone","ciprofloxacin;levofloxacin;moxifloxacin;gatifloxacin;nalidixic acid;norfloxacin;sparfloxacin",,100,100,100,"1.29438e-166"
"RGI: protein homolog model","Antibiotic Resistance","CARD","562.57461","Escherichia coli strain W2_15_ERB1","fig|562.57461.peg.4880",,,"381",,,"Pentapeptide repeat protein QnrB family","QnrS1","antibiotic target protection","fluoroquinolone","ciprofloxacin;levofloxacin;moxifloxacin;gatifloxacin;nalidixic acid;norfloxacin;sparfloxacin",,100,100,100,"1.18559e-166"
"BLAT","Antibiotic Resistance","CARD","562.99875","Escherichia coli f3ae25d2-7bb8-11e9-a8d3-68b59976a384","fig|562.99875.peg.5103",,,"ABG56870.1","Klebsiella pneumoniae","QnrS1","Pentapeptide repeat protein QnrB family",,"antibiotic target protection protein,fluoroquinolone resistance gene",,,,100,100,100,"1e-129"
"BLAT","Antibiotic Resistance","NDARO","562.42668","Escherichia coli strain 196","fig|562.42668.peg.4273",,,"WP_001516695.1","Gammaproteobacteria",,"Pentapeptide repeat protein QnrB family","MULTISPECIES: quinolone resistance pentapeptide repeat protein QnrS1","",,,,100,100,100,"1e-129"
"BLAT","Antibiotic Resistance","CARD","562.45593","Escherichia coli strain EC_79","fig|562.45593.peg.4306","EXX75_23710",,"ABG56870.1","Klebsiella pneumoniae","QnrS1","Pentapeptide repeat protein QnrB family",,"antibiotic target protection protein,fluoroquinolone resistance gene",,,,100,100,100,"1e-129"
"AMRFinderPlus: ALLELEP","Antibiotic Resistance","NDARO","562.135587","Escherichia coli MGL_153","fig|562.135587.peg.4840","R2R64_16340",,"WP_001516695.1",,,"Pentapeptide repeat protein QnrB family","quinolone resistance pentapeptide repeat protein QnrS1",,"quinolone","quinolone",,100,100,100,
"BLAT","Antibiotic Resistance","NDARO","562.45665","Escherichia coli strain EC_12","fig|562.45665.peg.3894","EXX14_21080",,"WP_001516695.1","Gammaproteobacteria",,"Pentapeptide repeat protein QnrB family","MULTISPECIES: quinolone resistance pentapeptide repeat protein QnrS1","",,,,100,100,100,"1e-129"
"BLAT","Antibiotic Resistance","CARD","562.97116","Escherichia coli VRES1348","fig|562.97116.peg.4440",,,"ABG56870.1","Klebsiella pneumoniae","QnrS1","Pentapeptide repeat protein QnrB family",,"antibiotic target protection protein,fluoroquinolone resistance gene",,,,100,100,100,"1e-129"
"RGI: protein homolog model","Antibiotic Resistance","CARD","562.97018","Escherichia coli VREC1124","fig|562.97018.peg.5003",,,"381",,,"Pentapeptide repeat protein QnrB family","QnrS1","antibiotic target protection","fluoroquinolone","ciprofloxacin;levofloxacin;moxifloxacin;gatifloxacin;nalidixic acid;norfloxacin;sparfloxacin",,100,100,100,"1.18559e-166"
"BLAT","Antibiotic Resistance","CARD","562.57458","Escherichia coli strain PB207","fig|562.57458.peg.4698",,,"ABG56870.1","Klebsiella pneumoniae","QnrS1","Pentapeptide repeat protein QnrB family",,"antibiotic target protection protein,fluoroquinolone resistance gene",,,,100,100,100,"1e-129"
"AMRFinderPlus: ALLELEP","Antibiotic Resistance","NDARO","562.45964","Escherichia coli strain URMC_26","fig|562.45964.peg.440","ELV28_29655",,"WP_001516695.1",,,"Pentapeptide repeat protein QnrB family","quinolone resistance pentapeptide repeat protein QnrS1",,"quinolone","quinolone",,100,100,100,
"BLAT","Antibiotic Resistance","NDARO","562.135587","Escherichia coli MGL_153","fig|562.135587.peg.4840",,,"WP_001516695.1","Gammaproteobacteria",,"Pentapeptide repeat protein QnrB family","MULTISPECIES: quinolone resistance pentapeptide repeat protein QnrS1","",,,,100,100,100,"1e-129"
"RGI: protein homolog model","Antibiotic Resistance","CARD","562.135576","Escherichia coli 20200203_MGL_04","fig|562.135576.peg.5128","BFL24_27670",,"381",,,"Pentapeptide repeat protein QnrB family","QnrS1","antibiotic target protection","fluoroquinolone","ciprofloxacin;levofloxacin;moxifloxacin;gatifloxacin;nalidixic acid;norfloxacin;sparfloxacin",,100,100,100,"1.18559e-166"
"RGI: protein homolog model","Antibiotic Resistance","CARD","562.45607","Escherichia coli strain EC_88","fig|562.45607.peg.4206","EXX82_24350",,"381",,,"Pentapeptide repeat protein QnrB family","QnrS1","antibiotic target protection","fluoroquinolone","ciprofloxacin;levofloxacin;moxifloxacin;gatifloxacin;nalidixic acid;norfloxacin;sparfloxacin",,100,100,100,"1.18559e-166"
"BLAT","Antibiotic Resistance","NDARO","562.58790","Escherichia coli strain ENV727","fig|562.58790.peg.4306",,,"WP_001516695.1","Gammaproteobacteria",,"Pentapeptide repeat protein QnrB family","MULTISPECIES: quinolone resistance pentapeptide repeat protein QnrS1","",,,,100,100,100,"1e-129"
"BLAT","Antibiotic Resistance","NDARO","562.100160","Escherichia coli fc69f142-7bb8-11e9-a8d3-68b59976a384","fig|562.100160.peg.5249",,,"WP_001516695.1","Gammaproteobacteria",,"Pentapeptide repeat protein QnrB family","MULTISPECIES: quinolone resistance pentapeptide repeat protein QnrS1","",,,,100,100,100,"1e-129"
"BLAT","Antibiotic Resistance","CARD","562.57393","Escherichia coli strain W1_4_ERB1","fig|562.57393.peg.4564",,,"ABG56870.1","Klebsiella pneumoniae","QnrS1","Pentapeptide repeat protein QnrB family",,"antibiotic target protection protein,fluoroquinolone resistance gene",,,,100,100,100,"1e-129"
"BLAT","Antibiotic Resistance","NDARO","562.57401","Escherichia coli strain W2_10_ERB10","fig|562.57401.peg.5140",,,"WP_001516695.1","Gammaproteobacteria",,"Pentapeptide repeat protein QnrB family","MULTISPECIES: quinolone resistance pentapeptide repeat protein QnrS1","",,,,100,100,100,"1e-129"
"BLAT","Antibiotic Resistance","CARD","562.57449","Escherichia coli strain PB203","fig|562.57449.peg.5191",,,"ABG56870.1","Klebsiella pneumoniae","QnrS1","Pentapeptide repeat protein QnrB family",,"antibiotic target protection protein,fluoroquinolone resistance gene",,,,100,100,100,"1e-129"
"RGI: protein homolog model","Antibiotic Resistance","CARD","562.58628","Escherichia coli strain PH135","fig|562.58628.peg.543","FIP50_20840",,"381",,,"Pentapeptide repeat protein QnrB family","QnrS1","antibiotic target protection","fluoroquinolone","ciprofloxacin;levofloxacin;moxifloxacin;gatifloxacin;nalidixic acid;norfloxacin;sparfloxacin",,100,100,100,"1.18559e-166"
"RGI: protein homolog model","Antibiotic Resistance","CARD","562.57441","Escherichia coli strain F1_7_ERB1","fig|562.57441.peg.4757",,,"1270",,,"Qnr","QnrS3","antibiotic target protection","fluoroquinolone","ciprofloxacin;levofloxacin;moxifloxacin;gatifloxacin;nalidixic acid;norfloxacin;sparfloxacin",,23,100,100,"5.64914e-36"
"BLAT","Antibiotic Resistance","CARD","562.144913","Escherichia coli MGL_87","fig|562.144913.peg.5139",,,"ABG56870.1","Klebsiella pneumoniae","QnrS1","Pentapeptide repeat protein QnrB family",,"antibiotic target protection protein,fluoroquinolone resistance gene",,,,100,100,100,"1e-129"
"BLAT","Antibiotic Resistance","NDARO","562.57392","Escherichia coli strain W1_5_ERB1","fig|562.57392.peg.4937",,,"WP_001516695.1","Gammaproteobacteria",,"Pentapeptide repeat protein QnrB family","MULTISPECIES: quinolone resistance pentapeptide repeat protein QnrS1","",,,,100,100,100,"1e-129"
"RGI: protein homolog model","Antibiotic Resistance","CARD","562.57509","Escherichia coli strain PB78","fig|562.57509.peg.4734",,,"381",,,"Pentapeptide repeat protein QnrB family","QnrS1","antibiotic target protection","fluoroquinolone","ciprofloxacin;levofloxacin;moxifloxacin;gatifloxacin;nalidixic acid;norfloxacin;sparfloxacin",,100,100,100,"1.18559e-166"
"AMRFinderPlus: ALLELEP","Antibiotic Resistance","NDARO","562.97025","Escherichia coli VRES1200","fig|562.97025.peg.5007",,,"WP_001516695.1",,,"Pentapeptide repeat protein QnrB family","quinolone resistance pentapeptide repeat protein QnrS1",,"quinolone","quinolone",,100,100,100,
"RGI: protein homolog model","Antibiotic Resistance","CARD","562.57434","Escherichia coli strain W2_8_ERB3","fig|562.57434.peg.4211",,,"381",,,"Pentapeptide repeat protein QnrB family","QnrS1","antibiotic target protection","fluoroquinolone","ciprofloxacin;levofloxacin;moxifloxacin;gatifloxacin;nalidixic acid;norfloxacin;sparfloxacin",,100,100,100,"1.18559e-166"
"BLAT","Antibiotic Resistance","CARD","562.144939","Escherichia coli MGL_133","fig|562.144939.peg.5144",,,"ABG56870.1","Klebsiella pneumoniae","QnrS1","Pentapeptide repeat protein QnrB family",,"antibiotic target protection protein,fluoroquinolone resistance gene",,,,100,100,100,"1e-129"
"BLAT","Antibiotic Resistance","NDARO","562.97022","Escherichia coli VRES1194","fig|562.97022.peg.5010",,,"WP_001516695.1","Gammaproteobacteria",,"Pentapeptide repeat protein QnrB family","MULTISPECIES: quinolone resistance pentapeptide repeat protein QnrS1","",,,,100,100,100,"1e-129"
"AMRFinderPlus: PARTIALP","Antibiotic Resistance","NDARO","562.57438","Escherichia coli strain W3_1_ERB3","fig|562.57438.peg.4640",,,"WP_001516695.1",,,"S-(hydroxymethyl)glutathione dehydrogenase (EC 1.1.1.284)","QnrS family quinolone resistance pentapeptide repeat protein",,"quinolone","quinolone",,51,86,100,
"RGI: protein homolog model","Antibiotic Resistance","CARD","562.144916","Escherichia coli MGL_82","fig|562.144916.peg.5061",,,"381",,,"Pentapeptide repeat protein QnrB family","QnrS1","antibiotic target protection","fluoroquinolone","ciprofloxacin;levofloxacin;moxifloxacin;gatifloxacin;nalidixic acid;norfloxacin;sparfloxacin",,100,100,100,"1.18559e-166"
"RGI: protein homolog model","Antibiotic Resistance","CARD","562.97027","Escherichia coli VRES1203","fig|562.97027.peg.5008",,,"381",,,"Pentapeptide repeat protein QnrB family","QnrS1","antibiotic target protection","fluoroquinolone","ciprofloxacin;levofloxacin;moxifloxacin;gatifloxacin;nalidixic acid;norfloxacin;sparfloxacin",,100,100,100,"1.18559e-166"
"RGI: protein homolog model","Antibiotic Resistance","CARD","562.45632","Escherichia coli strain EC_32","fig|562.45632.peg.4355","EXX30_24685",,"381",,,"Pentapeptide repeat protein QnrB family","QnrS1","antibiotic target protection","fluoroquinolone","ciprofloxacin;levofloxacin;moxifloxacin;gatifloxacin;nalidixic acid;norfloxacin;sparfloxacin",,100,100,100,"1.18559e-166"
"BLAT","Antibiotic Resistance","NDARO","562.42763","Escherichia coli strain M1","fig|562.42763.peg.4744",,,"WP_001516695.1","Gammaproteobacteria",,"Pentapeptide repeat protein QnrB family","MULTISPECIES: quinolone resistance pentapeptide repeat protein QnrS1","",,,,100,100,100,"1e-129"
"AMRFinderPlus: ALLELEP","Antibiotic Resistance","NDARO","562.57383","Escherichia coli strain W1_1_2_ERB1","fig|562.57383.peg.4860",,,"WP_001516695.1",,,"Pentapeptide repeat protein QnrB family","quinolone resistance pentapeptide repeat protein QnrS1",,"quinolone","quinolone",,100,100,100,
"BLAT","Antibiotic Resistance","NDARO","562.57370","Escherichia coli strain PB198","fig|562.57370.peg.4876",,,"WP_001516695.1","Gammaproteobacteria",,"Pentapeptide repeat protein QnrB family","MULTISPECIES: quinolone resistance pentapeptide repeat protein QnrS1","",,,,100,100,100,"1e-129"
"BLAT","Antibiotic Resistance","CARD","562.97030","Escherichia coli VREC1125","fig|562.97030.peg.4984",,,"ABG56870.1","Klebsiella pneumoniae","QnrS1","Pentapeptide repeat protein QnrB family",,"antibiotic target protection protein,fluoroquinolone resistance gene",,,,100,100,100,"1e-129"
"RGI: protein homolog model","Antibiotic Resistance","CARD","562.57409","Escherichia coli strain W2_13_ERB1","fig|562.57409.peg.4511",,,"381",,,"Pentapeptide repeat protein QnrB family","QnrS1","antibiotic target protection","fluoroquinolone","ciprofloxacin;levofloxacin;moxifloxacin;gatifloxacin;nalidixic acid;norfloxacin;sparfloxacin",,100,100,100,"1.18559e-166"
"BLAT","Antibiotic Resistance","NDARO","562.57427","Escherichia coli strain W2_5_ERB8","fig|562.57427.peg.5023",,,"WP_001516695.1","Gammaproteobacteria",,"Pentapeptide repeat protein QnrB family","MULTISPECIES: quinolone resistance pentapeptide repeat protein QnrS1","",,,,100,100,100,"1e-129"
"AMRFinderPlus: ALLELEP","Antibiotic Resistance","NDARO","562.97021","Escherichia coli VRES1195","fig|562.97021.peg.4996",,,"WP_001516695.1",,,"Pentapeptide repeat protein QnrB family","quinolone resistance pentapeptide repeat protein QnrS1",,"quinolone","quinolone",,100,100,100,
"BLAT","Antibiotic Resistance","NDARO","562.57460","Escherichia coli strain PB516","fig|562.57460.peg.4895",,,"WP_001516695.1","Gammaproteobacteria",,"Pentapeptide repeat protein QnrB family","MULTISPECIES: quinolone resistance pentapeptide repeat protein QnrS1","",,,,100,100,100,"1e-129"
"BLAT","Antibiotic Resistance","NDARO","562.135562","Escherichia coli MGL_87","fig|562.135562.peg.5139",,,"WP_001516695.1","Gammaproteobacteria",,"Pentapeptide repeat protein QnrB family","MULTISPECIES: quinolone resistance pentapeptide repeat protein QnrS1","",,,,100,100,100,"1e-129"
"BLAT","Antibiotic Resistance","NDARO","562.57413","Escherichia coli strain W2_12_ERB4","fig|562.57413.peg.4696",,,"WP_001516695.1","Gammaproteobacteria",,"Pentapeptide repeat protein QnrB family","MULTISPECIES: quinolone resistance pentapeptide repeat protein QnrS1","",,,,100,100,100,"1e-129"
"AMRFinderPlus: ALLELEP","Antibiotic Resistance","NDARO","562.7686","Escherichia coli strain 702890_aEPEC","fig|562.7686.peg.4688","ERS085405_04571",,"WP_001516695.1",,"pipB2_3","Pentapeptide repeat protein QnrB family","quinolone resistance pentapeptide repeat protein QnrS1",,"quinolone","quinolone",,100,100,100,
"AMRFinderPlus: ALLELEP","Antibiotic Resistance","NDARO","562.57490","Escherichia coli strain PB305","fig|562.57490.peg.4000",,,"WP_001516695.1",,,"Pentapeptide repeat protein QnrB family","quinolone resistance pentapeptide repeat protein QnrS1",,"quinolone","quinolone",,100,100,100,
"BLAT","Antibiotic Resistance","NDARO","562.57402","Escherichia coli strain W2_11_ERB1","fig|562.57402.peg.4430",,,"WP_001516695.1","Gammaproteobacteria",,"Pentapeptide repeat protein QnrB family","MULTISPECIES: quinolone resistance pentapeptide repeat protein QnrS1","",,,,100,100,100,"1e-129"
"BLAT","Antibiotic Resistance","CARD","562.57418","Escherichia coli strain W2_13_ERG9","fig|562.57418.peg.4770",,,"ABG56870.1","Klebsiella pneumoniae","QnrS1","Pentapeptide repeat protein QnrB family",,"antibiotic target protection protein,fluoroquinolone resistance gene",,,,100,100,100,"1e-129"
"RGI: protein homolog model","Antibiotic Resistance","CARD","562.56851","Escherichia coli strain 51-16","fig|562.56851.peg.5100","PU65_18105",,"381",,,"Pentapeptide repeat protein QnrB family","QnrS1","antibiotic target protection","fluoroquinolone","ciprofloxacin;levofloxacin;moxifloxacin;gatifloxacin;nalidixic acid;norfloxacin;sparfloxacin",,100,100,100,"1.18559e-166"
"RGI: protein homolog model","Antibiotic Resistance","CARD","562.45665","Escherichia coli strain EC_12","fig|562.45665.peg.3894","EXX14_21080",,"381",,,"Pentapeptide repeat protein QnrB family","QnrS1","antibiotic target protection","fluoroquinolone","ciprofloxacin;levofloxacin;moxifloxacin;gatifloxacin;nalidixic acid;norfloxacin;sparfloxacin",,100,100,100,"1.18559e-166"
"AMRFinderPlus: ALLELEP","Antibiotic Resistance","NDARO","562.57446","Escherichia coli strain F1_9_ERB1","fig|562.57446.peg.5167",,,"WP_001516695.1",,,"Pentapeptide repeat protein QnrB family","quinolone resistance pentapeptide repeat protein QnrS1",,"quinolone","quinolone",,100,100,100,
"BLAT","Antibiotic Resistance","CARD","562.57441","Escherichia coli strain F1_7_ERB1","fig|562.57441.peg.4757",,,"ABG56870.1","Klebsiella pneumoniae","QnrS1","Qnr",,"antibiotic target protection protein,fluoroquinolone resistance gene",,,,23,100,100,"2e-23"
"AMRFinderPlus: ALLELEP","Antibiotic Resistance","NDARO","562.56771","Escherichia coli strain 1043-14","fig|562.56771.peg.4921","PU66_25085",,"WP_001516695.1",,,"Pentapeptide repeat protein QnrB family","quinolone resistance pentapeptide repeat protein QnrS1",,"quinolone","quinolone",,100,100,100,
"BLAT","Antibiotic Resistance","CARD","562.45649","Escherichia coli strain EC_03","fig|562.45649.peg.204","EXX01_24205",,"ABG56870.1","Klebsiella pneumoniae","QnrS1","Pentapeptide repeat protein QnrB family",,"antibiotic target protection protein,fluoroquinolone resistance gene",,,,100,100,100,"1e-129"
"RGI: protein homolog model","Antibiotic Resistance","CARD","562.57385","Escherichia coli strain W1_10_ERB1","fig|562.57385.peg.4671",,,"381",,,"Pentapeptide repeat protein QnrB family","QnrS1","antibiotic target protection","fluoroquinolone","ciprofloxacin;levofloxacin;moxifloxacin;gatifloxacin;nalidixic acid;norfloxacin;sparfloxacin",,100,100,100,"1.18559e-166"
"AMRFinderPlus: ALLELEP","Antibiotic Resistance","NDARO","562.45596","Escherichia coli strain EC_90","fig|562.45596.peg.5218","EXX84_24420",,"WP_064186845.1",,,"Pentapeptide repeat protein QnrB family","quinolone resistance pentapeptide repeat protein QnrS13",,"quinolone","quinolone",,100,100,100,
"RGI: protein homolog model","Antibiotic Resistance","CARD","562.57465","Escherichia coli strain PB412","fig|562.57465.peg.4901",,,"381",,,"Pentapeptide repeat protein QnrB family","QnrS1","antibiotic target protection","fluoroquinolone","ciprofloxacin;levofloxacin;moxifloxacin;gatifloxacin;nalidixic acid;norfloxacin;sparfloxacin",,100,100,100,"1.18559e-166"
"BLAT","Antibiotic Resistance","NDARO","562.57241","Escherichia coli strain 24742_1#352","fig|562.57241.peg.4565",,,"WP_001516695.1","Gammaproteobacteria",,"Pentapeptide repeat protein QnrB family","MULTISPECIES: quinolone resistance pentapeptide repeat protein QnrS1","",,,,100,100,100,"1e-129"
"RGI: protein homolog model","Antibiotic Resistance","CARD","562.57425","Escherichia coli strain W2_3_ERG14","fig|562.57425.peg.4479",,,"381",,,"Pentapeptide repeat protein QnrB family","QnrS1","antibiotic target protection","fluoroquinolone","ciprofloxacin;levofloxacin;moxifloxacin;gatifloxacin;nalidixic acid;norfloxacin;sparfloxacin",,100,100,100,"1.18559e-166"
"AMRFinderPlus: ALLELEP","Antibiotic Resistance","NDARO","562.57419","Escherichia coli strain W2_4_ERB4","fig|562.57419.peg.4623",,,"WP_001516695.1",,,"Pentapeptide repeat protein QnrB family","quinolone resistance pentapeptide repeat protein QnrS1",,"quinolone","quinolone",,100,100,100,
"BLAT","Antibiotic Resistance","NDARO","562.100703","Escherichia coli a2594be4-7bb8-11e9-a8d3-68b59976a384","fig|562.100703.peg.4695",,,"WP_001516695.1","Gammaproteobacteria",,"Pentapeptide repeat protein QnrB family","MULTISPECIES: quinolone resistance pentapeptide repeat protein QnrS1","",,,,100,100,100,"1e-129"
"AMRFinderPlus: ALLELEP","Antibiotic Resistance","NDARO","562.144913","Escherichia coli MGL_87","fig|562.144913.peg.5139",,,"WP_001516695.1",,,"Pentapeptide repeat protein QnrB family","quinolone resistance pentapeptide repeat protein QnrS1",,"quinolone","quinolone",,100,100,100,
"AMRFinderPlus: ALLELEP","Antibiotic Resistance","NDARO","562.57506","Escherichia coli strain PB456","fig|562.57506.peg.5007",,,"WP_001516695.1",,,"Pentapeptide repeat protein QnrB family","quinolone resistance pentapeptide repeat protein QnrS1",,"quinolone","quinolone",,100,100,100,
"BLAT","Antibiotic Resistance","CARD","562.57437","Escherichia coli strain W2_9_ERB2","fig|562.57437.peg.4717",,,"ABG56870.1","Klebsiella pneumoniae","QnrS1","Pentapeptide repeat protein QnrB family",,"antibiotic target protection protein,fluoroquinolone resistance gene",,,,100,100,100,"1e-129"
"BLAT","Antibiotic Resistance","NDARO","562.45632","Escherichia coli strain EC_32","fig|562.45632.peg.4355","EXX30_24685",,"WP_001516695.1","Gammaproteobacteria",,"Pentapeptide repeat protein QnrB family","MULTISPECIES: quinolone resistance pentapeptide repeat protein QnrS1","",,,,100,100,100,"1e-129"
"AMRFinderPlus: ALLELEP","Antibiotic Resistance","NDARO","562.144929","Escherichia coli MGL_1560","fig|562.144929.peg.5075",,,"WP_001516695.1",,,"Pentapeptide repeat protein QnrB family","quinolone resistance pentapeptide repeat protein QnrS1",,"quinolone","quinolone",,100,100,100,
"BLAT","Antibiotic Resistance","NDARO","562.58628","Escherichia coli strain PH135","fig|562.58628.peg.543",,,"WP_001516695.1","Gammaproteobacteria",,"Pentapeptide repeat protein QnrB family","MULTISPECIES: quinolone resistance pentapeptide repeat protein QnrS1","",,,,100,100,100,"1e-129"
"BLAT","Antibiotic Resistance","NDARO","562.57424","Escherichia coli strain W2_3_ERB9","fig|562.57424.peg.1614",,,"WP_001516695.1","Gammaproteobacteria",,"Pentapeptide repeat protein QnrB family","MULTISPECIES: quinolone resistance pentapeptide repeat protein QnrS1","",,,,100,100,100,"1e-129"
"BLAT","Antibiotic Resistance","CARD","562.97019","Escherichia coli VREC1122","fig|562.97019.peg.4977",,,"ABG56870.1","Klebsiella pneumoniae","QnrS1","Pentapeptide repeat protein QnrB family",,"antibiotic target protection protein,fluoroquinolone resistance gene",,,,100,100,100,"1e-129"
"RGI: protein homolog model","Antibiotic Resistance","CARD","562.57424","Escherichia coli strain W2_3_ERB9","fig|562.57424.peg.1614",,,"381",,,"Pentapeptide repeat protein QnrB family","QnrS1","antibiotic target protection","fluoroquinolone","ciprofloxacin;levofloxacin;moxifloxacin;gatifloxacin;nalidixic acid;norfloxacin;sparfloxacin",,100,100,100,"1.18559e-166"
"RGI: protein homolog model","Antibiotic Resistance","CARD","562.97110","Escherichia coli VRES1354","fig|562.97110.peg.4401",,,"381",,,"Pentapeptide repeat protein QnrB family","QnrS1","antibiotic target protection","fluoroquinolone","ciprofloxacin;levofloxacin;moxifloxacin;gatifloxacin;nalidixic acid;norfloxacin;sparfloxacin",,100,100,100,"1.18559e-166"
"BLAT","Antibiotic Resistance","CARD","562.57438","Escherichia coli strain W3_1_ERB3","fig|562.57438.peg.4640",,,"ABG56870.1","Klebsiella pneumoniae","QnrS1","S-(hydroxymethyl)glutathione dehydrogenase (EC 1.1.1.284)",,"antibiotic target protection protein,fluoroquinolone resistance gene",,,,51,86,100,"4e-63"
"BLAT","Antibiotic Resistance","NDARO","562.57461","Escherichia coli strain W2_15_ERB1","fig|562.57461.peg.4880",,,"WP_001516695.1","Gammaproteobacteria",,"Pentapeptide repeat protein QnrB family","MULTISPECIES: quinolone resistance pentapeptide repeat protein QnrS1","",,,,100,100,100,"1e-129"
"BLAT","Antibiotic Resistance","CARD","562.97105","Escherichia coli VRES1352","fig|562.97105.peg.4466",,,"ABG56870.1","Klebsiella pneumoniae","QnrS1","Pentapeptide repeat protein QnrB family",,"antibiotic target protection protein,fluoroquinolone resistance gene",,,,100,100,100,"1e-129"
"RGI: protein homolog model","Antibiotic Resistance","CARD","562.57448","Escherichia coli strain F1_7_ERG10B","fig|562.57448.peg.4683",,,"381",,,"Pentapeptide repeat protein QnrB family","QnrS1","antibiotic target protection","fluoroquinolone","ciprofloxacin;levofloxacin;moxifloxacin;gatifloxacin;nalidixic acid;norfloxacin;sparfloxacin",,100,100,100,"1.18559e-166"
"AMRFinderPlus: ALLELEP","Antibiotic Resistance","NDARO","562.57469","Escherichia coli strain PB97","fig|562.57469.peg.5181",,,"WP_001516695.1",,,"Pentapeptide repeat protein QnrB family","quinolone resistance pentapeptide repeat protein QnrS1",,"quinolone","quinolone",,100,100,100,
"BLAT","Antibiotic Resistance","NDARO","562.97103","Escherichia coli VRES1347","fig|562.97103.peg.4439",,,"WP_001516695.1","Gammaproteobacteria",,"Pentapeptide repeat protein QnrB family","MULTISPECIES: quinolone resistance pentapeptide repeat protein QnrS1","",,,,100,100,100,"1e-129"
"BLAT","Antibiotic Resistance","CARD","562.57446","Escherichia coli strain F1_9_ERB1","fig|562.57446.peg.5167",,,"ABG56870.1","Klebsiella pneumoniae","QnrS1","Pentapeptide repeat protein QnrB family",,"antibiotic target protection protein,fluoroquinolone resistance gene",,,,100,100,100,"1e-129"
"BLAT","Antibiotic Resistance","NDARO","562.144936","Escherichia coli MGL_153","fig|562.144936.peg.4843",,,"WP_001516695.1","Gammaproteobacteria",,"Pentapeptide repeat protein QnrB family","MULTISPECIES: quinolone resistance pentapeptide repeat protein QnrS1","",,,,100,100,100,"1e-129"
"BLAT","Antibiotic Resistance","CARD","562.100374","Escherichia coli 093ec334-7bb9-11e9-a8d3-68b59976a384","fig|562.100374.peg.5091",,,"ABG56870.1","Klebsiella pneumoniae","QnrS1","Pentapeptide repeat protein QnrB family",,"antibiotic target protection protein,fluoroquinolone resistance gene",,,,100,100,100,"1e-129"
"AMRFinderPlus: ALLELEP","Antibiotic Resistance","NDARO","562.57416","Escherichia coli strain W2_13_ERB6","fig|562.57416.peg.4741",,,"WP_001516695.1",,,"Pentapeptide repeat protein QnrB family","quinolone resistance pentapeptide repeat protein QnrS1",,"quinolone","quinolone",,100,100,100,
"RGI: protein homolog model","Antibiotic Resistance","CARD","562.57469","Escherichia coli strain PB97","fig|562.57469.peg.5181",,,"381",,,"Pentapeptide repeat protein QnrB family","QnrS1","antibiotic target protection","fluoroquinolone","ciprofloxacin;levofloxacin;moxifloxacin;gatifloxacin;nalidixic acid;norfloxacin;sparfloxacin",,100,100,100,"1.18559e-166"
"RGI: protein homolog model","Antibiotic Resistance","CARD","562.42687","Escherichia coli strain 240","fig|562.42687.peg.4820",,,"381",,,"Pentapeptide repeat protein QnrB family","QnrS1","antibiotic target protection","fluoroquinolone","ciprofloxacin;levofloxacin;moxifloxacin;gatifloxacin;nalidixic acid;norfloxacin;sparfloxacin",,100,100,100,"1.18559e-166"
"RGI: protein homolog model","Antibiotic Resistance","CARD","562.42648","Escherichia coli strain 149","fig|562.42648.peg.4938",,,"381",,,"Pentapeptide repeat protein QnrB family","QnrS1","antibiotic target protection","fluoroquinolone","ciprofloxacin;levofloxacin;moxifloxacin;gatifloxacin;nalidixic acid;norfloxacin;sparfloxacin",,100,100,100,"1.18559e-166"
"RGI: protein homolog model","Antibiotic Resistance","CARD","562.57443","Escherichia coli strain F1_8_ERG5","fig|562.57443.peg.5323",,,"381",,,"Pentapeptide repeat protein QnrB family","QnrS1","antibiotic target protection","fluoroquinolone","ciprofloxacin;levofloxacin;moxifloxacin;gatifloxacin;nalidixic acid;norfloxacin;sparfloxacin",,100,100,100,"1.18559e-166"
"BLAT","Antibiotic Resistance","CARD","562.57457","Escherichia coli strain PB251","fig|562.57457.peg.4992",,,"ABG56870.1","Klebsiella pneumoniae","QnrS1","Pentapeptide repeat protein QnrB family",,"antibiotic target protection protein,fluoroquinolone resistance gene",,,,100,100,100,"1e-129"
"BLAT","Antibiotic Resistance","NDARO","562.135560","Escherichia coli MGL_106","fig|562.135560.peg.4690",,,"WP_001516695.1","Gammaproteobacteria",,"Pentapeptide repeat protein QnrB family","MULTISPECIES: quinolone resistance pentapeptide repeat protein QnrS1","",,,,100,100,100,"1e-129"
"RGI: protein homolog model","Antibiotic Resistance","CARD","562.97019","Escherichia coli VREC1122","fig|562.97019.peg.4977",,,"381",,,"Pentapeptide repeat protein QnrB family","QnrS1","antibiotic target protection","fluoroquinolone","ciprofloxacin;levofloxacin;moxifloxacin;gatifloxacin;nalidixic acid;norfloxacin;sparfloxacin",,100,100,100,"1.18559e-166"
"BLAT","Antibiotic Resistance","CARD","562.135579","Escherichia coli MGL_1560","fig|562.135579.peg.5080",,,"ABG56870.1","Klebsiella pneumoniae","QnrS1","Pentapeptide repeat protein QnrB family",,"antibiotic target protection protein,fluoroquinolone resistance gene",,,,100,100,100,"1e-129"
"RGI: protein homolog model","Antibiotic Resistance","CARD","562.58736","Escherichia coli strain 15062645","fig|562.58736.peg.5107",,,"381",,,"Pentapeptide repeat protein QnrB family","QnrS1","antibiotic target protection","fluoroquinolone","ciprofloxacin;levofloxacin;moxifloxacin;gatifloxacin;nalidixic acid;norfloxacin;sparfloxacin",,100,100,100,"1.18559e-166"
"AMRFinderPlus: ALLELEP","Antibiotic Resistance","NDARO","562.57417","Escherichia coli strain W2_2_ERB4","fig|562.57417.peg.4328",,,"WP_001516695.1",,,"Pentapeptide repeat protein QnrB family","quinolone resistance pentapeptide repeat protein QnrS1",,"quinolone","quinolone",,100,100,100,
"BLAT","Antibiotic Resistance","NDARO","562.57400","Escherichia coli strain W2_10_ERB1","fig|562.57400.peg.3936",,,"WP_001516695.1","Gammaproteobacteria",,"Pentapeptide repeat protein QnrB family","MULTISPECIES: quinolone resistance pentapeptide repeat protein QnrS1","",,,,100,100,100,"1e-129"
"BLAT","Antibiotic Resistance","NDARO","562.135589","Escherichia coli MGL_133","fig|562.135589.peg.5145",,,"WP_001516695.1","Gammaproteobacteria",,"Pentapeptide repeat protein QnrB family","MULTISPECIES: quinolone resistance pentapeptide repeat protein QnrS1","",,,,100,100,100,"1e-129"
"BLAT","Antibiotic Resistance","NDARO","562.57393","Escherichia coli strain W1_4_ERB1","fig|562.57393.peg.4564",,,"WP_001516695.1","Gammaproteobacteria",,"Pentapeptide repeat protein QnrB family","MULTISPECIES: quinolone resistance pentapeptide repeat protein QnrS1","",,,,100,100,100,"1e-129"
"BLAT","Antibiotic Resistance","NDARO","562.42687","Escherichia coli strain 240","fig|562.42687.peg.4820",,,"WP_001516695.1","Gammaproteobacteria",,"Pentapeptide repeat protein QnrB family","MULTISPECIES: quinolone resistance pentapeptide repeat protein QnrS1","",,,,100,100,100,"1e-129"
"BLAT","Antibiotic Resistance","CARD","562.57441","Escherichia coli strain F1_7_ERB1","fig|562.57441.peg.4706",,,"ABG56870.1","Klebsiella pneumoniae","QnrS1","Pentapeptide repeat protein QnrB family",,"antibiotic target protection protein,fluoroquinolone resistance gene",,,,84,100,100,"1e-109"
"BLAT","Antibiotic Resistance","CARD","562.45628","Escherichia coli strain EC_33_B","fig|562.45628.peg.3995","EXX31_24445",,"ABG56870.1","Klebsiella pneumoniae","QnrS1","Pentapeptide repeat protein QnrB family",,"antibiotic target protection protein,fluoroquinolone resistance gene",,,,100,100,100,"1e-129"
"RGI: protein homolog model","Antibiotic Resistance","CARD","562.144911","Escherichia coli MGL_106","fig|562.144911.peg.4675",,,"381",,,"Pentapeptide repeat protein QnrB family","QnrS1","antibiotic target protection","fluoroquinolone","ciprofloxacin;levofloxacin;moxifloxacin;gatifloxacin;nalidixic acid;norfloxacin;sparfloxacin",,100,100,100,"1.18559e-166"
"AMRFinderPlus: ALLELEP","Antibiotic Resistance","NDARO","562.57425","Escherichia coli strain W2_3_ERG14","fig|562.57425.peg.4479",,,"WP_001516695.1",,,"Pentapeptide repeat protein QnrB family","quinolone resistance pentapeptide repeat protein QnrS1",,"quinolone","quinolone",,100,100,100,
"AMRFinderPlus: ALLELEP","Antibiotic Resistance","NDARO","562.42733","Escherichia coli strain 399","fig|562.42733.peg.4947",,,"WP_012537714.1",,,"Pentapeptide repeat protein QnrB family","quinolone resistance pentapeptide repeat protein QnrS2",,"quinolone","quinolone",,100,100,100,
"BLAT","Antibiotic Resistance","CARD","562.57417","Escherichia coli strain W2_2_ERB4","fig|562.57417.peg.4328",,,"ABG56870.1","Klebsiella pneumoniae","QnrS1","Pentapeptide repeat protein QnrB family",,"antibiotic target protection protein,fluoroquinolone resistance gene",,,,100,100,100,"1e-129"
"AMRFinderPlus: ALLELEP","Antibiotic Resistance","NDARO","562.57443","Escherichia coli strain F1_8_ERG5","fig|562.57443.peg.5323",,,"WP_001516695.1",,,"Pentapeptide repeat protein QnrB family","quinolone resistance pentapeptide repeat protein QnrS1",,"quinolone","quinolone",,100,100,100,
"AMRFinderPlus: ALLELEP","Antibiotic Resistance","NDARO","562.97109","Escherichia coli VRES1346","fig|562.97109.peg.4436",,,"WP_001516695.1",,,"Pentapeptide repeat protein QnrB family","quinolone resistance pentapeptide repeat protein QnrS1",,"quinolone","quinolone",,100,100,100,
"BLAT","Antibiotic Resistance","NDARO","562.57439","Escherichia coli strain W3_1_ERB5","fig|562.57439.peg.1114",,,"WP_001516695.1","Gammaproteobacteria",,"Pentapeptide repeat protein QnrB family","MULTISPECIES: quinolone resistance pentapeptide repeat protein QnrS1","",,,,100,100,100,"1e-129"
"AMRFinderPlus: ALLELEP","Antibiotic Resistance","NDARO","562.57461","Escherichia coli strain W2_15_ERB1","fig|562.57461.peg.4880",,,"WP_001516695.1",,,"Pentapeptide repeat protein QnrB family","quinolone resistance pentapeptide repeat protein QnrS1",,"quinolone","quinolone",,100,100,100,
"BLAT","Antibiotic Resistance","NDARO","562.100374","Escherichia coli 093ec334-7bb9-11e9-a8d3-68b59976a384","fig|562.100374.peg.5091",,,"WP_001516695.1","Gammaproteobacteria",,"Pentapeptide repeat protein QnrB family","MULTISPECIES: quinolone resistance pentapeptide repeat protein QnrS1","",,,,100,100,100,"1e-129"
"BLAT","Antibiotic Resistance","CARD","562.100160","Escherichia coli fc69f142-7bb8-11e9-a8d3-68b59976a384","fig|562.100160.peg.5249",,,"ABG56870.1","Klebsiella pneumoniae","QnrS1","Pentapeptide repeat protein QnrB family",,"antibiotic target protection protein,fluoroquinolone resistance gene",,,,100,100,100,"1e-129"
"AMRFinderPlus: ALLELEP","Antibiotic Resistance","NDARO","562.135575","Escherichia coli MGL_118","fig|562.135575.peg.4732","R2R64_16340",,"WP_001516695.1",,,"Pentapeptide repeat protein QnrB family","quinolone resistance pentapeptide repeat protein QnrS1",,"quinolone","quinolone",,100,100,100,
"RGI: protein homolog model","Antibiotic Resistance","CARD","562.97114","Escherichia coli VRES1353","fig|562.97114.peg.4442",,,"381",,,"Pentapeptide repeat protein QnrB family","QnrS1","antibiotic target protection","fluoroquinolone","ciprofloxacin;levofloxacin;moxifloxacin;gatifloxacin;nalidixic acid;norfloxacin;sparfloxacin",,100,100,100,"1.18559e-166"
"AMRFinderPlus: ALLELEP","Antibiotic Resistance","NDARO","562.100374","Escherichia coli 093ec334-7bb9-11e9-a8d3-68b59976a384","fig|562.100374.peg.5091","AWG52_27070",,"WP_001516695.1",,,"Pentapeptide repeat protein QnrB family","quinolone resistance pentapeptide repeat protein QnrS1",,"quinolone","quinolone",,100,100,100,
"BLAT","Antibiotic Resistance","CARD","562.42686","Escherichia coli strain 24","fig|562.42686.peg.4753",,,"ABG56870.1","Klebsiella pneumoniae","QnrS1","Pentapeptide repeat protein QnrB family",,"antibiotic target protection protein,fluoroquinolone resistance gene",,,,100,100,100,"1e-129"
"BLAT","Antibiotic Resistance","CARD","562.97029","Escherichia coli VRES1198","fig|562.97029.peg.5004",,,"ABG56870.1","Klebsiella pneumoniae","QnrS1","Pentapeptide repeat protein QnrB family",,"antibiotic target protection protein,fluoroquinolone resistance gene",,,,100,100,100,"1e-129"
"BLAT","Antibiotic Resistance","CARD","562.57461","Escherichia coli strain W2_15_ERB1","fig|562.57461.peg.4880",,,"ABG56870.1","Klebsiella pneumoniae","QnrS1","Pentapeptide repeat protein QnrB family",,"antibiotic target protection protein,fluoroquinolone resistance gene",,,,100,100,100,"1e-129"
"BLAT","Antibiotic Resistance","NDARO","562.100014","Escherichia coli 8b1c8fea-7bb8-11e9-a8d3-68b59976a384","fig|562.100014.peg.4544",,,"WP_001516695.1","Gammaproteobacteria",,"Pentapeptide repeat protein QnrB family","MULTISPECIES: quinolone resistance pentapeptide repeat protein QnrS1","",,,,100,100,100,"1e-129"
"RGI: protein homolog model","Antibiotic Resistance","CARD","562.57420","Escherichia coli strain W2_4_ERB1","fig|562.57420.peg.4800",,,"381",,,"Pentapeptide repeat protein QnrB family","QnrS1","antibiotic target protection","fluoroquinolone","ciprofloxacin;levofloxacin;moxifloxacin;gatifloxacin;nalidixic acid;norfloxacin;sparfloxacin",,100,100,100,"1.18559e-166"
"RGI: protein homolog model","Antibiotic Resistance","CARD","562.100014","Escherichia coli 8b1c8fea-7bb8-11e9-a8d3-68b59976a384","fig|562.100014.peg.4544","ShiD9_010100016065",,"381",,,"Pentapeptide repeat protein QnrB family","QnrS1","antibiotic target protection","fluoroquinolone","ciprofloxacin;levofloxacin;moxifloxacin;gatifloxacin;nalidixic acid;norfloxacin;sparfloxacin",,100,100,100,"1.18559e-166"
"RGI: protein homolog model","Antibiotic Resistance","CARD","562.97028","Escherichia coli VRES1199","fig|562.97028.peg.4977",,,"381",,,"Pentapeptide repeat protein QnrB family","QnrS1","antibiotic target protection","fluoroquinolone","ciprofloxacin;levofloxacin;moxifloxacin;gatifloxacin;nalidixic acid;norfloxacin;sparfloxacin",,100,100,100,"1.18559e-166"
"AMRFinderPlus: ALLELEP","Antibiotic Resistance","NDARO","562.57370","Escherichia coli strain PB198","fig|562.57370.peg.4876",,,"WP_001516695.1",,,"Pentapeptide repeat protein QnrB family","quinolone resistance pentapeptide repeat protein QnrS1",,"quinolone","quinolone",,100,100,100,
"BLAT","Antibiotic Resistance","NDARO","562.42686","Escherichia coli strain 24","fig|562.42686.peg.4753",,,"WP_001516695.1","Gammaproteobacteria",,"Pentapeptide repeat protein QnrB family","MULTISPECIES: quinolone resistance pentapeptide repeat protein QnrS1","",,,,100,100,100,"1e-129"
"RGI: protein homolog model","Antibiotic Resistance","CARD","562.45605","Escherichia coli strain EC_74","fig|562.45605.peg.4136","EXX70_23165",,"381",,,"Pentapeptide repeat protein QnrB family","QnrS1","antibiotic target protection","fluoroquinolone","ciprofloxacin;levofloxacin;moxifloxacin;gatifloxacin;nalidixic acid;norfloxacin;sparfloxacin",,100,100,100,"1.18559e-166"
"AMRFinderPlus: ALLELEP","Antibiotic Resistance","NDARO","562.57389","Escherichia coli strain W1_5_ERP10B","fig|562.57389.peg.4518",,,"WP_001516695.1",,,"Pentapeptide repeat protein QnrB family","quinolone resistance pentapeptide repeat protein QnrS1",,"quinolone","quinolone",,100,100,100,
"BLAT","Antibiotic Resistance","NDARO","562.97025","Escherichia coli VRES1200","fig|562.97025.peg.5007",,,"WP_001516695.1","Gammaproteobacteria",,"Pentapeptide repeat protein QnrB family","MULTISPECIES: quinolone resistance pentapeptide repeat protein QnrS1","",,,,100,100,100,"1e-129"
"BLAT","Antibiotic Resistance","NDARO","562.42702","Escherichia coli strain 279","fig|562.42702.peg.5056",,,"WP_001516695.1","Gammaproteobacteria",,"Pentapeptide repeat protein QnrB family","MULTISPECIES: quinolone resistance pentapeptide repeat protein QnrS1","",,,,100,100,100,"1e-129"
"BLAT","Antibiotic Resistance","NDARO","562.57419","Escherichia coli strain W2_4_ERB4","fig|562.57419.peg.4623",,,"WP_001516695.1","Gammaproteobacteria",,"Pentapeptide repeat protein QnrB family","MULTISPECIES: quinolone resistance pentapeptide repeat protein QnrS1","",,,,100,100,100,"1e-129"
"AMRFinderPlus: ALLELEP","Antibiotic Resistance","NDARO","562.42648","Escherichia coli strain 149","fig|562.42648.peg.4938",,,"WP_001516695.1",,,"Pentapeptide repeat protein QnrB family","quinolone resistance pentapeptide repeat protein QnrS1",,"quinolone","quinolone",,100,100,100,
"AMRFinderPlus: ALLELEP","Antibiotic Resistance","NDARO","562.58784","Escherichia coli strain ENV326","fig|562.58784.peg.4899",,,"WP_001516695.1",,,"Pentapeptide repeat protein QnrB family","quinolone resistance pentapeptide repeat protein QnrS1",,"quinolone","quinolone",,100,100,100,
"BLAT","Antibiotic Resistance","CARD","562.45596","Escherichia coli strain EC_90","fig|562.45596.peg.5218","EXX84_24420",,"ABG56870.1","Klebsiella pneumoniae","QnrS1","Pentapeptide repeat protein QnrB family",,"antibiotic target protection protein,fluoroquinolone resistance gene",,,,100,100,99,"1e-128"
"RGI: protein homolog model","Antibiotic Resistance","CARD","562.57368","Escherichia coli strain PB163","fig|562.57368.peg.4591",,,"381",,,"Pentapeptide repeat protein QnrB family","QnrS1","antibiotic target protection","fluoroquinolone","ciprofloxacin;levofloxacin;moxifloxacin;gatifloxacin;nalidixic acid;norfloxacin;sparfloxacin",,100,100,100,"1.18559e-166"
"BLAT","Antibiotic Resistance","CARD","562.57386","Escherichia coli strain W1_3_ERB1","fig|562.57386.peg.4997",,,"ABG56870.1","Klebsiella pneumoniae","QnrS1","Pentapeptide repeat protein QnrB family",,"antibiotic target protection protein,fluoroquinolone resistance gene",,,,100,100,100,"1e-129"
"RGI: protein homolog model","Antibiotic Resistance","CARD","562.45660","Escherichia coli strain EC_38","fig|562.45660.peg.4560","EXX38_24370",,"381",,,"Pentapeptide repeat protein QnrB family","QnrS1","antibiotic target protection","fluoroquinolone","ciprofloxacin;levofloxacin;moxifloxacin;gatifloxacin;nalidixic acid;norfloxacin;sparfloxacin",,100,100,100,"1.18559e-166"
"BLAT","Antibiotic Resistance","CARD","562.45615","Escherichia coli strain EC_27","fig|562.45615.peg.4128","EXX25_24130",,"ABG56870.1","Klebsiella pneumoniae","QnrS1","Pentapeptide repeat protein QnrB family",,"antibiotic target protection protein,fluoroquinolone resistance gene",,,,100,100,100,"1e-129"
"BLAT","Antibiotic Resistance","NDARO","562.57428","Escherichia coli strain W2_5_ERB6","fig|562.57428.peg.4409",,,"WP_001516695.1","Gammaproteobacteria",,"Pentapeptide repeat protein QnrB family","MULTISPECIES: quinolone resistance pentapeptide repeat protein QnrS1","",,,,100,100,100,"1e-129"
"BLAT","Antibiotic Resistance","CARD","562.57402","Escherichia coli strain W2_11_ERB1","fig|562.57402.peg.4430",,,"ABG56870.1","Klebsiella pneumoniae","QnrS1","Pentapeptide repeat protein QnrB family",,"antibiotic target protection protein,fluoroquinolone resistance gene",,,,100,100,100,"1e-129"
"BLAT","Antibiotic Resistance","NDARO","562.97021","Escherichia coli VRES1195","fig|562.97021.peg.4996",,,"WP_001516695.1","Gammaproteobacteria",,"Pentapeptide repeat protein QnrB family","MULTISPECIES: quinolone resistance pentapeptide repeat protein QnrS1","",,,,100,100,100,"1e-129"
"BLAT","Antibiotic Resistance","CARD","562.57490","Escherichia coli strain PB305","fig|562.57490.peg.4000",,,"ABG56870.1","Klebsiella pneumoniae","QnrS1","Pentapeptide repeat protein QnrB family",,"antibiotic target protection protein,fluoroquinolone resistance gene",,,,100,100,100,"1e-129"
"BLAT","Antibiotic Resistance","CARD","562.31452","Escherichia coli strain KCRI-44 strain RDK37_44","fig|562.31452.peg.4120",,,"ABG56870.1","Klebsiella pneumoniae","QnrS1","Pentapeptide repeat protein QnrB family",,"antibiotic target protection protein,fluoroquinolone resistance gene",,,,100,100,100,"1e-129"
"AMRFinderPlus: ALLELEP","Antibiotic Resistance","NDARO","562.57393","Escherichia coli strain W1_4_ERB1","fig|562.57393.peg.4564",,,"WP_001516695.1",,,"Pentapeptide repeat protein QnrB family","quinolone resistance pentapeptide repeat protein QnrS1",,"quinolone","quinolone",,100,100,100,
"RGI: protein homolog model","Antibiotic Resistance","CARD","562.57417","Escherichia coli strain W2_2_ERB4","fig|562.57417.peg.4328",,,"381",,,"Pentapeptide repeat protein QnrB family","QnrS1","antibiotic target protection","fluoroquinolone","ciprofloxacin;levofloxacin;moxifloxacin;gatifloxacin;nalidixic acid;norfloxacin;sparfloxacin",,100,100,100,"1.18559e-166"
"BLAT","Antibiotic Resistance","CARD","562.57506","Escherichia coli strain PB456","fig|562.57506.peg.5007",,,"ABG56870.1","Klebsiella pneumoniae","QnrS1","Pentapeptide repeat protein QnrB family",,"antibiotic target protection protein,fluoroquinolone resistance gene",,,,100,100,100,"1e-129"
"BLAT","Antibiotic Resistance","CARD","562.45964","Escherichia coli strain URMC_26","fig|562.45964.peg.5520","ELV28_25695",,"ABG56870.1","Klebsiella pneumoniae","QnrS1","Pentapeptide repeat protein QnrB family",,"antibiotic target protection protein,fluoroquinolone resistance gene",,,,100,100,100,"1e-129"
"RGI: protein homolog model","Antibiotic Resistance","CARD","562.31452","Escherichia coli strain KCRI-44 strain RDK37_44","fig|562.31452.peg.4120","SAMEA3753303_04769",,"381",,,"Pentapeptide repeat protein QnrB family","QnrS1","antibiotic target protection","fluoroquinolone","ciprofloxacin;levofloxacin;moxifloxacin;gatifloxacin;nalidixic acid;norfloxacin;sparfloxacin",,100,100,100,"1.18559e-166"
"BLAT","Antibiotic Resistance","NDARO","562.97100","Escherichia coli VREC1233","fig|562.97100.peg.4427",,,"WP_001516695.1","Gammaproteobacteria",,"Pentapeptide repeat protein QnrB family","MULTISPECIES: quinolone resistance pentapeptide repeat protein QnrS1","",,,,100,100,100,"1e-129"
"AMRFinderPlus: ALLELEP","Antibiotic Resistance","NDARO","562.57424","Escherichia coli strain W2_3_ERB9","fig|562.57424.peg.1614",,,"WP_001516695.1",,,"Pentapeptide repeat protein QnrB family","quinolone resistance pentapeptide repeat protein QnrS1",,"quinolone","quinolone",,100,100,100,
"AMRFinderPlus: ALLELEP","Antibiotic Resistance","NDARO","562.7666","Escherichia coli strain 702566","fig|562.7666.peg.5031","ERS139225_04891",,"WP_001516695.1",,"pipB2_2","Pentapeptide repeat protein QnrB family","quinolone resistance pentapeptide repeat protein QnrS1",,"quinolone","quinolone",,100,100,100,
"AMRFinderPlus: ALLELEP","Antibiotic Resistance","NDARO","562.57391","Escherichia coli strain W1_4_ERB5","fig|562.57391.peg.4464",,,"WP_001516695.1",,,"Pentapeptide repeat protein QnrB family","quinolone resistance pentapeptide repeat protein QnrS1",,"quinolone","quinolone",,100,100,100,
"BLAT","Antibiotic Resistance","NDARO","562.57438","Escherichia coli strain W3_1_ERB3","fig|562.57438.peg.4640",,,"WP_001516695.1","Gammaproteobacteria",,"S-(hydroxymethyl)glutathione dehydrogenase (EC 1.1.1.284)","MULTISPECIES: quinolone resistance pentapeptide repeat protein QnrS1","",,,,51,86,100,"4e-63"
"BLAT","Antibiotic Resistance","NDARO","562.57510","Escherichia coli strain PB63","fig|562.57510.peg.4669",,,"WP_001516695.1","Gammaproteobacteria",,"Pentapeptide repeat protein QnrB family","MULTISPECIES: quinolone resistance pentapeptide repeat protein QnrS1","",,,,100,100,100,"1e-129"
"BLAT","Antibiotic Resistance","NDARO","562.42724","Escherichia coli strain 363","fig|562.42724.peg.4169",,,"WP_001516695.1","Gammaproteobacteria",,"Pentapeptide repeat protein QnrB family","MULTISPECIES: quinolone resistance pentapeptide repeat protein QnrS1","",,,,100,100,100,"1e-129"
"RGI: protein homolog model","Antibiotic Resistance","CARD","562.97025","Escherichia coli VRES1200","fig|562.97025.peg.5007",,,"381",,,"Pentapeptide repeat protein QnrB family","QnrS1","antibiotic target protection","fluoroquinolone","ciprofloxacin;levofloxacin;moxifloxacin;gatifloxacin;nalidixic acid;norfloxacin;sparfloxacin",,100,100,100,"1.18559e-166"
"RGI: protein homolog model","Antibiotic Resistance","CARD","562.42724","Escherichia coli strain 363","fig|562.42724.peg.4169",,,"381",,,"Pentapeptide repeat protein QnrB family","QnrS1","antibiotic target protection","fluoroquinolone","ciprofloxacin;levofloxacin;moxifloxacin;gatifloxacin;nalidixic acid;norfloxacin;sparfloxacin",,100,100,100,"1.18559e-166"
"BLAT","Antibiotic Resistance","CARD","562.57448","Escherichia coli strain F1_7_ERG10B","fig|562.57448.peg.4683",,,"ABG56870.1","Klebsiella pneumoniae","QnrS1","Pentapeptide repeat protein QnrB family",,"antibiotic target protection protein,fluoroquinolone resistance gene",,,,100,100,100,"1e-129"
"AMRFinderPlus: ALLELEP","Antibiotic Resistance","NDARO","562.57401","Escherichia coli strain W2_10_ERB10","fig|562.57401.peg.5140",,,"WP_001516695.1",,,"Pentapeptide repeat protein QnrB family","quinolone resistance pentapeptide repeat protein QnrS1",,"quinolone","quinolone",,100,100,100,
"BLAT","Antibiotic Resistance","CARD","562.145026","Escherichia coli PT_EC0194","fig|562.145026.peg.4661",,,"ABG56870.1","Klebsiella pneumoniae","QnrS1","Pentapeptide repeat protein QnrB family",,"antibiotic target protection protein,fluoroquinolone resistance gene",,,,100,100,100,"1e-129"
"RGI: protein homolog model","Antibiotic Resistance","CARD","562.100786","Escherichia coli 02173e4c-7bb9-11e9-a8d3-68b59976a384","fig|562.100786.peg.4868","AWG96_00515",,"381",,,"Pentapeptide repeat protein QnrB family","QnrS1","antibiotic target protection","fluoroquinolone","ciprofloxacin;levofloxacin;moxifloxacin;gatifloxacin;nalidixic acid;norfloxacin;sparfloxacin",,100,100,100,"1.18559e-166"
"AMRFinderPlus: ALLELEP","Antibiotic Resistance","NDARO","562.97030","Escherichia coli VREC1125","fig|562.97030.peg.4984",,,"WP_001516695.1",,,"Pentapeptide repeat protein QnrB family","quinolone resistance pentapeptide repeat protein QnrS1",,"quinolone","quinolone",,100,100,100,
"BLAT","Antibiotic Resistance","NDARO","562.56854","Escherichia coli strain 52-16","fig|562.56854.peg.3583",,,"WP_001516695.1","Gammaproteobacteria",,"Pentapeptide repeat protein QnrB family","MULTISPECIES: quinolone resistance pentapeptide repeat protein QnrS1","",,,,100,100,100,"1e-129"
"BLAT","Antibiotic Resistance","NDARO","562.45964","Escherichia coli strain URMC_26","fig|562.45964.peg.5520","ELV28_25695",,"WP_001516695.1","Gammaproteobacteria",,"Pentapeptide repeat protein QnrB family","MULTISPECIES: quinolone resistance pentapeptide repeat protein QnrS1","",,,,100,100,100,"1e-129"
"AMRFinderPlus: ALLELEP","Antibiotic Resistance","NDARO","562.57379","Escherichia coli strain PB514","fig|562.57379.peg.4963",,,"WP_001516695.1",,,"Pentapeptide repeat protein QnrB family","quinolone resistance pentapeptide repeat protein QnrS1",,"quinolone","quinolone",,100,100,100,
"BLAT","Antibiotic Resistance","CARD","562.100757","Escherichia coli 9d8376da-7bb8-11e9-a8d3-68b59976a384","fig|562.100757.peg.4708",,,"ABG56870.1","Klebsiella pneumoniae","QnrS1","Pentapeptide repeat protein QnrB family",,"antibiotic target protection protein,fluoroquinolone resistance gene",,,,100,100,100,"1e-129"
"BLAT","Antibiotic Resistance","NDARO","562.45605","Escherichia coli strain EC_74","fig|562.45605.peg.4136","EXX70_23165",,"WP_001516695.1","Gammaproteobacteria",,"Pentapeptide repeat protein QnrB family","MULTISPECIES: quinolone resistance pentapeptide repeat protein QnrS1","",,,,100,100,100,"1e-129"
"RGI: protein homolog model","Antibiotic Resistance","CARD","562.57241","Escherichia coli strain 24742_1#352","fig|562.57241.peg.4565",,,"381",,,"Pentapeptide repeat protein QnrB family","QnrS1","antibiotic target protection","fluoroquinolone","ciprofloxacin;levofloxacin;moxifloxacin;gatifloxacin;nalidixic acid;norfloxacin;sparfloxacin",,100,100,100,"1.18559e-166"
"AMRFinderPlus: ALLELEP","Antibiotic Resistance","NDARO","562.42703","Escherichia coli strain 280","fig|562.42703.peg.4823",,,"WP_001516695.1",,,"Pentapeptide repeat protein QnrB family","quinolone resistance pentapeptide repeat protein QnrS1",,"quinolone","quinolone",,100,100,100,
"BLAT","Antibiotic Resistance","NDARO","562.98936","Escherichia coli a83901b6-7bb9-11e9-a8d3-68b59976a384","fig|562.98936.peg.5176",,,"WP_001516695.1","Gammaproteobacteria",,"Pentapeptide repeat protein QnrB family","MULTISPECIES: quinolone resistance pentapeptide repeat protein QnrS1","",,,,100,100,100,"1e-129"
"AMRFinderPlus: ALLELEP","Antibiotic Resistance","NDARO","562.97110","Escherichia coli VRES1354","fig|562.97110.peg.4401",,,"WP_001516695.1",,,"Pentapeptide repeat protein QnrB family","quinolone resistance pentapeptide repeat protein QnrS1",,"quinolone","quinolone",,100,100,100,
"BLAT","Antibiotic Resistance","NDARO","562.57416","Escherichia coli strain W2_13_ERB6","fig|562.57416.peg.4741",,,"WP_001516695.1","Gammaproteobacteria",,"Pentapeptide repeat protein QnrB family","MULTISPECIES: quinolone resistance pentapeptide repeat protein QnrS1","",,,,100,100,100,"1e-129"
"RGI: protein homolog model","Antibiotic Resistance","CARD","562.12961","Escherichia coli strain F1-8-ERB4","fig|562.12961.peg.2356","SAMEA3531867_05018",,"381",,"pipB2","Pentapeptide repeat protein QnrB family","QnrS1","antibiotic target protection","fluoroquinolone","ciprofloxacin;levofloxacin;moxifloxacin;gatifloxacin;nalidixic acid;norfloxacin;sparfloxacin",,100,100,100,"1.18559e-166"
"AMRFinderPlus: ALLELEP","Antibiotic Resistance","NDARO","562.100757","Escherichia coli 9d8376da-7bb8-11e9-a8d3-68b59976a384","fig|562.100757.peg.4708","AWG92_19935",,"WP_001516695.1",,,"Pentapeptide repeat protein QnrB family","quinolone resistance pentapeptide repeat protein QnrS1",,"quinolone","quinolone",,100,100,100,
"BLAT","Antibiotic Resistance","NDARO","562.135575","Escherichia coli MGL_118","fig|562.135575.peg.4732",,,"WP_001516695.1","Gammaproteobacteria",,"Pentapeptide repeat protein QnrB family","MULTISPECIES: quinolone resistance pentapeptide repeat protein QnrS1","",,,,100,100,100,"1e-129"
"RGI: protein homolog model","Antibiotic Resistance","CARD","562.45594","Escherichia coli strain EC_76","fig|562.45594.peg.3241","EXX72_20000",,"381",,,"Pentapeptide repeat protein QnrB family","QnrS1","antibiotic target protection","fluoroquinolone","ciprofloxacin;levofloxacin;moxifloxacin;gatifloxacin;nalidixic acid;norfloxacin;sparfloxacin",,100,100,99,"1.18783e-165"
"AMRFinderPlus: ALLELEP","Antibiotic Resistance","NDARO","562.100884","Escherichia coli cf4ce2b8-7bb9-11e9-a8d3-68b59976a384","fig|562.100884.peg.4654","AWH01_14185",,"WP_001516695.1",,,"Pentapeptide repeat protein QnrB family","quinolone resistance pentapeptide repeat protein QnrS1",,"quinolone","quinolone",,100,100,100,
"AMRFinderPlus: ALLELEP","Antibiotic Resistance","NDARO","562.57392","Escherichia coli strain W1_5_ERB1","fig|562.57392.peg.4937",,,"WP_001516695.1",,,"Pentapeptide repeat protein QnrB family","quinolone resistance pentapeptide repeat protein QnrS1",,"quinolone","quinolone",,100,100,100,
"AMRFinderPlus: ALLELEP","Antibiotic Resistance","NDARO","562.97118","Escherichia coli VRES1351","fig|562.97118.peg.4458",,,"WP_001516695.1",,,"Pentapeptide repeat protein QnrB family","quinolone resistance pentapeptide repeat protein QnrS1",,"quinolone","quinolone",,100,100,100,
"BLAT","Antibiotic Resistance","NDARO","562.56851","Escherichia coli strain 51-16","fig|562.56851.peg.5100",,,"WP_001516695.1","Gammaproteobacteria",,"Pentapeptide repeat protein QnrB family","MULTISPECIES: quinolone resistance pentapeptide repeat protein QnrS1","",,,,100,100,100,"1e-129"
"AMRFinderPlus: ALLELEP","Antibiotic Resistance","NDARO","562.57396","Escherichia coli strain W1_7_ERB9","fig|562.57396.peg.4344",,,"WP_001516695.1",,,"Pentapeptide repeat protein QnrB family","quinolone resistance pentapeptide repeat protein QnrS1",,"quinolone","quinolone",,100,100,100,
"BLAT","Antibiotic Resistance","CARD","562.57420","Escherichia coli strain W2_4_ERB1","fig|562.57420.peg.4800",,,"ABG56870.1","Klebsiella pneumoniae","QnrS1","Pentapeptide repeat protein QnrB family",,"antibiotic target protection protein,fluoroquinolone resistance gene",,,,100,100,100,"1e-129"
"RGI: protein homolog model","Antibiotic Resistance","CARD","562.57413","Escherichia coli strain W2_12_ERB4","fig|562.57413.peg.4696",,,"381",,,"Pentapeptide repeat protein QnrB family","QnrS1","antibiotic target protection","fluoroquinolone","ciprofloxacin;levofloxacin;moxifloxacin;gatifloxacin;nalidixic acid;norfloxacin;sparfloxacin",,100,100,100,"1.18559e-166"
"BLAT","Antibiotic Resistance","CARD","562.56851","Escherichia coli strain 51-16","fig|562.56851.peg.5100",,,"ABG56870.1","Klebsiella pneumoniae","QnrS1","Pentapeptide repeat protein QnrB family",,"antibiotic target protection protein,fluoroquinolone resistance gene",,,,100,100,100,"1e-129"
"RGI: protein homolog model","Antibiotic Resistance","CARD","562.45593","Escherichia coli strain EC_79","fig|562.45593.peg.4306","EXX75_23710",,"381",,,"Pentapeptide repeat protein QnrB family","QnrS1","antibiotic target protection","fluoroquinolone","ciprofloxacin;levofloxacin;moxifloxacin;gatifloxacin;nalidixic acid;norfloxacin;sparfloxacin",,100,100,100,"1.18559e-166"
"AMRFinderPlus: ALLELEP","Antibiotic Resistance","NDARO","562.45660","Escherichia coli strain EC_38","fig|562.45660.peg.4560","EXX38_24370",,"WP_001516695.1",,,"Pentapeptide repeat protein QnrB family","quinolone resistance pentapeptide repeat protein QnrS1",,"quinolone","quinolone",,100,100,100,
"RGI: protein homolog model","Antibiotic Resistance","CARD","562.98936","Escherichia coli a83901b6-7bb9-11e9-a8d3-68b59976a384","fig|562.98936.peg.5176",,,"381",,,"Pentapeptide repeat protein QnrB family","QnrS1","antibiotic target protection","fluoroquinolone","ciprofloxacin;levofloxacin;moxifloxacin;gatifloxacin;nalidixic acid;norfloxacin;sparfloxacin",,100,100,100,"1.18559e-166"
"AMRFinderPlus: ALLELEP","Antibiotic Resistance","NDARO","562.45675","Escherichia coli strain EC_07","fig|562.45675.peg.4306","EXX04_23595",,"WP_001516695.1",,,"Pentapeptide repeat protein QnrB family","quinolone resistance pentapeptide repeat protein QnrS1",,"quinolone","quinolone",,100,100,100,
"BLAT","Antibiotic Resistance","NDARO","562.135565","Escherichia coli MGL_82","fig|562.135565.peg.5061",,,"WP_001516695.1","Gammaproteobacteria",,"Pentapeptide repeat protein QnrB family","MULTISPECIES: quinolone resistance pentapeptide repeat protein QnrS1","",,,,100,100,100,"1e-129"
"AMRFinderPlus: ALLELEP","Antibiotic Resistance","NDARO","562.42650","Escherichia coli strain 153","fig|562.42650.peg.5007",,,"WP_001516695.1",,,"Pentapeptide repeat protein QnrB family","quinolone resistance pentapeptide repeat protein QnrS1",,"quinolone","quinolone",,100,100,100,
"RGI: protein homolog model","Antibiotic Resistance","CARD","562.57426","Escherichia coli strain W2_2_ERB9","fig|562.57426.peg.4939",,,"381",,,"Pentapeptide repeat protein QnrB family","QnrS1","antibiotic target protection","fluoroquinolone","ciprofloxacin;levofloxacin;moxifloxacin;gatifloxacin;nalidixic acid;norfloxacin;sparfloxacin",,100,100,100,"1.18559e-166"
"BLAT","Antibiotic Resistance","NDARO","562.42648","Escherichia coli strain 149","fig|562.42648.peg.4938",,,"WP_001516695.1","Gammaproteobacteria",,"Pentapeptide repeat protein QnrB family","MULTISPECIES: quinolone resistance pentapeptide repeat protein QnrS1","",,,,100,100,100,"1e-129"
"BLAT","Antibiotic Resistance","CARD","562.57433","Escherichia coli strain W2_6_ERG5","fig|562.57433.peg.4498",,,"ABG56870.1","Klebsiella pneumoniae","QnrS1","Pentapeptide repeat protein QnrB family",,"antibiotic target protection protein,fluoroquinolone resistance gene",,,,100,100,100,"1e-129"
"BLAT","Antibiotic Resistance","CARD","562.57379","Escherichia coli strain PB514","fig|562.57379.peg.4963",,,"ABG56870.1","Klebsiella pneumoniae","QnrS1","Pentapeptide repeat protein QnrB family",,"antibiotic target protection protein,fluoroquinolone resistance gene",,,,100,100,100,"1e-129"
"BLAT","Antibiotic Resistance","CARD","562.57436","Escherichia coli strain W2_9_ERB5","fig|562.57436.peg.4704",,,"ACJ24509.1","Salmonella enterica subsp. enterica serovar Stanley","QnrS4","Pentapeptide repeat protein QnrB family",,"antibiotic target protection protein,fluoroquinolone resistance gene",,,,100,100,100,"1e-129"
"RGI: protein homolog model","Antibiotic Resistance","CARD","562.57401","Escherichia coli strain W2_10_ERB10","fig|562.57401.peg.5140",,,"381",,,"Pentapeptide repeat protein QnrB family","QnrS1","antibiotic target protection","fluoroquinolone","ciprofloxacin;levofloxacin;moxifloxacin;gatifloxacin;nalidixic acid;norfloxacin;sparfloxacin",,100,100,100,"1.18559e-166"
"BLAT","Antibiotic Resistance","CARD","562.45964","Escherichia coli strain URMC_26","fig|562.45964.peg.440","ELV28_29655",,"ABG56870.1","Klebsiella pneumoniae","QnrS1","Pentapeptide repeat protein QnrB family",,"antibiotic target protection protein,fluoroquinolone resistance gene",,,,100,100,100,"1e-129"
"RGI: protein homolog model","Antibiotic Resistance","CARD","562.144913","Escherichia coli MGL_87","fig|562.144913.peg.5139",,,"381",,,"Pentapeptide repeat protein QnrB family","QnrS1","antibiotic target protection","fluoroquinolone","ciprofloxacin;levofloxacin;moxifloxacin;gatifloxacin;nalidixic acid;norfloxacin;sparfloxacin",,100,100,100,"1.18559e-166"
"BLAT","Antibiotic Resistance","CARD","562.57467","Escherichia coli strain PB98","fig|562.57467.peg.5317",,,"ABG56870.1","Klebsiella pneumoniae","QnrS1","Pentapeptide repeat protein QnrB family",,"antibiotic target protection protein,fluoroquinolone resistance gene",,,,100,100,100,"1e-129"
"RGI: protein homolog model","Antibiotic Resistance","CARD","562.57456","Escherichia coli strain PB303","fig|562.57456.peg.2376",,,"381",,,"Pentapeptide repeat protein QnrB family","QnrS1","antibiotic target protection","fluoroquinolone","ciprofloxacin;levofloxacin;moxifloxacin;gatifloxacin;nalidixic acid;norfloxacin;sparfloxacin",,100,100,100,"1.18559e-166"
"AMRFinderPlus: ALLELEP","Antibiotic Resistance","NDARO","562.57426","Escherichia coli strain W2_2_ERB9","fig|562.57426.peg.4939",,,"WP_001516695.1",,,"Pentapeptide repeat protein QnrB family","quinolone resistance pentapeptide repeat protein QnrS1",,"quinolone","quinolone",,100,100,100,
"AMRFinderPlus: ALLELEP","Antibiotic Resistance","NDARO","562.98936","Escherichia coli a83901b6-7bb9-11e9-a8d3-68b59976a384","fig|562.98936.peg.5176",,,"WP_001516695.1",,,"Pentapeptide repeat protein QnrB family","quinolone resistance pentapeptide repeat protein QnrS1",,"quinolone","quinolone",,100,100,100,
"BLAT","Antibiotic Resistance","CARD","562.57424","Escherichia coli strain W2_3_ERB9","fig|562.57424.peg.1614",,,"ABG56870.1","Klebsiella pneumoniae","QnrS1","Pentapeptide repeat protein QnrB family",,"antibiotic target protection protein,fluoroquinolone resistance gene",,,,100,100,100,"1e-129"
"BLAT","Antibiotic Resistance","CARD","562.45605","Escherichia coli strain EC_74","fig|562.45605.peg.4136","EXX70_23165",,"ABG56870.1","Klebsiella pneumoniae","QnrS1","Pentapeptide repeat protein QnrB family",,"antibiotic target protection protein,fluoroquinolone resistance gene",,,,100,100,100,"1e-129"
"AMRFinderPlus: ALLELEP","Antibiotic Resistance","NDARO","562.100014","Escherichia coli 8b1c8fea-7bb8-11e9-a8d3-68b59976a384","fig|562.100014.peg.4544","ShiD9_010100001695",,"WP_001516695.1",,,"Pentapeptide repeat protein QnrB family","quinolone resistance pentapeptide repeat protein QnrS1",,"quinolone","quinolone",,100,100,100,
"BLAT","Antibiotic Resistance","NDARO","562.57490","Escherichia coli strain PB305","fig|562.57490.peg.4000",,,"WP_001516695.1","Gammaproteobacteria",,"Pentapeptide repeat protein QnrB family","MULTISPECIES: quinolone resistance pentapeptide repeat protein QnrS1","",,,,100,100,100,"1e-129"
"RGI: protein homolog model","Antibiotic Resistance","CARD","562.42703","Escherichia coli strain 280","fig|562.42703.peg.4823",,,"381",,,"Pentapeptide repeat protein QnrB family","QnrS1","antibiotic target protection","fluoroquinolone","ciprofloxacin;levofloxacin;moxifloxacin;gatifloxacin;nalidixic acid;norfloxacin;sparfloxacin",,100,100,100,"1.18559e-166"
"BLAT","Antibiotic Resistance","NDARO","562.58770","Escherichia coli strain ENV66","fig|562.58770.peg.4829",,,"WP_001516695.1","Gammaproteobacteria",,"Pentapeptide repeat protein QnrB family","MULTISPECIES: quinolone resistance pentapeptide repeat protein QnrS1","",,,,100,100,100,"1e-129"
"RGI: protein homolog model","Antibiotic Resistance","CARD","562.45649","Escherichia coli strain EC_03","fig|562.45649.peg.204","EXX01_24205",,"381",,,"Pentapeptide repeat protein QnrB family","QnrS1","antibiotic target protection","fluoroquinolone","ciprofloxacin;levofloxacin;moxifloxacin;gatifloxacin;nalidixic acid;norfloxacin;sparfloxacin",,100,100,100,"1.18559e-166"
"BLAT","Antibiotic Resistance","CARD","562.100703","Escherichia coli a2594be4-7bb8-11e9-a8d3-68b59976a384","fig|562.100703.peg.4695",,,"ABG56870.1","Klebsiella pneumoniae","QnrS1","Pentapeptide repeat protein QnrB family",,"antibiotic target protection protein,fluoroquinolone resistance gene",,,,100,100,100,"1e-129"
"RGI: protein homolog model","Antibiotic Resistance","CARD","562.45615","Escherichia coli strain EC_27","fig|562.45615.peg.4128","EXX25_24130",,"381",,,"Pentapeptide repeat protein QnrB family","QnrS1","antibiotic target protection","fluoroquinolone","ciprofloxacin;levofloxacin;moxifloxacin;gatifloxacin;nalidixic acid;norfloxacin;sparfloxacin",,100,100,100,"1.18559e-166"
"RGI: protein homolog model","Antibiotic Resistance","CARD","562.99678","Escherichia coli 5338df10-7bb9-11e9-a8d3-68b59976a384","fig|562.99678.peg.5004",,,"381",,,"Pentapeptide repeat protein QnrB family","QnrS1","antibiotic target protection","fluoroquinolone","ciprofloxacin;levofloxacin;moxifloxacin;gatifloxacin;nalidixic acid;norfloxacin;sparfloxacin",,100,100,100,"1.18559e-166"
"AMRFinderPlus: ALLELEP","Antibiotic Resistance","NDARO","562.42691","Escherichia coli strain 245","fig|562.42691.peg.4835",,,"WP_001516695.1",,,"Pentapeptide repeat protein QnrB family","quinolone resistance pentapeptide repeat protein QnrS1",,"quinolone","quinolone",,100,100,100,
"AMRFinderPlus: ALLELEP","Antibiotic Resistance","NDARO","562.97114","Escherichia coli VRES1353","fig|562.97114.peg.4442",,,"WP_001516695.1",,,"Pentapeptide repeat protein QnrB family","quinolone resistance pentapeptide repeat protein QnrS1",,"quinolone","quinolone",,100,100,100,
"BLAT","Antibiotic Resistance","CARD","562.58773","Escherichia coli strain ENV103","fig|562.58773.peg.4699",,,"ABG56870.1","Klebsiella pneumoniae","QnrS1","Pentapeptide repeat protein QnrB family",,"antibiotic target protection protein,fluoroquinolone resistance gene",,,,100,100,100,"1e-129"
"BLAT","Antibiotic Resistance","CARD","562.57426","Escherichia coli strain W2_2_ERB9","fig|562.57426.peg.4939",,,"ABG56870.1","Klebsiella pneumoniae","QnrS1","Pentapeptide repeat protein QnrB family",,"antibiotic target protection protein,fluoroquinolone resistance gene",,,,100,100,100,"1e-129"
"BLAT","Antibiotic Resistance","NDARO","562.57442","Escherichia coli strain F1_8_ERB12","fig|562.57442.peg.4244",,,"WP_001516695.1","Gammaproteobacteria",,"Pentapeptide repeat protein QnrB family","MULTISPECIES: quinolone resistance pentapeptide repeat protein QnrS1","",,,,100,100,100,"1e-129"
"RGI: protein homolog model","Antibiotic Resistance","CARD","562.20499","Escherichia coli strain AR_0162","fig|562.20499.peg.5051","AM408_00610",,"381",,,"Pentapeptide repeat protein QnrB family","QnrS1","antibiotic target protection","fluoroquinolone","ciprofloxacin;levofloxacin;moxifloxacin;gatifloxacin;nalidixic acid;norfloxacin;sparfloxacin",,100,100,100,"1.18559e-166"
"RGI: protein homolog model","Antibiotic Resistance","CARD","562.57460","Escherichia coli strain PB516","fig|562.57460.peg.4895",,,"381",,,"Pentapeptide repeat protein QnrB family","QnrS1","antibiotic target protection","fluoroquinolone","ciprofloxacin;levofloxacin;moxifloxacin;gatifloxacin;nalidixic acid;norfloxacin;sparfloxacin",,100,100,100,"1.18559e-166"
